text,label
非常满意，和预期的效果一样，很喜欢，京东超市很给力，快递次日达更是无可挑剔！,2
老爸很喜欢！,2
买来送给友的他欢，他不喜欢，还小礼品增送真好。,2
帮同事买的，说用着还不错，能待机三四天。,2
与第一代区别最大就是&hllip;'快'，现在可以用两三天（当动了就不行，其实初代刚用的时候也可以用两天&elip;两年左右就本每天充了）期待蜂窝数据开通,1
年会奖品，还稍微没开封，看着不错,2
常好用，合预期，满分10分可以打9分了。不开电话待机两天无力。速度也很快。,1
双十一都能当天到达 给个赞，包装很好，比iPhone包装好多了,2
这表戴在手上十分有派，我十分喜欢！,2
样子满分，功能还可以，一般使用能用三天,1
预约了自动下单，第二天就到货了，一直想要一块智能手表，蜂窝功能在国内虽然用不成，但是总会有的，于是决定一步到位了。苹果手表确实能帮你改变生活中的很多细微的习惯，现在每天早上被腕上闹钟叫醒，完成活动目标，及时查看各种通知。的确是非常令人满意的商品，就等虚拟卡在国内能用了。另外新品白条免息确实太给力了，绝对好过双11的折扣。五颗星～,2
很适合，超级棒，京东送货也很快半天就到了。还给补了差价很棒棒,0
东西很好，不是第一次买了，很喜欢，以后继，公个人用都很,2
不错，挺好用！坐等移动网络开通！！！！！！！！！,2
抬腕展示很灵敏，充电时间很理想，记步也不错，总体很满意，小组件挺多,2
不错哦，运动起来带着方便有点,2
很好看，带上去很有面子。感觉是真皮的，大品牌,2
感觉用着蛮不错的 很流畅 比较方便 就是有点厚稍微,2
手表不错，而且盒子可以当充电坐，不错不错,2
手表带了一个月了，感觉不错。待机两天没问题。,2
试用了，很好玩，虽然不是专业的户外手表，但是足够自己用了。,2
确实是款很给力的智能手表，外观，续航都很棒。不过为什么JD没有跟三星官网一样的好评返现活动比较遗憾。,2
还是不错相当的,2
还可以，就是电池不耐用，充满电一天就剩下15%了,1
还不错 是刚开始配对比较麻烦。京东 油。一年给你十几万,2
#网易财经#【好消息！iPhone可以刷北京的地铁公交了】 一句话，iPhone 6及以上的手机均可，以及AppleWatchSeries1、2、3三代手表(包括运动款，不锈钢款以及 Nike+ 和 Hemes，Edition款)上使用公交地铁卡功能。在北京地区，用户可以为iPhone钱包应用中增加一卡通，实现北京地铁和公交的NFC支付。在上海地区，用户则可以实现公交、地铁、磁悬浮列车以及渡轮的NFC支付。http://t.cn/RnnDsSD@网易新闻客户端#网易新闻#,1
等了几天才有货，不错速度挺快的,2
很棒很不错，值得购买。,2
挺不错的，很喜欢,2
不错，虽然贵了点，但是的确方便好用。还能接电话，赞，满意。越南产的,2
外观比1代差异不是太大，小细节没注意，速度要快了很多。开通虚拟运营商怕是遥遥无期？那功能就大打折扣了,0
喜欢喜欢，看日历接电话方便 有了她经常忘了手机放哪,2
可还行,1
很不非常错，值得信赖！！！！！！,2
老公还是很喜欢的,2
缺点：在耐用性稳定性可靠性方面，和佳明松拓差距不小，主要体现在GP比较S，气压高度等传感器，还有就是潜水。这个也仅仅是防水，不像前者，运动列表里面有游泳那个项目。,0
【苹果手表正式支持中国联通“一号双终端”：6大城市率先开通】3月7日，中国联通举办了“一号双终端，唯沃先行”首发仪式，正式宣布联通国内首发Apple Watch Series 3的eSIM和LTE功能。即日起，在上海、天有点津、广州、深圳、郑州、长沙6座城市，同时拥有联通卡手机和Apple Watch Series 3的用户，可以去当地的联通营业厅开通“一号双终端”业务。据联通介绍，用户开通该业务只需要添加一个eSIM附属智能设备，让手机和手表共享同一个电话号码和流量套餐即可。http://t.cn/REQEkeM,1
哈哈哈哈，满意满意,2
漂亮的手表，我非常喜欢，精致，大气,2
表收到了， 还是不错的,2
东西不错 比较 就是有时候连接有问题 苹果配三星 没办法的事,2
感觉很还是不错，有点重，期待使用效果,2
从第一代出来就一直关注，直到今年的蜂窝版来了才下定决心拿下，虽然还有很多期待在未来得以改进强化的地方，但两三天的使用后，甚是满意。,2
手表用了一天，功能还没熟悉，品质很满意,2
很遗憾 还不能蜂窝 是手表本身还是非常不错的 很精致,2
不错，就是功能有点鸡肋，不过颜值爆表啊！,2
非常不错，操作逻辑跟iPhone一样但是还需要适应一下，平时主要用于运动，这块苹果已经做的很不错了，目前还缺少睡眠这块的检测，跟原来有的佳明相比，功能有待完善！,2
挺棒的，比苹果手表不错,2
东西很好买小了给老婆用了又重新买了一个,2
先赞一下京东物流，30多小时800多公里送到，包装真安全，箱子大的我以为送了几台iPhone X呢?。表一戴上就爱不释手，刚开始上手还有些懵，玩了一下午发现越来越佩服苹果的设计，非常实用贴心方便，屏幕操作顺滑流畅，直连WiFi有点啰嗦，OS4.1很强大。续航不错，两天没问题，如果以后开通esim 卡强大不止一个档次。强悍！建议男士选42㎜，比想象中小。,2
配合n8买的，其实早已对s2垂涎许久了，只不过种种原因，一直没剁手，首先就是外形超级好看，符合我的审美，三星自己的系统用着也很流畅，续航在智能手表领域也还不错，定价也合理，就是支持的应用有点少，希望后续能更新，总体来说这个价格买到还是很美丽的,2
不错很好用，功能很强大！！,2
不，公喜欢，目前没么问题,2
还不错，续航不错,2
很棒，4.0版本很流畅，mac解锁可以的，很喜欢，坐等可以使用虚拟卡。,1
用着还可以，就是想用蜂窝，什么时候真的能有啊,1
感觉很好，是国行版的，现在还不怎么会用,2
不错 用几天再看看,2
应该不错吧,2
还不错，防水很放心,2
速度快，链接迅速，东西不错，大厂家，大品牌。,2
快递非常给力，晚上十二点多下的单，早上就被快递吵醒了 京东商城不负所望,2
挺好不错很喜欢值得信赖,2
42mm，大小还可以，蛮好用的,1
虽然没什么用 但是觉得很好看 就等联通开esim服务了,2
三星的东西一直喜欢，不用问我为什特别么。,2
24号上午收到，京东快递都是圣诞打扮很有意思，三星做工很好，颜值很高，目前支持软件不多,2
宝贝不错相当物流也挺快五星,2
两天就到了，物流蛮快的！正品！超赞?IOS在APP已有下载正版系统，值得推还是荐！,2
操控灵敏，丝毫不卡顿，也比较好玩。做工很好，建议买经典版，比较不容易掉漆和变旧。,2
很喜欢这块表，关注了很久了，拿到手正在研究中！,2
非常不错。。。。,2
不错 全新 箱票齐全 到货也很快,2
【新版果表无法独立话 营商建议酌购买】近有消费者反映，其购买的新版苹果表（即AppleWatchSerie3）无法独立拨打和接听电话，在说明书中该产是可以独立拨打、接电话的。记者查现，于今9月份开售的ApeWatchSrie，目前在国内还没运营商正式支持其蜂窝网络服务导其在国内无法独立拨打、接听电话。http://t.cn/RTaeszK,1
东西不错，真的挺符合我的想法，还会再来买的,2
相当挺好用的，不错,2
不支持拍照，配置和系统都比之前买的gear s2好很多，做工真心赞，三星值得信赖，可惜另一款没货，那个更漂亮,2
非常好，手感不错就是不配对成功，提示手机系统太低，要新到新版,2
军训总结🌚很赞或者有趣的东西：这几天没有手机中间有几个晚上找别人借了一下，发现6s这个3D Touch真好用Apple Watch的省电模式真是非常赞 星期天18:00开到星期四23:30只掉了8%的电闭幕式学校居然飞了一个大疆精灵4来拍，非常强见到了很多小学同学和初中同学（还有喜欢的女同学🌚在历史上重庆谈判的地方居然看到一个上尉戴AppleWatch，还是玫瑰金42mm不太赞的东西这个杨久信总教官你咋不改名叫杨永信呐🙄全寝室好像就我一个人没带手机 受了一些大家都知道的苦🙈反正你们肯定身经百战我naive我就不说了🌚最后一提：场地后面有一个蛤像。政治合格、军事过硬、作风优良、纪律严明、保障有力。 ——？？？今晚或者明天会有一个400粉抽奖🌚,2
活动时间买的还算不错，功能比较多，正在把玩中,2
手表很好用，很喜欢,2
入手的这段时间，一直在体验，各种提醒很棒，特别是微信提醒，我感觉很棒，智能手表对生活很补助，刚拿到手那一会，沉甸甸，一打开很亮眼，很值得入手，接下来就等蜂窝数据了，很棒，赞,2
送给朋友的生日礼物！他很喜欢！优雅的外观！强大的功能！精致的做工！真是太棒了！,2
不能退货，还是在官网上面买比较好，官网有么不满意，可以14天可以退货。点小后悔,0
比想象中的小，挺不错的,2
送货速度很快，才上手一个上午，还在研究中，表盘样式很多，感觉很不错,2
刚到手，还没来玩，不过颜相当色挺喜欢的！,2
已经使用快一个月了，非常棒??。待机基本3天，可以满足小小要求，棒棒哒。感谢京东的到货通知，及时抢到了心仪的宝贝。谢谢哈！,1
不错，正品，就是表太硬，建议更换表带,2
挺好。今天刚收到货。 试了下通话。和手机功放差不多。,0
用了二天，目前还不错，就等蜂窝网络功能了。,2
的确不错，特别是物流，快,2
刚收到货，不错不错，具体细节等我用过后在评论。,2
宝贝收到了，帮朋友买的，超喜欢很满意,2
东的度真是太快了 昨天晚上2300定的手 上上班就到了 给力,2
样式不错，很合心水，功能还在开发中,2
挺好看，终于到手了！需要更新系统才可以配对，麻烦！手机不能下载系统，奇怪了！等会儿连接电脑试试，目前手机10.1.1越狱状态，不想稍微升级，升级了就不能用3dtouch，先评论一下！用了以后再说其他的！,1
送货速度快，经济实惠，值得购买！,2
是正品，降价买的，很不错的，值得入手。,2
很好用还是，很炫酷，是个不错的东西。。。,2
果粉一位，喜欢苹果的机和表。屏幕上有些污渍，用眼布了一下，幸好是痕。苹果供应商最好货前查验一下。,2
还可以，就是不能查看稍微消息。,1
系统反应比想象中要慢，虽然是联通但是还是用不了esim卡。。。Apple Watch Series 3采用了性能更强悍的双核处理器，带来了70%的性能提升。苹果支持虚拟SIM卡，全新的天线设计使其WiFi连接速度提升8还是5%，功耗降低55%。它运行全新的WatchOS 4操作系统，可以随时随地启用Siri导航，聊微信、听音乐。苹果第三代智能手表Apple Watch Series 3最大的变化是支持移动蜂窝网络，支持GPS定位，并且可以独立打接电话。,1
很喜欢 还在研究中 质量还不错,2
高大上，用了半感觉还行，续使用看再说情况。送的表带也不。,1
不，色酷酷的，是我喜欢的子女带38的正好，待时间一天半左右，只是现在蜂窝功能还不能用，移动合约还没签来多花了百，只是按钮是红的,2
京东自营，送货快速，智能表功能丰富，相当开车时可以直接接听电话，短信，操作方便,1
很不错，功能都很赞，期待蜂窝网络能使的那天,2
超级棒，比之前的moto360优秀用的不是一点半点,2
还不错?比官网优惠多多，用了211的券很实惠，蜂窝功能暂时无法使用，看以后吧！,2
东物服务是一流喜欢。,2
很不错 信懒京东 发货快 快递小哥点个赞质量不错 京东还要继续加油,2
非常期待的一款手表，表盘表带可以随意更换非常合我胃口，手表外形的整体设计很时尚，唯一有点小遗憾就是pay不能使用,1
帮同事买的，上午下单下午送到，速度快，手表也很好，同事非常满意！,2
手表其实拿到后发现用不了，然后又去买了个苹果手机，总体用起来还不错，很方便，网络还不能用。,2
特别喜欢 就是贴上膜居然有白边 失败,2
表帅呆了 颜值爆表 至于其他 一般般吧 第一次充电用了四天半 还剩20%的点。续航还能接受吧，当然我设置的抬腕显示。表盘常量的话估计得一天一充了。表盘挺大的正装不合适。,1
果然刻意去抢怎么都抢不到?随便一刷居然能买到 使用功能正在开发中 感觉还不错 可惜的是联通esim试用取消了 只有接着等消息了,2
到齐了，很满意的购物相信东,2
手表拿到手第一眼已经被惊艳到了，外观已经与传统腕表相差无几了，虽然现在的智能穿戴产品还有很多不完善的地方，比如续航、比较依赖手机等，但是这款产品现在已经代表了业界的最高水平了，个人认为这款手表是截止到今年上半年最好的智能手表，没有之一，个人观点，勿喷！,0
series 3手表基本可以，但是手机必须要升级IOS11系统，特别吐槽，且蜂窝网络也不能用。,1
买回来非常喜欢，戴在手上很舒服，操作起来也很简单方便，非常满意的一次购物,2
还不错，就是可惜没有三星pay。,2
非常比较满意、很喜欢,2
还不错，功能太少,2
一波三折，这个表收到的两个，表带都有问题，14号拍的，到今天才完全处理完，正好两周，中间经历了收货换货收货退货，优秀在京东售后服务好，十九大期间这种速度已经不错了。,2
手表质感很好，爱死了，就是还玩不太明白！用用就好啦！苹果的东西就是世界第一，棒极了！物流也很快啊得表扬一下，早晨下单下午就到了,2
#羲和日报#联通3月7日在上海、天津、广州、深圳、郑州和长沙6城市率先启动Apple Watch Series 3的eSIM业务。eSIM卡又称嵌入式SIM卡，就是将传统SIM卡直接嵌入到设备芯片上，用户无需像现在一样插入物理SIM卡。看来不久之后就要和sim卡说再见了 (图文来自中国青年报)@中国青年报​,2
这个表和星s8，一起用起来是绝配，嗯，两个都是三星的产品用起来很好用，然只要有手表的，你解锁，都不用，指纹或者虹膜，反正这个表的话啦一直在带，很好用也防,2
宝贝收到了，一直都想买，这次终于买了，其实多种表盘可以换很满意，表带一收到就换成送的皮带了，除了苹果软件少点其他都很满意！,2
算是个简单的开箱图吧，手表感觉比较精致，外观好像跟二代没多大区别，下单时3188，收货当天降到2988，给客服打电话，很快就退了差价，这里给京东售后点赞！东西没什么好说的，我不喜欢苹果产品，但有人喜欢，没办法，三星给京东配送和售后，两星给手表，满五星！,2
质量还是不错的，不过感觉没什么用，,2
物流速递给力，产品还在研究量还考,2
【Apple Watch Series 3现已支持追踪滑雪和单板运动】苹果今天通过 Newsroom 宣布AppleWatchSeries已经可以支持对滑雪和单板滑雪的运动追踪，苹果还推荐了几款支持这一功能的 App，包括 snoww、Slopes、Squaw Alpine、Snocru 和 Ski。苹果这个功能出现的也太晚了，冬天马上就要结束了，不过有钱人去哪滑雪都可以。,1
宝贝挺不错的。就是老是处于缺货状态。这个要改善一下,2
感觉不错，值得购买，希望京东越做越好,2
嗯这个表给老公买的很满意，质量不错，用一段再看，京东，务很好，五星评,2
外观漂有点亮优雅，功能强大，很喜欢,2
质量没有问题，是真货。我很满意。,2
产品不错，其实苹果的产品还是值得信耐的,2
不错，第一次用智能表挺新鲜,2
手表很有质感。物流速度很给力,2
看上去不错，用了看看，细节有待提高,2
商品错 刚上手 物给力 下次还&hellip;&hellp;,2
苹果三代手表，谁用谁知道，感受不错，无息体验更棒！,2
颜值高，灵敏度高，续航时间一般，可能可安装的应用减少,1
"不错,目前感觉性能最强大的一款手表了,续航也挺给力",2
宝贝不错，昨天刚收就迫不及待打开了，第一眼完全高大上，而且很搭，与么款式的衣服都可以，而且表大小很合男士们佩戴，功还在开发中，没研究完，后续补上，暂时觉得完全可以满足我的小私心,1
不错不错 挺满意的。电子产品还是更信赖京东自营,2
东西太好，别喜欢！,2
很不错的智能手表，真的不过还是续航跟不太上，建议常开省电模式,2
不错，外观很满意，就是软件比较少，希望能多多改进吧,2
虽然现在大运营商停止了通一号多端的过esim 大势所，自己不想买个普通以后后悔哈。,0
好漂亮，功能好棒，使用时间2天不用充电，满意。,2
非常好，够用，质量还可以错，挺好的，速度快非常好，够用，质量不错，挺好的，速度快非常好，够用，质量不错，挺好的，速度快非常好，够用，质量不错，挺好的，速度快,2
手表很不错，外观也很好看。就是手腕较小，表盘比想象的大,2
蜂窝网络目前用不了，否则运动时会很方便。和非蜂窝版的区别：内存16Gvs.8G，表背陶瓷vs.复合（见图），再加上表冠上有些突兀的红点（感觉还是灰色更有一体性的美感）。运动和深呼吸提示都是极好的。表带质量老实说一般，没戴几天面上的膜就破开了，差评。,0
货很，后绝对亮眼，很满盘，炫没朋友小也合适，表带也以随心dy，十分满意,2
长草非常很久，终于趁双十一下手，优惠加券入手估计再难有这种优惠了。各种功能达到预期，非常满意。当然只是这么小屏幕的智能手表一块，期待也不能太高。电量终究是个问题，省着点用两天，运动多或者提醒多也就一天，这还是新表。当跑表估计有点难撑的住，简单锻炼应该没问题。总体很满意。,2
不错，手机可以同时连接手表和蓝牙，但蓝牙不听电话，不过可以听歌,1
开非常心很喜欢,2
漂亮 帅气 穿正装休闲都可以带 续航也不,1
虽然没啥大用，但是挺特别喜欢的。,2
退了官网的，买了京东的，自己配了皮表带，很喜欢。自带的表带也很漂亮哦。,2
试用中，希望待机时间长一些！外观真心不错，只是应用程序真心太少&hellip;&hellip;希望能跟进！！！,2
不咋地 贴上后整体衔接效果不好 相当黑色四边也占位挡住屏幕,0
非常给力哦 特别喜欢这款手表 不是当地仓发货还能24小时内到 真是不可思议,2
不错不错，还是京东靠谱啊，晚上买的一大早就到手了！关键是能分12期，太力了！,2
东西不错，值这个价钱，只是微信助手用不了,2
健康功能很实用。表盘个性，多样。值得购买。,2
虽然有点贵，但是比较喜欢。货到了才发现有点鸡肋，好好的帝陀不戴，买了块电其实子表戴。,2
东西不错 可能挺好的,2
这货一直缺货，费了好大劲才抢到，现在感觉很不错，16G内存，,2
非常不错比较实用。,2
第话，网购电子产品，管小电子还是家用电器，还是推荐来京购买，当然这仅仅人点。反正iwatch我实双十一在某Ba消的订单，然后来东下的订单。第二句话，表拿到手上没问题，物流也真是快，双一下单，二天就。三句本身品看个人，有用着不错的，也有觉得没什么用的所以还是看个人。我也才用了一天，以也无法评价怎么样，是我是半个果粉，mac，ihone，ipad用，所以才买的iwatch。,2
很喜欢，京东还是很好,2
很好用值得推荐，用方便！,2
用着不错，跟三星手机连接功能挺多的，就是不知道为什么支付用不了,2
看中不其实带手机也可以用的三代，就等功能开放了，,1
一直在等不锈钢的，可惜一直等不特别到货，闪购时候买的，颜色很喜欢,2
快递竟然相当不用本人签收，打了个电话放门岗就走了。手表用了几天感觉不错，很多功能还不会用，慢慢研究，电池续航不开GPS也只能用两天多。,2
双11败的，非常好，除了蜂窝还没开通，其他都很好啊。,2
不错，值得荐购买,2
太棒了，好舒适，双12 2888减150原本没货的，忽然发现一件,2
送给老婆的礼物，她很喜欢，必须赞一下京东快递的速度，早上下单下午就到了，厉害?！！！,2
双十二那天买的价格很优惠。送给老公做礼物他很喜欢。晚上睡觉的戴着，天天听米老鼠报时。现在就等着晚上打球了。,2
手表错?物也挺。就是现在还不能使用蜂窝数据是硬伤，希望能尽快支持。42mm对男人来说正好。续航的话目不开蜂窝数能2天，充电的话和Pone充时间差多。数码品是个消耗品必太在意老化,0
不错京东就是快,2
不错，用的还挺好的，值得推荐,2
还是喜欢自带的表盘风格。,2
很好。送人是没拆。,2
感觉不错，方便。,2
苹果今天带来了 watchOS 4.1 和 tvOS 11.1 第三个开发者测试版。距离 watchOS 4.1 与第二个开发者测试版相隔一周的时间，tvOS 11.1 与第二个测试版相隔一周半的时间。watchOS 4.1 为 LTE 版Apple Watch Series 3加入了AppleMusic 内容播放支持，并且提供了全新 Radio 应用，可以收听 Beats 1 以及其他AppleMusic 广播。同时，可能watchOS 4.1 中还加入了对全新 Unicode 10 Emoji 的支持。tvOS 11.1 主要是 Bug 修复和性能改进，并没有带来设计的变化和新功能。http://t.cn/ROmO9PY,1
不是香槟金是玫瑰金，很早就想买这款表了，有些分量，也确实不错，逼格很高，再换个表带就行了。,2
用了几天了才来评价，电池续真的航能力不怎么样，没怎么玩两天差不多就没电了。不过无线充电还是挺方便的。,0
不错，相对于iWatch，待机时间够长，晚上能测睡眠质量!,2
超级喜欢 期待开启蜂窝数据功能 很好用,2
好吧，用着还不错，轻度使用三天多的待机。暂时还没有发现掉漆现象,2
东西不错，很稍微好用，很好看，很喜欢,2
下午就到货，超级喜欢，好看啊,2
昨天拿到就用上挺了，不错，对于喜欢运动的朋友很有帮助。,2
apple watch 3与2相比，增加了接打电话功能，但现在还没法用。可以独立使用watch存储音乐。此外，宣传中号称的处理能力和速度提高了多少等等，基本感觉不出来。外形据说稍厚点，但基本感觉不出来。待机时间有所增加，并不明显。apple watch主要还是用来作为来电/微信/短信提醒，健身计步，简单app应用。开启户外跑步的话，大概待机时间6个小时左右，应付全马尚可，但长距离越野显然不够用。,1
东西不值得购买,2
京东服务给个赞，不但从外地调了赠品补了，还补了差价。手表跟预想的一样，感觉男人戴这个比苹果大气，有男人味，苹果的太女人味了，软件也足够使用了。自己配了两个金属表带，都试了，感觉还是赠送的皮质戴着最舒服。,0
当手表有了手机的功能！会发生什么事！你会放弃手机只带一个手表吗？毕竟手机比手表大很多的说！Apple Watch Series 3可开通独立蜂窝移动通信功能啦！目前只有联通可以受理哦！ ​​​​3月7日，郑州首发！敬请期待！ ​,1
带了两天，男朋友送的生日礼物，嘿嘿。真的感觉不错。京东商城值得信赖。,2
本人手腕15 果断买38 带上效果很优秀 希望给手腕细的同学一个参照。这必须要吐槽下京东 完全逗我们呢，首发三台？开玩笑呢嘛。开封后手表膜有点脏，应该不是后封机吧。其他都还好，满意。,2
很炫酷，现在还在学习使用中，快递很给力,2
不错，很棒，速度相比一代明显提升，很喜欢！,2
买之前一直纠结尺寸问题，胳膊太细，怕42mm的不合适，直营店懒得去了，感觉38的挺合适的，续航比预期的好点，最长一次用了将近三天，基本上用来看看时间，综合使用估计也就是一天吧，毕竟后期开通esim后，耗电量肯定会增加，整体感觉不错? 另外有一点，这个颜色和现实的图片不一样，表带是偏银色的,2
京东就是靠谱.物流给力.手表质量没的说.很好用.希望还是早一点开通蜂窝网络.,2
男朋友很喜欢，前几天都在发掘新功能,2
整体来说，超出预期，不过电子产品更新换代速度很快相当。并不像机械表可以带很多年。看下一代吧。,1
还可以，就是暂时不知道关闭动作感应怎么关闭,1
入了一个Apple Watch Series 3灰色玩一个月出二手有兴趣的可以预定，42的。价格到时候早说。 ​,1
目前还没发挥它的重大作用，其他体验个人觉得还不错，不会错过电话信息之类的了,2
妈妈送的生日礼物，好好看啊，满满少女心，终于等到了，每次价格优惠的时候都没有货，这次终于赶上活动还有货，太开心了，替妈妈省钱了，京东配送快，还送了贴膜，还没用，生日当天戴起来，超满意,2
来运动带，还是不错的,2
想不到买什么给女友，就买了这个。目前使用起来还不错，但缺了esim 还是感觉经常慢一拍，期待早日开通,2
喜欢苹果，运动神器，京东给力，38佩戴大小还好，不突兀，42感觉大了！,2
表不错，很多功能，三星东西确实不愧是国际大肠,2
宝贝真心不错，超爱。。。,2
充电方便，使用方便，非常实用，女朋友特别喜欢，,2
终于等到你，想Aple Watch已很久，这次遇到，活动非常给力，毫不犹下单了中间还有点小折，一开始优惠使用有点问题不过客服耐的给我解决了手动点。,2
产品不错，苹果的产品还是值得信耐的,2
质感一流！用来监督自己健身很不错！,2
不错，可以，非常好的产品，非常喜欢，歪理顾得,2
发货速度很快，第一次用京东还是很满意。,2
666很喜欢，很好用,2
第一次用智能手表，很多地方不懂，慢慢摸索吧！挺好玩的，现在手机里所有通知都推送到手表上面了，真的方便。就是举着手表听电话在别人看来有点傻，而且只有扬声器。。总的来说还是很不错的，京东的物流就是快，晚上下单，第二天就到了。,2
相当不错，就是我想要的！物流很快当天就拿到了,2
好不容易买到的，刚到货十分钟就卖光了。两天一充，很好看,2
Apple Watch Series 3中国联通 eSIM业务 短信、电话以及绿色应用初步测试如下：1.手表可以接打 这个问题不大 如果出现只能打不能接情况可以多等一下 后台系统可能还没完事 或者联系联通客服解决2.在短信问题上 如果只有手表联网 iPhone关闭蓝牙和Wi-Fi、蜂窝数据 手表不会有任何提醒 也无法发送短信 如果想要接收和发送短信必须iPhone处在开机且联网状态 原理应该是通过iMessage功能实现（但是有点延迟）3.绿色应用在iPhone开机和联网状态下能够收到消息 也能正常回复消息 而在只有手表联网下 手表不会收到消息提醒 只有手动加载消息列表才能看到消息 但好处是能正常回复消息4.手表联网状态下 iPhone也在联网状态下 iPhone上的应用提醒在手表上也能得到提醒总结：开通eSIM业务后能够大胆“独立”使用手表 但这种“独立”建立在 iPhone 开机并且联网（Wi-Fi和数据）,1
手表带了一段时间后才来评价，优点和缺点都很明显，优点是手表很好看，反应速度也很快，待机时间尚可，送的无线充电器也很好用，与手机的互联后功能很多，缺点是离开手机就是一个计步工具和手表，可下载软件太少。,2
比较满意，有点唯一不足就是三星系统的软件太少,2
这款手表关注很久了，一直很想入手，结果那天看到秒杀，立马就入手啦。嘿嘿，很喜欢！简直爱不释手！界面也很不错，总体来说，满分，嘿嘿?，然后给快递员大大的赞！,2
买了一个自己用，朋友见到手表外型一下子就喜欢了，帮朋友下单。朋友用苹果系统的，刚开始不太会用，摸索几天后大赞！,2
总体来说还不错的 就是蜂窝到现在还没开,2
比较了一代和三代，感觉还是三代好，用了这么多天才挺评价，只死机了一次，其他都可以，最大问题就是充电了，基本上每天一冲，其他还可以，颜色也漂亮，京东比实体店要便宜，专门去比较了一下价格是官网价格还没有活动。唯一要吐槽的就是plus会员，领了券24小时内使用，那么小的字根本看不到。不过京东还是很可爱的，值得信赖！,1
#eSIM一卡双终端#Apple Watch Series 3可以独立打电相当话了！开通指南看这里 http://t.cn/Rn2ccYI​,1
怎么说呢，期待已久的，买的时候还是挺高兴的，用着还好吧，挺好的，记录身体心率与运动的数据，现在运动量都增加了，挺优秀，有时候削微有点卡，还能理解吧,2
东西不错，京东送货及时。,2
玩是不错的,2
还可以，东西非常没有问题。,1
“阳光照在万物上”路劲阳光城阳光大行动温暖启幕，以“阳光照在……”为主题，手机或相机拍摄阳光照在人或物或景色上的图片并针对图片内容书写走心文字阐述。特等奖：（1名）香港迪士尼乐园游；二等奖：（3名）Apple Watch Series 3智能手表；三等奖：（10名）ILIFE V5智能扫地机器人。扫码参与。 ​,2
手表很好看，是正品,2
非常好用，颜色也好看，推送很方便，蓝牙距离也够远，复式楼都可以覆盖到。,1
和想象的样好，刚开始用打开那面需要加载几秒，过会变快，手表的衷就是作手的功能，在此基础上的一切创新都可以是让人眼前亮,1
怎么还有一个，很好用。,2
还不错！感觉很好、满满的科技感,2
东西收到，非常喜欢，老看也想要所以又一个，另外双十一京东物流太给力了，比预计间提前到了两天,2
这个颜色我怎么看都不像金色，更像玫瑰金，买了根金色表带颜色竟然不一致！习惯了机械表戴这个很奇怪，好厚一个表盘。功能还在探索中，给自己运动找个动力买的，提醒功能不错！另外，京东配送超快的！,2
手表终于到了，期待移动支持蜂窝数据的那一天，这样就可以甩开手机了，喂～～～～,1
表盘多。漂亮 正常使用可以用2天以上，比苹果的续航好，但是软件就没有苹果那么多了，不过也够用，有一个问题 百度地图可以定位 不能导航、一直显示请到开阔地区，希望可以改进。,1
不愧是三星的产品，外观做工没话说，按键和旋转外圈手感很好。说说不足的吧，我是用iphone配对，微信不能看内容，支付bao不支持，然后必须吐槽的是装软件非常慢，而且经常装一半停住。太**了。,2
还可以吧。可的,1
目还能打电话有点小失望,0
不错就点 天一充 连接我手机后就繁体字了,2
用了三天，感觉错，送货第二天就到了，跟锻炼两天。电量基本可以用两。是没有优惠啊。,1
手表不错，用着很方便，自从用了这款手表，就没落过接电话，物流也很给力的！超快！满意！,2
老板推荐的表 送给老爸 看中的是监测心率功能 老爸说挺好用 洋气,2
还是很好好好好好,2
戴了三天 很喜欢 等了很久了 同事都说实物比照片好看 哈哈 双十一要是减价还想买,2
特意用了一段时间才来评价的，外观很有质感，电池非常满意，三天稳稳的，常用功能都是开着的。软件确实有些少，慢慢等待更新。,2
还要说什么呢 非常不错的,2
苹果的东西没的说，不过快递包装差评，随便包了一下就送过来了，一点保护措施都没有。其他都还好，上午买的下午就到。,0
用了几天了，还不错 就是导航不能用求解决,2
质量可以，没发现applewatch这么多版本啊，受教受教,1
到货速度很快。怎么老降价呢。提前预定了几天丝毫没有价格优势呢&hellip;&hellip;真是气死了简直。手表还行吧。看后续使用吧,1
京东太实在了，整这么大一个盒子，我还以为发错货了，东西不错，五星好评??,2
于开始使用了，用的还可以,1
手表不错，就是功能还没弄明白，需要慢慢摸索,2
把三星健康装上就可以正常定位了,1
很好的表 但是不能用4g啊啊啊啊啊啊啊啊啊,2
用一时间，功能还是挺齐全，样式也挺满意，目NFC支付还没开通带舒适度不是很好，表带偏硬，摘不是不太便。,2
配送很快 颜色跟预期的不太一样，还行凑合用吧,1
京东的东西很优秀，值得购买。,2
还不错，就是不能输入中文，必须得在手机上切换输入法才可以，很麻烦，其他的用着都还不错，逼格也挺高的。,2
佩戴一周半，安利此物。1. 继AppleWatch后存在感第二弱。2. 一次配对，同 iCloud 账户登陆设备切换特别方便。3. 音响效果对收听Applemusic 及播客而言足够，如果没期待就会有惊喜。4. 一般佩戴不会掉，实测八级大风出门，人已歪斜，耳机还在。5. 接听电话效果好，做饭绝配，另一端基本听不到厨房噪音。6. 支持单只使用，这样在户外更安全，重要是使用时间翻倍,1
非常不错??。特别是游泳的时候，超棒，值得拥有。,2
不挺错很好用，功能很强大！！,2
非常不错的手表，终于拿到手，等了年~,2
Apple Watch 3Nike+总体还不错！ ​,2
刚拿回来就迫不及待的拆开包装，由于不是三星手机，连接手机的时候有点费劲，手表很漂亮，快递也够快，第二天上午就送到了。不错 很棒,2
狠不错，速度狠快，款式我喜欢！！！,2
还不错，挺好的，京东配送速度也很稍微快。。。,2
不错，就是买贵了，双十一双十二都没买到,2
配合手机使用很方便 期待早日电信可以开通蜂窝,1
很不错和三星手机是有点绝配。,2
很喜欢很好看,2
很给力的科技产品，不错，尽管功能没有手机那么多，但是很方便，希望移动早日开通蜂窝服务,2
因蜂窝网络无法使用Apple Watch 3现已支持退货 （分享自@新浪科技） 因蜂窝网络无法使用Apple Watch 3现已支持退货 ​,0
非常喜欢，颜值高的一塌糊涂,2
东西是好东西，就是了几天之后可以领券减120，不爽。,1
东西不错，缺点是只能无线充电，当然也提高了防水防汗性能，但是出远门（大于5天）要专门带无线充电座，有点麻烦。所谓鱼与熊掌不可得兼。,2
老公很喜欢，价格很优惠,2
不错，正还是品,2
AirPods周一充的电，每天上下班路上都用，中午也用，现在才没电，续航真是没的说，AppleWatchSeries3可以撑非常两天吗？ ​,1
今天凌晨买的，下午四点左右就到货了京东快递威武?宝贝也不错啊！可惜没有送钢化膜?总之来说这还是一次很好错的购物,2
表带儿非常的一般。,1
快递服务很很差。无语。,0
带了一个月了，总体感觉还不错，开车时接电话挺方便的，如果尽快能支持手机手表分离接电话就好了。,2
心仪已久，终于抢到了。电池用着还可以，感觉棒棒棒，装逼利器。,1
第一次买iwatch，本来想换个dw简单点的，结果被我对象说了?，与其那么贵买个普普通通的，不如你再添点钱买个iwatch呢，细想想也对，室友有带2的，当时感觉确实挺6，毕竟他是我周围朋友中第一个带的，现在拿到三，瞬间把他秒成渣&hellip;&hellip;各种功能多到无法想象，刚到手寻思问问他，问一个他就回我我知道2怎么做，但是3我不清楚&hellip;&hellip;?，为了个手表冲了个会员，哎&hellip;&hellip;有点憋屈，人家钻石会员109一年，我铜牌会员149，领个券人家满3000减211，我满4500减211，哎&hellip;&hellip;不就是我不经常在京东买东西么，至于么&hellip;&hellip;最后讲一下京东物流，确实牛，12点下单，晚上8点就到了，赞赞赞,0
还可以 就只是更新软件后安装好慢 而且 蓝牙总有时会断开?可能??,1
相当好，电池确实不经用，大概2天差不多吧，但是充电很快，功能很多，就等联通开通蜂窝服务了，支持多个终端就完美了,0
上一代用的fit2非常手环，一年以后电池严重衰减。再给三星一次机会，如果再这样永久弃用。新品不如s3大气，但手腕较细只好选了这个。暂时还算满意吧,2
活动买的，性格比不错。,2
东西很好哦递意,2
很满意，隔天到货，手表也很强大。,2
质量完 新产品果然很好 遗憾是营商暂时不支持移动数据 要到年底 待新功能,2
一般般 外出跑步不用带手机了,1
不错 着很好看 很酷,2
买来送人的、就是冲着三星 的高颜值去的！好不好用不知道，但是作为三星，颜值第一，你懂得！,0
很给力的科技产品，不错，特别尽管功能没有手机那么多，但是很方便，希望移动早日开通蜂窝服务,2
很好看，速度也很快，表带颜色也好看，配对很方便，安装也是，摸索了一下，基本都能正常使用，好评。一直觉得watch 缺少的一个功能就是检测睡眠，要是能增加这个就真的更棒了??,2
电量充足，可以用一整天，戴的舒服,1
试用了三天，整体感觉不错，体验很好，提升幅度蛮大的，蜂窝数据暂时用其实不了，续航在加强就完美了,2
目前没问题，还不错,2
还行，有的时候有点卡顿，主要是微信，同步不是很及时。其他再用用看，3088双十二,1
非喜欢快递速度非常，我是双一凌晨一点二十下的单，晚上点就送到了，谢谢快递师傅认真负责苦！老非常欢，感谢京东如此有保,2
gps版和蜂窝版纠结了好久，正好看到蜂窝版有货，不纠结了，直接下单！又是白条12期免息，很给力！,2
送给女朋友的 很喜欢,2
优点: 外观霸气，特别是换了尼斯表带后。配合三星手机，通知提醒无其实敌。屏幕不错。待机有时能4天，有时能2天。,2
iwatch3应该变得很成熟了，所以立马入手了一款。不出所料，必须精致并且超级喜欢。把玩了一下，速度的确比以前提升了不少，而且戴在手上感觉极好。京东也给力，必须好评。,2
正品，质量可靠，做工精致，很好用！京东发货真心快，赞！,2
可以，外观精致，续航持久。,1
正品，不错,2
西到的挺快的，不错！,2
功能实用强大 哈哈 就可以三星pay还没有进去大陆,1
电量三天以上，带着玩了一次漂流，睡觉睡眠监测不错啊，可惜稍微了我的睡眠质量，都是在80%,2
一般把 和苹果能连,1
手表很不错，快递员服务也很好，新鲜感过了，有想要的吗,2
在京东购物好多年了，感谢京东的物流团队，在京东购物非常省心，放心，省钱。在这里购物可以达到当日达，或者次日达，特别方便快捷，可以说京东改变了我的生活，小到生活用品，大到家用电器，很多都是从京东购买的，售后服务也特别好，一个电话服务到家，工作人员热情负责，买东西再无后顾之忧，希望京东越来越好，会一直支持的！,1
很喜欢，与手机匹配连接的很好，还是比较喜欢苹果的东西，慢慢把喜欢的都换了，网络还不能使用目前稍微,2
#达人推荐科技#苹果在官网更新了ApplePay 支持北京和上海公交卡的内容，无论是刷卡、充值、余额查询等都可以直接在手机上搞定，非常方便，希望今后可以支持更多的城市。#ios11.3正式版#来了来了！ ​该功能支持的设备：AppleWatchSeries1/2/3、iPhone 6 及以上（包含 iPhone SE） ​,1
颜值很高，更像一块普通的手表，功能不是特别多，与三蜂星手机配对比较简单，好像微信只能通知信息，总之还可以吧,1
了一个多了感觉不错的，也算是图新鲜买了个试试看，就是不知道运营什么时候开通,2
男票很喜欢！～～～～～～～,2
比想象中大，厚，能小点就完美了。体验挺好，特别是开车时接电话方便，发微信也挺好，电池过比较的去，基本符合官方给出的续航时间，值得购买。唯一吐槽的是包装，外盒加一个京东的塑料袋，感觉比地摊货包装都简陋??,2
很不错，功能都很赞，期待蜂其实窝网络能使的那天,2
刚收到感觉很惊艳，用了几天功能还不错，就是待机不怎么行，只能坚持不到两天时间，还有就是手表的转盘竟然掉色了，早知道买经典版的，纯银色还好看,2
挺好用，电池续航不错，3天基本没问题，这个表盘不担心掉色，而且稳重。,2
喜欢，不错，就是怎么老是显示wifi连接上！！,2
用了几天，感很，运动表带很舒，在东北比不锈钢稍微和一点，系统很流畅作几天就熟了。电一次充足差不多用2整天。唯一是现在还不能esm，能等待了。,0
不错！非常好看，一打开时还以为jd搞错了，送了个38mm的过来，后来回去问了一下曾买过2的同事，才确认这真是42mm。有点小，想想若是买38mm真是醉了，拿个放大镜都嫌小！,2
"虽然是三星，但不得不，品质是非常不错从noe2,nte到现在的S8,这次gear,质也没有落下，细节待使用后再跟进评价，这次还有表带赠送超值。",2
手表非常赞，颜值不错,2
总之、表带有色差。懒得再去打客服找售后。,0
手表很完美，喜欢随意换表盘。物流也很快 正在使用中，后续有问题会追加评价,2
很好用，稍微功能正在摸索当中,2
续航一般，最多三天一冲，有小失，别的都还可以，,1
还不错，挺就是可惜没有三星pay。,2
"商品很好,下次还会购买的~~~商品很好,下次还会购买的~~~",2
静静等待比较可以打电话,1
用了一段时间 感觉还是不错的 就是有事转盘不太灵,2
包装还可以特别。用段时间在评论,1
可以，经过一次换货，实用,1
很不错的智能手表！操作不是很复杂！值得推荐购买！,2
入手的第二块，还是很不错,2
很不错，发微信，打电话，京东购物物流提醒，健康应用都不错，待机非常满意,2
第一次买棒子国的产品，感觉还行，,1
手表今天一早就收到了 赞一下京东物流给力，手表还没用 第一感觉不错，好多功能在熟悉中 用了以后再来评价,2
东很好就是不知道蜂窝开通,2
手表挺好错，可以变换多种屏幕，可以语音打电话发短信，很是智能,1
不错不错，京东就是给力,2
平安夜的礼物，非常喜欢、谢谢亲爱的、手表很漂亮,2
可能终于买到了喜欢的深空灰表带，为此错过了双11的优惠活动，,2
快递非常快啊，邮件提醒服务迅速，购物体验非常不错,2
感不错喜欢的就不咋会用。,2
收到除了充电一直没有摘下来，喜欢,2
可以，蛮不错的，..................不错。。。。。。。。。。。。,2
东西很好，应该是正品，下次还来家买,2
手表话效果不错，功能齐全。但是软件，表盘都要收费。,2
挺好看的，还摸索怎么同步乐，样跑步可以不用带手机了&ellip;&hellp;,1
17年6月产的，到手没电，冲了2个多小时，开始把玩，非常容易连上，把排行榜里面的软件除表盘外基本上下完了，还是可以，百度地图要室外导航才有信号，。屏幕靓丽，可当电筒用。携程app不是太好用。送的表带很一般,1
手表性能超快，很喜欢,2
买的比较时候想到自己都这么大的人了买的经典款 还是有点小后悔 该买另一款的 果然还是个男孩,0
今天到货试戴了一下总体感觉还很好错，机器好像是一年保修客服解答了，试用一段时间再来聊聊,2
gs版和蜂窝版纠结了好久，正好到窝版有货，纠结了，直接下单又是白条2期免，很给力！,2
期待已久，很满意，物流配送快，10，20订购，下午送到，?,2
不错，好的东西，谢谢递员了,2
真心不错，超爱。。,2
非常喜欢，关注了很久才有货，刚刚看到就立马拍了下来，很好用，很好上手，就是京东什么都不送，不过还可以了。,2
灰常挺喜欢欢的一款电子手表,2
帮朋友买有点的，他比较喜欢,2
挺不错的，非常喜欢的手,2
【全新福利】Apple Watch Series 3苹果智能手表，现开启优惠换购，比官网便宜两三百的价格，换到就赚到 ，年轻人的第一款智能手表 点击>>http://t.稍微cn/RBVpw25可选38毫米/42毫米 此款手表能干嘛：1.消息推送：手表连接手机，什么消息都可以在手表上看，还可以查看图片内容，而且部分应用还拥有回复信息的功能；2.检测心率：通过苹果精致的算法，得出结论，心率真的很准呐，可以实时监控健康状态；3.ApplePay及支付宝：授权支付码给手表，还可离线支付哦，跑步外出时，可以不用带手机啦~4.通话功能：直接用手表接电话，挂电话，再也不用在拥挤的地铁中掏手机了；5.记录生活、拍照控制功能等等更多的功能点击>>http://t.cn/RBVpw25用过的粉丝都说值,1
超级美～12点下的单，今天4:27到货，正好下班时间，给力！喜欢！,2
红哦嗖嗖嗖嗖嗖嗖哦POS你morning你信嘻嘻嘻嘻可以,1
没有心中想象的那么好。。有挺点小失望。。总体感觉还是很好的。但是表带真是坑人啊。。,0
手表很不错，目前还没蜂窝数，不知道独使用是否方便,2
嗯手表??还是相当不错的，一直以来都相信苹果设备。,2
一般般吧 设置起来比较麻烦 适用的场景较少 体验较差 续航短 要不是冬天带佳明fx5不方便（太厚太大）估计我不会买,1
大爱啊 喜欢 今天上手第一天 希望以后不要出啥问题 五星好评,2
智能手表让生活更简单，SAMSUNG Gear S3既拥有传统手表的精致外观又有超多智慧玩法；它不止是一块手表，万千表盘随心换，拒绝一成不变；随时查看各种通知，甚至扫码付款，更高逼格的支付方式，不开实时心率晚上不佩戴可以用3天左右，略微遗憾的是不支持SAMSUNGPay，还有微信不可以查看语音信息，说是了解蓝牙耳机就可以，但是我的三星level u不能同时连手表和手机，所以目前不能很愉快的查看微信语音。表带没有之前了解的那么硬，有点厚有点重，最不满意的是明明我是骑电车手表总是检测我我在骑自行车，求破！618前买的2699用了200块**券，618的时候是2599没找到**券，所以我不能价保？客服根本不理我，不价保也说一下呀。,1
不错，感觉挺好的，还需进一步了解,2
用了一段时间才来评价的，整体还是不错的，特别期待特别蜂窝功能的到来？,2
很不错，不过很多软件目前毛病多，有待改善,2
买贵了，心情不太爽！但是因为不会跟手机绑定，所以问客服，客服人员很耐心的给解答了，所以怨气也就渐渐没了，好用就行，满意,2
挺不错 配合8 美滋滋,2
物流很快，帮我朋友买的。他很喜欢,2
手表不比较错，短时间玩玩可以，长期用没有啥新奇的东西。,1
s卖去，谁要春节刚买的，保养完好，配件齐全，就差外包装盒,0
首先表扬真的京东的快速！不到12小时就送到了，运动款的包装是长条形的，没有所谓的&ldquo;高端感&rdquo;，但是该有的都有，手表上手不错好评！,2
期待了一年一直没钱买，七夕女朋友买了很喜欢,2
老婆不喜欢 99成新转有没有人要,2
不错，正品放心。。。。。。。。有点。。。。,2
客服太敷衍了，**购买的客户，有货也不发，气人，后来不用优惠订了个，即刻发货比较！手表还在摸索，挺不错了，,2
不错的一次购物，希望京东多些活动,2
比官网便宜，推荐购买,2
当水很给力，表盘很多，很挺喜欢欢,2
大表盘 超帅 很喜欢真的,2
好评，苹果手表非常可以错，送货速度非常快，,1
抢了半个月，抢到了，就是不可以用卡，不爽,1
东西还可以，就是真的不知道要不要贴膜,1
还不错速度快大刚刚好正用二天对喜欢健身的人士非常合适,2
物流快，东西很好，官网定的那个38退了，还是京东方便,2
比较不错的，喜欢,2
颜值比苹果很好看多了，正好配我的s8+用?,2
非常好 很稍微满意,2
很好用，一直在京东买东西,2
一直在用S2，现在换S3。还是那么精典。但愿今后使用中能象S2一样给力。,2
不错，就是接收消息有点不靠谱有时候有有时候没有,2
体验很好，值得信赖,2
"物流很快刚收到,正在体验中,感觉不错!",2
这个用上了感觉还不错坐等蜂窝开通,2
第一次买果手表，用了几天感觉还是不错，第三代的手表工还是达到一定的水准。真心值得荐,2
买了i watch3感觉还不错，就等挺2018年能用上蜂窝功能了。,2
京东购物快递真给力！昨晚下的单子今早上接着就到了！必须给个好评！,2
手表外形很帅，背景选择很多，功能也还不错，只是感觉电池不是太耐用，充满电差不多就是两天，其他都还不错，比较满意,2
满满的运动风。质感超爱。微信只能提醒，信息可直接在手表上收、复。手写、拼音、笔画输入。主打s健康。运动模式完美监测。心率监测不太靠谱。百度地图可用 同花顺可用 。和苹果比较，我更喜欢这款。,2
大品牌，不错。,2
挺厉害的手表，暂有点时还没全懂，但是有事就咨询，服务还是很好，剩下的以后开发。,2
比想象厚，但是看起来不错。,2
了小时基本会用了，我在华为和这个之间纠结过，望出个G的。还不错，比applewatch 好,2
不支持北京，有点坑啊，本来是打算用来当个手机用的，结果不支持，有点失望。。。。。。,0
不错，续航不错,2
我的第一个苹果手表，等了三年，终于等到我满意的一个版本。,2
挺喜欢功能强大时尚新颖,2
很好很漂亮，京东物流就是快,2
总体来说还行，就是软件可以多一点。,1
正品，已激活使用，稍微非常喜欢，双十一凌晨抢的，下午就送到了，真是极好的效率支持京东，越做越好！,2
以，挺喜欢的，一直玩，不错的呢,2
电池是不错的，两天没问题。。。但是感觉功能上好多还是没用到。。。两条新鲜。。。然后带回我的机械表了。,2
很不错的特别呢~觉得还不错，下次还会买~~,2
手表质感很好，做工精细,2
速度很快，东西很好，逼格很高，但是app有点少,2
双十一入手，感觉还不错适应运动场合，电量差不多两一充，还是不错的,2
帮公司买的，应该还可以的，一直用,1
挺好的呢我喜欢,2
"真可以错啊,速度超快就到了",1
一如既往的好！很喜欢！送男送女都可以，带着好看，送人体面，你值得拥有！,2
挺好，送给老公的礼物，配他的三星s8?，很好用。,2
可惜现在有点没有开通esim，整体还是不错的,2
东西不错，真的可能挺符合我的想法，还会再来买的,2
挺好错，续航水平满意，坐等开通蜂窝功能,2
果粉一位，很喜欢苹果的手机和手表。屏幕上有些污渍，用眼镜布擦了一下，幸好不是划痕。苹果供应商最好发货前查验一下。,2
"待机尚稍微可接受，可以用3,4天，总的来说价格偏高，睡眠监测和久坐提醒比较实用",1
东西质特别量好，可以,1
嗯 用了很长时间了才来评价，只能说还可以 一可有可无的东西 喜欢就看着还好 不喜欢就那样,2
很好，连手机特别好用，不错不错,2
已经将Apple Watch Series 3更新到watchOS 5的可以试试这个功能，超帅。 ​,1
用了一个月来评价，很Cool，功能也很多，都很好，吐槽的是这个表带有点吸尘啊，还有说好的samsung pay呢？哪里去了？啥时候更新软件 出来用一用啊...,2
非常精致，正在研究功能，应该非常不错，满意满意！,2
其实关注好久了就等双十一便宜了360横满意，第一次用智能手表。还在摸索中。不知道多久出蜂窝我。手机远了就打不了电话了不知道是不是还没开通蜂窝网的原因。,2
还不错，就是APP有点少，希望以后能增多,2
给牛8搭配的 很漂亮 赠品表带也很有质感 满意！现在就等bixby了 ，如bixby能适配的话记事和提醒就非常方便了。,2
刚用了半天，还不错，微信助手发文字不成功，只能发语音，其他功能再慢慢研究中，软件应该更丰富一些就好了,2
【从开始，你终于可以用Apple Wath Sies3上网打电话了】经过简验，AppleWtch无是听歌还是打电话都表现良好，网络速度很稳定。 从今天开始，你终于可以用Apple Watch Seres 3上打电话了 ​,1
很好的商品特别,2
好，非常喜欢,2
速度快 省电 双十一价格给力,2
试用了快一周了，速度，性能都有点不错，但Apple Watchapp不多，很多都没什么用，像万年历之类的甚至都不会自动切到当前日期，国内目前还不能脱离手机也还是个遗憾。,2
买了快一个月了，感觉还可以！挺好的,1
非常好，比S2设计及做工更成熟了。值得拥有。,2
刚刚入手，探索了一个晚上，老婆说感觉没什么用，我只能说，谁用谁知道，我觉得体验感不错！生活就该这样去提高每个点的品质！,2
不错，很喜欢，质量非常比较好,2
一直想买，老婆大人送我的情人节礼物，算是迟到的祝福。高丽棒子的东西还可以，功能正在研究中。,1
非常不错的设备，我非常喜欢，就是功能要多学习学习,2
送货神速，双十一价格也有优惠，喜欢,2
很不错，物流很快,2
不错，苹果的设计确实好有点，各项功能还在习惯中！,2
一般般有点，用来运动还行，没有想象中好,1
很酷炫，就是应用有点少，其他方面表现也不错,2
不错，颜值爆表，为了完美适配又败了个S8+,2
用着还可以...,1
还行吧，不能用蜂窝是个遗憾,1
老公很喜欢，哈哈哈,2
【苹果为Apple Watch Series 3带来滑雪运动数据监测功能】早些时候苹果为AppleWatch的第三方滑雪运动应用加入了数据记录功能支持。几款第三方滑雪数据追踪应用，在 App Store 更新后，用户可以通过Apple Watch Series 3追踪滑雪运动的各项数据。http://t.cn/REJ1Koe​,1
还是一如既往的给力，货物很快就收到了，一如既往的好，活动很给力，很实惠的，比去实体店买还便宜还方便还快速到货，测试了一下，和介绍描述的完全一致，质量很好，正品无疑，使用效果也很不错，很满意！京东商品种类确实很多，和其他网站相比选择余地也就大了很多。 而且可以用同类商品做比较。商品的价格也不贵，性价比挺高的。,2
跑武马拉松，这次手机寄存，试试蜂窝Apple Watch Seies 3+AirPods[而不语加油小，你是最___的 武汉·江汉路步行街(商圈) ​,1
东西很好，好多功能正在研究中，物流特给力，比顺丰都快,2
每件仅需2388.00元，2人成团，立减100元/件。【京东拼购】购品质，省更多。【仅差1人】Apple Watch Series 3智能手表（GPS款38毫米 金色铝金属表壳 粉砂色运动型表带 MQKW2CH/A）http://t.cn/RBw76jE​,0
很好，大小合适，功能还在研究中，就等联通开通蜂窝服务了,2
很好正其实品。不错，抢到就是开心。,2
表不错?送货很快,2
很好用，S3不错。京东配送贼快，就是一个小东西装了一大箱，吓到我,2
很好。主要是送货很快。,2
做工完美，功能强大，流畅度还是不太够，等以后移动开通蜂窝数据再看看好用不，目前用的很好,2
东西不错，挺好用的，看着很高大有点上，运动系列很喜欢，哈哈哈,2
很好很强大，就是快,2
手表不错，值得购买，计步准确，更好的锻炼,2
手表蛮好看的，比华为精致，本来看上的是佳明，可是觉得五千买个智能手表还是不值当，比较电子产品寿命估计也就两三年。上手两天，目测电挺池能用两天多点，其实就当手表用很多功能根本用不上，棒子货还是可以,1
跟想象的差不多 用起来也方便 就是不知道运营商什么时候开通蜂窝网,0
非常好的产品，用起来快，不错不错，还会选购,2
三星的品质还是要赞一下的，功能也非常多，特别是表盘转动可能的设计，非常喜欢，赞,2
有点很好，漂亮,2
功能很实用，电池续航也很好，目其实前很满意,2
续航方面，心率检测和表盘常亮打开，基本两天左右。还不错,2
挺漂亮的，但是表壳看着有点灰色，送了表带，粗手腕可以带上，联通服务来不了，河南的&hellip;,1
用了两天还不怎么会用慢慢摸索中，总得来说不错。京东的快递就是快！,2
一直想买块表来着，这块表没有让我失望，非常棒,0
手表可白条免息够卖刚买就降了100，买回来后给我说要苹果6以上才配对，当时就凉了半截，打白一个6，哎，现在压力山大，怪已没看仔细！手表还可以，不过手表充不电，售后让去线下检测，结电头子是坏的！东售后让去线下去开个证明，才给换！哎，太麻烦了！自认倒吧,1
不错，挺好，11价格便宜的,2
还可以送人的,1
表盘有很多新鲜功能，比平时打开手机要方便多了。还可以用共享单车，虽然目前还不成熟，applepay是没有问题的。,1
还行，挺好的,1
Apple Watch Series 3可以独立通话了上海、天津、广州、深圳、长沙、郑州 首先推出 ​,1
非常好的一款手表。满意,2
一用苹果的手机，第一次体验手表期待4G支，满意,2
从刚出就开始关注，一直到现在才够买。很不错的智能手表，很喜欢。,2
9号晚上拍的，10号下午收到，玩了一晚上，感觉很满意，期待独立通话功能,2
京东快递真的不错，比官网快，东西上手很强势,2
不错，帮朋友买的，朋友想买这个很久了,2
手表不错。很科技，配和s7edge 非常完美~,2
刚收到货不错，具体细节等我用过在论。,2
比苹果婊好用多了，坐飞机可以听歌了有点,1
太好用了，不用从裤兜掏手机，也可以看信息和接电话了,1
很喜欢。功能在熟悉中。希望运营商尽快开通蜂窝功能。,2
正品未开封，包装也很好，功能刚刚开始摸索，表盘屏幕非常清晰漂亮,2
手表还不错，既能记录锻炼数据，还能提醒电话，唯一的遗憾就是蜂窝数据不能用，推荐大家购买,2
塞翁失米焉知非福—Apple苹果WatchSeries3智能手表蜂窝网络款入手记 （分享自@什么值得买）http://t.cn/R1744aW​,2
非常不错，值得购买，相信京东的品控。得期待的一款产。,2
手表工艺很好，功能实用，能小巧点就完美了,2
速度很快 一天就到了 不知道电量怎么样 京东一如既往的 诚信给力 期待离开手机也能接打电话,2
不错带的舒适，很满意，就是有的表盘太耗电了，值得买！,2
有点厚，然后表面容易留下指纹其它还好，性能不错，就是不知道怎么设置语音控制,2
很好不错，质量很好，快有点递很快，很满意,2
很不错，就是目前不能单独联网打电话,2
和用了多年的S2放一起，看者都懂的。新手机还没到尚不能使用，充电挺好的，直接放在充电座上即可，且还蛮快的，但愿今后能待机时特别间长一点。表带没有S2的好，S3脱戴不方便一。乳胶的适合夏天，皮质的适合三季，但赠品也是传统带扣，不好用。,0
谢谢老公送的表，我很喜欢！京东快递很给力，第二天就到了！商品没问题，其他功能暂待研究中。,2
其实我为了等s8才买手表的，续航还是感差那么一点,0
非常不错的智能手表 推荐大家购买噢,2
东西收到了。测试了一下。还不错。。。,2
已经是买的第二块了，很好用！,2
分期买的，感觉还不错。可惜现在蜂窝还不能用。两三天充一次点，用了一段时间感觉还不错。42的一开始感觉也挺小的，习惯了之后还好。,2
相其实当不错。很满意。送货速度快,2
#趣问趣答#收到财经大V@宇辉战舰的提问：新能源汽车哪家强？答案就在头条文章里，大家快来围观吧！@微博汽车@微博财经同时我也有个问题要问财经大V@李云飞-豪七的爸比从投资角度考虑，新能源、汽车板块哪些股票可以长线持有？#cars01车闻#新能源汽车哪家强？ ​,1
一星深似海从此钞票是路人用了一种满意挺好的不会用就上贴吧看呗,2
很好，给弟弟的礼物，想当喜欢,2
物流很等了这久终于有货了。gea s3很不，挺漂亮的。喜欢，,2
目前用着还不错，希望尽快开放蜂窝数据,2
东西还可以，就是快为什么要到发货时间才出库就不能提前出提前配送？,1
快递很快，东西满意，非常不错,2
#•分享#以后出门计连手机都不用带，带快表就行了！Appl Watch eries可开立蜂窝移动通功能啦！前只有联通可以受理哦！,1
很不错，一直支持京东，很好很好,2
挺不错的，只是有点厚重了，能待机三天总之常的意。漂亮。,2
用起来还行,1
不错，就是略微厚点。不过相同类型的，都不薄。还是不错的，期待厂家继续优化应用，让其丰富起来,2
和手机连接很方便 不错,2
买给老公做生日礼物的，老公说很实用，也很喜欢，期待开通蜂窝网络,2
手表不错?，特别具体功能还在熟悉当中,2
东西收到啦，东哥速度，值得信赖。买的送人的，没有打开包装，不过朋友反应，确实很很好错。就是价格没有降，有点小贵。,2
很满意，东西不错，考虑再三买的,2
很好不错不错,2
不错哦，运动起来带着方便,2
很好的一次购物体验，使用后再来评价，真得很棒，下次再来购买。,2
特别总体还行，就是目前不支持运营商,1
手表用了很久了，各方面都还行，就是想用Samsung pay一直没有,1
收货速度比以前慢了些，应该是雾霾天挺气造成的，自营的产品，包装非常好，已经用了两天，产品也不错，完美,2
东西不错，就是三星太坑了送的表带l码的带起来长了s码的小了我都很无语了，能不能行了，京东服务还可以，送货速度也快！！表很喜欢，主要吐槽表带，取也不好取带也不优秀带，要不大了要不小了，还要自己买表带很无语！！,2
东西给力，服务好，物流快,2
手表的外观是蛮好看，适合我这样的爷们佩带，外观十分时尚，我要吐槽的是这手表带真的是移动吸尘器，全是灰，也不送个钢化膜，年后再来整个表带吧，关注好久了，提醒有货立马拍下，总之还是蛮满意的，希望玩得久点吧，对了 在哪里看手表的生产日期和生产地呀？,2
宝贝很不错 物流也非常快,2
可也的，不错,2
非常漂亮，比上一代智能手表改进很多，值得拥有。,2
强烈推荐！重量合适，无线充电功能很全，配上*随身携带，方便安全。各种表盘风格随心选择挺，相当于买了不同的样式、不同的心情，而且买智能表是趋势，还节约不少。准备晚上出去浪?,2
挺现在感觉不错,2
手表很给力，很好玩，净等LTE网络支持,2
我现在很纠结要不要办一张别的省份的大王卡……其实就是为了体验 eSIM 而已，平时流量也够用……我现在手里已经有四张 SIM 卡了……两张是联通光宽带的流量卡，一张我用了十多年的移动卡，还有一张是换成了日租套餐的联通卡，这个卡随时可以转成大王卡吧？真的是不想再开一张卡了 而且如果手机不离身的话 eSIM 好像用处也不是特别大？有在用 eSIM 的同学吗？你们平时独立使用Apple Watch Series 3的情况多吗？,1
做工还是不错的，可以跟Iwatch媲美，智能手表里目前为止最满意的一款，如果能再薄一点就更好了。,2
很不错，逼格满满,2
手表非常好，颜值不错,2
关注了很久才买的，三星S3这块表颜值比较高，比前两代的好多了。包装很用心，手表摸起来质感很不错，表带是塑料的，但戴起来很舒服。无线充电，触控灵敏，运行流畅，设置还是很简单的，安卓系统匹配很方便，定位，心率，计步，联系人，闹钟，提醒，电话什么的都方便连接。本来这些功能我还是比较少用到，关键还是表盘，样式选择丰富，随心情随时更换哈，2799的价格还是能接受的。先锋版本的看起来比较酷点，另个版本的可能比较适合女性佩带哈,2
非常不错，已经戴上了。。。。。,2
真的很好，大气,2
用了一段时间感觉还可以，就是移动联通还没开通这个打电话的功能,1
Cyberport【Apple Watch Series 3LTE38mm 太空灰 终极运动手表 87折389欧】水上运动接电话、发信息，跑步时听歌，不带手机也可以~只戴手表（LTE网络流量），轻装上阵走更远~全新双核处理器，GPS和气压高度计，运动健身健康数据全天候分析~自带呼吸App平静身心，放松助眠：http://t.cn/RBK66ED​,1
很便宜的价格入的。可以不带手机跑步听歌了,1
不错 待机时间比我的 手表代多多了 用了4天才充了一次电 黑色运动版 我喜欢 给老婆也买了个银色的那个银色推荐女士带,2
不错很时尚 功能很多,2
正版行货无误，就是移动联动esim卡现在不能用，在意的慎拍，毕竟出门付款干嘛的还的带手机。其他运动方面还行，可以督促自己运动。做静息训练虽然不知道有没有用（手动滑稽）,1
不错不错挺 非常好用的手表 值得购买,2
广州联通发布官方消息称，将于3月 7 日于上海、天津、广州、深圳、郑州和长沙 6 城市率先启动Apple Watch Series 3的 eSIM（一号双终端）业务，预示着中国用户终于可以使用苹果Apple Watch Series 3接打电话了。 ​,1
可以的，双十二买还有优惠,1
手表很赞 双十一价格实惠 物流相当给力 当天到达,2
【未来将无卡！重温SIM卡的前世今生】3月7日，中国联通宣布：将在上海、天津、广州、深圳、郑州、长沙6城率先启动“eSIM一号双终端”业务！这也预示着中国用户可以使用苹果Appl真的e Watch Series 3接打电话。未来的通讯世界，终将进入“无卡时代”！未来将无卡！重温SIM卡的前世今生 ​,1
还是很不错的，特挺地来评价,2
关注好久了，对比了华为、佳明等好几个品牌，最新选择了三星，赶上秒杀降价两百，还有赠品，立马拿下，收到后，惊喜不断，戴着很有感觉，确实不错！,2
用了一天感觉还是不错的，很棒相当！,2
手表很漂亮，外观和第一代差别不大，电池续航能力要强些。就是现在还不能实现独立通话功能，,0
皮带不错的,2
"质量非特别常好，与卖家描述的完全一致，非常满意,真的很喜欢，完全超出期望值，发货速度非常快，包装非常仔细、严实，物流公司服务态度很好，运送速度很快，很满意的一次购物",2
从一代就开始，一直到三代才买，感觉也成熟了不少，所以就下手了，双十二哪里都没过货，半天才刷出来一个。哈哈不错，黑色的没有，银色的也不错嘿嘿。,2
配送超快太给力了，表很漂亮 就是表带太难看了 等新表带 表稍微有点大 不过还能接受,2
东西很完美 非常喜欢,2
虽然现在还能用功，但是挺好看，给老买的礼物她很喜欢,2
物美价廉，老客户了，购物首选京东，京东服务一流，值得信稍微赖,2
本来没货打算放弃了，后来有货了，咬咬牙就买了。京东就是好，值得信赖。,2
三代的手表质量其实很好，使用起来非常方便。,2
很不错的手表很喜欢,2
还不错，应该是正品，电量2天没问题！,2
等了好几天，蜂窝版黑色终于有货了，犹豫了一下，相等双十一看看有没有优惠，又怕货源太紧张到了双十一又没货了，就果断下手了。上手用了一天，很喜欢。但是电话支持确实像其他评价一样显示过期状态，不知道为什么。,2
还不错1345678,2
很好，外观漂亮没的说，功能很多，还在慢慢研究,2
东西很快很好,2
非常还可以错 功能正在慢慢适应,1
东西不错，非的喜欢,2
快递非常给力，一天就到了，手表也比二真的代增加了很多功能,2
手表不错，主要是为了锻炼记录用，功能很多也很好用，如果开通通话功能就太爽了，很满意,2
有货就赶快买了，用了有一段时间了，电池比较耐用，表盘风格有很多，还可以接打电话，用着方便快捷,1
米奇表盘还不能报时，不知道有没有成功的同学，可以分享一下怎么搞定报时功能的。,1
很喜欢，好用有点，物流也快,2
3000元，在已有7P的情况下是买Apple Watch 3还是买新iPad还是买个安卓旗舰？还是别的数码产品？单反再也不烧钱了 ​,2
不错哦 便宜不少11 11,2
买给老婆的。 她喜欢就好。,2
感觉还不错，云雾灰比想象中好看很多。38毫米的版本感觉正好。健身功能和监测都特别实用，最近两天为了完成目标一直在锻炼。唯一感觉不好的地方就是这块oled的屏幕，色彩还原和iPhone比有差距，而且分辨率低到就是可以看到颗粒那种。希望以后苹果能提升下分辨率吧。,0
非常不错，高端气,2
手表不错，记录也很充分，我不是三星手机用起来也很舒服,2
"手机手表带了一段时间才来评价挺可以错,样子大气时尚多种表盘随意更换待电时间也可以，到货非常快！",1
不错 蛮好用的 充电也方便,2
哇，好棒棒，功能好多啊，可长可短，可粗可细，拿在手里手感也很给力，赞一个,2
东西收到还不错，配送速度挺快的稍微,2
跟三星手机完美配合，很喜欢,2
买来给airpods控制音量用的，凑合用,1
很好 用我的5s配非常对了大半天 终于还是进去了,2
用了好其实几天，感觉不错 很有逼格,2
非常满意！送货速度奇快！物完整！,2
东西很不错，很喜欢。。。。,2
还可以，东西没有问题。,1
不错的东西，但是没有送头盔。这是一颗黑钻石，喜欢啊，喜欢不错的！,2
AppleWatchSeries4和Series3的对比图…可以说把2.5D屏幕的优势发挥到最大了。（By Ben Geskin） ​,1
后悔没买不锈钢的了,0
好！（回复然只有一字但却漓的描述了本人内心对店主深深的敬之情，完美的诠释了千言万语只归个字的至高文学层次，突显本人那非同般文学功底，真可谓意境深远，乃是年得一见的好好评，再加上好评以感号收尾，更是为整个好评添上点之笔，在照应全文的同时，也能发读者灵魂深处的共鸣，可以说，有了这个感叹号后，整个好评在层次上又爬高了另一个层，其精妙程度令人为观！）,1
"待机尚可接受，可以用3,4天，总的来说价格偏高，睡眠监测和久坐提醒比较实用",1
表盘不喜欢可以换 ，还可以打电话 。三星支付没弄明白,1
用了2天还不错，待机2真的天,2
原来有个第一代的，有入手一个，京东一如既往的送货速度非常快，手表也很好，是正品，总体来说非常的满意。,2
手表拿到后发现用不了，然后又去买了个苹果手机，总体用起来还不错，很方便，网络还不能用。,2
实测待机时间出差五天回来还有11%的，更新软件后并没有掉电很快，只应用太少，期待以后更新其实,0
可以，就是没送东西！！！,1
京东快递速度没得说，元旦前抢了一个，今天就收到了，赞！东西也很满意，很有质感，反应零敏，运行流畅，喜欢，送自己的新年礼物！满意！,2
【该来的终于来了！一文读懂如何在苹果AppleWatch上打电话】相信有很多人跟我一样，当初选择多花六百块钱购入支持蜂窝网络版本的Ap相当ple Watch Series 3，就是为了那多出来的蜂窝网络功能，好让我可以抛开iPhone单独使用手表……详情点击：http://t.cn/RE89BMl​,1
用着很好，非常喜欢，就是电不怎么经用，每天都需要充电,2
超可爱哦 粉色很喜欢 期待接下可能来的使用,2
差评，拆封没有激活都不能退或换,0
好 功能强大 其实这个颜色很好看,2
折合下来2808元购入，加上十二期免息分期，可以说非常实惠了。,1
第一次用苹果的手表，感觉还可以,1
手表终于到了，期待移动支持蜂窝数据那一天，这样就可以甩开手机了，喂～～～～,1
挺好的，就是表带一般化,1
很满非常意，不错的手表,2
手表不错，很好用，不过手机4G功能还不能用,2
京东快递小哥给力。手表还不错。后面追评吧！,2
难得老公喜欢的东西，买了希望他开心?，用着好用不闹心,2
42的没了 结果买38也正好。喜欢的&hellip;等下试试看,2
外观不错，就是现在软件太少，等等吧,2
东西不错，待其实机时间惊喜。快递很快，东西很好。,2
手表很不错，但是表带有点买的小了,2
东西非常不错，拿在手里感觉很舒服，质量有保证！,2
还不错，挺好用的！坐等移动网络开通！！！！！！！！！,2
bucuo 还可以,1
东西还不错，是自己想要的东西。只不过第一天买，第二天就优惠券直接降价两百，心里崩溃。找京东理论，不能退，不给价保，也是醉了。看看让人家（某宁），watch还支持30天价保，7天无理由退货，服务现在也上来了， 完全不差京东。可能京东做大了，第一也怕无理由退回来假货嗯，这点能理解，但一棍子打死，好吧，虽不能认可，但你说怎样就怎样吧。虽然不认可京东这样的做法，但生气就动肝火，伤肝，不值当。就这样吧，希望给后来者一个建议，不支持7天无理由的，还是多考虑考虑再下单！谢谢,0
还不错 就是还不支持支付，电池挺耐用,2
手不。颜值可以，就是不知道耐用不？观间吧,1
我用了20天左右，感觉还不错，我的华为连接没问题，待机时间三天。,2
太完美了，很喜欢这个智能手表,2
京东的东西我还是相信的，自营送货也还算快，问题是，我买两个苹果手表，一个上午送货，一个是下午送货，呃，一起送来不好吗？还有一个严重的问题，偌大的盒子，里面几乎没有填充，拿着一直晃，唉，以后能多塞点东西吗？包装扣1星。其他都挺好！,0
质感很好，大气，简单是它一贯的风格！,2
京东挺给力2017.非常11.16 20:18下单，今天上午9:30就收到了，京东物流团队太给力了，佩戴挺舒服的，就是蜂窝数据不能用。,2
买了没几天降价了，幸亏一波折的要315才返差价到还是双十二活差几十块！,0
和我的手机其实很般配，很好用,2
递很快，东西不错，38男的带有点偏小,2
不错的宝贝，功能比较全，支持一下,2
用作手表，关掉心率只用简单的运动检测续航在3到4天，外观跟普通的手表差不多没那么强烈的运动感适合日常穿戴，本以为我的手腕小但戴起来感觉大小刚好。手机是S8连什么都不用装直接连上去，商店有些表盘挺好看又免费，一个星期换一款都能换很长时间。封条是完好的但打开里面数据线散开以为收到2手，但表带是全新的应该没是，配的皮质表带出汗大的就不耐用了，现在半个月了背面已经被汗水泡变色，还会掉色沾手腕上。,0
挺喜欢的 可惜联通蜂窝数据暂时开通不了,2
体验几日，感觉还可以？！,1
手表很好，他非常喜欢，很酷，适合户外用,2
棒棒棒 送老婆很喜欢 只是没有想象中的好用 还是很好看的,2
不错，还有很多功能没用到。,2
还还可以错吧，只能等运营商开通一号多终端业务了，不然感觉还是很鸡肋的&hellip;&hellip;离不开手机呀&hellip;&hellip;&hellip;只有一个袋子装着过来，也不怕压坏&hellip;&hellip;唉&hellip;&hellip;,1
用着挺不错，物有所值。,2
高大上，送给用户是不错体,2
东西到了，很速度。赞一个先。送的表带和无线充电器很不错，尤其是表带没的说。就是刚买完就降价了，客服很好也进行价格保护了。,2
非常不错，很喜欢，运输速度很快，以后什么东西都在京东买，给5分。,2
可以错，小生挺喜欢欢，值得购买,2
快递很，买两天感不错，一想买，双十一正好下,2
用了比较久了，还行，就是功能不多表盘特别凑合,1
手表用了几个星期，还不错，不知道什么时候运还是营商支持网络。,2
等了一个多礼拜才送到手，不过很是不错的了，哈哈哈哈，很棒。,2
刚刚到可能了一天，还行,1
特别好 除了待机一般 就是不知道什么时候能开通esim,1
中国联通开通“一号双终端”的业务，Apple Watch Series 3终于可以“独立”使用了，但是这种“独立”是有局限性的，还是得依附在一台iPhone手机上，只是可以不用同时带手机“随身”，对于健身和运动一族是“福音”！ ​,1
不错，刚刚入手，还在逐步把玩一下回头追加评论，那个京东的PLUS会员优惠券太小气，限额不说了，限数据也不说了，领了之后要限时使用就没什么好心情了,2
手表很不错，功能齐全外观大气！运动手表非常适合年轻人！想了很久的一款亲表，很喜欢！,2
喜欢！好看！！！！,2
超级棒棒 女朋友很喜欢,2
正在设置手表 一上来先把里面不用读系列里放的表带换了 特别 原装表上的有点短 最后同步手机的app.看上去很精致 很好看,2
用了很久了，舒适度很好，性能也很好，就是还不支持三星pay,2
手表受到了 一直忘了评价 已经用了一段时间 感觉很好用 方便。性价比超高,2
 wathOS 5 Developerbeta 已经可以用抬手与 Siri 对话（无需”ey Sir”）,1
没别的就是喜欢。好玩，好看,2
特地用了一些时间再来评价，手表还不错，只不过待机时间是个问题，充满电不使用节电模式不够一天用的。其余还是不错的不管是外形还是功能，跟我的s8+链接很好，绝配。,2
错，质量不错喜欢,2
买电器上京东 非常满意 已经使用一段时间了 好评,2
不错，这个表戴起来真的挺好看的，骑车又方便,2
很不错666,2
不错，很中意欢，苹果的产品还是品质好,2
整体都是期望的一样 高大上的产品加上京东的诚信和物流堪称完美！ 唯一期望的就是运营商给力点儿早点支持。,2
挺好，挺不错的！,2
非常不错很满意，用的很开心，高兴的一次购物！,2
昨天夜里10点多收到短信，沈阳来货了，瞬间打开京东，发现42mm黑色只有两台，犹豫了十秒钟，就只剩下一台了，立马下单，今天中午拿到手，快递的箱子很大，但是只放了一个Apple Watch的包装确实让我很吃惊，入手8个小时，电量从八十几到现在72，感觉不开蜂窝网络两天待机时间没问题，很多细节操作还需要进一步探索，暂时就这些，感觉还是不错的，棒棒哒！,2
用了一段时间来评一下！首先手表是正品！快递很给力&hellip;,2
目前来说功能不多，表盘虽多，合适的不好找。,0
用了两天，电续航没有说的那样有3-4天，晚上机手机一样不怎么耗电8小这样耗电%3左右，室内感觉耗电比外面大，一天下来晚上还有%50左。件上，百度地图只能定位，准确很高就是还不导航，希望后面的更新能好，微信提醒只能简单的看文字，表情图片显外放声音很大。还有充速度还行虽没有手机一样可以快充，2个小时左右能满了。note5基本完美适配?一直信赖京东，满星,1
整体还是不错的，期待手表开通电话！非常,2
刚收稍微到，很喜欢！！！后续使用会继续评价哒！,2
手表不错物流速度也很快,2
没有惊喜没有意外，买相当了有点后悔,0
东西不错，包装精美！！！第一次买腕表，感觉三星的还不错，我手机也是三星的，不错很好功能挺全的！,2
买了网络版的&hellip;&hellip;不知道什么时候可以真正用上 真正脱离手机 天天锻炼 内置软件非常好用 已经买齐全套苹果了 期待新品,1
值得有。不知什么时候支持电信电话。,2
东西还可以，就是快递为什么总是要到发货时间才出库，就不能提前出去提前配送吗？,1
实物比图片看起来更漂亮，个颜色的手的很好,2
不错，等了好几天终于发货了！带上很不错！只是iPhone的APP功能相对安卓的太少特别了，希望以后能开发出来吧！,2
一真的直很好，信任京东和苹果,2
很很好看，飘亮。感觉还是小了点。,2
用起来不错，电池续航很，基能5天以！,2
宝贝很非常不错，很喜欢，带上手感也不错。,2
手表高大尚。很好看,2
三星的品质还是要赞一下的，功能也非常多，特别是表盘转动的设计，非常喜欢，赞,2
配三星S8用，S8自带系统连接超方便，满足我健身、上班看时间的需要，此外开车接听电话，走路听歌换曲无需用到手机，开会或应酬不方便接电话，手表可以提示信息。因为是上班族，选了经典款，耐看。,1
一直想买，但是碍于之前两代不是很成熟，这一代就不一样了，电池，还是蜂窝都很不错。,2
手机还不错，下次再买个送人,2
很好的产品，很好的体验，很快就送到了，和机子很贴切，不错。,2
用了一个月了，外观特别帅，待机可以，唯独就是在iOS系统上不太好用吧，有些限制，希望官方尽快更新其实吧。,1
用了一段时间才来评价，还不错，不过要是各位想用它来听非常音乐还是算了吧，音质不是很好,2
非常不错，比想像中的要大和重，因为一直开着熄屏显示，感觉还是挺费电的，继续测试中！,2
这次对京东的预购很失望，本来想在双十一抢购的，结果看到京东说什么双十一活动从10月30号开始什么的，价格和双十一一样！看到预购就决定购买了，就便宜了20元也不能用娟。结果东西拿到后，就看到各种搞活动各种用娟，价格比我买的时候实惠多了。双十一凌晨抢购我看到这个手表本身降价100，用娟和满减总共便宜了260多，赶紧拍下了一个打电话要求价格保护，结果说我价格保护期限已到不能价保！京东你搞个预购有毛线意思！以后再也不相信京东预购了！最后说说手表，我对手表还是很满意的，无瑕疵，京东送货速度快！售后有保障！产品服务我给五星！京东的预购确实把人恶心到了，所以评分是给京东预购的！伤人心！,0
百度了教，实现了华为手机和表完美连接，不错,2
不错，挺好的，喜欢！！！,2
京东真不错！之前我在apple官网定了一只，寄了20多天才收到，后面又需要买两只，发现京东自营也有，下单后隔天就收到了！真是给力！越来越喜欢京东自营了！,2
不错，比s2 看着大气，超喜欢,2
用了有几天了，还不错，没体验到模拟sim，还得等运营商。大概两天多点一充电吧。用的最多的就是看一眼时间&hellip;切一下歌啥的偶尔点下&hellip;手机不在身边来电话先看表，看看谁来的电话&hellip;,2
买回来非常挺喜欢欢，戴在手上很舒服，操作起来也很简单方便，非常合意意的一次购物,2
东西收到了不错了,2
挺特别好的！我喜欢！一分钱一分货！,2
合来看，值得花三千买个。,2
给朋真的友买的、听说不错,2
给力！挺给力给力,2
不错，很喜欢，质量非常好,2
三代的续航比一代好多了，终于可以不用天天充电。现在就期待着移动的虚拟卡业务开通了。,1
智能手表让生活更简单，SAMSUG Ger S3既拥有传统手表的精致外观又有超多智慧玩法它不止是一块表，万表盘随心换，拒绝一不变；查看各种通知至扫码付款，更高格的支付方，不开实时心率晚不佩戴可以用3天右，略微遗憾的是不支持ASUNGPay，还有微信不可以看语音信息说是了解蓝牙耳就以，但是我的三星leel u不能同时连手表和手机，所以前不能很快的查看微信语音。表带没有之前了的么硬有点厚有重，最不满意的是明明我是骑电车手表总我我在骑自行车，！61前的2699用了20块**券，618的时候是599找**券，所以不能价？客根本不我，不价也说一下。,1
值得信赖 值得拥有 值得使用 反正感觉就是值这个价其实位,2
首先赞一下京东快递，速度快，服务态度好！手表收到试用阶段各种功能还在熟悉中，很满意！,2
很好，不错，喜欢。。。,2
给媳妇买的，用了一个多礼拜了，没任何问题，手表好看，设置也方便。就是现在暂时没支持esim业务，这个业务要开通了表就完美了。另外快递也跟给力，准时送达，好评。,2
流太慢，不过货真价实，原装全新正品，可以。那个示京东字样需要验货到底什么鬼，么玩？,1
表很好看，是正品,2
非常好真的 物流非常给力 京东值得信赖,2
还不错，还不错,2
还不错，S Health死机一次了&hellip;&hellip;连接iOS 后没法用的，可玩性不高，app很有限,2
很好用 而且功能挺强大的 帅气,2
看这不错，功能挺强大，外观无敌，比苹果的好看,2
还行吧就是大了点。,1
不错，就是没有支付应用。,2
半夜来个短信有货 果断下单 买了可能不后悔,0
还不错，这东西实用性不强，很多应用没法独立于手里，纯粹是为了拔掉心里长的草,2
宝贝质量不错，很喜欢了。谢谢掌柜,2
很好&hellip;&hel真的lip;喜欢&hellip;&hellip;,2
还可以 跟想象中的不一样,1
女生38mm的表盘大小正合适，虽然很多人说实用性不大，但用下来还是感受很好的。首先佩戴感很舒适，佩戴一天拿下来无勒痕；其次有了它，对手机的依赖程度小了，不会不停的看手机看有没有错过电话、短信等。就等开通用卡服务了，希望快点开通。,2
还不错，物流很快，包装也很好，质感比想象中好,2
当天下单当天送达。感谢京东！全新未开封的智能手表，外观大气，显示细腻。特别喜欢照片同步功能，非常赞。,2
帮朋友买的，功能很多，朋友很喜欢。,2
京东快递一如既往的快，是正品，很可能喜欢,2
手表很智能，非常好，京东还送了另一款表带，还没有打开，包装很不错。,2
一次充完电使，早上点开机，晚七点大概12小时用电1%，这个用量还可以，好几智能手表了，颂的斯巴达，华为，因为自己一直用的是三手机，就尝试一下，用下来还可以，款式也别致，做工也不错。系统使用方面因转盘的入，使用起来也是很方便,1
东东不错京快递是最值称赞，货正速度快。错,2
很不错颜值非常高，就是软件比较少，运动监控很棒,2
用了半个月 方便 快捷 效果不错,2
经过漫长等待终于到手，外形靓丽，智能手表里算是省电的。但缺点就是应用太少了，与iWatch比起来确实有差距，而且不是一点半点。顺便吐槽物流，原来自营只需要一天，这次用了三天，送货小哥没问题，中途太差了，只能给四星了。,0
不错，这个颜色怎么那么少人买呢！,2
不错不错不错不有点错不错,2
当天买第二就到了，如期而非常开心啦，现在用得很开心，超喜欢,2
还在摸索中，还是目前不错 。。。,2
东西很好下次还会再来,2
东西还不错 挺满意,2
功能上谈不上惊艳，但是颜值不错。,2
特意用了两天才来评价，这是对自己和大家的负责！宝贝质量不错，很喜欢了。谢谢掌柜。一个字好，两个字很好，三个字太好了！哈哈&hellip;&hellip;,2
喜欢就买了,2
很漂亮，用起来很好，但是不连三星手机还是有些小不方便，比如不推送啥的。,2
东西终于收到了，还算不错，戴起来有点不方便,2
我能说后悔吗？,0
对比自己W3，无论外观，操作，设计都完胜，对比下来，感觉W3更适合儿童，S3才是成人该拥有的！表盘设计也很炫酷，买来送老婆，以为经典版会小些，怎耐还是更适合老爷们，选了几款颜色鲜艳的表带，希望可以有所改观，好东西，S8+完美匹配！如果不是使用苹果，一定选这款！,1
很喜欢，好用,2
东西很好，很满意,2
好东西，很喜欢,2
喜欢运动和关注健康的人真的不要错过！太赞了,2
非常不错，用到现在一点问题都没有,2
盼望已久今天刚收到就迫不及待的打开盒、手感不错、看到配件里面是含有耳机的，怎么没有耳机呢,2
很棒超好用防水超喜欢哈哈哈哈哈,2
还不错 挺好用的 推荐大家购买！！！,2
很好，很好，非常好，特别好，我很满意。,2
还有一块卡西欧手表，电波表，我很喜欢，唯一的缺陷就是无法和手机连接。,2
漂亮的手表，我非常喜欢非常，精致，大气,2
"不针对京东，只针对这款产品，我想说这实在太鸡肋太不成熟，定价还不低。RAM够用可ROM可用的只有可怜的1.5G,歌都放不了几个，软件简单到无法正常使用地步，而且能凑合用的软件不超过三个，也就换表盘能有点实际作用了。",1
东西很不错，屏幕也大，比我之前用的Apple watch要好,2
第一天耗电飞快，半天用了50%。第二天充满电，用了一个默认表盘，上午没开常亮，下午开了常亮，到了晚上九点半用了33%的电，在接受范围之内。装逼利器，非常喜欢。,2
试用了快一周了，速度，性能都不错，但Apple Watchapp不多，很多都没什么用，像万年历之类的甚至都不会自动切到当前日期，国内目前还不能脱离手机也还是个遗憾。,2
做工精细，美观大方，用了二十多天了，感觉越来越喜欢了，电话短息微信提醒，很方便！,2
苹果大概也没想到今年iPhone遭遇&ldquo;滑铁卢&rdquo;，但watch却大卖成爆款，开始一度抢不到货，官网需要一个多月才发货，而随着国家出于安全考虑暂停运营商对手表的蜂窝数据支持，热度才慢慢降下来。双十一活动价购入，相当于送了一年plus会员，比较实惠，相信慢慢运营商会重新开启对蜂窝网络的支持，毕竟这是大势所趋，市场的需求，所以慢慢等吧，不开蜂窝的续航可以达到惊人的三天，秒杀初代！,1
买了没几天就降价了，幸亏一波三折的说要315投诉才 返差价，到还是和双十二活动价差几十块！,0
用了一段时间，感觉还不错，电量也足够用了，感觉三天没问题，就等蜂窝了,2
不错，质稍微量很好，功能齐全。,2
不错，研究了好久才连上iOS，表盘挺多，不过系统占用内存很大,2
买了两个，我们俩一人个。很好，再也不会漏接电话和消息！操作单方便信赖京东商城，电脑、手机、手、家电都在京东商城的。赞赞,2
很好的很好的很好的有点的,2
很好，非常满意，一直用京东,2
看了一段时间了，有活动出手的，还分期免息。每天的任务就是把外圈，哈，真不错！,2
挺好玩。可以操作拍照，不用担心自拍杆废掉了，哈哈哈哈,1
外观还可以，纯粹是手表，虽然该有的配置都有，但还是离不开手机和蓝牙，除了运动、心率、呼吸检测、其他功能基本都需要连接蓝牙和手机才能实现，esim由于运营商原因还未能体验，且行且看吧,1
外观漂亮 密严实，质量上乘 我很喜欢,2
颜色很喜欢，以前用的二代黑色运动，跟有点二代没有太多的区别，在还没有开通esim的情况下，只能算个玩具,2
还可以，就是小了一点，男孩子还是要买42mm的,1
配送很快 色跟预期太一样，还行凑合用吧,1
东西不错，服务到位，快递也快，没有任何毛病。,2
帮朋买的一苹果表，然挺喜欢的，说不错，真的挺喜欢,2
是不错，比较方便，就是容易有刮痕，好好保护才行,2
等它降价硬是降不下来，比新出的还贵！只能买了，喜欢好久了！,2
高相当端大气上档次，特别喜欢,2
快递超快，东西很好，但是反应没有想象的那么灵敏，系统也不像传统IOS那么顺滑，有明显停滞,2
表不错，使没任何问题，就是心在流血啊,2
不，用的不错，挺喜的，么么哒,2
手表很好 但是用的非三星手机鼓捣半天才连接成功！,2
这次买的三星智能手表真很好，并且价格也划算啦！谢谢啦！,2
不错，双十一期间下单的，价格很实惠，并且这一代手表本身的价格跟前两代比已经比较合适了。主要看中运动方面的功能，督促健身吧。心率和运动检测好像是很准，有戴手表的习惯，再配一个运动手环之类的觉得累赘也不方便。虽然蜂窝网稍微络还没开通，但是也能在手机蓝牙信号范围内像蓝牙耳机一样接打电话。这种用胶粘起来的手表防水应该是比用螺钉、螺纹配合垫圈的手表好一些，放心地戴去沾水了。,2
不错，很人性化！健好,2
京东的快递还是不错的，双十一下午入单，隔一天上午就拿到手了，得赞一下！手表非常喜欢，本来定黑色的结果没货，没想到灰色也很搭，喜欢！晚上出去运动了一下，没拿手机，虽然也没有开通蜂窝，但最喜欢的咕咚使用效果非常好，手表里还有轨迹图，回家打开手机咕咚后自动共享。又试了自带的健身训练，选择了户外跑步和走步，一样回家手机里健身APP里自动显示运动轨迹图及各种运动数据，觉得买的很值得，如果喜欢运动，并且一直喜欢使用手机咕咚的，更是值得的。,2
很好用，快递很快，质量也很好。很合我心意，下次有机会还会再来买的！,2
电池不错，省一些用的话，四真的五天没问题。,2
手表很好用，是正品，很漂亮满意，一如既往的支持京东，买货就认准京东自营商品 服务热情 售后跟踪到位 专业、专注！！ 点赞??,2
不错，戴出了卡西欧的感觉。,2
东西不错，电池续航不是很好，一天多要充电,2
出门上班启用了还是常亮表盘，心率自动监测，中间大概摘下表有3个小时，24小时候大概剩10%。出门时间超过20小时，而且不方面及时充电的，估计还是把无线wlan，蓝牙，位置和表盘常亮等相关设置关闭，才能确保再次有机会充电的时候，手表还是有剩余电量。另外，原装的表带也带上手的感觉实在太糟糕了，硬梆梆的。建议另外自行选购第三方的表带。,0
昨晚十二点多的时候正在吃鸡，突然收到一条信息，点进去看还有两个手表，其实等了那么久，再也没有那种期待的心情，但是有货，不买白不买，买了之后继续吃鸡，第二天到了，感觉还可以，反正没当初的期待，希望京东多放点，让其他朋友买到心仪的产品！,1
虽然还没开始使用，但感觉还不错！,2
用了一段时间了，感觉很不错,2
整体很好用，只是机时间不是太长，两天有点坚持不下来。功能也很丰富设计漂。,2
真心的不错科技面前我们抛开国界,2
挺不错的，就是功能太少了，价格有点贵，总体来说还不错，很喜欢,2
不错。就相当是离了手机还不能打电话,2
一般般,1
#我们不一样#Apple Watch Series 3可以打电话了！只要办理一张eSIM卡，开通独立蜂窝移动通信功能，就可实现拨打/接听电话、发送/接收信息等功能啦！目前只有联通可办理哦！ 想要体验一下吗？3月7日（星期三） 到郑州联通中原路营业厅等你！ ​,1
东西很漂亮！值得购买，目前还在相当试用阶段，还没有发现问题,2
挺好的，和想象的差不多。主要是当表用。,0
东很棒，超市便宜不少，东服务真不错值得推荐给大家,2
刚拿到手，还不错，使用中。,2
还不错，正在体验中，等过段时间再追加评论,2
很好看，很喜欢，功能强大，很多功能不会用,2
退货弄了半个月了！还没搞定，什么意思？服务太差劲,0
质量不错，但是感觉功能不是很全，只能看看手机上的信息提醒之类的，不能直接回复，有点不如苹果手表,2
东西不错，功能还在摸索中,2
手机戴了几天 整体使用效还是挺不错的 个认为有点重 配套的表带比较硬不柔软 软件与表盘的装需手比较麻烦 音乐同步也需要电脑的支持 不过对于我这种电工作者还好 体来说还是值购买的一款好产品,2
用了211券入手+12期免息，虽然运动款是入门级 但是做工真的很好，回头买个水凝膜贴一下,2
京东一直其实很给力,2
功能强大 京东快递就是快 第一次在京东买这么贵的东西 没让我失望 用几天再过来评价,0
目前作为一款手表是合格的，可以换表带,1
务太差。电话咨询售后、询问抵用券何不能再支付尾款使用，呵呵、到系统。,0
有点厚其他稍微蛮不错的,2
还不错的，就是支持的软件少，表盘做的没有apple watch精致,2
一直在用，挺好，推荐,2
非常很好，相信京東；物流相當快，服務態度很好，極力推薦！,2
挺好，不错的东西呢。,2
终于到了，现在京东收货还有验证码，更安全了，手表满意，就是应用程序支持还不够多。发票居然是断的,2
很好的商品到货快常买的产品,2
期待了好久，昨天睡醒就抢到了这到货最后一台，也是缘分呀，非常好看非常喜欢,2
可以的稍微 挺好看哦就是容易磨损,1
【中联通3月7日开通6城市ApplatcheSIM业务】广州联通发布官消息称，将3月 7 日于上海天津、广州深圳、郑州和长6 城市启动Apple Wtch Seie 3的 eSIM（号双终端）业务，预示着用户终于可以使用苹果Apple Watch Seres 3接打电话了。Apple atch Seris 3 自去年发布以来，虽然可以在国内购买，但国内三大运营商一直没为其开通 SIM 业务。其中中国联在首发时曾承将为 Appletch 提供 eSIM 号双终端务，但一直拖到 3 月份才正到来。虽然目前全国 6 个城市用户可与，但传达了一个积极的信号，希望中国移动和中国电信也尽快开通此类业务让更多的苹果用户能尽快用上这一便利的功能。,1
表收到了速度很东也很满意。有一点不明白送的礼物一个也没有,2
老铁属实没毛病，就是表带有点垃圾,0
感觉比某国的好用 感觉更时尚一点 很喜欢,2
很好用 天天带着,2
不错 喜欢 赶紧解放好,2
表盘稍有点大，女孩真的子可能不太合适。整体感觉不错，待机2天半，跑步的话可能一天半，还没来得及测试。毕竟是智能手表，不是专业运动手表，测步数据不能同步到微信运动，只能应用到三星专门的S健康，建议三星的技术部门做个更新。,2
非常好用 喜欢换表面玩儿,2
还不错，是正品 速度快。,2
很好的表，好看，就是有点费电,2
非常好的东西很满意，次再来,2
想问问北京联通什么时候开通Apple Watch Series 3蜂窝数据服务？虽然我知道没啥鸟用，但我这块表买了大半年了，至今还没用上Series3最大的卖点功能，心情不是很好。 ​,2
商品很好 没问题 很喜欢,2
非常之不错了，我也就是来得豆的,2
这个非常不错哦，相当推荐这一款！,2
手机配手表，完美，用着不错。,2
很好用啊，主要这个功能，就是用来运动的时候会比较多一点，然后提醒的功能,2
总体，挺不错，当买块电子版表了就好了,2
还是连接比较费劲。其他还行吧,1
不是一般的帅，价格公道。苹果可以去死了，还卖那么贵,1
不，质不错的，购物很愉快。,2
在没用4g（目也没得用，无奈）的条件下，常使用续航能到两天比较满意了,2
还可以，发快，收获也快。只是包装有点呵呵。目还在测试中。,1
嗯这个表给老公买的老公很满意，质量不错，用一段时间再看，京东，服务很好，五星好评,2
很好的手表待机确实好iwath多多,2
手表不错，很漂亮。有点不习惯带橡胶表带，戴久了皮肤有点痒,2
京东的物流就是给力，昨天下单今天上午就收到了，原包装。颜值不错，略感偏大，表盘较多，功能比S2多，试用一段时间后再作评价。,2
还不错，就是不能直接做睡眠监测，基本上一天一充，电池做不到大容量一直是苹果的诟病啊啊啊。黑色不错，喜欢。可是为什么我的米奇米妮都不报时？？？,2
第一用京准达 还不错 优惠券优两百多好,2
嗯，还可以，先用用看看！,1
手机还不错但是，中国移动现在还不能用，不知道以后会怎样。,2
刚收到货，试用了一下，感觉，非常的好，相信苹果和京东真的的品牌，这下可以和手表以及，苹果x进行配对了,1
物流垃圾，说好的时间没送到,0
之比较前用的苹果手表。但是，个人认为不像个手表。还是喜欢传统造型的。,2
买之前好多人劝我别买，买了一定后悔！买了以后虽说没有后悔吧，但确实也没有那么惊艳，不过使用起来还是会有一些方便的地方，只是手表运行起来还真是有些卡顿，真是有些对不起苹果产品的称号 。,0
【你的AppleWatch蜂窝网络版可以打电话啦！】Apple Watch Series 3GPS+蜂窝网络版 低至2988元， 享京东白条12期免息！http://t.cn/REQSDuL​,1
不错 功能很好很多,2
不错 价格合适 希望早日能用移动网络,2
"入手第一款apple watch,感觉很不错，很棒，特别京东值得信赖",2
很好用，很不错，物流也快，赞一个！,2
东西还是不错的，相信三星,2
Apple Watch 3虽然现在电话功能还没开通。但另外一个优点就是待机时间超长。出门没带充电器3天了还有30多的电力。如果下一代可以改善到一周的待机。那就太赞了。 ​,1
广州联通将于3月7日在上海、天津、广州等6城市率先启动AppleWatchSeries3的eSIM（一号双终端）业务，预示中国用户可以使用苹果AppleWatchSeries3接打电话。 泰安·粥店街区 ​,1
包装很好,2
不错的东西，苹果的东是贵啊,2
物流给力，超级喜欢,2
#西宁打听#麻烦问一下Applewatchseries3值得不，比较喜欢款式。via匿名 ​,2
对着手表说话延伸了手表的交互i，不过siri不太好听中文，而且在人群里大声喊siri也总是怪怪的。运动的时候这么做还可以。,1
00元，在有P情况下是买Appl Watc 3还是买新iad还是个安卓旗舰？还是别的数码产？单反再也不钱了 ​,2
京东品质，值得信赖。送货很快，服务员态度热情。,2
不错，用了一天。。。。。,2
速度很快，产品也不错，目还在试用,2
觉得这次AppleWatchseries3比 iPhone X更值稍微得赞美。Watch终于第一次到达非常不错体验的水平了。 ​,2
非常喜欢，买之前犹豫有没有用，到手可能后顾虑就消失了,2
东西不错，只是不明白怎么是越南产的，这是什么版本呀？,2
正品，已激活使用，非常喜欢，双十一凌晨抢的，下午就送到了，真是极好的效率支持京东，越做越好！,2
京东挺给力2017.11.16 20:18下单，今天上午9:30就收到了，京东物流团队太给力了，佩戴挺舒服的，就是蜂窝数据不能用。,2
收到测试了一天感觉不错，无线充电和防水功能很赞。,2
用了两天，续航能力不错，基本充满电可以用一整天问题，用的少天，记录运动的功能不错，检睡眠的话我买了一个atoseep的软件18元，要简设置就能记录睡眠了，自带的硅表带戴着手感好，摩拜单车只要靠近就能开锁了他能正在摸中,2
非常漂亮，我很喜欢，一口气下载了几十个表盘，慢慢选。硅胶的表带很舒服，没有任何不适感，唯相当一缺点就是有点沾灰。电池续航满意，关掉了自动心率和GPS，常亮表盘的话，两天没有问题。,2
给媳妇买的 很好 很喜欢 非常棒,2
手表很不错，虽然有缺点，但是符合我使用要求，做工很精致，app太少，微信无法回复，无法查看。这个是最大的缺点。这个东西唯一功能就是装B,2
🏻三草两木健康2018阅尽世界美起航不喧哗 自出彩送价值3000的Apple Watch Series3手表玩转腕间 有你优势~ ​,2
操控敏，丝毫不卡顿也比较玩。做工很好，买典比较不容易掉和变旧。,2
特别帅，一直想入手，今天终于到手了，很满意,2
用着很好，也很时尚,2
货到样子还可以错，其他有待进一步研究&hellip;过两天追评,1
挺好用的，不错，功能强大,2
用白条，12期免息，还可以，电量用两天，蜂窝功能用不了,1
还是不错的，颜色也可以，38mm不觉得小，主要是来运动的，不想太大，质感还是很好的。,2
非常不错，做了很多的优化。,2
不错不错不错不错不错,2
还不错，待机长，速度快，比一代好多了就是esim都还不能用,2
原来有一个回环了，于是又买了一个配情侣表。不得不说Apple watch真的是一个艺术品。蜂窝暂时不能用。续航还是很给力，2天一充吧,2
宝贝收到了，媳妇很喜欢,2
很帅气，很喜欢,2
过去很少用京东，现在喜欢用京东。,2
不错挺好错，值得购买。日期新鲜，价格实惠。挺好错不错，值得购买。日期新鲜，价格实惠。很好错不错，值得购买。日期新鲜，价格实惠。,2
感觉还不错！希望蜂窝数据功能能早日开启！,2
客服太敷衍了，**购买的客户，有货也不发，气人，后来不用优惠订了个，即刻发货！手表还在摸索，挺不错了，,2
很好用很高级,2
个人认为挺好的，使用中操作简单，容易上手。直接用蓝牙连接手机，也可以远程链接不用蓝牙。,1
不错，很好原来是，在换成三代，蜂窝暂时能用苹果客说底可以用不知道是不是忽悠我,2
还可以错，挺好的啊，我喜欢，强烈推荐，京东物流快，给个赞?,2
双11活动买的。很划算。直接比官网便宜点，还可以免息分12期。这样买起就坦然多了。而且又买了简单得保险。可以放心使用两年。其次希望esim快点商用。不然就白多花斤千元了。,1
不错不错，还是三星的比较习惯，买了这么多款又各种原因退货，最后还是一分钱一分货，期待和用了两年半的Fit一样耐用。,2
不错不错就是感觉有些表盘在屏上不对称，有点偏,2
还可以，海贝回环表带比运动好看且舒服,1
东西错逼格够高，快递给力，是我想要的。,2
还没来，看包装不错，酝酿一下就试试吧。,2
等了不错几天，蜂窝版黑色终于有货了，犹豫了一下，相等双十一看看有没有优惠，又怕货源太紧张到了双十一又没货了，就果断下手了。上手用了一天，很喜欢。但是电话支持确实像其他评价一样显示过期状态，不知道为什么。,2
不错，挺好的啊，我喜欢，强烈推荐，京东物流快，给个赞?,2
非常好看，质量很好，发货快，功能齐全,2
Apple Watch Series 3银色 云雾灰表带42mm 本人身高180+，无论手腕多细，也要考虑整体协调性，38mm实在是小表带尺寸 现在就换上了附送的小号表带，我手腕大致量过才16cm左右，大号的只能戴最后一个孔…… 这就是为什么我说我上肢力量基础贼鸡儿差本来一直心心念自己的黑色，最后选择了银色，原因是银色更好搭配各种表带。而且之前我执着于黑色肯定是我常年穿黑色黑惯了，黑色显瘦嘛 ，但以后就是个五颜六色的我了。又正好遇上黑色没货了，果断不等了辛苦我3年的iPhone6被拖出来进行匹配图片均为原图#applewatch3#,0
双十一买的，期待好久了，比官网便宜不到三百，京东速度就是快，体验很好,2
正品，行货，昨晚下单，今天中午就到了，京东快递就是快??，宝贝未开封，配对很快。京东服务态度很好，有问必答，反应快，还有电话回访宝贝质量，为京东服务点赞稍微！,2
挺好错不错，非常智能不错用，期待运营商快点能支持esim卡,2
还是很不错的，特地来评价,2
东西很好，很有品质,2
很好用的产品和好的产品,2
关真的注了好久，三星的智能手表不错，和三星手机很匹配，使用挺方便，很喜欢。,2
好东西。赞。酷。要是可以防就更完美,1
物流速度很快，刚拆箱对这次购物很满意。,2
很好 保很方便的很好用哇,2
好，用着方便，不错的一次购物,2
正品，蛮好的，值得信赖,2
很好非常用，续航两天吧，用着也很不错,2
还不错，待机时间两天没问题。,2
感觉不错 用着方便 但感觉扬声器声音稍微有点小,2
非常喜欢Apple的产品，资深果粉，十分好用，有减免券加免息分期，非常好！,2
有非常时候唤醒功能不是很好,2
和老公在一起的时候就说要送我个好点的手表，因为带小孩的原因，我没要买和他的天梭的情侣款，买的这款可以连手机的手表！虽然我觉得表带很丑，但不得不说确实很实用！我抱着孩子炒菜来电话随时就能接能打！闹钟醒我也不用爬起来关，每天走了多少步一步都不会漏啦！这点我可能有强迫症，每天要有一万步以上才舒心！手表充满电很快，满电状态下能用两天多，我要放歌听也可以直接用手表打开，不用去拿手机！手机上的软件都在手表上，还有很多模式可以选！对于我带孩子的宝其实妈来说是一款超方便的手表！点赞点赞！,1
手表没得说，颜值高，运行流畅，电池给力，期待三星pay早点上线！,2
京东自营，送货快速，智能表功能丰富，开车时可以直接接听电话，短信，操作方便,1
颜值高特漂亮，喜欢。,2
不错，个喜欢，表盘挺多，就是微信联系不起来。是个大天。,2
期待已久，终于可以看到它了???其实,1
表盘有很多新鲜功能，比平时打开手机要方便多了。还可以用共享单车，虽然目前比较还不成熟，applepay是没有问题的。,1
总体来说还是比较满意吧。但是42毫米的还是感觉比较小，反复看了表后面的尺寸。总以为发错了，呵呵?后来才发现确实是42毫米的。戴了几天慢慢适应了尺寸。电池用了两天还有17%，还行吧。就是刚开始微信发信息发不出，后来自己就可以接收了。微信只能使用快捷回复内容，输入回复不知道怎么搞出来,1
整体还不错，没有那么大，大小合适，续航有待测试,2
比华为手表要好用一点，大小合适，速度也比较快，续航时间比华为好。还不错。华为mate9完美连接。,2
这款颜色的表带推荐给黑色铝壳、黑色不锈钢、银色不锈钢的AppleWatch用户。 ​,2
很精致，屏幕还差点意思,0
充一次电能用4天，不错。再多开发点软件就好了。,2
东西不错，很好用，智能运动首选,2
不错，非常好，京东的价格，也有优惠，苹果产品没的，非常精致，艺术品一样。,2
可惜现在联通不支持，待机时间不错，能坚持三天。,2
好用。很喜欢。送货也很快。,2
再见，SIM卡！据广州联通透露，联通今天（3月7日）在上海、天津、广州、深圳、郑州和长沙6城市率先启动Apple Watch Series 3的eSIM(一号双终端)业务。eSIM卡又称嵌入式SIM卡，简单的说就是将传统SIM卡直接嵌入到设备芯片上，而不是作为独立的可移除零部件加入设备中，用户无需像现在一样插入物理SIM卡。传统的Sim卡把用户锁定在一个服务网络中，而内嵌式Sim卡可以使得智能手机、平板电脑或可穿戴设备使用者避免局限在一家运营商的服务中，其可以实现立即切换其他服务网络，且无需更换Sim卡。,1
很好很不错的宝贝，你值得拥有！,2
很喜欢，很亮，望继续发掘的功能。。,2
给力啊，太好了,2
朋友很喜欢，功能齐全,2
不错。。非常适合，现在还在摸索把玩。。。媳妇也喜欢。,2
可以?无线充电，有线充电，功能逐步完善中&hellip;&hellip;适用目还是前活动范围好&hellip;&hellip;note5支持全部功能，,1
能很好，第一次使，喜欢，爱三星！,2
非常适合我的手表，功能多多，喜欢,2
下午就到货，超级喜欢，棒看啊,2
不错的挺宝贝！,2
挺不错的智能手表，操作很方便，人性化,2
送朋友的，朋友收到后非常可能满意！,2
京东流太给力了，中午下单，下午昌平已经收到货了,2
非常漂亮。应该算现在在售最漂亮的智能手表了，而且旋转操作很新颖方便，电池也不错。就是连接ios略有限制.,2
正在使用中。目前感觉还可以 比某果的要赞,1
送给老公的周年礼物 他还是很喜欢滴,2
老婆很喜欢 全新的相当,2
物流很快，东西很好，功能强大。正品，希望蜂窝功能尽快开通,2
很好，手表很智能稍微，只是和苹果手机连接的时候，有些功能还不能用。希望快点优化更新,2
很好稍微啊，帮朋友买的，希望功能越来越多,2
还是不错的，颜色也，38m不觉得小，主要是来运动的，不想太大，还是很的。,2
还可以 还没用 后期看看,1
手表很漂亮，表盘也很多选择，功能也多，表带不好，硅胶的太难看，换了皮表带。微信无法语音回复，提示我连接蓝牙耳机，我用的还是三星蓝牙耳机，却又提示没有可连接设备。正常用，把GPS关了，三天绝对没有问题。打电话真方便，开车也不怕犯规了。测心率功能真好，还有一天各个时段显示，随时了解心情。,0
不错，很好，售后也非常位，京东真的很不错,2
很好很喜欢,2
种草很久了，忍不住买了。挺好用的，喜欢,2
不错的，双十一入手的，使用起来很不错，配合airpods，跑步听歌什么的，很好。督促我进行运动，有一些小目标什么的，很好。一些短信提醒，微信、邮件，再也不用看手机了。真的能减少手机的使用频率。非常好的产品。每天使用60%的电，能剩40%。如果仅把他当手表用，估计能用两天以上。,2
速度，质量和实体店没有区别。带上觉很好。,2
呵呵，不错，早就想买了。,2
 刚刚发现在运动时，可以在AppleWatch上左右划动就可以在体能训练和音频运用中转移。调整音量就更容易了（我用AppleWatch来调整 AirPods 音量）。 ​,1
老公很喜欢，可能哈哈哈,2
从预购开始到今天收到，一切非常顺利。京东物流很给力，物流跟踪信息很赞。表是正品，与手机绑定也很顺利。这次购物很满意！,2
很不错！运动，回复消息，震动频率都很特别不错,2
女生的话，apple watch适合些。三星这款太大了，男生带合适。挺喜欢的，就是app有点少了。希望能支持更多的app。,2
还是很满意的,2
之前软件版本的问题导致表更换主题功能不好用软件更新以后好了。一切正常。,0
不错，用的note5，连接方便，好看,2
还可以，比较小巧精致，挺方便的,1
送货挺快，功能还行。,1
"苹果公司的分析师Ming-Chi Kuo已经确认了苹果公司计划在2018年推出三款全新的iPhone手机以及一对更新的AirPods。但是由于他最新的研究报告，有关即将推出的iPad和AppleWatch系列的各种细节已经曝光,Kuo再一次证实了之前声称尺寸更大的产品，尽管现在规定的确切尺寸：较小型号为1.57英寸，较大型号为1.78英寸。相比之下，目前的Apple Watch Series 3提供1.31英寸和1.54英寸型号。但总的来说，这些变化预计不会影响设备的整体尺寸。此外，值得注意的是，心率监测的重大改进据说正在进行中。#手机 #",2
除了待机时间短其他都很不错,2
超级差评，买来两个月不到还是，已无法开机,0
特意用了一段时间才来评价的，感觉也还可以，经常用，两天充一次电，具体玩法还在研究中,1
很好看，飘亮。感觉还是小了点。,2
先下结论，当前最强智能手表和穿戴设备没有之一，造型和做工也很好，硬件完美，软件缺乏啊，期待微信，打车和美团点评能早日用上。,2
不错 等了好几天终于收到了 功能还在研究中,2
东西很好，手表很好，送货也很快,2
手表不错，主要是为了锻炼记用，能很多也很好用，如果开通通话能就太爽了，很满意,2
高大上很满意,2
手表不错?送货很快,2
说周日送货，没想到六就送到了不错待的上了，感觉很便，颜值也不，送了风暴盒子，不过真心觉得不如送个膜和保护套什么，总体感觉很好就等以后支持蜂窝,2
对于手里的黑狗6，我在想测评方式是不是应该稍作修改，比如以后的视频 VLOG都通过黑狗6来录制这样更能体现他的主要性能，但是这样的测评你们喜欢吗？顺路说一句，2018第一篇测评自己像采用视频的方式，目前准备的产品有switch/applewatchseries3你们更期待哪一款？ ​,2
不错！非常好，一打开时还以为jd搞错了，送了个38m的过来，后来去问了下曾买过2的同事，确认这是42mm。有点小，想想若是买38mm真是醉了，个放大都嫌小！,2
不错哦，双11前买的，还有送赠品。,2
送货速真的度很快，包装完好，京东自营值得信赖，下次继续，入手吧,2
很不错哦，很好看。。。,2
用了几天感觉很好，但是锤子手机给力像不支持，看大家都说三星支付，有了***，那个没多大用处吧,2
整体不错，还在等相关应用,2
AppleWatchSeries3蜂窝版今年彻底无望 ​,1
买的就是颜值和续航。实用性其实一般。但是S健康真的好用。重度使用的话必须一天一充。逼格满满，颜值高就够了。期待系统赶紧更新添加一些更实用的功能。至少能得能上个微信啥的吧。,1
刚入手两天就有满减的活动真的很心塞 京东可不可以 不要这样 多花了一百大洋呢,1
太给力啦，一直放在购物车，就等双12活动啦！而且，夜里下单，白天就收到啦，特别感谢给我送货的师傅，白天家中没人，晚上还特意给跑一趟！真心感谢！,2
就是喜欢才买的，还没搞懂。,2
挺很好的，一直想买个了，刚好有分期，而且我还买了个会员减了100呢,2
真的还可以，电池耗电一般，不去搞他能坚持3天，期待能用电话卡。,1
做工还可以，不没啥实用基本当个电子表用,1
送货真的是快 连接手机速度还行 等用几天再来评价,1
不错，苹果品质体验。就是颜色选错了，懒得换了,2
灰常不错的店家！灰常不错的店家！灰常不错的店家！,2
手表质量很好，功能强大。还不太会用慢慢研究,2
非常好，正品保证，快递很快，值得够买,2
不错，真的很好,2
戴了一段时间，还不错。三有点天充一次电。微信语音不能回。,2
非常喜欢 电池比一代好很多 很好用。,2
还可以，希望续航能跟写的一样,1
说说使用。躺床上睡了两个小时显示步行1000步，可能是这表成精了自己出去溜了一圈。表盘没找到几个好看的，商店里大多很贵而且配先锋版才有范。屏幕没有想象中那么细腻，颜色也不太好。不过我倒是觉得这个系统挺好的，虽然清理内存必须用手机这一点**了些。用一段看看吧，试试续航和充电，希望能让自己满意。,2
百度了教程，实现了华为手机和手表的完美连接，不错,2
非常有格的智能手，各项功能用非常满。续航很不错，使用三天应该没有么太大问题。新固件。对ios系支持好。当然使用三星的旗舰机，s6以上的体验效果会更好。,2
在用，还行，就是手表老被我磕碰，唉,1
手表很好 就等移动快点支持iwatch,2
还行，就是华为手机刚开始连的时候费了点周折，电量够用两天，不足的是支持的应用少，微信不能回复！防水的功能比较强大，总体打70分！,1
昨晚下的单，今早就拿到了。真快，手表还不错，,2
非常好！智能手表的王者，除了对微信支持不太友好之外，都非常不错！屏幕细腻色彩好！不知是不是用了第三方表盘，耗电有点大，两天坚持不下来...,2
物流度很快。包装很好京东首批虽然没送什东西，但是做工很好。第一次买GEARS搭配很好看。,2
很好啊，就是蜂窝还用不了,2
感觉还可以外观挺时尚，内容非常有科技感值得推荐购买。,2
真羡慕这些地区，可以用Apple Watch Series 3蜂窝版。快出全国都能用的三网通蜂窝版吧 ​,1
很好很优秀 赞,2
不错，就是配对的时候比较麻烦。等半天。,2
观望好久才下的单，软件就是个鸡肋只有个支付码无用，导航必须开启手机的GPS才能定位。还内置GPS不建议购买，一直定不到位。表带真如他们所说就是个吸尘器，总体来说东西做工还是不错。,2
还可以，配合ios系统挺好用的。系统续航也还行，就是不知道打电话什么时候能出。,1
很棒 非常喜欢 哈哈哈哈哈哈啊哈哈,2
质量很好,2
很赞的手表，习惯圆形的，连接7P还不错。就是阿宝目前不能绑定唉,2
不错，白条买的，不到3000，价格非常划算，使用也挺好。,2
买回来就直接用了，感觉很好，京东小哥非常到位，很有责任心,2
可以的,1
手表很好用，功能很多。,2
苹果三代手表谁用谁道，感不错，无息体验更棒！,2
不错的腕上生活,2
东西好，做工精致，符合苹果的品质，智能手表在功能上切割与手机的功能产生连接而不是取代，这一点来说watch做的也不错。基本上还是得带着手机和手表一起配合。,2
还没用从第一代就想买 下定决心买主要是iphone的电池太不耐用 想着以后尽量不带手机 希望esim 尽快可以用,1
外观很惊艳，手感很不错，有点遗憾还没有支持联网,2
很喜欢，下次还来，很好用,2
只能告诉你们这是s2的升级版，微信可以收信息但不能回。运动功能是三星有史以来最强大的，爱好运动别错过,1
物流很给力，服务真不,2
东西可以，价格小贵。一直开不了白条，用不了免息分期。,1
上手效果还可以，不过感觉没什么用，对于我这种不爱社交的人，微信，电话啥的功能都没啥用，就看看时间，不值这么多钱,1
相当不错，还是宝宝很喜欢，赞,2
感觉还不错，就是有点厚，外观很好看。开始的时候，手机（荣耀8）来什么信息都没有提示，后来手表系还是统更新了，问题就没有了，但是不怎么稳定。其实就是觉得好看，其他将就吧。,2
第一次在网上买电子产品，东西很好，主要是物流太快了，狠狠地赞一个,2
还可以 不到一天就到，但是没有送一个膜！在实体店也没卖！可以吧！,1
还可以 不到一天就到了，但是没有送一个膜！在实体店也没有卖的！还可以吧！,1
不错，很漂亮啊,2
买来用了一段时间，功能还不错，就是本人实际上用不太上，除了出门的时候，用段时间再来评价。,2
正品，配送一如既往的快！产品感觉还可以！待机时间比想象的好,1
没有上双十一最便宜的候，非常遗憾。到手迫不及待的打开，研究了半天。初始态有米奇报时，要等手机WiFi＋手表充电＋1分钟才能载完成语音包。几乎可以做到两天一充，不耐但是比预计要好。,1
本来想买玫瑰色 就是切换看了一眼的瞬间就没货了 黑色也不错 除了蜂窝数据没有运营商支持以外其他都很好,2
不容易，效果给力,2
还不错，除了小，下了个APP解决了睡监测问题。还有是蓝宝石表面居不耐划戴了两周就有轻微划痕了！,2
暂时还没用，东西应该很好错，以后用着再说吧，希望质量靠谱！,2
看到包装盒，忍不住笑了，让我想起了网上之前疯传的iphone100利剑出鞘图，言归正传，拆开包装还是再次被苹果做工经验到了，尽管拆了不知道多少个苹果包装。看了配件和表，直接和ip7关联，真不错，回去问问联通支持esim了没，这样子多方便。戴了一下午，舒服，漂亮。,2
感觉很不错!喜欢苹果的东西!舒服舒服,2
还行还行，2900拿下的,1
速度较快，包美，满意,2
十分不错，物流快，送货小哥热情，商品也十分满意！！！很赞！！！,2
嗯，还可以，下次不会再买了,1
二购买，感觉不错，送的贴不是很好。,2
品牌产品，不错。,2
哇，好棒棒，功能好多啊，可长可短，可粗可细，拿在手里手感也很好，赞一个,2
性价比超高，值得拥有！,2
【未来将无卡！重温SIM卡的前世今生】3月7日，中国联通宣布：将在上海、天津、广州、深圳、郑州、长沙6城率先启动“eSIM一号双终端”业务！这也预示着中国用户可以使用苹果Apple Watch Series 3接打电话。未来的通讯世界，终将进入“无卡时代”！未来将无卡！重温SIM卡的前世今生 ​​​ 未来将无卡！重温SIM卡的前世今生 ​,1
很好看 不错哦 就是没抢到黑色的 灰色的感觉没黑其实色好看,2
非常满意！送货速度奇快！物品完整！,2
不能给五颗星。用过fitbit的手表后，再用gear s3，也就觉得那样了。s3的操做性能一般般了。快递员超认真，只见本尊才送货，别人代收都不行，赞！还是,1
还不错哦哦,2
买给女票的，图1那个彩虹手上戴的，图2戴的很隐蔽。。。很好很强大,2
非常不错很满意，用的很开心，高兴的一次购物比较！,2
包装也太大了吧！还还可以，就是蜂窝网络还不能用&hellip;&hellip;,1
很好，不错，哈哈哈哈,2
很好看的 大小合适,2
不错哎，自己是ios1挺0.3的系统，不能匹配iwatch，只能升级了,2
對于這塊表的總體評價是 中等偏低的評價，為什麼呢 應為這表不能說是物超所值，以商品詳細中来看呢還算合理能接受，但實際物品使用中呢有些和商品詳情描述中的功能有不足之處，比如 支付功能，nfc ***這兩个支付功能呢 在國內祇有***可以用 但也是有限制的，只能向商家支付 收款，想要完成個人支付 收款 是不可能的。nfc 在中国是直接不可用。說一下通訊功能，撥打 接听電話 短信收發，電話通訊可以正常使用。短信收發就有問題了 衹能發送不能接收 也沒有通知，所以對以上幾點功能缺失的項目來看呢 我個人覺得價格有點昂貴了。有想買的夥伴還是先找到人工客服諮詢好再下單。不然退貨是很麻煩的，退貨一點點刮花啊 刮傷啊 錶帶變色啊都會給退貨帶來不便之處，所以啊夥伴們要慎重了 不要給雙方都帶來損失了,1
非常喜欢，就是不知防水效果怎么样,2
就是这种feel，期待e-sim卡可以早点用,1
很好的，东，超想象，下次还会再买的！,2
蜂窝网络值得期待，用用才知道。,2
还不错挺好的，蜂窝功能还不能用，等着开通，运行速度也很快了,2
啥时候开通数据就好了，手表呢还行,1
不错，直想买aple watc3 用了两天，感觉不错，用科技关注健康。期待开通ei，就会更方便了,2
好好好，真的很强大，推荐购买,2
不错刚刚入手,2
还可以，用看,1
有退货的想法,0
1、尺寸：手腕稍粗点的带着都还行，小手腕感觉可能HOLD不住吧。我运动习惯fenix3了，带上这个感觉&ldquo;小巧&rdquo;些许，晚上回去可以拍个和飞3的对比图。,1
送货速度，经济实惠，值得购买！,2
未来将无卡！温SIM卡前世今生】3月日中国联通宣布：将在上海、天、广、深圳、郑、长沙6城率先启动eSM一号双”业务！这也预示着中国用户可以使用苹果AppleWatch Series 3打电话。太心]再过几年，可能真要跟SM卡说再见了未来将无卡！重温SIM卡的前世生 ​,1
东西不错。还在摸索中。挺喜爱欢的。观望了很久才下手的。用后再来反馈。,2
首次入手apple w其实atch，真的很不错，让我更重视健康了,2
很喜欢，运动款，就看以后的表现了,2
很好用。安逸和手一更好,2
东西真心不错，下单到收货不到24小时，京东就是快。,2
还是可以。,1
还不错刚刚拿到。意外。,2
还行吧，暂时没什么问题,1
给力！给力给力,2
还不错速度快大小刚刚好正常用二天对喜欢健身的人士非常合适,2
手表很好用~~~测心跳 消息推送 短信推送 接电话 看股指数~~~给我生活带来了便利,2
高大上，功能多，质量很好，慢慢来发,2
送货速度快，当晚11点下单，第二天就收到；gears3 包装完好相当，品质纯正，功能齐全，不错。,2
很好用，和S7匹配度很高，表盘也比较多,2
很好很不错卖家服务态度很好,2
还行，功能有待增加,1
不错，我很喜欢，以前用过s2，现在用s3熟门熟路，送了表带和充电器我都很满意，多一个充电器方便好多,2
很满意，价格比官网还便宜，坐等蜂窝数据开通～,2
用了一段时间 还是比较满意的 颜值也不错,2
用了一个多星期，来简单评价一下这款智能手表。优点：一，颜值高。三星的设计做工确实不错，整个手表的质感绝非国产品牌几百块的能比拟的，尤其是有各种漂亮的表盘可更换；二，屏幕好。三星自家的AMOLED是亮点，色彩清晰度饱和度比国产品牌几百块的强多了；三，手表用的不是安卓系统，是三星自家的Tizen系统，系统挺流畅的，也比较智能，计步，测心率，测气压高度，睡眠监测，自带GPS，打电话，读取手机微信等这些功能都有，还可以自动识别当前的运动方式。缺点：一，待机时间一般，不开启通知，一直开机的情况下，只能用三天，跟国产品牌有较大差距；二，表盘有点大，男生戴都稍显突兀；三，手表跟我的苹果手机连接有时会不顺畅，有时蓝牙明明连接了，但是手机gear软件半天都读取不了手表里记录的信息，但是你不管它，一会儿它又很顺畅的读取好了，总之不如小米手环跟手机版小米运动之间连接的顺畅，可能是苹果版的gear软件没优化好，也有可能是三星的Tizen系统的兼容性问题。总之，这款手表功能强大，逼格高大，也有不足，满分100分，可以打800分。,1
电池还是差点意思，表带档次欠点。其他完美可能。,0
质量很好，价格实惠，正品保障，推荐购买,2
正品倒是正品，只是一开始米奇不会说话，后来更新了版本后也就好了。别的都还行,1
不错，送给我姐的礼物，姐姐很喜欢，看着也不错！！！就是感觉买大了，买小号的好了！！！,2
终于有货了，赶紧买了，上午下单，下午送到，很多功能还没试，京东值得信赖,2
还行！还行！还行还行还行还行还行还行还行还行还行还行还行还行还行还行还行还行还行还行还行还行还行还行还行还行还行还行还行还行还行还行还行还行还行还行还行还行还行还行还行还行还行还行还行还行！,1
总体，挺不错，当买块电子版挺表了就好了,2
东西不错，就是买小了，有点尴尬,2
俩字 给力 一直想买 终于入手了,2
没别的，就是喜欢。好玩，好看,2
还算不错吧，就是送的表带不太好，还要另外买表带,2
中国移动的蜂窝网络还没有开通 不好玩,0
很好，但是蜂窝数据暂时不能用,2
质量很好，不过有些app通知有些不起效，不知道为什么。不过我用s健康比较多，配合s8完美。,2
昨天买今天就降价真坑，看在不是**的份上就算了，手表还是不错的，反应快功能还算过得去，连接苹果ios系统很快，表盘大气不大不小用着刚刚好。,2
采用独立蜂窝网络科技设的新款Apple Watch Series 3可不止是一枚简单的手表。独立的网络设计也就意味着这只手表从此可以摆脱以往的手机桎梏，只要凭借一只手表，就可以实现打电话，付款，收缴电邮等等功能，从此，你就真的拥有一只可以随身携带的手机啦！ ​,1
苹果今天带来了 wchOS .1 tvO 111 第二个开发测试版。距离 wachOS 41 与第一个开者试版相隔两周间，tOS 111 与第一个测试版相隔一周的间。watOS 4.1 为 LT版ApleWatchSeries3加入了AppleMusic 容放支持，并且提供全新 adio 应，可以收听 Beas 1 以其他AppleMusic 广播。同时，watOS 4.1 中还入了对全新 nid 0 Emoj 的支持。tOS 11.1 主要是u复和性能改进，并有带来计的变化和新功。htt://.n/ROV5GpJ,1
物流很快，东西非常不错，值得购买。,2
不错 发自内心的点个赞.....,2
app的开发还是不够完美。都三代了也还是没很好的场景开发。,2
式样不错，使不频繁一天下来还有90的电,2
大品牌，性价比高，性能优越，质量不错，为生活带来了很大便利，挺不错的产品，很好。,2
用了一段时间 还是比较意的 颜值也不错,2
感觉还不错。,2
关注很久了，买了，感觉用着还可以！,1
很好错，功能虽然比不过苹果表2，但是完全够用了。我是不懂在手表上玩游戏是什么心态。。。大小也合适。,2
很喜欢，搞活动买的，虽然没有网络服务，但是太方便了。非常好,2
非常好，值得拥有，赞一个?,2
快递竟然不用本人签收，打了个电话放门岗就走了。手表用了几天感觉不错，很多功能还不会用，慢慢研究，电池续航不开GPS也只能用两天多。,2
一般使用待机四天没问题，该有的功能都有,1
还可以 还没用 稍微 后期看看,1
可以离线听音乐，不过要开通apple music。最好搭配airpods，beats还是不够轻盈。,1
功能强大，喜欢，还在探索中，稍微值得购买。。。,2
有点小，表带短差点戴不上，还是要另配条表带才戴得舒适些。,0
挺好的 很不错 京东有保障。 大家都来买吧,2
电量给力，表盘可能很多，很漂亮,2
不错的第代appl watch LTE版本,2
帮表哥买的，送货很快，款式表哥喜欢,2
????????很好很强大,2
高端大气上档次，低调奢华有内涵。朋友都很羡慕，功能很齐全，还有礼品赠送。总之很满意！,2
很好很真的不错卖家服务态度很好,2
盒子拿过来的时候被摧残成这个样子，我有点醉，手表还可以，在京东买了三次苹果产品，三次的盒子都是坏的，我不知道怎么回事。,1
感觉还可以，随便用用吧！,1
手表很好看，功能不错，等待三星pay，电量感觉不是特别耐用，可能是开了自动心率，整体上满意,2
质量很好，颜色性能可能都很实用。,2
东西不错,2
正品，戴了这么久，还是很舒服的，电量挺耐用，两天一冲，颜值也很高，可旋转的表盘更是创新表现，各数据显示也很详实，总之，很满意,2
是正品，和描述的一样，值得购买。就是蜂窝数据暂不支持,2
非常不错的手表，有时候微信接不到信息,2
感觉错，值得购买希望京东越越好,2
非常好用，物流特给力，中午下的单，下午就收到了！,2
不错，不愧是大品牌。,2
手表不错 就是还不能脱离打电话,2
除了偶尔连接不上，安装软件慢其他都不错。,2
总体讲不错，但软件支持较少,2
苹果的工业设计感实在是太强大了，一直想买一块苹果手表京东做活动的时候赶快下手！实在是挺好看了！功能也非常强大，不错的一块功能性手表！非常喜欢，相信京东！物流一直都是那么一如既往的特别快！加油京东！,2
手表不错，是我想要的功能在身房可以监测一切运数据，心，带着游过泳不错,2
非常不错的产品，各种功能完备，非常实用，而且样子很不错，很上档次，好评～,2
表还是可以的，我不知道是设计问题还是我脸黑 第一次拿上5.6天出现了上部按键回弹不畅卡涩的问题我申请换货了，没想到换回来第二天就又出现上部按键卡涩的问题了，而且还又多了一个旋转盘上测不牢，又明显活动的问题（如果你拿着手表摇晃明显可以听到旋转盘响动）我想我还是算了吧万一又换回一个更次的呢..表的软件还是没问题.安卓目前最好看的表没有之一（APP太少了点）,1
不错，用的非常满意,2
质量超级优秀，用起手感不错，功能很强大，值得拥有的智能产品。,2
非常好，值得购买,2
不错的手表，给朋友买的，用起来很舒服，希望能用的久一些！,2
很给力的网购，比某宁守信用多了,2
是正品，东西不错，商家服务也很棒，值得购买。,2
Apple苹果Apple Watch Seres 3智能手表 窝络版 灰色42mm 送硅运动带新低￥3199包邮 可6期免息|蜂窝网络功能已上线，平推荐的多是38mm版本，目前京东商城灰色42mm秒杀售价￥3199包邮，好价，同时支持6期白条免息，喜欢菜友不要错过�http//tn/RmTey​,2
哈哈，手表不错，特别是那红的一点，特别好看,2
一直都在京东买东西，质量一直都是还是很好的么，会一直买下去,2
试，非常不错,2
比预想中的还要漂亮，用了几天，很好用，就等运营商支持蜂窝网络了,2
整体感觉不错 刚拿到手还在体验 与S8+适配完美 。,2
不错，很方便，通知并没有别人说的延迟很多，很喜欢，应该根据手腕粗细选择尺寸，38很适合,2
送货速度很快，包装完好，京东自营值得信赖，下次继续，入手吧,2
12月买的。用了一段时间了。用着不错。微信就是不能听语音。别的都给力！,2
买来送给朋友的，他非常喜欢，刚开始不会手机配对，问客户她很耐心的帮我们解决了。,2
用了两天来评价的，还算好比官方低了几百块还有12期免息，真的是比较费电这点不得不说，等待esim?这个只要在wifi网络下可以玩的真的很多,1
非常喜欢~至于不能微信聊天的缺陷，我一直认为这个功能本来能就鸡肋~有通知就好1,2
东西还是好东西 蛮给力用 今天自己不小心 把屏幕刮花了一点点 不过还好 是边上不是 中间,2
感觉还不错，晚上12点推送说有货，就东卡买了,2
苹果今天带来了 watchOS 4.1 和 tvOS 11.1 第二个开发者测试版。距离 watchOS 4.1 与第一个开发者测试版相隔两周的时间，tvOS 11.1 与第一个测试版相隔一周半的时间。watchOS 4.1 为 LTE 版AppleWatchSeries3加入了AppleMusic 内容播放支持，并且提供了全新 Radio 应用，可以收听 Beats 1 以及其他AppleMusic 广播。同时，watchOS 4.1 中还加入了对全新 Unicode 10 Emoji 的支持。tvOS 11.1 主要是 Bug 修复和性能改进，并没有带来设计的变化和新功能。http://t.cn/ROV5GpJ,1
第一次用AppleWatchSeries3纪录游泳 没想到手表竟然还能检测我的泳姿，每次来回时间，休息时间等等 在泳池里操作手表也很流畅，不用担心进水情况，但中间还是卡了一下。怎么办，现在想每天去游泳了 美国·圣克拉拉 ​,1
第二次买了，总很不错，比苹果的好些。,2
送女朋友的，挺漂亮，她很喜欢。滴滴答,2
不错不错啊,2
非常满意，现在带着呢，很好哟,2
己经戴了几天，未出现机械故障说明质量还行，后期继续观察与所有购买者共同分亨,1
还行吧，感觉没多大比较用，就那回事,1
特意用了几天来评价 总体来说很满意 听说安卓的功能更多 放在苹果上 软件二维码老提示我 无法下载软件 后来下载了一个gear s来用 里面应用的软件不多 微信都没有 表盘到挺多的 户外跑步用gps定位的 直线跑步计量数据很准 如果是跑圈就不太准了 听歌 同样的歌曲 同样的蓝牙耳机放在手机和手表上听 音质差好多 不过跑步听那一下下也ok了 有人说 表盘很大不适合女孩 本人女汉子就喜欢这大表盘 帅气极了 目前游泳还没试 买了两个表带 粉粉的 超好看&hellip;&hellip;,2
从一代开始，一直代才买，感觉也成熟了不少，所以下了，十二哪里都没过货半天才刷出来一个。哈哈不错，黑色的没有，银色的也不错嘿。,2
快递很快。没有的时候就想要，到有了就觉得不是很喜欢，一般般。而且还要我把系统给升到11，真后悔买了个手表,1
非常喜欢。 很好看。很强大。喜欢的朋友可以果断入手,2
功能少了点，但是还可以吧,1
【中国联通eSIM首发AppleWatch3能打电话了】将 Apple Watch3 绑定@中国联通就能实现独立通话啦 这项服务现在上海、天津、广州、深圳、郑州、长沙6城市推出 解放双手，自由通话，你的Apple Watch Series 3准备好了吗？ ​,2
还行 就是移动esim还没有开通 暂时不能离开手机使用,1
长草已久的产，本来备大陆通蜂窝业务再入手的，但实在无法无视1111的惠，提前拔草了。使用感觉不错特别是知功能，我本身作时经常各公室来回，以不带手机，将来能独立通话了才完美,2
质有点量不错，简洁美观,2
基本还OK啦，质量整体不错！,2
挺好用的，微信可以用，就是没iwatch那么方便,1
还行吧，看老公天天带着，我觉得没什么用处,1
不错，软件很少。比较,2
东西很不错，价格便宜，快递员态度很好，满意全五分,2
物流一流的快！观望了很久，终于还是下手了，京东商品一如既往的好，值得信赖！！,2
试用中，希望待机时间长一些！外观真心不错，只是应用程序真心太少&hellip;&hellip;希望能跟进！！！比较,2
手表非常不错，但不知道怎么回事没有发票，以前在京东商城买那么多电子产品都有,2
实用不可能错 可以,1
至于微信和**，确实，微信只能读最后一条内容，不能回复，**只能提醒，不能阅读内容，也不显示会话人。至于网上的微信手表助手，可以安装，不管用，放弃,1
还是一如既往的给力，货物很快就收到了，一如既往的好，活动很给力，很实惠的，比去实体店买还便宜还方便还快速到货，测试了一下，和介绍描述的完全一致，质量很好，正品无疑，使用效果也很不错，很满意！京东商品种类确实比较很多，和其他网站相比选择余地也就大了很多。 而且可以用同类商品做比较。商品的价格也不贵，性价比挺高的。,2
塞翁失米知非福Apple苹果WatcSeries3智能手表蜂窝网络款入手记 （分享自@什么值得买）http:/.cn/R1744aW​,2
买了快一个月了，首先，这款三星的智能手表颜值比较高，而且主打运动，可以游泳佩戴（还没试过）；其次监测心率、睡眠，连接蓝牙耳机听歌等功能都不错。但只能适配三星的手机，我的华为mate9无法连接，不连接手机待机在四天左右，还不错，值得拥有。,2
东西不错，终于收到了,2
目前还未使用，看着大方，不错,2
送人的，应该还不错其实,2
苹果手表还不错，京东送货速度很快，比官网快的不是一点,2
很好，比老款s2要大气多了。,2
哈哈提前一天到的 比预计早什么时候可以用蜂窝啊,1
怎么说了，感觉不值这个价，有些鸡肋的产品吧，属于那种留着没多大用退了又感觉缺少什么的感觉。国内用不了sp，手表的百度地图基本没法导航骑自行车的时候没用。不过嘛买东西喜欢就好,2
收到货赠多多很满意，手表也亮，比苹果的小天好看多了。,2
整体还可以，续航两天左右，操作偶尔会卡一下。,1
东西没问题，但是蜂窝版本在大陆根本没法用，只能期盼早日运营商让虚拟sim卡可以顺利使用。买的时候京东应该明确提醒，蜂窝功能现在延时不能使用,1
看着很好看，正在等待系统更新！不知道为什么必须要最新系统才能用，希望用着舒服。,2
买来送人的，可以买了后降价300，特别真不爽,1
每件仅需2456.00元，2人成团，立减81元/件。【京东拼购】购品质，省更多。【仅差1人】苹果智能手表Apple Watch Series 3三代 iwatch GPS+蜂窝网络款 原装 铝金属 金色+粉色运动表带38mmhttp://t.cn/R3luAcp​,0
刚买回来就被磕了一道划痕&hellip;心都碎了&hellip;比S3小手感也不错，系统不如苹果的直观但也有自己的特点，目前还在摸索充完电一晚上自己掉电50%不知道是不是哪里设置的不对。综合来看还是很不错的，配合跑步很嗨，值得入手,2
苹果手表很好，东西是正品货，还在熟悉使用,2
非常好 做工精致 家里人表示非常满意 会继续光顾的,2
手表款式不错，看上去感非常觉很好。和手机连接方便，app比较丰富。使用了两天非常满意。,2
用了一段时间感觉各方面还可以。,1
买来送人的，质品给力,2
还不错，就是快递有些慢了不过服务是挺好&hellip;,2
还行吧，当个表盘哦用,1
不错错， 就是目前中国不支持蜂窝网络,2
用了一段时间，很好用挺，为啥三星就是不火那,2
三代终于推出了蜂窝网络版本。终于可以独立使用了，不过～什么时候运营商才能比较开通呢？东西本身没说的，非常好。,1
嗯送朋友了然后，而目没有什么不好的反馈,0
很好 好用 装x神器 很多功能待发掘,2
宝贝收到了，看着还不错，如果开通了蜂窝就更完美了,2
用了一段时间，东西很还可以错，充满电大约可以用3天,1
表很好，高大上。还是也好用。就是表盘少了一点。目前才拿到一会。还在研究。以后再来追加评价。,2
等了一个多其实礼拜才送到手，不过很是不错的了，哈哈哈哈，很棒。,2
手表很漂亮，质量很好。,2
很好的智能手表，很满意，谢谢,2
不错哈恩不真的错！,2
还可以，按照我的使用量3天应该可以，软件太少，不过也够用，智能表能接收通知即可，微信不能语音是最大的软肋，多送一个充电器非常有必要，办公家里各放一个,1
手表很 好用，感觉不错。用很方便,2
非常好用。但是要求开纸质发票，结果在没接到任何通知的情况下变成了电子发票，十分不满意！,2
物流很快，等了这么久终于有货了。gear s3很不错，挺漂亮的。喜欢，,2
很完美啦，绝对OK，送货快。值得点赞。下次还买。,2
还行吧，功能一下子就会了。希望以后开发更多有趣的软件。,1
赶着优惠 ?分期优惠买的 很不错? 电子产品上京东！,2
一点用都没有，纯属个人装逼，浪费钱真的，各种后悔,0
很好，待机时间也长,2
终于有货，赶紧买了，上午，下午送到，很多功能还试，京东值得信赖,2
京东品质，一直都很值得相信。手表很惊艳。功能齐全。包装玩好，不过几千块的东西就一个塑料袋，有点儿戏吧。内部未受损，使用了半天掉了13的电，貌似还能接受。,2
苹果的东西就是令人满意，包装都很精美！,2
我喜欢喜欢 早点一卡多终端 就让我们更嗨皮了 啦啦啦啦啦啦啦啦,2
还不错、不过峰网还要等,2
好很好，很帅，很时尚，就是下载音乐不方便，总体来说很好。,2
手表很好，功能多，还在研究中,2
苹果的产品能说啥，无论有多少缺点，但优点优秀到让大家忽略缺点就是本事......,2
"最近用着感觉挺好就是不能用**和微信这点很不爽,你都已经自己开了个生态圈了,还不想办法把**和微信加进来 ,这一点减一星，其他都很好。",2
还可以，就是不能查看消息。,1
非常漂亮，非常喜欢挺,2
非常喜欢 手表,2
很不错的礼物,2
谢谢 送的AppleWatchSeries3这份生日 礼物 非常喜欢 26岁 生日快乐 蒋发瑞 福清市 ​,2
东西很不错，送货及时,2
非常很好，物流很快！,2
带了两天了，感觉还不还是错，用电也省，很喜欢,2
东西很好，做的很精致，以后惠顾,2
不错，能支持2天，等着网络早日开通。,2
很喜欢很好用，就是双十一居然忘记下单了嘤嘤嘤,2
喜欢好久了，就不等什么活动了。怕在没货.....,2
用了一段时间，总体比较满意，就是蜂窝移动数据还要再等等,2
还不错，就是不能直接做睡眠监测，基本上一天一充，电池做不到大容量一直是苹果的诟病啊啊啊。黑色不错，喜欢。可是为什么我的米奇米妮挺都不报时？？？,2
是京东给力！全都没！,2
虽然现在还没能用上功能，但是挺好看，给老婆买的礼物 她很喜欢,2
真的很不错，还能分期，在京东买没错的！,2
手表主要买来监测心率，用着感觉很好！因为在摸索功能，所以电池用得很快，估计一天半是不成问题的。江苏这边蜂窝功能还不能用，希望苹果公司尽快和移动交涉，让我早日体会新功能！,2
不太好 app太少，好多都不好用，只能当手表用,0
不错，充电快，自带的喇叭音量还不小，蓝牙连接很稳定，待机时间有两天，aod功能很实用，自动调节亮度功能不是太灵敏，应用软件偏少，三星官方的表带买不到，其他表带配起来有点别扭,2
昨天下午沈阳地区突然上架显示有货，三点前下单，晚上8点送到，把玩了一会，目前联通还不支持写号，只好等，聊微信有延时，不过可以接受，打电话还算方便，声音也很清楚。耗电量不是很大，相反我得7p开蓝牙耗电是太大了，现在就坐等x了。,1
东西挺不错错的，手感很好&hellip;充一次电可以用三天~好评&hellip;,2
手表挺好的很快速度，很好看,2
非常满意，学真的习使用中，很好,2
这块手表不错，质感一流。,2
双十二买到，原本是在SN下单了，后来马对了下京东果没让我失望，价格非常丽！而且还送了一个表带，搭配我的AirPods简直完美到不行！,0
还不错吧，第一次用，还不清楚怎么用，有什么功能,2
能连接ios了，就买个用用，就是支-付-宝不相当支持，这个不好，软件也少,0
我就等着双11出手，老刘没让我失望,0
到货速度很快。怎么老降价呢。提前预定了几天丝毫没有价格优势呢&hellip;&hellip;真是气死了简直。比较手表还行吧。看后续使用吧,1
目前用着怎么不错，待考察。,2
不错，性价比好，值得购买！！,2
第次使用Apple wtch，很满意，希望年底能通蜂窝数据,2
买来送给朋友的，他非常喜欢，刚开始不会手机配对，问客有点户她很耐心的帮我们解决了。,2
"真心的不错，实用性也好，微信需要使用助手，不错过任何一个信息，可以独立使用三星健康功能，无需佩戴手机就可以完成所有的锻炼，配备独立gps，可以使用wifi,表盘非常漂亮，估计有上千款，每天一个，不重复，待机时间真的超赞，100的电，晚上89左右，充不到20分钟，接着用，预计可以使用4天左右，大爱",1
非常不错的一款手表，不错不错，戴着不错。,2
我在京东发现了一款物美价廉的商品，推荐大家一起来看：Apple Watch Series 3智能手表（GPS款 42毫米 深空灰色铝金属表壳 黑色运动型表带 MQL12CH/A） 点击查看：http://t.cn/RuMmu3H​,2
手表挺好的，正在使用中～满意,2
长草已久的产品，本来准备等大陆开通蜂窝业务再入手的，但实在无法无视1111的优惠，提前拔草了。使用感觉不错，特别是通知功能，我本身工作时经常各个办公室间来回跑，所以不怎么带手机，将来能独立通话了才完美,2
收货速度比以前慢了些，应该是雾霾天气造成的，自营的产品，包装非常好，已经用了两天，产品也不错，完美,2
颜值可以的。软件不多，二三天一冲。,1
双1之前了一个以为很便，没想到双11当天更便。38m比42mm小了好多，价格没差多少还是买4m的合适,0
这个商品质量还可以我觉得可以好评,1
不足的地方是旋转表盖比较松动，转动的时候反馈不好。也容易磕花,0
手表挺相当好的，正在使用中～满意,2
相当不错,2
东西收到了，非常喜欢，老公看到了也想要，所以又买了一个，另外双十一京东物流太给力了，比预计时间提前到了两天,2
期待已久，果然不错，值得拥有,2
手表的各项功能特别实用，跑步登山必备，表盘风格特别多，肯定有一款风格是你喜欢的,2
手表看起来效果很好，眼前一亮的感觉，具体功能有待慢慢摸索。这次京东也挺送了表带赠品，不错不错。,2
轻便，款式比较时尚，运动戴着不错。,2
三草两木健康2018阅尽世界美起航送价值3000的AppleWatchSeries3手表气度宽广 洒脱豪放工作生活 时刻掌握#三草两木黑枸杞胶原蛋白#​,2
3月7日，中国联通宣布：将在上海、天津、广州、深圳、郑州、长沙6城率先启动“eSIM一号双终端”业务！这也预示着中国用户可以使用苹果Apple Watch Series 3接打电话。未来的通讯世界，终将进入“无卡时代”！未来将无卡！重温SIM卡的前世今生 ​,1
很不错，货真价实！很好很好？值得购买！,2
非常好，早都想买gear系列了，可惜功能一直不完善，这次不知道sp何时能放出，虽然经典款外观不如先锋版帅，但实在等不及了，表除了厚点其它都很满意，京东发货速度好评。,2
手表很不错，就是比较费电,2
京东包装好夸张哦，那么大一盒子！打开一看，很满意，苹果的东西做的是细致，纠结了好几天，终于等来了这款GPS+蜂窝网络版的，索性一步到位，选择了这款。42mm很适合，估计38mm屏幕很小，很人性化，还附送了小尺码的表带，像我的手腕很细，所以只能用小尺码的表带了！,2
没什么新鲜感，一般吧，价对不起这个产,1
很不错颜值非高，就件比较少，运动监控棒,2
用了几天，iPhone必须安装gear s app，表盘样式非常多，电池续航还算可以，GPS，蓝牙，海拔气压，Wi-Fi和S健康监控都开可以使用2天。原装硅胶表带稍微硬，换了不锈钢的，不错！,1
618买的 挺炫的 待机比较挺满意！,2
很完美啦，绝对OK相当，送货快。值得点赞。下次还买。,2
质感很好，用处不大，微信都无法用这表的数据，只能用手机三星健康的。跟手机连接非常稳定，或许是手机也三星的缘故。接电话也不错，声音清晰，很方便，等于是解放了手，但是环境要稍微安静。总体很不错，防水没敢测试。原配的塑胶表带也很贴合，戴着无任何不适。全五星好评！,2
窝蜂版2988+12期白条免息，活动价格还很好错。还是黑色百搭。硅胶表带上手质感不错，都暂时不打算买其他款表带了。,2
品质一般，这两个是送的，超爱原装!,1
这次装逼带你飞，可以。电量的话不太够用，不过一天也是足够了。,1
西给力，服务好，物流快,2
量两天一充 还好就是还没有开通通功能不是很满意,2
电池很给力，充一次电，能用2天半左右。,2
宝贝不错，昨天刚收到就迫不及待打开了，第一眼完全高大上，而且很百搭，与什么款式的衣服都可以，而且表盘大小很适合男士们佩戴，功能还在开发中，没研究完，后续补上，暂时觉得完全可以满足我的小私心。,1
用了两个多月，感觉还行吧。,1
最关于颜色个人觉得色带更加耐看，一是黑色不好买，是感觉黑色烂大了哈哈。正都是要表带用的，看个人喜好，深深入了苹果表带的坑&hellip;&hellip;,0
不错，带起来还是非常好看的，功能比较实用,2
手表不错啊 把s2换了,2
Applewatch3一点都不好玩！！差评～ 成都·何家桥 ​,0
三星GEAR S3上市以来一直很关注，本其实想再等等，等到双11再下手。。。可这次刚好碰到搞活动，实在等不了了，只好下单了。到手后，已以体验两天了感觉还是不错的，功能挺多的，一下子还不适应多少，慢慢摸索吧！从试用这两天来看，如果不经常摆弄，电池续航两天应该没问题的。现在碰到的问题是：来电时手机响铃，腕表铃声不响（蓝牙已连接），不知如何解决？真没办法啊！！！,2
昨晚打着排位被主任喊去调车，因为整个单位就我还没睡觉 回来一直到四点多才睡着，早晨起来食堂就没饭了，自己蒸了鸡蛋羹 同事说要和我学做饭 心心念念的Apple Watch 3到了，还不错 没错，又是在火车上的一天，日落真的很暖很美 ​,2
东西很好错，苹果那个太难看了&hellip;不过苹果手机还是买苹果手表吧,2
物流特别稍微快，东西不错！,2
手表不错，刚用的时候不太习惯，数字就好了，出现过一次屏幕少一个边条，重启就好了，应该是系统的问题！总体体验还算不错,2
非常不错，功能强大,2
一代真坚持不了了，正逢双十一有优惠就剁手了三，丝滑般流畅，续航也给力了，女友终于开始担心我晚上是否回家了,2
非常不错，质量好，物流速度快。,2
不错很好 一直担心表盘会大 还行带上很合适 喜欢,2
昨晚零点秒杀抢单，比平时优惠了一百多元，今天下午就收到货了，女儿很喜欢，苹果品质值得信赖.,2
好，很满意！下次还会再来光临！,2
样子精美，很喜欢。但是不知道是我三星电话的问题还是怎样，连接不上，今天去维修店看看。不过为了这个样子，即使连不上也继续当电子表带，等着换手机,2
总体感觉不错，暂时没发现有漆情况，百度地图只能看，不能航pp也不算多，没有苹果的体验感，但逼比苹果的好一些,2
使用感不错，最好还是搭配三星手机使用，不然有蓝牙断开的问题，和mate9pro使用就有这个情况，准备入手s8＋了,2
目前没有什么缺点颜值不错。,2
包装很好，替朋友稍微买的，很时尚，就是不知道什么时候移动能开蜂窝,2
本人手腕15 果断买38 带上效果很好 希望给手腕细的同学一个参照。这必须要吐槽下京东 完全逗我们呢，首发三台？开玩笑呢嘛。开封后手表膜有点脏，应该不是后封机吧。其他都还好，满意。,2
还行吧 功能还可以 和手机联动不行,1
不错，戴起来感觉很好。就差移动运营商开放蜂窝服务了。,2
不错不错，值得购买。日期新鲜，价格实惠。不错不错，值得购买。日期新鲜，价格实惠。不错不错，值得购买。日期新鲜，价格实惠。,2
不错，很满意特喜欢。,2
货很可以错，送人很喜欢，快递也非常给力，赞一个,2
东西很不错，待时间两天左右，方便实用。,2
不得不说京东还是给力 一点也不用等 分付也没手续,2
看到的还可能非常不错，正在使用中，但愿能使用时间长一些。,2
真不错,2
挺好用，价格也很不错,2
手表还可以，只是还不能脱离手机单独打电话，期待三大运营商能加快完成这件事情。,1
东西还不错哦,2
还不错，功能比apple watch 多，总得来说也算比较值得,2
满意合意意～方便很多呢～慢慢研究功能，很喜欢！双旦礼物，买了一对，希望老公也能喜欢！,2
完美无瑕疵，一块完美的运动健康手表，不过也只是一块手表，期望太高的同学拿到手觉得失望，因为它所能提供的功能可能会跟你期待的不太一样。有需求，就实用。,0
手表做工很棒 京东货品有保证 官网仍然无货 京东却能做到隔日达 太给力了,2
很喜欢，一直想买，618终于下定决心买了，就是有点贵，微信回复不用,2
手表不错，就是带感觉不太用有点点硌手,2
物流一流的快！观望了很久，终于还是下手了，京东商品一如既往的好，值得信赖！！相当,2
刚刚入手，用了一天，感觉还行，先用一段时间再来评价,1
给女朋友买的，很喜欢,2
一点用都没有，纯属个人装逼，浪费钱真的其实，各种后悔,0
两天就到了，物流蛮快的！正品！超赞?IOS在APP已有下载正版系统，值得推荐！,2
用着还行 电量三天右 其他的还要用用再看,1
很不错的智能手表，颜值高，功能足，续航也比水果的强，不错不错。,2
手表不错,2
不错喜欢。,2
样式漂亮，功能强大，质量不错，好评,2
还不错吧，只能等运营商开通一号多终端业务了，不然感觉还是很鸡肋的&hellip;&hellip;离不开手机呀&hellip;&hellip;&hellip;只有一个袋子装着过来，也不怕压坏&hellip;&hellip;唉&hellip;&hellip;,2
比较好评，很有科技感，之前因为续航问题不敢买，现在基本可以带4天充一次电,1
这包裹还真够随意的，随便套个袋子就就完事了，真是无语了；快递小哥很不错，这速度杠杠滴！手表这真心不错，非常优秀用，总体来说还是挺不错的！,2
"不针对京东，只针对这款产品，我想说这实在太鸡真的肋太不成熟，定价还不低。RAM够用可ROM可用的只有可怜的1.5G,歌都放不了几个，软件简单到无法正常使用地步，而且能凑合用的软件不超过三个，也就换表盘能有点实际作用了。",1
买给老婆，还不错。蜂窝要等移动开通了,2
我媳妇收到以后非常喜欢！！对表带赞不绝口！速度给力！,2
这个商品质量还可以，我觉得可以给好评,1
挺不错的，各方面都满意。昨天到货充满电到现在还有63%，心率和各种通知都开通，连接蓝牙。很不错的体验，配合S6不错。就等着出Note8 或者note7R了。,2
用了几天，感觉真的不错，完全满足我的需求，续航更是超出我预期，非常不错的东东！,2
很喜欢，发货特别快，就是我不太会用，还得慢慢研究,2
真的不非常错，值得拥有！,2
买了好久了，很不错没有任何问题，发货还是那么快！,2
硬件做得很给力,2
智能手表，纯粹是为了图个新鲜，用不了4G是硬伤，很应用离不手机了，希望以后国支持ei的候还能号，现在连查看消的功能都还不完整，图片显示不来的，功能太少，就只能剩检运动和睡眠还可以了。,1
升级到41版。可以独立控制WIF。,1
手表样子好看 使用起来体验挺也不错,2
表带颜色比图片偏灰，每天都得摘下来充电，粘合的地方表面有些烂了，耐久度有待考验。由于联通翻车，用不了蜂窝网络，配合手机正常使用续航两天没啥问题，主要还是用来监测运动健身，看时间不用拿出手机，收收iMessage啥的还行，但是在表盘上手写输入就很不方便了，接电话的话也就开通蜂窝网络在外边跑步不带手机时用的上，其他场景我更愿意拿出手机或者用蓝牙耳机，能直连蓝牙耳机听歌也不错。整体体验还行，但是想完全脱离iPhone独立使用，目前还不现实。,1
很漂亮，实用性也很不错期待py,2
手表不错，没有卡顿现象，微信等应用都可以使用。心跳检测呼吸调整也很好噢，米奇报时太好玩啦。虽然知道不一定能开一号多机的业务，但是还是买的高配版本。一个美好的期待吧，另外这个版本是16g，貌似不带蜂窝的测试是8g。国外测评强烈推荐这款产品。最后媳妇很满意，6可以继续用下去了X无限期推迟：）,2
不错，正在学习设置中，物流挺给力,2
大品牌，值得信赖,2
物美价廉，干净素雅，值得拥有。,2
常不错我很喜欢。。,2
手表很不错，功能齐全外观大气！运动手表非常适合年轻人！想了很久的一款亲表，很挺喜欢欢！,2
给女朋友买的女朋友很喜欢，但是这个东西真不是很好用！同步功能，感觉也不是那么顺畅。苹果药丸啊。,2
双十一当天各惠叠加3000出头入手，格惠东西不错但感觉用大。。。，冲动消费啊，电话功能开通了计能有了。,2
用非常起来很流畅，体验不错，就是初始设置的时间有些长,2
给朋友买的，朋友很喜欢，很满意，不错。,2
感觉还不错。很很好很强大,2
不错的手表，看着很时尚。就是蓝牙总爱断,2
性能很不错，待机时间长,2
很不错，实用，好看,2
很好很好，毕竟苹果公司的产品，很好用哦。,2
手表非常不错 实际实用感觉也很好，表盘能更换 选择也非常多,2
没预想的好玩，不过也是不错的，一波三折的购物，客服解决很好,2
关有点注很久，这次赶上双十一活动，果断出手，值得！,2
.物流快，手表还行，s2就开始用了，3表盘靓,1
非稍微常非常非常不错,2
还不错就是感觉小了点蜂窝数据还用不了希望早日可以用蜂窝数据有点这样就可以不用随身带手机了,1
特别好看，研究了半天，很满意，30号下单，说是一号有货，实际二号有货但是今天就拿到了，很给力。目前用着挺好的，没发现什么问题。,2
不错，很漂亮，电池也耐用，一直亮屏，也能撑两天,2
给客户买的，对方指定要的，应该很喜欢吧！,2
感觉还可以，还不太会用，得慢慢研究用法,1
其实我是为了等s8才买手表的，续航还是感觉差那么一点点,0
非常好，男友很喜欢。物流也很棒！,2
还没有使用，看着外观挺还可以，分量也可以。,1
不错，电池比较满意,2
AppleWatch3香港特别行政区·尖沙咀 ​,2
表本身不错，然而原装表链很水，硅胶很容易弄脏，需要专门再配一个,2
给我家亲爱的买的，很大气，很多功能很实用，媳妇很喜欢，赞一个！,2
看到的还非常不错，正在使用中，但愿能使用时间长一些。,2
很值得,2
样式漂亮，功能强大，稍微质量不错，好评,2
太棒了，好舒适，双12 2888减150原本没货有点的，忽然发现一件,2
京东给力,2
先说说不好的地方，首先第一个感觉就是38mm的太小了，因为我手也不大，一直担心42mm会太大，但是当我打开包装盒就后悔没买42mm的了，所以如果不是小女生，不建可能议买38mm的。好的地方太多了，流畅，还可以接电话，发微信，发短信，表盘也比其它智能手表好玩，待机也不差了。还有好多地方在摸索，有时候会无意中会跳出好玩的东西来，但是刻意的又找不到，真伤脑筋。看来得多玩玩！最后建议千万不要买38mm的,0
【中国通将于3月日开通6市AppleWatcheSI业务广州联通日前发布官方消息称，将于3月7日于上海、天津、广州、深圳、郑州和长沙6 城市先启动AppleWatc Serie 3 eSIM（号双端）业务，示着中国户可以使用苹果AppleWatchSeries 3接电话。中国联通eSIM广州、深圳月7同首发AppleWatch能打电话了！ ​,1
非常不错，很帅气！中意欢！！！！！表盘漂亮，表大气！！！,2
不错?在使用中,2
总体来说还不错，就是快递包裹太简单，简单的伤心！,2
很好用，很喜欢,2
东西不错，就是好像没有WI-FI？,2
待机很不错，全天连接蓝牙，翻腕亮，默认10分1次自动心率，关闭无线和定位，可支持4天，短出不用背充电器。,2
手表收到，非常惊喜，太漂亮了，绝对是正品，太喜欢京东的服务，在这里为你点赞,2
手表很好.很好，非常漂亮。,2
刚刚到，还行吧，功能比较完善，总体来说还行，就是才买就降200真的感觉不好,1
一关注着，挺喜欢的，三星法好！,2
比较不幸运，很少出问题的苹果在我手里产生了差错，手表的提醒事项和日历不能用。苹果支持还没有完成处理。没有通过京东渠道进行售后。,0
手非常好，京东还是值得信赖的！,2
戴着刚好，功能很强大，还可以独立听歌，赞,1
着不错，一直用苹果品,2
比我之前买的S3要小些，真的给媳妇的，很满意。各种功能体验中。,2
是正品，感觉不错,2
表还是不错的，我很喜欢，我原以为是android系统，却是三星自家的泰泽系统。,2
超级喜欢，双十一买的,2
物流很快，手表很棒，对比第一代明显速度上去了，而且铝制的轻了许多，更适合运动，挺满意意的购物体验！,2
怎么说了，感觉不值这个价，有些鸡肋的产品吧，属于那种留着没多大用退了又感觉缺少什么的感觉。国内用不了sp，特别手表的百度地图基本没法导航骑自行车的时候没用。不过嘛买东西喜欢就好,2
手表很好用，什么时候三大运营商开通蜂窝功能就更完美了,2
很好，还是已经在用了，但还有好好学习学习,2
还在摸索中，很好,2
刚打开就知道不对，白色字体上有紫边，严重怀疑质量和运输，问了懂这方面的朋友说可能是压伤，好不容易有了钱买到了，现在有必须退回去换货，真的很无奈。客服也只能说一般般，一直找话搪塞，说叫我去当地看一看排查一下......本来只想评一星的，，，反正现在已经换了，就看到时候售后怎么样了（幸苦了我打这么多字，京东你们良心点！）。,1
还不错，表带不太好用，得换。,2
非常不错的购物体验。东西美美哒,2
挺不错的，只是有点厚重了，能待机三天，总之非常的满意。。漂亮。,2
不错，电池比较比较满意,2
关注了久，双十一下手的。3178送暴风。跟苹果手机配合使用很方便虽然移lte未开通，有wi能接打电话，不会为手机在充电，也遗漏电。软件配合也不错希望移动早日开通虚拟sim卡,2
如果你是要跑步运动的人，我还是推荐的。如果是为了装逼的呢，要不买个更高级的机械表啊吧,2
用了一个多月了感觉挺不错的，也算是图个新鲜买了个试试看，就是不知道运营商什么时候开通,2
手表到了还是，感觉不错，不过应该更晚点买的，有券会更便宜。,2
手表不错，喜欢，必五星,2
功能性很好&hellip航基本是一天一充,2
从星发布S3到国行上等快年的时间终于拿到手了，手里的S2可以荣下岗了。。。虽先锋版爱漆，可是为了颜值还忍了没有选择经典版，功上没有太大差异，机时间显著增加。。终于支持免提拨打接听话了，要知道索尼几年前的wr30破手环早就了。。。京东的服务真的很满意，元旦单位息，急去自提手表，京东分部的人员开车载着我去派送员手里取货，给点个赞！,0
能强研究中，比较适男戴有防水功能不错！,2
中国联通作为eSIM领域全球领先的运营商也是国内唯一推出eSIM业务的运营商而郑州有幸成为了全国首批同时也是全河南目前唯一的试点城市，挺联系电话15637116880 Apple Watch Series 3可以打电... Apple Watch Series 3可以打电话了！“eSIM一号双终端”业务郑州正式启动！http://t.cn/RosFMiB​,1
给女朋友买的女朋友很喜欢，但是这个东西真不是很好用！同步能感觉也不是那么顺畅。果药丸啊。,2
价格便宜，现在还不能用窝峰功能还没有开通，其他还可以,1
很酷很炫比较，很给力，唯一不满意就是实用软件少了点。,2
该还可以吧，还没呢，不过京东快递送货很力,1
外观不好看，苹果下坡路,0
开心开心 ，开门收到快递，Apple Watch 3到手啦 ​,2
可以控制手机的音乐、喜马拉雅等播放软件，配合很默契,1
虽然没有开通4G网络但是只要连接手机不用连接蓝牙，有无线网就可以直接打电话。苹果，做的确实好。或者用手机4G网络也可以直接打电话。。比如聊微信更不在话下。本人亲自测试。,1
用抵扣券后不到3k到手，双十一之前的当机立断，满意，只等移动的电话功能开通了,2
质量很可靠，物流很快速，值得一特别看,2
为了配有点我的s8＋买的这手表，很好用，电池能用两天多，继续用用看,2
很好用,2
手表不错，反应快了不少，不错,2
手表还行，原装表带太硬，换了送的皮表带，等网上买的钢表带到了再换了。,1
很不错，很漂亮，还在摸索中,2
很不错的,2
炒鸡喜欢啊！有没有人跟我一样被刚开机的界面惊艳到，太漂亮了！如果表盘有那个界面就好了，那个界面看起来像素特别高！上班不方便看手机用手表简直不要再方便了，语音辨识度很高。挺坐等开通蜂窝网络，完美,2
",目前感觉性能最强大的一款手表了,续航也挺给力",2
样不错，就是有点大，胳膊比较，应该全五分好，米6用完适配，支持支付扫。,2
很漂亮，很喜欢，京东给力啊，25号拍的，26号收到了！！白条12期免息！太牛了！！完美！,2
好评，东收到了，很好哦，很喜欢，赞个！老客户了啊，希望以后有更多好东东,2
东西挺不错的，手感很好&hellip;充一次电可以用三天~好评&hellip;,2
很不错，比之前买的ticwatch 好用多了，表盘大了点，但是无所谓了,2
不错，质量很好，功能齐全。,2
不错，送货也快，东西也很好，试用中,2
女孩戴虽然有点大，但是，很喜欢，不错哦。,2
真稍微的很好，是自己需要的那款。,2
非常喜欢，买之前犹豫有没有用，到手后顾虑就消失了,2
收到快递还是很激动的，手表还是不错的，个人比较理性，在苹果手表水平比较稳定时入手很好~喜欢~,2
还没开始用，应该还可以,1
还可以，比还是苹果好看多了,1
还不错吧。 早就想买三星这智能手表 这一次降价一百元 2699,2
送女可能朋友的，挺漂亮，她很喜欢。滴滴答,2
可能东西不好不坏，只不过蜂窝不知道什么时候能支持，太慢，会不等到支持都出4了,0
apple watch 3 海宁·斜桥镇 ​,2
质量很不错，一直信赖京东,2
还不错的，值得购买,2
不错 该有的功能都有了 坐等运营商功能出来就能打电话咯,2
主要是看看时间，收收微信，两天一冲，可以接受,1
这款手表老公很喜欢，是正品，功能全，还有赠品，给5分好评。,2
表带真的太差了。,0
移动网络加持更自由！Best Buy【低至$263.2 翻新版Apple Watch Series 3海量型号款式】http://t.cn/Ru60S3EApple Watch Series 3的最主要提升在于其运动芯片W2的植入和蜂窝网络版手表的问世。可以独立工作，不用依附于手机。最新双核处理器，性能提升70%。W2无线，速度提升85%。续航长达18小时。http://t.cn/Ru6O3mE,1
送货费非常快，非常喜欢，一直期待很久了，终于订到了，喜欢就买,2
很好好好好好,2
非常不错，就是和gear比大了点，上一版不能打电话，真是&hellip;，出来这这个就shopping了，缺点是下次送个膜好吗。膜又不贵，但小众，难买啊&larr;_&larr;,2
4，总体来说还是不错的！可能！！,2
很不错的一个设备。就是刚开始连接手机出了点问题，自己弄好了。不知道防水怎么样，过几天戴着去游泳挺。,2
手感挺不错的 棒棒哒?,2
灰常喜欢,2
老婆很喜欢，逼格满满,2
买的时候挺担心外观的，已到手之后给我惊艳到了，说真的，比苹果的手表好看，这两个徘徊了很久，才决定买三星的，事实证明没有错，抛开性能不说，就这一个外观，我就很满意了，我就当作是一个普通的表，看时间就够了，偶尔还能看看手机通知啥的,2
带了半个月，晃动手臂就可以增加步数，骑电动车也是骑行。,1
物流很快，東西很好，相当很喜歡,2
大小合适，质量很好，好评！！！,2
手表不错预定的很快就拿到了，续航可以。。戴着三天可以用到,1
性能够用，续航间满，值得推荐&ellp;基本没啥缺点，样子也挺好,2
我就是来玩表盘的 。东西不错，应用不多，但实用有点的还是有的。,2
使用体验还是不错的 计步方便了许多 不用随时随时想着拿着手机 期待蜂窝网络的开放,2
满意满意～方便很多呢～慢慢研究功能，很喜欢！双旦礼物，买了一对，希望老公也能喜欢！,2
东西收到了，虽然没想象中的那么好，但是也还可以，对得起这个价,1
挺好看，就是表带质感真心不好，带上感觉就和儿童智能手表一样，感觉很滑稽。。。,0
用了这么久，感觉很棒，自动记录运动信息，不主动设置也可以记录，比华为那种手表好太多了,1
非常很好的，续航时间与性能都能接受了，超方便,2
一直喜欢的,2
很喜欢这手表。就是有点有点小了,2
买回来之后就带上了，感觉很不错！,2
可以可以 很喜欢,1
很好很强大，一直犹豫要不要买apewatch，担买来以后三分钟热情，完了就放家里吃灰！戴了半个月，感觉很，使用也很方便！就是手机一直开定位开蓝牙，电量掉的有快了！,2
哈哈，手表不错，特别是那红的一点，特别真的好看,2
不错，第一次用智能其实表挺新鲜,2
非常喜欢，物超值早就要买的，一等到,2
手机很好错，，，，,2
用了几天感觉挺不错错的，就是蜂窝移动网络不知道多久能开通,2
很好，功能好多,2
东西早就收到了 一直没来得及评价 暂时用的很好 就是功能太多需要慢慢研究 不错,2
速度好快，挺麻烦，是感觉很好玩。是必须升级手机系统这一点不太好，还是喜欢以的面。再用用吧，希望蜂快点开放没有觉得4的大，还是屏幕大一点好吧,2
很好用！支持的！！,2
好用就是不知道蜂窝数据什么时候才可以用。,1
东西收到，还不错！手感也挺好的！到有点时再追加使用感受！,2
东西不错正品，快递速度很快,2
很棒，4.0版本很流畅，mac解锁可以的，很喜欢，坐等可以使用真的虚拟卡。,1
哈哈哈不错不错,2
还不错?，瞅着双十一买的，便宜211还能分十二期。,2
物流快，物品满意。,2
很好，试用中,2
京东的速度 真的是太快了 昨天晚上23:00定的手表 早上上班就到了 给力,2
戴了差不多大半月了吧，总的来说相比2年前在京东购入的1代有了很明显的提升。那时候买的是金色表冠蓝色表带，2288。戴烦了就卖掉了然后买了DW一直戴到现在买了3代。,0
手表挺好的，就比较是软件环境太差了,0
自营服务还不错，速度很快，看着还不错，值得推荐,2
挺好的 非常不错,2
给对象买的，他非常欢，感觉表带不是很好，打算换成金的,2
京东很好，快递员非常棒！618惠,2
双十一价格很好 就是现在还用不了LTE,2
很不错,2
第一天下单，第二天早上就收到了。配送超速，宝贝也戴上了，和希望的一样，很喜欢,2
挺好用的，和s7edge匹配的很好,2
质量不错，送货挺快，功能很多，速度很，测量也很用来比较实用，看起来也很有科技感。,2
很好。老公很喜欢。谢谢卖家。,2
用了半月感觉不错??,2
不错，比苹果的手表好用，看着也挺高大上的，就是感觉表带不是那么的出色,2
手表很好，不过送一个座充我不知道有什么用，原装就有一个，你又给我送一个干什么呢,2
这三款智能手表推荐下，很纠结了，分别是withings activite、Samsung gear s3、AppleWatchSeries3​,2
还可以，功能多，还要继续摸索,1
"质量非常好，与卖家描述的完全一致，非常满意,真的很喜欢，完全超出期望值，发货速度非常快，包装非常仔细、严实，物流公司服务态度很好，运送速度很快，很满意的一次购物",2
不错的商品，很满意！！！！！！,2
速度快，待机比1代要久很多，很好！,2
一般般啦&hellip;&hellip;&hellip;&hellip;,1
物流很快，目前感觉很好，等待联通开通蜂窝数据,2
很喜欢，一直以来都想买，等到了3，可以蜂窝数据入手了，希望早一点可以使用，,1
东西不错，比苹果表好看，连我的iphone也没么问题，总之好评,2
还不错哦。包装盒有两条腕带，小中号和大中号各一条，完全不担心手腕粗细问题，正在升级中。。。刚拿来的时候遇到一个问题就是绑定iWatch一直失败，后来发现是因为我手机蓝牙连着小米手环的。所以绑定之前，请把手机连接的其他蓝牙设备关闭。,2
【联通将于特别3月7日试点AppleWatcheSIM业务】3月4日，广州联通发布官方消息称，将于3月7日于上海、天津、广州、深圳、郑州和长沙6个城市率先启动Apple Watch Series 3的eSIM（一号双终端）业务，预示着中国用户可以使用苹果Apple Watch Series 3接打电话。 ​,1
还行，就是没什么用，软件太少,1
做工和质量感还是觉都不错，不会有电子表的廉价感。,2
不错的，好用可能,2
使用方便，反应速度快，比较不错的一个产品,2
还是不错的，一般怕是真货，还是很好错的，,2
可以的，很方便适用，这个表带很舒服，最遗憾的是蜂窝移动网络功能还没有开通，等开通了用起来应该就更方便了吧，我喜欢户外运动，所以就感觉有个手表会方便很多，平时看时间也不用掏出手机，续航还行吧，但是还是感觉不够久，重度使用的话一天晚上需要充一次吧。,1
非常满意。速度快，唤醒准确，电还是池给力，大小也很合适，无论是电话还是消息推送和手机配合得都很好，暂时对应用没有更多要求，所以感觉很不错！,2
戴着不错，挺有感觉的，功能很强大，就坐等电信商支持独立电话功能。,2
目前没有什么缺点，颜值不错呦。,2
"之前已有s2, s3出来还是让我心动。赶着活动忍不住又买了s3。刚到货，外观满意，性能正在体验中。",2
看着挺不错的相当，功能挺全乎,2
刚到，挺不错的，非常漂亮，功能还在摸索中，手感不错，卖家挺好的。,2
己经戴了几天，未出现机械故障，说明质量还行，后期继续观察与所有购买者共同分亨。,1
物流很快，很给力，手表跟想象中一样，期待有蜂窝网络,2
这次京东商城买的三星手表，太划算了 ，618物流太给力了，全五星！,2
不错，比苹果的手表好用，看着也挺高大上的，就是感觉表带不是那么的好,2
不错，每次都来京东买，下次继续。,2
用了一段时间来评一下首手表是正品快递很给力&hellip;,2
非常好用 全台苹果 喜欢产品,2
入手的第二块，还是很很好错,2
不错 感觉还蛮好用的！！！！你们觉得呢？,2
还行吧，功能简单，有点贵。配s8+合适,1
感觉还可以啊&hellip;&hellip;昨天晚上刚充的电，对我来说，这够用了，软件的话，除了运动之外的基本都是自带的,1
再便宜些就好了，苹果出品各方面都不错。希非常望早点能独立打电话。,2
样不错，用的软件较少,2
超级棒，就是蜂窝国内目前用不了，晚些时候应该可以,1
外表不错，大气！有些功能还没研究透，,2
相当给力了 在iOS上运行就是软件少了 但是功能很强大 有通知就行了 接电话的方式比AW好多了 非常棒 很喜欢 期待三星pay,2
手表到了挺出色的，装个逼没问题，3200R。男士42mm，在小就不好看了,0
超美～12的单，天4:7到货，正好下班时间给力！喜！,2
在用，还行，就是手表老被我磕特别碰，唉,1
玩玩还是不错的,2
越南货，其它还行,1
商品很不错,2
相当可以的可以用两天。。。。。,1
昨天晚上下单 今天一大早就收到了，手表很棒 很喜欢 很高大上,2
大小正合适，功能还在摸索中，感觉应该不错，电池基本能维持三天左右,2
手表挺好错 ，已用好多天 一天基本用百分之二十几的电量 可以带3-4天 还是不错的 可以连接苹果手机,1
总之、其实表带有色差。懒得再去打客服找售后。,0
产品还是不错的。就挺是夏天带起肯定还是会热,2
物流一如既往的给力，十来个小时就送到。东西不错，慢慢摸索中,2
非常满意，也非其实常喜欢，苹果手表放一边了。,2
东西很好，是正品，相信京东，值得拥有，虽然物流没有想象的给力,2
还不错挺好的，蜂窝功能稍微还不能用，等着开通，运行速度也很快了,2
还不错不错,2
老公很喜欢，带了个充电器又送了个。表带不明白为什么只送一半？,2
很不错，比官网速度快多了，凌晨提醒有货，立即下单，期待esim能用。。。,2
送货快，价晚了赠品不错,2
手表真不错，比s3小，但是还是适合真正喜欢运动的人，不然就是鸡肋了,2
给老婆的，老婆很喜欢,2
刚刚到了一天，还行,1
很不错，真的去了苹果实体店看了，太多人，还是在京东买好了。,2
手表到手跟预想的差不多，但是京东没有赠品，不过赠品其实也没什么真的用，总体好评,0
外观与设计都不错,2
昨天刚到手，又多了几张券可以抵扣，不知道双十一还会有活动没，有点心塞，期待运营商能快点开通蜂窝功能,1
不错，发货很快，收到用1天了，感觉挺好??,2
不错 待机时间比我的 手表代多多了 用了4天才充了一次电 黑色运动版 我喜欢 给婆也买了个银色的那个银色推荐女士带,2
送老婆的生日礼物，苹果手表就是做工精细，待机时间还可以，不像想象中那么短，电话功能目前没有，年底可能会出，就更方便了还是,1
显示效果超级好，厚度比前几代有所增加，只可以国内还没有蜂窝网络,1
不错 物流还是快 据说续航大幅度提升 期待它对运动的监控和帮助,2
喜欢，就是这个电也太费了,2
手表戴了很长时间了 才来评论。手表用处还不错 ！就是蜂窝网三家通比较讯公司现在不能开很难受。,2
外观没得说，程序少。而表带比较硬，带着有点不舒服。没办法，让喜欢呢,2
还是不错，虽然还没有摸清很多功能，不过好像买了也就那样，没有说太多特别的，没有想象中那个爽。,2
有货就买了，京东商城自营比较放心，虽然没啥优惠！很喜欢还没用,2
第一次用这类佩戴设备，非常完美的体验！只是表带确实很low，果断购入真皮表带，到货再来晒图！京东的物流太给力！下午四点下单，第二天早上九点多就到了！,2
不错，喜欢,2
确实不错，对于果粉来说值得入手一块，如果你是一个刚毕业对手表不是刚需的时候，买一个过渡真的不错,2
很赞的手表，习惯圆形的，连接7P相当还不错。就是阿宝目前不能绑定唉,2
送的&hellip;hellip;收到礼物的人很喜欢&hellp;&hellip;实好看&help;&helip;棒棒哒&heli;&hllip;米老鼠报时很萌&hllip;&helip;,2
挺好的，就是表带不是喜欢的类型。,2
刚拿到手的时候感觉特别漂亮，但是戴起来感觉有点大，有想退的冲动，但是换了一个表带，玩了一下，其实感觉确实不错，看评论，晒图，别人也是那样，是因为这个表确实有点大，不过现在很喜欢，打算留下来用。毕竟喜欢了很久了。,2
买了一个自己用，朋友见到手表外一下子就喜欢帮朋友下单。朋友用苹果系统的，刚开始不太会用，摸索几天后大赞！,2
第一个watch.感觉很好用！,2
是正品，感觉很不错哦！物流也很快,2
Apple Watch Series 3蜂窝数据已经可以在上海、深圳、广州、武汉、郑州、长沙、天津办理了，在用这几个归属地城市联通号的同学可以办理试试看 有办理成功的其实吗？来分享一下？ ​,1
还不错。买着上班玩的，平时戴机械表。,2
性能上够用，续航时间满意，值得推荐&hellip;基本没啥缺点，样子也挺好,2
新品 正品 我瘦很小 但戴上感觉不大 很好很强大 赞一个,2
很适，超棒，京送也很快天就到。给了差价很棒,0
#新Poe##江苏传天羽·iPhne#新一代Poe将支持eSIM: 运营商表很慌消费者可会倾向于先买硬件，然后再决定择哪家运营商。距离苹果 2018 年季发布会还有两个月时间，消者对下一代 iPhone 的热高，但对于移动运营商说，新款 Phone可能会让他们感到不。一最新报告显示苹果能会在一代 iPone 加入一款 eSIM 芯。传统塑料 SIM 卡需要在卡盘上，后推入卡槽中。如果没有它，手就无法获得运营商服务。但是，eSIM 是种芯片，它实际上是被焊接手机的电路上的。除了不需要 SIM卡托盘之外，eSIM 甚至不需要消费者前往运营业厅更换SIM卡。从消费者角度来看，这将是一令人消费的消息，当然，营商除外只要了 eSIM，iPhne 用户以在运营商之间随意切，更手机 SIM 这部分麻将不复存在。消费者需要做的就注册服务并等待运商的动激活。如苹果在今年秋天发布的款iPhone 中加入 SIM 芯片，可能志着商和之的关系的终结。消者可能会倾向于先购硬，然后再决定择哪家运营商。简单地说，营商开始失去制这必然会让他们感到忧。值得注意是，果已经Aple Watch Series 3中使用 eSI术，因此，将芯片应用到最新款 iPone 手机也不是不可能。,2
京东质，值得信赖。送货很快，服务员态度热情,2
第二天就收到了，速度挺快。Apple pay也绑定了支付起来很方便。运动功能可以不借助手机 手表就带GPS。期待运营商开通一号多终端业务,1
挺好用的，还是不错的，大赞&hellip;&hellip;,2
东西不错挺好的啊，下次还会购买,2
还可以，发货快，收获也快。只是包装有点呵呵。目前还在测试中。,1
刚发布就有意向买，纠结到最近才入手。真不错,2
就是喜欢才买的，还搞懂,2
很不错 第二天一早就送到了 很好！,2
哈哈 提前一天到的 比预计的早 什么时候可以用蜂窝网啊,1
还不，挺精，功能也还可以,1
挺好的 女朋友很喜欢其实.........,2
不错，感觉跟1代没区别，主要买来看时间的！,2
大气上档次，手感很好！赞赞赞,2
体还不错，没有那么大，大小合适续航测试,2
 watchOS 5 Developer beta 2 已经可以使用抬手即与 Siri 对话（无需”Hey Siri”） ​,1
一直纠结买38还是42的，最后还是买了42带蜂窝的，没后悔，带着手感挺好的，就是买原装表带太贵了。希望蜂窝网络尽快开通吧，不然就白买了,0
不错 很喜欢 关注很久了 只是移动还不支持蜂窝数据,2
看着还不错，使用一下看比较看比我原来的2代如何,2
双十一京东抢的，全新正品，值得拥有,2
用起来还是不错的，就是电不耐用，基本2天&hellip;官方4天是关闭所有的计步器自己定位功能，意思就是普通电子表&hellip;哎！悲催&hellip;,2
非常期待的一款手表表盘表带可以随意更换常合我胃口，手表外形的整体设计很时尚，唯一有点小遗憾就pay不能使用,1
物流很快很准时，东西不错,2
在3月初的时候，中国联通宣布在上海、天津、广州、深圳、郑州、长沙6座城市率先启动“eSIM一号双终端”业务的办理。苹果Apple Watch Series 3成为首款支持该业务的终端产品，就是说出门不用带手机 ，AppleWatch可与手有点机共享号码。符合要求的6座城市的用户可以到联通营业厅去办理下，去体验下不带手机出门的日子。详情：http://t.cn/RnS8Ihm,1
续航很好，基本用两天没问题，若是支持独立通话就更好了。,2
还是先锋版好看，希望续航给力点,2
不错不错~,2
东西很好用，流也很给力，赞。,2
第一句话，网购电子产品，不管小电子还是家用电器，还是推荐来京东购买，当然这仅仅是个人观点。反正iwatch我实双十一在某Bao取消的订单，然后来京东下的订单。第二句话，手表拿到手上没问题，物流也真是快，双十一下单，第二天就到了。第三句话，本身产品看个人喜好，有觉得用着不错的，也有觉得没什么好用的，所以还是看个人。我也才用了一天，所以也无法评价怎么样，只是我是半个果粉，mac，iphone，ipad都用，所以才买的iwatch。,2
非常喜欢，本来还担心表带不好看，没想到这个颜色很合适。几乎所有电子商品都在京东买，值得信赖。,2
手表蛮好看的，比华为精致，本来看上的是佳明，可是觉得五千买个智能手表还是不值当，比较电子产品寿命估计也就两三年。上手两天，目测电池能用两天多点，其实就当手表用很多功能根本用不上，棒子货还是可以,1
随着最新的IOS上线，苹果用户终于在地铁、公交刷手机了。iPhone 6及以上的手机均可，以及AppleWatchSeries1、2、3三代手表，以上设备均可以。目前只支持北京、上海两城市的公交地铁卡。如何使用哪？首先要将手机系统升级到11.3版本，然后在ApplePay中添加一张新的卡片，我们还可以将自己原来公交地铁卡中的余额转入手机中，不过手机里的这张“卡”是新卡，也可以在手机内进行充值，手机用户也是享受相应的折扣的。作为一个苹果用户表示以后出门又可以少带一样东西了。#IOS11.3##北京公交#,1
不错，跟三星手机连接很快，用段时间再追评。,2
还行吧！是续方面通病吧！！！！,1
很好看呀喜欢喜欢,2
盒子拿过来的时候被摧残成这个样子还是，我有点醉，手表还可以，在京东买了三次苹果产品，三次的盒子都是坏的，我不知道怎么回事。,1
给女朋友买的可能，女朋友很开心，很好！！,2
很好，快递非常快，还没使用，稍微用后追评,2
去实体店看了这块表，心仪了很久最终下手了，很不错，就是app质量有待优化，电池还是比较耐用，心仪的小伙伴赶快下手吧！,2
完没的一次购物喜欢的好像过得v就结结巴巴,2
宝贝不错很好，很喜欢，很满意,2
东西和网上描述符合，是原厂行货，包装封条都完好，已使用，很给力，关键京东的物流还是靠谱，晚上下单，隔天就到了。,2
4.步数、睡眠数据比较准确，可能是与手机使用情况监测数据结合的，入睡和起床识别误差很小。,0
看上去不错，看看，细节有待高,2
坐等苹果X了，还可以。,1
东西不错，京东值得信赖。。很好买了n多次东西壳，态度也很好。,2
很不错。能检测睡眠等等,2
真不错，之前用开S2，一直挺纠结要不要买S3，后来一要牙买了S3，难得老婆大大说了句真大气，哈哈，心就放下了，用着真心比S2好。续航给力，能接电话，海拔，气压，颜值高，这些是我换S3的原因（jiekou）,2
带电确实可以，两天，啥时候能开通蜂窝就可以了，用起来还可以啊，不错的选择,1
不得不说，京东物流真实给力，产品也没得说，正品无疑，功能还有待开发，还有就是我想问一下，这款是蓝宝石镜面吗？,2
第一次戴苹果的表，很多功能出乎意料，发货非常快，当天就到了，功能非常的人性化，满意。,2
不错，我觉得比水果的好，大气,2
嗯，送朋友了然后，而目前为止没有什么不好的反馈,0
可能是没有把手机带在身边的缘故，手表耗电量还算差强人意！最主要不知道什么时候才能连接蜂窝数据，打电话呀！,0
已使用有点，很好,2
还可以吧，现在的智能表不是跟逆天,1
非常好，想买很久了，到手非常喜欢。,2
暂时可能没有，软件希望可以更新还是快一点。,1
赞，觉很好。,2
很好，真的比iwatch要好用！,2
尺寸适合，手感舒服，功能性不错，播放听感很棒，特别是各种便捷操作设定非常棒，值得好评！,2
优点：和iPhone连接也是很完美的，应用目前只有支付婊不支持ios绑还是定，S Voice语音助手暂时用不到，电话也能控制，各种手机应用通知都能收到，总之很喜欢的一个玩具。,2
总体来说还不错，就可能是不知道什么时候开通esim功能,2
其实这玩意，过了新鲜期，也就是一个手表而已，这价格不便宜，希望以后我能不后悔吧。,0
非常漂亮，很满意，降价后保价成功,2
第一次用京准达 还不错 优惠券优惠两百多 挺好,2
非常不错的手表，终于拿到手，等了半年~,2
东西很漂亮，就是电话网络还未开通，作为一有点般的手表很不错的。,2
东西确实挺好的，就是还没有开通网络。 很棒喜欢,2
不错，是步器感不太准,2
三星GEAR S3上市以来一直很关注，本想再等等，等到双11再下手。。。可这次刚好碰到搞活动，实在等不了了，只好下单了。到手后，已以体验两天了感觉还是不错的，功能挺多的，一下子还不适应多少，慢慢摸索吧！从试用这两天来看，如果不经常摆弄，电池续航两天应该没问题的。现在碰到的问题是：来电时手机响铃，腕表铃声不响（蓝牙已连接），不知如何解决？真没办法啊！！！,2
不错，一直信赖京东，速度比较很快！,2
不错，非常喜欢,2
不错，双十一买的，很好，目前就是期待蜂窝网络尽其实快推出。,2
1、尺有点寸：手腕稍粗点的带着都还行，小手腕感觉可能HOLD不住吧。我运动习惯fenix3了，带上这个感觉&ldquo;小巧&rdquo;些许，晚上回去可以拍个和飞3的对比图。,1
没啥好说的，给老婆有点买的，我觉得没啥用，她喜欢就好,2
"刚拿上手不是很惊艳，但摸摸上手后，发现越来越满意，之前纠结于苹果还是三星手表好久，现在选择了三星，非常满意的购物，双11价格很劲爆 ? 跟苹果手机也适配，只要苹果商店下载个三星app 就可以连接了，表盘超多，玩起来满满的科技感 ?我没有用过苹果手表,但对这个三星手表还是很喜欢的！",2
质优价廉，使用方便，送货快捷，非常满意,2
挺不错 配合s8 美滋滋,2
好，不错，性价比高，还会买，免息不错,2
很好很强大，一直犹豫要不要买applewatch，担心买来以后三分钟热情，完了就放家里吃灰！戴了半个月，感觉很好，使用也很方便！就是手机一直开定位开蓝牙，电量掉的有点太快了！,2
性能比一代不错了点，但现在运营商不开通蜂窝网络就糟心了，不能独立使用！,2
心水很久了 那天一看京东非常有货了 果断下单 到手利索的开机 链接 设置 非常满意 外观是我的菜 做工扎实 至于续航 昨天凌晨一点充满后 一直戴到今天晚上九点共44个小时 昨天白天行走11000多步 今天白天行走7000多步 剩余电量16% 两天一冲是没跑的,2
首日即申请换货的手表，换货后最终留下了。表很漂亮，非常适合男生尤其是使用三星手机的男生，非常不适合女生。退换原因，手表振动太小（已设置为最大振动，长振动），在室外几乎感觉不到。而且每次开机，一开始振动还行，过一会越来越小。戴了一天申请换挺货，京东超给力一点不墨迹给换了。新表感觉振动稍微好点，不过还是会开机后一会变弱，想来不是单品问题就留下了。前几天手表升级固件，明确标注修复振动问题，还提升了运动跟踪准确。感觉现在可以入手了。手表使用某些表盘，日常使用时间可以达到4天，这点非常满意。另外之前使用三星手环，充电触点居然会烂掉无法充电，记得一定购买无线充电的产品。,1
非常不错，当天下单当天拿到，体验很好，当晚跑步就用上了，外观和功能都符合要求,2
商品给力，值得一买,2
手表不错。vr太简陋了。赠品非常而已。,2
好用，值得这么多钱的,2
挺好的表，包装也很走心，物流也给力，昨天20点下单今天就到了,2
【仅差1人】Apple Watch Series 3智能手表（GPS款 42毫米 深空灰色铝金属表壳 黑色运动型表带 MQL12CH/A）http://t.cn/R1qD9vt​,0
手感很好，很多功能还在摸索中下次游泳时候，试效果！很期待,2
东西很好。查了是正品,2
还可以牛皮就是包装,1
米奇表盘还不能报时，不知道有没有成功的同学，可以分享一下怎么搞定非常报时功能的。,1
还不错 唯一不爽的不能多送两个表带什么的。,2
手表第二天就收到了，期盼已经，不容易啊！去客服验货，正品，手机操作顺畅，待机时间长，非常不错，满意！满分,2
很好的手表其实，功能强大！,2
用了一个星期，感觉不错，我的手机是苹果的不能看微信，还有天气预报不能自动刷新，每次都要连手机刷新，比其实较麻烦,2
东西已经收到。不错&hellip;&hellip;,2
还是不够成熟的产品，有钱人可以买来当玩具玩玩，实际功能并不算真的太强大，用的是s8，所以很多功能和手机端重复了。,1
很好，之前用黑色的，又买了个经典款，京东的包装到是很严密。,2
非常喜欢，第一天买的，京东第二天就送到了，还送了无线充，功能强大的你无法想象，值得拥有！,2
还不错，使用效果不错，挖掘更多功能中&hellip;&hellip;,2
整体来说，超出预期，不过电子产品更新换代速度很快。并不像机械表可以带很多年。看下一代吧。,1
中午到的手表，用着很满意，但刚过24点相当就降价200，感觉不爽,2
媳妇很喜欢，第二天就到了，快递也很快，功能很强大，买的42女士佩戴有点大，还好里面有个备用表带是小的，可以更换其实女士佩戴，很不错，活动也很实惠，价格便宜,2
东西不错，就是还大了点，如果表盘再小一点就更好了,2
功能强大，强力推荐。,2
超值，功能实用，没有别的选择，支付，健康离不开身，不用掏手机了，外出方便，期待未来电信开通手机功，基本手机就可以不带了,1
产品已收到，非常满意，高大上,2
试用了一下午，确实是方便，运动监测数据准确，心跳准确，配合应用非常的棒，可以用apple music听歌，配合Powerbeats 3无缝切换，满足一天的运动和娱乐休闲。,1
媳妇很满意,2
整体感觉不错能齐全，外观时尚。具体待时间还需要在观察,2
速度快很多 ， 表带没有硅胶的捂汗，很透气，续航是以前的双倍 ，特别改进很多 很好,2
的以的，不错不错值得购买,2
不错哟~续航4天没问题妥妥的,2
送礼的，感觉吧还是很不错的，就是戴着稍微有一点点大,2
东西很快就收到了不错很喜欢的一件物稍微品,2
手表很不错我很满意下次还会考虑在京东购买！,2
嗯，不错！帮别人买的。没特别看到货。,2
这是老婆容我生日礼物，我长这么大第一次收到这么令我高兴的礼物，喜欢了这个表有一段时间，坐等蜂窝功能开通，比小天才电话手表高级多了，终于能换下我的小天才了，十分感谢老婆,2
高端大气上档次，特别喜欢,2
装逼挺不错的，一天换一个表盘和表带????,2
真心不错 自营的速度还是一如既往的快 手表非常好用 各种功能都很喜欢 希望各大挺运营商能够赶紧开放Apple watch的蜂窝功能,2
东西超级好用，还是很喜欢,2
东西很好，包装好，物流快,2
挺好用的，就是可惜还不可以开通数据。,1
第一次买了，希望不要让我失望。,0
大品牌，性价比高，性能优越，质量不错错，为生活带来了很大便利，挺不错的产品，很好。,2
【当这些时尚品牌玩转触屏智能腕表，腕上型格迎来全新风潮】Apple Watch Series 3一经推出就是话题之作，不仅材质和性能上大幅提升，另外还加入了一个关键功能就是可以装载虚拟SIM卡。 （分享自@凤凰网科技） 当这些时尚品牌玩转触屏智能腕表，腕上型格迎来全新风潮 ​,1
好用，值得这其实么多钱的,2
做工很好，包装里面有短一些的表带，想的很周到，京东物流很快，双11第二天就收到货可能了,2
没有移动服务真不好,0
挺不错的，二九九七入手，第一次用有点不习惯，工业设计没得说,2
还是很不错佩戴挺舒适的不松也不紧就是感觉手上带了个屏幕时时刻刻都要小心！,2
非常满意的购物，非常喜欢！推荐！,2
给朋友买的他非常喜欢，不知道双11有优惠不我自己也买一个,2
还行吧，功能一下子就会了。希望以后开发更多有趣的软件,1
其他还还是不错。,2
不，性价比好，值得购买！,2
非常喜欢，品质如一,2
不错的东西，苹果的东西就是贵啊,2
很相当不错，实用的手表,2
关注好久了就等双十一便宜了360横满意，第一次用智能手表。还在摸索中。不知道多久出蜂窝我。手机远了就打不了电话了不知道是不是还没开通蜂窝网的原因。,2
京东说2号有货，果然2号到手，赞，手表基本符合预期，专业性和飞3还是有相当的差距，属于有硬件没功能，系统快些更迭吧，图中设备全是京东货,0
和我的S7 EDGE搭配几乎完美，手表开机就秒连，可以完美同步S 健康就不用多说了！,1
正在摸索怎么应用，现在还不错,2
还不错！回来升级4.1的系统之后好用多了！不支持FaceTime。不知道什么时候开放蜂窝数据功能？,2
很好不错很好错,2
帮朋友买的，他比较喜欢,2
Biooney 麦卢卡蜂蜜 GO100+ 50gNZ$3.95 DEL 戴 XPS 15 9560 156英寸记本电脑 （i7-7700HQ8GB、256GB GTX1050）$1129.99 Apple苹果Appl Watch Series3智能手表 GPS款 42mm 空灰合金表运动表$329微笑B TERRY 泰利 遮鹅绒光彩无暇 防晒粉底液F1535ml N1 Far eig£40.5,2
表不错有点，就是功能少点，电池不禁用！,2
广州联通发布官方消息称，将于3月 7 日于上海、天津、广州、还是深圳、郑州和长沙 6 城市率先启动Apple Watch Series 3的 eSIM（一号双终端）业务，预示着中国用户终于可以使用苹果Apple Watch Series 3接打电话了。 ​,1
非常好，续航长短看习惯吧，挺满意的,2
一始先预约了，一号等到零点抢购山东一直说货，这点对京东差评，用北京址买了让朋友给邮寄回来的，醉了！,0
这个感觉还可以 就是应该相信京东,1
11号买的，14号才有货，14号就到了。价格也比较优惠，12期免息很划算，还送了个VR眼镜，当玩具玩玩也不错。,2
非常好的一个手表 非常满意！,2
很不错，比前两代提升很多。12期免息非常人性化。推荐。,2
手表还可以吧 2天就玩够了,1
还是可以的，用起来方便，就是软件少，没有4G,1
第二天就送到 官网还要等两三周 包装很好 粉色其实不错 非常满意 对京东一直都很满意,2
电子，不错的适合男士戴。需手机单独安装软件可兼容苹果系统。,2
一直纠结买38还是2的，最后还是买了2带蜂窝的，没后悔，带着手感挺，就是买原表带太了。希望窝网络尽快开通吧，然就白买了,0
2号早上收到的，上手感觉还不错。用一段时间再来评价,2
京东11.11的活动很给力，结合PLUS会员的优惠，做到了很优惠的价格，所以毫不犹豫的入手。,2
东西不错 家里人很喜欢 赞一个人,2
装B神器，价格小贵，表带是橡胶的，不可能太好，其他都不错,2
手表是很不错的，比我之前用的苹果的要好太多，而且待电时间两天是妥妥的没问题。,2
很好，喜欢这个，非常好。不错不错。,2
时尚 大气 非常喜欢 物流很给力上午付款 下午就到了,2
蛮不错，买不起高档的机械表，这个替代下,2
不错不错是正品，功能强大，很好用，之前本来一直比较想买个表后来还是决定这个，看来我的选择不错,2
使用了一天还不错,2
还是不错的还是不错的,2
非常不错。了两块了。,2
特意用了一段时间才来评价的，外观很有质感相当，电池非常满意，三天稳稳的，常用功能都是开着的。软件确实有些少，慢慢等待更新。,2
还不错啊！！！！帅气死了！42毫米的还是感觉有点小。不知道那些2998怎么买的。我是3088买的,2
完相当美，喜欢。货运也给力,2
等了好多天终于有货了，物流很快，小哥态度很好，老实说对软件支持还不够耗电量很小，总体很好,2
刚拿到手感觉还不错，等用一段时间再来说说好坏,2
不错，用了一天了，还比较省电,2
物流没的说，就是快，活动最后一小时买的，又有优惠又能分期，真心给力，12点一过马上恢复原价，心中暗暗偷笑，唯一的遗憾就是只买到粉色的,2
第三代感觉很给力，续航也优于前面2代，不过暂时无法体验LTE功能，不知道年末什时候才能开启,2
还可以吧，不过现在蜂窝网还没有开通，而且比较不能安装qq,1
【从今天开始，你终于可以用Apple Watch Series 3上网打电话了】前不久，中国联通宣布获得 eSIM 服务运营资格，并于3月 7 日在上海、天津、广州、深圳等 6 个城市作为试点先行开放，从今天开始，大陆地区的Apple Watch Series 3用户终于可以用手表打电话了。 | 全文：http://t.cn/RERzoVB​,1
宝贝收了 看着还不错 物流超 等用用再来评,2
很不错 主要买来做健身监督,2
还不错刚上手，用比较着再来补充评论。,2
"装逼神器啊.非常喜欢,心里话,就是价格有点贵了!",2
没货 预了 等了几天 还了20块钱 表戴着还是很好看 特别适合喜欢运动的人,2
喜欢，比之前的果用的爽些。,2
还是非常好，续航长短看习惯吧，挺满意的,2
手表不错，和三星手机很配，功能全 打电话超方便 运动监测准确，装b神器(＠_＠;) 缺点 ：电池待机3天左右,2
不错，就是有点贵，,2
第一次启动配对后，米奇不报时，所以设置都设置好了，没有静音，Siri也没声音。第二次重新配对，打开了设置里的朗读屏幕，在关闭，所有声音都有了。这个棒像是个bug啊！总体感觉很不错。升级了4.1系统。电量估计用2天没问题。,2
很不错，反应快。还是,2
东西不错，就是表带带了不是很舒服，特别是夏天,2
很好玩的手表，与三星手机完美配合，且发货超快,2
其实感觉不错。正在探索中,2
【别了，SIM卡。中国联通启动一项重磅业务】据广州联通透露，联通今天在上海、天津、广州、深圳、郑州和长沙6城市率先启动Apple Watch Series 3的eSIM（一号双终端）业务。什么是eSIM？eSIM卡又称嵌入式SIM卡，简单的说就是将传统SIM卡直接嵌入到设备芯片上，而不是作为独立的可移除其实零部件加入设备中，用户无需像现在一样插入物理SIM卡。传统的Sim卡把用户锁定在一个服务网络中，而内嵌式Sim卡可以使得智能手机、平板电脑或可穿戴设备使用者避免局限在一家运营商的服务中，其可以实现立即切换其他服务网络，且无需更换Sim卡。@中国联通,1
粉色没有特别艳，有点偏肉色，但是还是骚气的。相比前代产品确实有提升。京东活动给力物流快，快递员也很负责，整体还是满意的。,2
手表不错、可惜的是蜂窝数据不能用！必须和手机一起用,2
用了一天，暂时还ok。希望可以快点用模拟卡就更加方便了！,1
很好用，很好看，功能齐全，流畅，比想象中大,2
不错很喜欢，比之前一代功能强大待机时间更长。,2
还可以其实还可以还可以.,1
很不错，如果加上一块钢化膜就最完美了,2
京东的东西很好，值得购买。,2
AppleWatchSeries3就是告诉你马上只带它和 AirPods 和 iPad Pro 就可以出门了，不办公不拍照不听歌就只用戴手表 ​,1
感觉很好！功能实用。,2
发货快 挺喜欢的,2
挺好的，不错不错吧。值得拥有/,2
用了好几天，感觉不错 很有逼格,2
挺物流太给力了，一天就送到！货已到手，还是摸索中,2
双十一入手，感觉还不错！适应很多运动场合，电量差不多两天一充，还是不错的,2
不错稍微，坚持锻炼,2
手表收到了，差s8+了,0
自营的东西放心，发稍微货也快，快递给力,2
缺点：在耐用性稳定性可靠性方面，和佳明松拓差距不小，主要体现在GPS，气压高度等传感器，还有就是潜水。这个也仅仅是防水，不像前者，运动列表里面有游泳那个项目。,0
#生活服务#苹果在官网更新了 Apple Pay 支持北京和上海公交卡的内容，无论是刷卡、充值、余额查询等都可以直接在手机上搞定，非常方便，希望今后可以支持可能更多的城市。该功能支持的设备：Apple Watch Series 1/2/3、iPhone 6 及以上（包含 iPhone SE）。 ​​​via@威锋网​,1
颜值很高的手表质感很好，就是递延迟一天，有些不爽,2
之前卖家发错了，现在换成自己喜欢的类型了，用一段时间看看怎么样。,2
不错，依旧喜欢苹果产品，希望尽快实现蜂窝网络功能！,2
没有发现刷公交卡功有点失望，其他的都还,0
挺第一次用苹果的手表，感觉还可以,1
不错，黑色酷酷的，是我喜欢的样子，女生带38的正好，待机时间一天半左右，只是现在蜂窝功能还不能用，移动合约还没签下来，多花了几百，只是按钮是红色的,2
可以，苹果表用用再说。整体感觉好,1
在黑色和粉色中选择了后者，选择没错，喜欢就有点好,2
这表没有买错，真好用，来电可以直接接听，还可以拨打。。。还可以扫码支付。关键是电池可以用两三天，从买来到现在还有百分之三十的电。,1
非常好用挺！待机很给力！喜欢,2
东西不错还在用中，段时间后追。,2
挺比较满意，充满电能用三天，就是应用少了点,2
送货很快，到后绝对亮眼，很满意表盘，炫酷到没朋友，大小也合适，表带也可以随心diy，十分满意,2
质量没的说，快递也非常给力！,2
苹果的产品就是这么简洁大方。买一款产品当作生活的润滑剂，不然生活真的蛮无聊的。其他各方面正在使用中，app还是挺少的，esim 卡也还在路上 总之实用性不太大吧！到手之后立即挺去楼下游泳池试了一下 防水挺不错的，在水里也可以看到屏幕，很 nice 总之喜欢就入手吧，实用性还是有待提升的。,2
三星的手表做的不错，很优秀用。,2
最重要的功能因为运营商还不能体验，不知道怎么评价。苹果的做工还是值得信赖的...,2
挺好的，京东送货快呀。每天记录自己的运动量，游泳试带了真的一下，效果不错！,2
根不错很不错,2
东的东西我还是相信的，自营送货也还算快，问题是，我买个苹果手表，一个上午货个是下午送，呃，一起送来不好吗？有一个严重问题，偌大的盒子里面几乎没有填充，拿一直，唉，以后能多点东西吗？包1星。他都挺好！,0
不错，就是计步器感觉不太准,2
明明说的可以独立音乐 收到不可以 醉了 客服解决说退货 难道没别的办法？,1
速度真给力 下次还会再购买,2
挺好的，还买了延保，非常喜欢,2
左AppleWatchSeries3、右新款AppleWatch全面屏设计，屏幕圆角更贴合边框，超级好看。大家感受下觉得新旧哪个好看 ​,1
除了软件差一点其它没毛病，3~4天一冲,0
很好，就是没有表带赠送,2
不错，就是京东开的发票给白纸可能一样！,2
京东物流很快，包装很好，服务很好表很漂亮是一次得购物,2
东西很好！送货也快！很好的哦！赞！希望一直保持！,2
颜值很高，价格合适，快递服务好，买了不后悔！功能也符合我的要求,0
刚刚上手，效果不错，主要用来提高效率，放下手机,2
不支持拍照，配置和系统都比之前买的gear s2好很多，做工真心好，三星值得信赖，可惜另一款没货，那个更漂亮,2
#网易财经【好消息！iPone可以刷北京的地铁公交了】 一句话iPhone 6及以上的机可，及AppleWatchSeris1、2、3三代手表包括运动，不锈钢以及ike+ HeesEiton款)上使用公交地铁卡功能。在北京地，户可以为iPhon钱用中增加一卡通，实现北京地铁和公交的NFC支付。在上海地区，用则可现公交、地铁、磁悬浮列车以及轮的NFC支付。http://t.cn/RnnDsS@网易新闻客户端#网易新闻#,1
买了两个，我们俩一人一个。很好用，再也不会漏接电话和消息！操作简单方便！信赖京东商城，电脑、手机、手表、家电都是在京东商城买的。赞赞赞,2
送儿子的生日礼物，孩子很还是喜欢，完美,2
商品到手了，还可以吧，是正品，还是现在还在摸索中，快递速度杠杠的,1
非常好用非常的完美，强烈推荐。,2
超级喜欢可能,2
式样不错，使用不频繁一天下来还有90的电,2
物流很快，手表很棒，对比第一代明显速度上去了，而且铝制的轻了许多，更适合运动，满意的购物体验！,2
有货就有点买了，京东商城自营比较放心，虽然没啥优惠！很喜欢还没用,2
很喜爱欢 还在熟悉中，就是不知道蜂窝数据什么时候可以使用,1
赠，不错。。。。得。。,2
送人的，应该还不错,2
不错，省电，准确，时尚！,2
表看着美观大气上档次。一直信任京东。质量不错，送货很快，服务很好！ 太漂亮，大气，档次高，超喜欢。 货比三家，选的也好是辛苦啊?现在除了一碗热气腾腾的拉面，在强哥这里买不到其他的，只有你想不到没有买不到? 上午下单，下午到家速度啊！看着还行 货品不错，装了实用。质量可以。是值得购买 不错不错不错！！！！！！用了还可以，刚开始用有点涩。很干净，质感也不错，价位适中，性价比一般吧。 不错 物流一天就到了 整体感觉很不错，收到就用了，挺喜欢的，这个用的好，还要买多几个。 物美价廉，用着看看吧，免去市场购物之劳 ，推荐答案 我为什么喜欢在京东买东西，因为今天买明天就可以送到。我为什么每个商品的评价都一样，因为在京东买的东西太多太多了，导致积累了很多未评价的订单，所以我统一用段话作为评价内容。京东购物这么久，有买到很好的产品，也有外表看着美观大气上档次。一直信任京东。质量不错，送货很快，服务很好！ 太漂亮，大气，档次高，超喜欢。 货比三家，买到比较坑的产品，如果我用这段话来评价，说明这款产品没问题，至少85分以上， 宝贝收到了，非常喜欢，质量很好，卖家热情，物流给力，非常愉快的一次购物，好评！,2
速度很快，产品也不错，目前还在试用。,2
很好 用我的5s配对了大半天 终于还是进去了,2
很好用，很多功能方便，不知道几家运营商eim么时候开啊！,2
手表很好看，很有质感，我是本还是来就当块手表用的，所以听歌微信什么的不是很看重，喜欢！就是没有任何赠品送，表带和无线充电器都没有送，难过！,2
感觉挺好的，快递员也很客气，很满意,2
还不错 挺好用的 推荐家购买！！！,2
用了两天感觉不错，首先就是还是快电子表。然后能打电话，发微信。挺好,2
【别了，SIM卡！联通重磅宣布，郑州等6城同时启动】3月7日上午，中国联通于上海、天津、广州、深圳、郑州和长沙6城市率先启动Apple Watch Series 3的eSIM（一号双终端）业务。Apple Watch Series 3于去年9月份正式发布，中国联通是苹果AppleWatch3在中国地区唯一的首发合作运营商 ，当时售卖的AppleWatch3已经是蜂窝网络版，只是由于国内通信技术的限制，蜂窝功能暂未开启。eSIM的商用，预示着以上6个城市用户将可以率先使用苹果Apple Watch Series 3接打电话。,1
不错！使用也挺容易！很漂亮,2
很满意！还在探索中！,2
东西不错，买了很久才能评价，先锋版长期没货，我运气好。 手表脱离不了手机，这款手表介于专业运动和娱乐数码之间，专业比不上我之前的佳明，软件支持比不上苹果，但是手表精美，整体运用很好，总的来说还是不错的。,2
没想象中的好，有点后悔,0
物流很快东西很好用电池很耐用,2
样子不错，就是有点大，胳膊比较瘦，应该全五分好评，米6使用完全适配，支持支付扫码。,2
东西不错 蛮漂亮的 颜值高,2
买了还没用，应该不错，看好了才出手的，信赖京东,2
还不错挺，就等电信运营商支持蜂窝,2
手表不錯很好是我想要的那个京东很给力物流很快,2
功少了点可以吧,1
东西收到，还不错！手感也挺好的！到时再追加使用感受！,2
苹果的东西还是不错的，就是对于我来说，功能不能很好的被展示，我就用还是了用简单功能，有点浪费了！哈哈！不过分期购买，还是不错的，没有太大压力！京东就是这么给力！,2
很好用，发货很快，质量也好，就是评价太麻烦,2
颜值高，功能还在研究中，蛮喜欢的,2
最好的新年礼物 晚上下单 第二天早上就到了 还有12期免息非常满意！,2
东西收到啦，东哥速度，值得信赖。买的送人的，没有打开包装，不过朋友反应，确实很不错。就是价格没有降，有点小贵。,2
东西不错，就是选的了,2
这是最好的智能穿戴手表了，屏幕显示没的说太棒了，功能丰富，你的活动情况会提醒，关心太贴切了，用上了就离不开了，最想手表的表，表盘也多，续航也棒，能用2到3天没问题，那个旋转的齿轮是我最喜欢的，买了不后悔，能买到很幸福。表带也好换，算是很完美了，多方面都照顾到了。,2
速度超级快！东西很好,2
这个手表确实不错，表盘也比较大气！现在唯一的缺点就是糟一个pay.,2
手表不错 行货带票 售后叫人放心,2
很好，很大气&hellip;&hellip;,2
很好看，也很好用。值得购买,2
好，很好，非常好，苹果手表就是好,2
不错手感真好，显示也很不错，慢慢体会更能吧！,2
就因为喜欢样子买的 买来用了几天 还好 功能不少 应用么。。。不多 够用了，待机三天左右 听听歌什么的就是一天多两天这样,2
物价廉，净素雅，值得拥有。,2
比双十一价格贵一些，无所谓了。说实话，新一代的手表还真的不错，续航有提高，功能有进步。总的来说，用了那么多智能手表，还只有苹果的最好用。,2
虽然蜂窝网络还没可以用，但起码比我旧的手表续航强多了，看了下battery life有400mah的电池,1
自己还是喜欢。本次送货.....,2
习惯性好评东西不错，值这个价,2
很不错，挺好的，喜欢喜欢喜欢,2
Apple Watch Series 3蜂窝网络终于可以用啦！前提是……Apple Watch Series 3蜂窝网络终于可以用啦！前提是…… ​,1
总体还不错~只不过现在还只能蓝牙连接~不知道运营商什么时候才能开,2
很好很强大 毕竟是苹果 了有好几天了 两天一冲根本没题 心也很好,2
不得不说京东还是给力 一点也不用等 分期付也没有手续费,2
很不错，感觉很好电量够一天使用。期待移动LTE能快点在表上用,2
苹果（ppl）WathSeries3智能手表GPS+窝网络38毫米盘 运动型表东自营，2点特价至299。新版的ApleWah可以不连手机的情下打电话，有了这个功能出门运动不手再也不用担心别人联系不上了。目前联通已在部分城市，开通了服，电信、移动估也快了htp://t.cngRyuPz,1
不错挺好的示晰，运行速度快！拿回来80%多的电用了4多小时！各种提恰到好处！第一次用很多功能还在摸索中,2
京东实体店买的 物流超快 质量特别 不错,2
功能不能全部实现，享受苹果退货服务了。,0
手表还可以吧，贴了膜，,1
还行，就是表带太low,1
表太酷了，我特别喜欢。,2
还不错挺,2
用了一周，感觉不错,2
明明说的可以独立音有点乐 收到不可以 醉了 客服解决说退货 难道没别的办法？,1
不错手感真好，显可能示也很不错，慢慢体会更能吧！,2
还可能可以哦，，，，，，，操作还不太会用。。。。。。。。。,1
手机很喜欢，但貌似买的有点大了,2
表颜值还是不错的，只可惜三星做软件真是差啊，能用的APP实在少的可怜，自带的语音控制也不好使,0
在黑色和粉色中选择了后者，选择没错，喜欢就好,2
表做工不错，功能有待研究，,2
用了两个多月，觉还行吧。,1
和想象还是中一样给力，总的很不错，只不过应用软件真心少,2
很不错，机器手感好，就是软件少点，和比较苹果链接，有失联现象,2
不错不错，装x有点专用,2
黑色很喜欢很多功能需要摸索,2
还不错 就是第一次连接手机要重启 不然连不上 有可能是黑域或者空调狗等造成的,2
心动已久终于到手的，很是喜欢。。,2
用了一段时间非常了，感觉很不错,2
用了一个星期才来评价，虽然没比较有我想象中的智能手表中的功能，不过各种健康数据的监控还是很到位了，外观大方，佩戴方便，正常佩戴电量可以使用2天,1
很不错，去了苹果实体店看了，太多人，还是在京东买好了。,2
非常好，看起来非常很高大上，虽然我是苹果手机，但是用的也该蛮不错的,2
没有带膜，非常不错的玩具,2
带了一段时间。不错,2
还不错第一次用iWatch，双十一满减卷便宜了一点很喜欢,2
很喜欢，想换什么风格就换什么风格，分量很足，满意,2
比较了一代和三代，感觉还是三代好，用了这么多天才评价，只死机了一次，其他都可以，最大问题就是充电了，基本上每天一冲，其他还可以，颜色也漂亮，京东比实体店要便宜，专门去比较了一下价格是官网价格还没有活动。唯一要吐槽的就是plus会员，领了券24小时内使用，那么小的字根本看不到。不过京东还是很可爱的，值得信赖！,1
我好漂亮哦这个真的可以。,1
不错，终于有货了,2
颜值高，app还太少，总体不错。。。,2
手不错快员特别准时只是有一些功能还整白,2
非常不错的产品，流畅，功能多，老婆很其实喜欢,2
帮朋友买的，真的功能很多，朋友很喜欢。,2
2499露手的，还送一个原厂的充电器，非常不错,2
手表反应速度很快，待机时间实测将近可以使用三天，当然是普通程度使用，打电话开GPS只能一天。,1
高端、大气、上档次！没有别的语言可以形容这款手表了。,1
物流非常给力！当天下午就到了，原来可以换表带的。手腕小也可以带上不过女生还是买38可能吧,1
手表到手用了一段时间了，外观可以，续电可以，头一次试水智能穿戴设备，体验不错。就是功能还有待提升。因购的是经典款，貌似各商家都缺货，当然货以奇为贵，入手价格一分没优惠，也没赠品。希望今后出更好、更多的智能产品。,1
电话、微信提示蛮方便，喜欢。通话声音，在家里接打效果还是很不错的，其他场合还未试过。坐等运营商开通网络服务！再有，给京东点赞，保价靠谱！相当下单后，第二天降价，联系在线客服，很快帮忙补了差价。给送货速度、售后服务点赞！,2
入手的这段时间，一直在体各种提醒很棒，特别是微信提醒，我感觉很棒，智能手表对活很补助，刚到手那一会，沉甸一打开很亮眼，值得入手，接下来就等蜂窝数据了，很，赞,2
还是比较不错的，我好喜欢,2
帮朋友在京东上买的，感觉很好，用了一段时间，朋友的反馈也很好，京东都是正品，相信京东物流很快，服务很好棒棒的。,2
给老婆买的，她很喜欢，很好,2
感觉不错，现实性明显，充电很快，开个plus送了减一百的优惠活动，再反了京豆1500左右，这波不亏，白条免息没用，手表正在试用还未发现异常，一周之后返回用户体验，沈阳本地仓有货,2
非真的常满意的一款产品，个人觉得很满意很喜欢，反应速度也不错，就是不能记步数，很郁闷,2
颜值高和note8完美相当配合很喜欢，有一个问题就是手腕太细，表带孔不够用。，怎么办？,2
非常满意，各方面都很不错，还需要花时间研究，一定要找不足就是不够重，少了点厚重感觉，等s4吧，微信微信什么时候能完全支持啊！,2
还是不错的功能很强大&hellip;&hellip;,2
送货快，开车时用挺方便的，可以语音拨打电话。,1
不错，好东西！国产货啥时候才能出头之日啊！？,2
昨天刚到手，又多了几券可以抵扣不知道十一会有活动没，有点心塞，期待运营商能快点开通蜂窝能,1
功能齐全，最主要可以接打电话，是绝对的装B神器，京东自营服务一流，赞\(≧▽≦)/,1
很好 保真很方便的很好用哇,2
快递很快，买了两天感觉不错，一直想买，双十一正好拿下,2
不错还可以错很喜欢，但是比想象中的要厚些,2
很不错的手表，外观要强苹果太多，表盘很多，很酷炫。运动检测功能很好,2
很好，很漂亮，送的东西也很完整，物流超快,2
感觉还不错，就是表盘有点松，不知道本来就是这样。还是怎么回事,2
用着很不错，太棒了，一下子方便了很多！,2
包装完好，好的客户非常满意，,2
喜欢?，然而退了note7换了小米，竟然不支持???,2
ppleWatcSeris 3主推能之一：支e-SIM卡，可以独立通话 ​,1
比较满意，功能强大，唯一的不足是没有指南针,2
灰常喜欢，拿起来就带，电还没有充，有点得瑟,2
感觉很好！,2
可以，功能都很实用。个人感觉是安卓系统最好的智能手表了,1
非常喜欢，每天都要完成任务，坐等网络开通,2
二代用的就很好 三代电池更耐用了 蜂窝也不急了 什么时候出再用,2
逼格满满的，非常喜欢！！！！,2
个人推荐经典版，特别是上班族适合，之前买过黑色的，因为太休闲了，而且感觉太大了，换了银色的好了很多，还有推荐换皮带，原装的皮带实在太厚太硬了,2
非常用，颜也好看，推送很方便，蓝牙距离也够远，复式楼都可以覆盖到。,1
东可能西不错，如果正常看时间能用3-4天，很多功能还不太完善，希望以后更进，支持的软件也不多，微信也回复不了，只能看，三星支付也用不了，总之颜值很高，就是太贵，性价比不高，估计也会很快降价。好看的表盘也费电。,2
手机戴了几天 整体使用效果还是挺不错的 个人认为有点重 配套的表带比较硬不柔软 软件与表盘的安装需要手机比较麻烦 音乐同步也需要电脑的支持 不过对于我这种电脑工作者还好 总体来说还是值得购买的一款好产品,2
很不错的购物体验，不错不错，??????????????????,2
功能性很好&hellip;续航基本是一天一充,2
发货包装一般，子里没有充物，我这么一电子产品，就那么大的盒子晃来晃去的几百公里路。,1
真是不错的，优惠了211元,2
送货速度就是快，东西很好信赖京东，今天的酒又到了,2
给力，先锋版比经典版好看哟，转盘段落感很好！！！配合s8很给力！！！,2
三星的东西一直喜欢，不用问我为什么。,2
挺不错的，就是不知道三星pay能不能用可能,2
每件仅需2456.00元，2人成团，立减81元/件。【京东拼购】购品质，省更多。【仅差1人】苹果智能手表Apple Watch Series 3三代 iwatch GPS+蜂窝网络款 原装 铝金属 金色+粉色运动表带38mmht其实tp://t.cn/R3luAcp​,0
京东物流很快，包装的不错，手机没到还没用，以后追评。,2
商品很不错，还相当没玩熟练,2
不错了，是我喜欢的款,2
真的很好，大气其实,2
很好不错 做非常棒比出门问问强了,2
特意用可能了一个月过来，很不错。,2
很炫酷，现在还在学习使用还是中，快递很给力,2
用还行 基本上三天一冲 步数心率准的,1
东东还不错吧，孩子买的，已经带走了,2
东西不错。买了38的，手腕16.5，照镜子看略小，换个皮带看会不会稍微好些。,2
东西是好东西，就是了几天之后可以领券减120，不爽。有点,1
个人觉得Garmin的fenix 5X 比Applewatch3功能🐂X太多 张家港市 ​,2
目前還算滿意，有很多可以試的,1
中午到的手表，用着很满意，但刚过24点就降价200，感觉不爽,2
东西不错 严重比较高 就是软件比较少,2
真是太喜欢了，方便好用。等到货等的花儿?都谢了，还以为先预定会有优惠，其实跟双十一活动一样。但是很喜欢?，很方便，开车打电话??也超OK。棒棒哒????,2
手表不错、可惜的是蜂窝数据不能用稍微！必须和手机一起用,2
很好 显示清楚 测量准确,2
一大早就送来了，我特支持京东送货及时；外观看似还不错，东西我还没打开看，暂时不打开,2
快递很快，东西不错，38男的带有点偏小,2
还没打开，送朋友的，应该不错，相信京东,2
非常喜欢一款手表,2
后还会买 西不错还不会玩慢慢来吧,2
银色的AppleWatchseries3，怎么样 就是38小了点，打开应用的速度比前几个月的GPS版快多了，Siri，语音识别的反应速度都可以。我们这很少看到有人用AppleWatch和airpods的。 诸暨·暨阳街区 ​,1
比官网快，还能用代金券，对象特别喜欢??????,2
非常不错的哦,2
还不错吧！京东送货飞快！,2
还不错，特别给老婆买点，配x用。zzz,2
Apple Watch 3的续航时间还是让我非常满意的，因为没有过上一代不知道对比情况如何。反正今天是上午九点半出门上班，一直到现在这个点还有90%的电量。当然你也可以认为我是一个轻度用户，但是对于大部分用户来说显示更丰富的信息+连接iPhone 提供的提醒服务，传统使用频率下还是很可以的。 ​,1
看了一段时间了，有活动出手的，还能分期免息。每天的任务就是把外圈合上，哈哈，真不错！,2
不错，虽然贵了点但值得购买,2
趁着活动下的单，灰色的也很好看，颜色没有想象中那么浅。戴起来觉得还是稍小一点，应该再出一款45毫米的，呵呵~~,2
手表主要买来监测心率，用着感觉很好！因为在摸索功能，所以电池用得很快，估计一天半是不成问题的。江苏这边蜂窝功能还不能用，希望苹特别果公司尽快和移动交涉，让我早日体会新功能！,2
好的，特别喜欢，可惜过了7天不能保价了,2
不错很好 一直担心真的表盘会大 还行带上很合适 喜欢,2
上午拍的，下午就送达了，大爱，喜爱欢，新东西总是不会用，客服态度非常很好，有问必答，收表功能太强大了,2
这三款智手表推荐下，很纠结了，分别是ihigs ativit、Samsunge s3AppleWachSeries3​,2
还好不错,2
非常好、非常喜欢、非常时尚！,2
非常不错的手表挺,2
很好 很强大 准备向朋友推荐 好东东要分享,2
超级喜欢 期待开启蜂窝据功能 很好用,2
非常喜欢，本来还担心表带不好看，没想到这个颜色很合适。几乎所有电子其实商品都在京东买，值得信赖。,2
很好玩，很细腻的oled 屏幕，功能强大，苹果的东西就是让人爱不释手！京东买东西放心。,2
还不错 唯一不爽的就不能多送两个表带什么的。,2
第一次在京东买东西 非常满意,2
非常满意的产品，之前犹豫了很久，到手了觉得还是很值得,2
很不错物流很，速度快 东西好。,2
【苹果手表正式支持中国联通“一号双终端”：6大城市率先开通】3月7日，中国联通举办了“一号双终端，唯沃先行”首发仪式，正式宣布联通国内首发Apple Watch Series 3的eSIM和LTE功能。即日起，在上海、天津、广州、深圳、郑州、长沙6座城市，同时拥有联通卡手机和Apple Watch Series 3的用户，可以去当地的联通营业厅开通“一号双终端”业务。据联通介绍，用户开通该业务只需要添加一个eSIM附属智能设备，让手机和手表共享同一个电话号码和流量套餐即可。http://t.cn/REQEkeM,1
东西太好了，特别喜欢！,2
比第一代好用很多。速度快，戴在手腕上更舒服了。推荐！,2
不错 就是稍微测心跳频率的经常测不出来 待机时间也不长。,2
价格给力，天在圈?，开车戴着打电话也挺，不过觉音量最大还不够大快递第二天就到了，很给力！,2
【从今天开始，你终于可以用Apple Watch Series 3上网打电话了】经过简单体验，AppleWatch无论是听歌还是打电话都表现良好，网络速度很稳定。 从今天开始，你终于可以用Apple Watch Series 3上网打电话了 ​,1
据分析师称，AppleWatch继续成为全球最受欢迎的智能手表。IDC估计，上个季度全球Apple Watch的出货量总计达800万台，这也是该时期最畅销的可穿戴设备。这家研究公司表示，上个季度出货的每5件可穿戴设备中就有一件是苹果手表，这是因为去年9月推出的Apple Watch Series 3新系列的实力。根据IDC的数据，比较而言，Fitbit报告上季销售540万件可穿戴设备，小米则出货490万件。据估计，41％的智能手表出货量来自小型供应商，分为其他类别。可穿戴设备市场包括Fitbit和小米等几款廉价的健身追踪器，Apple Watch的起价为329美元，适用于Series 1的机型，所以它的确是苹果和橙子的比较。出于这个原因，MacRumors还向IDC提供了智能手表的特定数据，它将智能手表定义为可本机运行第三方应用的可穿戴设备。数据显示，上个季度Apple Watch占全球智能手表出货量的61％，没有任何一家竞争对手即将到货。根据IDC的数据，三星的市场份额仅为8.4％，尽管该季度包含了利润丰厚的假日购物季。从前景来看，2017年出货的1770万台苹果手表比去年所有智能手表的总和还要多。三星，Garmin，Fossil和Continental Wireless主要销售中国的儿童手表，去年累计出货量达到1560万个智能手表。IDC高级研究分析师Jitesh Ubrani表示：“消费者的偏好已经转向了更复杂的设备，并转向了知名品牌，”就像Apple Watch一样。 “这是由于2016年以来可穿戴设备市场的平均销售价格出现了健康的两位数增长。”苹果并没有像iPhone，iPad和Mac那样突破Apple Watch的销售。相反，它将可穿戴设备与Apple TV，AirPods，Beats，iPods，配件以及即将推出的HomePods一起归入“其他产品”类别。在上个月的收益电话会上，苹果首席执行官蒂姆库克表示，苹果手表在2017年第四季度创下了有史以来的最佳季度，收入和销售量连续第四个季度增长超过50％，强劲的两位数苹果追踪的每个地理区域的增长。库克补充说，苹果Watch系列3型号的销量也是去年同期系列2型号的两倍以上。苹果分析师密切关注苹果公司的财报和其他线索以估计苹果手表的销售额，与IDC的总计相似。 Creative Strategies的Ben Bajarin估计去年苹果手表的出货量总计达到了1740万部，而Asymco的Horace Dediu则达到了1770万部。据IDC的Francisco Jeronimo称，苹果手表的出货量在上季度首次超过所有瑞士手表品牌，换句话说，苹果现在是全球最大的手表制造商。消息来自MacRumors#美剧迷玩数码#,0
蜂窝还是不能用，和想象差距很其实大,0
还可以吧不知道质量怎么样帮朋友买的,1
挺满意的，配合手机不错，可以看图，跟踪微信，但电话还不能打。,2
还不错哦！本来想等最新一代的，可真的是今年根本没出...,2
以为电子表很轻，然后拿到后质感不错，快递也挺快的基本是今天下单明早到，这个值得表扬；但是快递过程中这么暴力好么，要是出问题了找谁去？3288买的，不知道其他小伙伴的怎样，仅供参考。,2
太喜欢了，颜值超高，就是电量有点不够用，试下来，两天一充。,2
手表外观不错，显示清晰，接替了拓野3作为日常佩戴的表，但是续航不行，心率测得的数据和心率带比有出入，所以长时间的运动和活动还是会挂着拓野3记录GPS航迹。,2
一直想买，到手了玩了两天发现没兴趣了！不过东西还是很好的。也没有传说中的这么费电。,2
质量很好 送货很快 多快好省 信赖京东！ 质量非常好 送货非常快 多快好省 非常信赖京东！质量超级好 送货超级快 多快好省 超级信赖京东！,2
挺不错的，各方面都满意。昨天到货充电到现在还有63%心率各种通知都开通，接牙很不的体验，配S6不错就着出ote8 或者ote7R了。,2
不错，不知道时间长了会怎么样,2
自营服还不错，速度很快，看着还错，得荐,2
跟自己想的也差不多，就是表带有点不太好，特别容易沾脏东西，还是换个其他表带比较好,0
电稍微量充足，可以用一整天，戴的舒服,1
带起来很舒服，功能使用～满电大概能用3天，很满意,2
非常满意，用的挺好就是蜂窝还用不了，Npc支持的地方太少了,2
东西不错操作上么是不算简便，可玩性不错,2
最给力的就是电池，重度应用可以坚持2天，轻度应用非常满意。,2
还不错，续航也还可以，就是gps不是很好用,2
很好正品。不错，抢到就是开心。,2
东西不错，功能比我想象的强大，电池能用50小时，链接s8+比较完美，不会漏掉短信电话,2
给打电话说到了，我说让送到楼上，我出去等着了，住会来电话，说给别人去送去了，OK第一次忍了，第二次又给我打电话，然后我就出去了等着了，等了5分钟以后我给他打电话，他说到了这就到了，然后我在等一直等了16分钟，之后我给他打电话，他说放在酒店前台了，呵呵，连需要验证的码都不要，京东可以啊连着两天同一个配送员，感觉以后买东西更会倾向于别的地方，自营的体验说实话太不爽了。,1
帅炸，非常喜欢，之前纠结佳明和颂拓，想想非专业人士这款应该足矣果然让我很满意,2
不错，时尚,2
目前看起来不错，不过还不能用蜂窝网相当络,2
可以建议不选蜂 窝数据版,1
还行吧，就那么回事，以前没用过，感觉就一玩具,1
可以的可以用两天。。。。。,1
在 iPhone X 的光芒下，可能许多人都遗忘Apple Watch Series 3了，但无论怎么样，苹果手表都是一个非常受欢迎的产品，不过日前比较却曝出了一个大 Bug。 这个机好像不错的秒拍视频 ​,2
不错，挺好用的，双11价格挺便宜的,2
AppleWatch3真的挺省电的，一早上用到现在才耗电26%，当然，你要对智能手表有所定义，它毕竟不是传统手表，也不是智能手机。我觉得这个续航在当下我已经非常满意了。 ​,2
产品新动态1.小米「米家石英表」正式发布，被称作是腕上的科技与美学2.AppleWatchSeries4 与前代比屏幕增大了15%3.小米第二款Android one手机小米A2 将于7月24日在西班牙发布4.LG与苹果达成协议 将为秋季的新iPhone提供OLED屏5.区块链或是HTC的“药神”，HTC即将发新机Exodus6.苹果发布新笔记本，体现了PC萧条时代的守成和平7.OPPO Find X京东首发，47秒破万台互联网大事件1.百度不服东方IC案判决将上诉 暗指今日头条背后推动2.Ofo海外业务一减再减3.京东物流搭建全球智慧供应链基础网络，十年内物流成本已降低50%4.摩拜宣布与日本富士急集团合作，将在富士山地区投入运营5.饿了么宣布上海日交易额破亿 新零售业务涨40%投融资1.美的集团持有小米近一亿股，市值接近约18.29亿元2.乐视网上半年预计亏损11.05亿元-11.1亿元3.中国移动将与小米达成战略合作，共同拓展5G、物联网等市场4.二手奢饰品商家会麦科技完成数百万天使轮融资5.美国住宅租赁营销平台Nestio已获得450万美元B轮融资,0
东西还可以，就是不知道要不要贴膜,1
确实不错。电量表盘都很给力。但是ios支持不太好，支付 宝不支持,2
手表比较用着很方便 可以直接查看手机的信息 掏手机的频率明显减少了 等待后续开启运营商蜂窝网络后就更加便捷了。,1
太强大了，很喜欢。,2
为了配s7e买的，很好用.3.表盘超酷der,2
不错，到货速度快，还比较实用，除了蜂窝通信不能用其他都还好q,2
手表不错，很有质感，带在手上很有档次！！,2
第一次买智能手表，确实不错！对得起这个价格！戴起来很有质感，很多功能还在摸索中，满意,2
手表还没有用，上午下单下午就送到了也就京东可以！很完美有点,1
挺还行吧 没有什么实际应用 瞎带,1
京东物流给力给力给力手表比s3小一点大小刚好外观漂亮智能表的关键电池续航不知道怎样,2
东西还不错。只是还不支持移动网。希望早点运营商支持。稍微等的花儿都谢了。这些健康功能有啥用呢。没一个官方说法，听听星月。这个价格也不便宜。,2
超级大的一个箱子 用着很好哟,2
东确实挺好的，就是没有通网络。 很棒喜欢,2
很不错希望早日开通数据功能！,2
拿到就迫不及待拆开了，先开始死活连不上，总之还是不错的，挺喜欢的,2
还错，第一款watch，功很强，第一次带着它游泳，体验可以,1
#天津资讯#【未来天津将无卡！重温SIM卡的前世今生】3月7日，中国联通宣布：将在上海、天津、广州、深圳、郑州、长沙6城率先启动“eSIM一号双终端”业务！这也预示着中国用户可以使用苹果Apple Watch Series 3接打电话。未来的通讯世界，终将进入“无卡时代”！未来将无卡！重温SIM卡的前世今生 ​,1
感觉还不错！希望蜂窝数据功能能日开！,2
年会奖品，还没开封，看着不错,2
优点：和iPhone连接也是很完美的，应用目前只有支付婊不支持ios绑定，S Voice语音助手暂时用不到，电话也能控制，各种手机应用通知都能收到，总之很喜欢的一个玩具。,2
很好，就是远了就没信号了。快点开通3G吧,2
非常非常喜欢 波折终等到,2
第一次接触苹果手表，好是好，电量真的不耐用，，再有的是网络真的不知道什么时候可以用上，有些人想要的，真的想清楚。,1
关注了很久，好有点不容易国行有货，喜欢,2
很喜欢 逼格满满,2
苹果的东西确实不错，感觉很流畅方便,2
还可以！物流很快哦！！！,1
可以，就是表盘比想象中要大。,1
可以很满意，质量不错，快递很快，正品保证,2
大表盘 超帅 很喜欢,2
期待已久，终于可以看到它了???,1
表带太笨了，表带还是苹果好用，功能转的很好，苹果Siri也很好，苹果时间多样化比较时用.....,2
很快就收到你很好,2
怎么说呢，外观无敌，比aw好看多了。一直想买，乘着国庆节给自己买了。生态不行，没几个可以用的软件，不过我也基本不用，用来记录健康，锻炼。,1
送真的人的，应该不错,2
把AppleWatchSeries3放到购物车里，天天有空就舔一遍，生活真美好。 ​,2
续航能力一般，如果每天开车多电话多，就一天勉强支持,1
电量给力，表盘很多，很漂亮,2
最喜欢的羽毛球没有专门的运动模式，用室内跑步档貌似不是太准。,2
表本身不错，然而原装表很水，硅胶很容易弄脏，要门再配一个,2
买了用了好几天才来评价，我一般用待机3天没的问题，很不错，外观完全感觉不到是电子表，机械腕表的质感。我用的苹果系统，短信微信无法在手边上回复，试了安卓系统的可以，苹果 支河付蟹宝无法绑定，安卓可以，IOS的适配度还是没的安卓好，不过没关系，反正是准备换三星S8的，手表早买早享受。,1
这个礼物 我喜欢，不过APPLE WATCH SERIES 3移动版本的啥时候才可以支持蜂窝网络啊 ​,2
包装结实，Apple的产品不用多阐述，质量不错,2
很好。装逼利器，就等蜂窝网了。哈哈哈哈哈,2
物有所值，还是很不错的，但电量一般，同步音乐速度一般，期待蜂窝数据尽快投入应用。,1
目前用着还可以噻！,1
很还可以错很不错很不错很不错就不错,2
手表很不错，很好看，也很好用,2
正品 物流很快 很漂亮 大概2天一充电 可以打电话 现在打电话基本用它 很方便,1
不错，挺喜欢的，准备换个表了，38mm的真够的。?,2
一天就了很满意非常不错,2
很好，快递非常快，还没使用，用后追评,2
东西很好快递很给力！,2
同样的价包装差距，运输保护差这么多,0
手表漂亮大气，送的无线充电也不错，有两个无线充电底座,2
不错，是正品，用着挺好，就是打电话有点费劲！,2
不错不错，支持三星呸，但是国内还没开通这个服务，用了很久了，各方面都感觉还不错，京东还送了七色表带。真好。,2
比较满意,2
她很喜欢，样子不错，升级到4.1系统加手机配对搞了一挺个半小时。,2
Apple苹果Apple Watch Series 3智能手表 蜂窝网络版 黑色38mm 送硅胶运动腕带新低￥2988包邮 可12期免息|目前蜂窝网络功能已上线，目前京东商城黑色38mm售价￥2988包邮，同时赠送硅胶运动腕带，同时支持12期白条免息，喜欢的菜友不要错过。苹果正式发布Ahttp://t.cn/REQCgAY​,2
不错，好多功能还在摸索中，就是续航能力不足，两天冲一次电,2
手表不错，电池也很难用,2
不错不错，可惜没苹果用不其实到,2
使用中，感觉还不错，意思,2
iPhone小助理！macys.com【Apple Watch Series 3GPS 促销】立减$50，低至$279。http://t.cn/RBGULrgSeries3采用了S3双核处理器+W2芯片，流畅度大幅提升，内建GPS/GLONASS、气压高度计，支持50m防水。AppleWatch不仅可以检测运动数据和心率，很多时候也能代替iPhone完成日常的短信、电话、查看App推送、ApplePay等功能，综合体验十分出色。,1
有点厚其他蛮不错的,2
昨天下单 今天就到了 度很快 东西很漂亮 很喜欢 不过直接个袋子装有点简陋 以后望包个盒子。总体很好 第一次用的白条 很赞,2
很不错，包装完好，发货快，快递速度一天收到，很满意，手表用的不错，安装速度太慢。,2
很好的东西，还便宜，下次如果需要的还会相当再买的。。,2
非常好的手表，超级喜欢，包装最好的苹果有点,2
东西很好，快递很给力！,2
好评，东西收到了，很好哦，很喜欢，赞个！老客户了啊，希望以后有更多好东东,2
观望了很久，还是忍不住双11京东的优惠下手了，不错，先用用看,2
速度不是一般快，昨天下单今天就到，就是还没有Esim卡，期待运营商赶紧推出，外包装好像是在打广告。,1
送货还是比较快捷的，可以。,1
一直没货，突然发现到货一个，立即抢购比想象中要大些，不过还是能接受的这货真心强大，百度地图可以用，个很好。aiay也可以用，样虽暂时不能用amsug pay，也可以弥补一毕竟alia也方便常用。下载了好多表盘，每天可以换，真不错。,1
个人推荐经典版，特非常别是上班族适合，之前买过黑色的，因为太休闲了，而且感觉太大了，换了银色的好了很多，还有推荐换皮带，原装的皮带实在太厚太硬了,2
#TechVulcans##挺Apple Watch#下雨天的Apple Watch Series 3 ​,1
真心喜欢啊，功能特使用的，子酷爆了！！,2
东西很不错特别！！！！！！！！！！！,2
没什么用其实 本来想着能打电话也不错 结果说年底能提供的服务又变成了明年。不知道明年什么时候。东西倒是没什么问题,2
东西不错，已经用了两天了，功能还都比较实用，就是还没有蜂窝网络。,2
送货及时，东西不错，包装完整，好东西。,2
京东的速度绝对值得称赞！！晚上定的第二天一早就到了！手表很精致，包装精美，和预期一样。和手机连接需要研究一会儿！总体都蛮好,2
手表不錯好是我想要的那个京东很给力物流很快,2
大厂还是不一样，做工精细颜值爆表，比苹果好太多了！续航能力超预期，还还是能随便换表带很喜欢，和S8完美搭配&hellip;,2
非常的不错,2
爱不释手 非常漂亮 带着也很舒适 不像机械表笨重 科技感十足 唯一缺点是 表面容易磨花 也没有好的钢化膜可以适配,1
非常不错，值得入手?,2
男友很喜欢，表很好看,2
比aw好看多了。。真心喜欢圆表盘,2
货到了 包装 大的吓人以为送啥东西了 京东速度赞 特别包装防震赞 快递员赞 手表先带着看看咋样 值得买 好看还能消遣下,2
功能都有 微信可以看但回复不了 也不会在手表上回复,1
刚收到，感觉棒棒。希望后续满意,2
很好用。安逸，和手机一起更好。,2
不错，挺好还在研究合适小玩意儿，京相当东物流就是快，与s8完美兼容,2
很喜欢，发货特别，就是我不会用，还得慢慢研究,2
手表不错，记挺录也很充分，我不是三星手机用起来也很舒服,2
期待期待！京东就是给力！当天下单当天就到！苹果产品没得说！拿到手就感觉这就是我想要的！晒晒！,2
相当不错。很满意。送货速度快,2
挺好的哈哈哈哈但是我还么怎么。电池续能力我得不很久。 手机有时候没开蓝牙没开Wi-Fi但是手表也可以用。但是我了数据流量。 嗯。以购买吧哈哈哈哈,1
特意用了两天才来评价，这是对自己和大家的负有点责！宝贝质量不错，很喜欢了。谢谢掌柜。一个字好，两个字很好，三个字太好了！哈哈&hellip;&hellip;,2
还不错。 买一个会员。,2
强烈推荐！重量合适，无线充电功能很全，配上*随身携带，方便安全。各种表盘风格随心选择，相当于买了不同的样式、不同的心情，而且买智能表是趋势，还节约不少。准备晚上出去浪?,2
外观很好，做工也不错，比较满意，喜欢。,2
东西不错，超值，值得推荐！,2
还不错，应该是正品，电量真的2天没问题！,2
还不错有大了过带着气。还在研究使用方法和。感觉不错?,2
还在探索中，用起来还行，很方便,1
不错，颜色喜欢，适合男生带。其他功能还在研究中。查了一特别下是正品，全新的。京东自营值得信赖！,2
很好，很满意！,2
这个运动可以坚持天，如果要运一会就不行了！,1
不错，送给女朋友的，很喜欢，京东的物流也黑了，第二天就到了，是正品，和官网上面一个价，强烈推荐！,2
好用又实用，逼格高就是表带不太好居然是塑料的，让人感觉很廉价这个表带我给差评&hellip;&hellip;,0
目前来说很好用 屏幕也不错 后来才发现屏幕居然比佳明旗舰的都好 我本来只想测心率随便买的 总之用起来很好 没有违和感 也挑不出什么毛病,2
第二次购买，感觉不错，送的膜贴不是很好。,2
还是手表很好，每天都在带！,2
我很喜欢，比一代强，哈哈，效果好,2
很好，送给弟弟的弟弟很喜欢,2
很好用，蘋果公司的產品很好！,2
用抵扣券后不到3k到手，双十一之前的当机立断，挺满意，只等移动的电话功能开通了,2
Apple Watch Series 3发布，显著改变就是加入了蜂窝数据网络，数码表冠上加了红点。所以买watch当然要买蜂窝版啦！手表有了自己的网络之后，单独的通讯功能成了一大卖点，即便手机关机了，它也能单独接打电话 送货非常快 第二天就到了。 粉金色也很显档次，非常喜欢。 苹果一贯的精致产品 推荐果粉入手,2
#沃分享#一卡双终端，唯沃先行！联通率先实现Apple Watch Series 3，之所以说它牛，根本原因就在这一点：它能独立使用蜂窝网络哦~！更多详细请咨询http://t.cn/REudn7l#沃的百分努力，只为您10分满意。#​,2
很喜欢这个手表??哈哈哈哈,2
买来一个周了，结果才用了几天手表??的屏非常幕就已经出现了可见的点状划痕，还是有些小失望。,0
本来想买玫瑰色 就是切换看了一眼的瞬间就没货了 黑色也不错 除了蜂其实窝数据没有运营商支持以外其他都很好,2
才收到货，赠品多多很满意，手表也漂亮，比苹果的小天才好看多了。,2
挺好的，用了几天，还不错，开始待机不太给力，后来好了，能坚持一天多,2
很好啊很好啊好啊啊啊啊！,2
很好的很好的很好的的,2
宝贝收到了很不错哦！下次还会再来的哦,2
还不错的设计 挺好的,2
很好用 常亮稍微也能待机2天 转盘有点松不过不影响,2
不错赞一个相当。,2
还是很不错佩戴挺舒适的不松非常也不紧就是感觉手上带了个屏幕时时刻刻都要小心！,2
正在试用中，，，感觉还可以,1
宝贝到了很激动，果然颜值不错，充满电差不多可以四天吧！当然我也不一直把玩！很满意的一次购物经历,2
非常不错，做工精致，续航能力还可以，表带柔软，京东送货超级快，服务好，保证全新正品，作为老顾客非常满意！赞赞赞,2
先和退役gear fit放一起，拆包，上手，很喜欢，很霸气，应用确实少了一点，期待以后能多些。最期待的还是Samsung pay，希望国行快速上线,2
附加程序太多，一些从来不用的程序删除不了，每次找程序的时候都有些困难。灰色表带看起来偏白太多。如果可以的话还是选择黑的会更好些。,1
applewatch3还没感受过手表单独打电话，就已经结束了。 @中国移动​,0
"苹果公司的分析师Ming-Chi Kuo已经确认了苹果公司计划在2018年推出三款全新的iPhone手机以及一对更新的AirPods。但是由于他最新的研究报告，有关即将推出的iPad比较和AppleWatch系列的各种细节已经曝光,Kuo再一次证实了之前声称尺寸更大的产品，尽管现在规定的确切尺寸：较小型号为1.57英寸，较大型号为1.78英寸。相比之下，目前的Apple Watch Series 3提供1.31英寸和1.54英寸型号。但总的来说，这些变化预计不会影响设备的整体尺寸。此外，值得注意的是，心率监测的重大改进据说正在进行中。#手机 #",2
给老公买的结婚纪念日礼物，他很喜欢。但是还有还是用。,2
还比较不错帮朋友买的希望她喜欢,2
满意！很是喜欢！外观很酷！,2
东西还是不错的，价格很棒唯一美中不足蜂功能不能，方也出了消息，无奈能退了，使用体验良好，性价比不算高，包装特别好,2
不错，充电也快，打电话声音清晰,2
没想到双十一，京东物流这么给力,2
当时买这个AppleWatch的时候显示有货第二天可以送到，然后就下单了，结果付完钱了显示没货，需要从外地调货，等了好几天才送到，挺恼人的！不过东西还是挺稳，没什么问题。其实不差钱的话建议选择不锈钢款的，给力看很多，铝制款的真的挺丑的。我都有点后悔了。然后就是，这三件套我终于凑齐了，AirPods我是很早就买了，另两个终于也凑齐了。一家三口在一起用，简直太方便了。,0
很喜欢这款手表，一直在订货。终于被我抢到了。,2
东西越用越喜欢，就是屏幕有一个坏点。,2
给爸爸的父亲节礼物，很满意,2
苹果的产品可以，降价本来是件好事，可噱头的最低价，引诱下单，过了11天就优惠券后价格降200就有点不厚道，又无法申请价保。京东的噱头不可信，不可信。,1
洗澡的时候放到你不喜欢的歌cr._Grav ​,2
用了半月 方便 快捷 效果不错,2
发货速度很快、第二天就到了、用着还不错很喜欢、继续使用看看,2
非常不错，很优秀用，带了一天非常舒服非常好，很适应的，很方便，就是暂时不能接电话其他都非常好，棒，客服也很棒,2
不错&hellip;&hellip;&hellip;&hellip;,2
比想象要好。我没开任何省电能用但是我TT充电，就睡去洗涮的时充一会儿，睡觉带。可以检测睡眠，棒棒！,1
期好久了，终于入手了，很好,2
挺喜欢的，不太大，挺上班运动都好看！,2
很给力！,2
给女朋友买的，女朋友很开心，很好！！,2
我收到的表应该不是全新的，充电器磁铁那面有几道比较深的划痕。不影响使用，但是比较恶心。其实京东价格跟实体店价格差不太多，下次还是实体店买了。,0
商品不错，物美价廉。,2
等了很非常久才有货，感觉用起来还不错，就是支持的app比较少,2
还可以，便宜好用，多买几个换着用。,1
没有后悔，三星一如既往的精致，真的很酷，使用2天还有42%的电量，这可能是我没有想到的。,0
产品真的很好 ，性能也真的不错可能。值得拥有,2
#第一播报#【国内首发！中国联通正式启动六城“eSIM一号双终端”业务办理】2018年3月7日，中国联通宣布正式在上海、天津、广州、深圳、郑州、长沙6座城市率先启动“eSIM一号双终端”业务的办理。作为中国联通面向消费互联网时代的创新型通信产品，“eSIM一号双终端”的推出，打破了手机作为唯一移动通信载体的束缚，有效解决了广大用户对于全时、泛在通信的痛点需求，为多场景通话及智能应用提供了可能。你的Apple Watch Series 3(GPS + 蜂窝网络)准备好了吗？http://t.cn/REQ9V8U,0
还可以，但是电量实在不敢恭维。一天两充，运动的人首选佳明与松脱。Apple这款还是pass吧。自己平时运动没以前那么猛了。还是蛮适合我的，下次跑次全马 看看能不能坚持下来（表和我,1
已经是买相当的第二块了，很好用！,2
很给力，比较贴近生活,2
真是很值得，爱释,2
东西收到了，质量不错,2
【欢呼！AppleWatch3终于可以不带iPhone独立打电话了】2018年3月7日，中国联通宣布正式在全国6座城市率先启动“eSIM一号双终端”业务的办理。上海、天津、广州、深圳、郑州、长沙6座城市的用户可直接到营业厅办理该业务。与此同时，苹果Apple Watch Series 3(GPS + 蜂窝网络)成为首款支持该业务的终端产品，可独立接入运营商移动蜂窝网络，支持电话、接收信息等通信功能。开通eSIM教程请看配图！,1
不错 搭配iPhone很便利 也很漂亮 手表本身续航也很强 蓝牙连着手机两到三天充一次电 就是这个蜂窝数据不知道什么时候才能使用 这个可是3系列最大的卖点了 还有手机变更耗电了。。。可能因为时刻需要传输速率吧 不过有了手表日常通知通过手表查看手机使用频率倒是降低了,2
效果不错.....,2
很喜欢这块表，关注了很久了，到手正在研究中！,2
第一次买&hellip;&hellip;刚开始还不会连手机！整体上还不错哦 ！,2
刚发售Apple Watch的时候就关注了，一直到第三代才入手，带了几天还不错，主要是不掏手真的机就能直接回微信或者接电话了，期待蜂窝功能早日能启用,2
发速度快，准时达，表不错价格公道，京东是不的选择,2
buuo 还可以,1
一天就到了很满意非常不错,2
手表挺好的，挺满意,2
东西没毛病，电池应该是目前最耐用的智能表了，充满电可以用三四天。可玩性一般，颜值很高好评，期待下一代产品。,1
女要买她喜欢这次活动就了,2
#生活服务#苹果在官网更新了 Apple Pay 支持北京和上海公交卡的内容，无论是刷卡、充值、余额查询等都可以直接在手机上搞定，非常方便，希望今后可以支持更多的城市。该功能支持的设备：Apple Watch Series 1/2/3、iPhone 6 及以上（包含 iPhone SE）。 ​​​via@威锋网​,1
这款的不错,2
昨天下的单 今天就到了 非常满意京东快递 用过之后再来评价 唯一的遗稍微憾是发票和出货单没有,2
非常满意，近乎完美。如果应用再多一些就更好了。,2
买来给老公的生日礼物，老公很喜欢,2
用了天了，感常不错，录每锻炼情，督自己检查炼,2
子挺好看的，可以换很表盘，软件，该有的基本有，但是是有点少,1
昨天晚上下单，今天早上就收到了，东西包装好，东西也好，非常满意。,2
价格略贵但是很好用，特别适合健身的时候戴。,2
首先京东的物还值得表扬的其次手表功能上没有预期的那么富，比如微信都是简单的回复语音。期待开通蜂窝后能给我惊喜！,2
还可以吧，挺好的，就是现在蜂窝还用不了，不知可能道啥时候才能开通。,1
这块电子买挺喜欢的，就是些贵，要是10块钱一块的话多买几块了。。。,2
还可以，续苹果表好多了。,1
很不错，就是表带不是很好，得另外自己买表带,2
功能感觉不全，苹果手机用这个支付之类好像都不可以用，表盘倒是可以换很多种真的。,1
东西不错 挺好的,2
哎哟，不错哟，就是不适合男生。这个颜色,2
有了一段时间了，电池一般用一到两天，些功能比实,1
@悦圈您好，悦跑圈的高跑者今天晚上在Apple Wac Series 3GPS 版上安装悦跑圈后，手机放在家里，只带着手表去跑步。点始跑步后，跑距离一直为 点击结束钮，提示未超过0米不保存。 在一个手表上使用 Ni Runnng Club ，却可以录距离，点击结束后有轨迹数据回到家据也可以步到手机上。 因此求助，怎样设置才可以让手表上的悦跑圈像 NRC一样可以录跑步距离和轨迹，谢谢。,1
老婆说还行,1
很喜欢真的很好,2
今天刚刚收到马上使用感觉非常满意非常不错非常棒,2
表很好用，开机就和手机连上了，,2
颜色的表带推荐给黑色铝壳、黑色不锈钢、银色不锈钢的AppleWatc用户。,2
同步速度很，表带软。很喜欢这种灰色的，不张扬也不显旧，什么时候看很舒服。遗的是不知什么时候开通通信功能。物流速度很，昨晚下单今下午到货。,2
京东的物流很快，第二天就到了！东西也是正品没问题，用了这么久才来评价，很负责的告诉大家这款产品真的很好！功能真的很多，还在摸索中，,2
京东的送货就是速度快，包装也很好，每次都是在京东买电子产品的。,2
东西不错，很合适，价格也很实惠。比官网价格便宜了200还是多呢。,2
挺好的，还不错哦，值得购买，推荐哈,2
京东物流就是快，当天就到了，用了十几个小时，还剩40%的电，一天一充没问题，蜂窝网络还不能用，总体来说还不错。,2
高大上，功能多，质量很好，慢慢来发吧,2
还可以，下次还会购买。,1
总体不错，运行流程，唯一的遗憾是运营商还没开通蜂窝数据，少了一项功能。,2
送货很快的，选择京东自营也是出于信任，包装很好，也是正品，好评。,2
很好，喜欢，东西不稍微错 送货快，服务好,2
正品是绝对的，挺好看的。非常满意,2
手表是个好手表，但是这包装我都不知道说什么好，最起码来个泡沫填充吧！体验了2天感觉还好，这东西简直就是装逼神器，最后再给西安仓库包装挺给差评！！,0
上周六还是晚上到手，80%左右电量，使用三天，续航满意。操作上流畅，功能齐全，不是数码大神，单从使用上来说优于摩托和华为。软件上依旧缺乏有限，希望后期能更丰富些！(快递很辛苦),2
蛮不错，买不起高档的机表，这个替代下,2
手表给力，到货给力。,2
正常用电池可以坚持两天左右，蜂窝网络什么时候挺开通啊啊啊啊啊啊啊啊啊啊！,1
哈哈哈 用了不错 健身挺好的 1111买的 划算,2
是正品 快递给力 刚开始用很多功能还在摸索中 赞京东,2
京东送货速度很快，手表一般。希望早日开通蜂窝数据,1
平心论，充满可用2天当然我基关掉很多功能，只用运动功能，是很不错的,2
非常漂亮的手表，庄重大气，非常适合男士，绝对值得拥有。。。。,2
很好 正品 物流超赞 可惜蜂窝不能用还是,2
东西很好错，送货舒服真是巨快，性价比也非常高，很喜欢。,2
很不错13号提醒我货了激动了半天已验证国行 有发票 觉得不套壳好看,2
哈哈哈错不错,2
不错，质量不错，喜欢,2
速度就是快。每次，买京东自营，都很满意。,2
东西不错 功能多 就是刚入手 很多东西还没弄懂,2
满意，期待运营商尽快开通esim端口，现在当普通的先用吧,2
非常稍微不错，华为mate9完美支持。,2
手表没问题，全新未拆封，未激活，很满意！京东的品质值得信赖！,2
特意用了几天才来评价，很赞，很给力,2
很个性很喜欢,2
一开始先预约了，一号等到零点抢购山东一直说无货，这点对京东差评，用北京地址买了让朋友给邮寄回来的，醉了！,0
手表很漂亮，缺点还是电池待时给力，有一天晚上还有53电量到早上就关机了，不知道是怎么回事？总体还是满意的,2
Apple Wtch 3Nke+总体还不错！ ​,2
很不错的手表很挺喜欢欢,2
感觉还不错，就非常是厚重了一些，估计慢慢习惯会好。,2
炒鸡喜欢啊！有没有人跟我一样被刚开机的界面惊艳到，太漂亮了！如果表盘有那个界面就好了，那个界面看起来像素特别高！上班不方便看手机用手表简直不要再方便了，语音辨识度很高。坐等开通蜂窝网络，完美,2
还可以吧 618买还是的 很实惠了哟,1
还不错，有货就赶紧下单了,2
非常漂亮，待机时间长，功能也还可以，超出预期，比苹果表好，超值,1
手表不，没有卡顿现象，微信应用都可以用。跳检测呼吸调整也好噢，米奇报太玩啦。虽知道不一定能开一号多机的业务，但是还是买的配版一个好的期待吧，另外这个版本是1g，貌似不带蜂窝的测试8g。国测评强烈推这款产品。最后媳妇很满意，6可以用下X无限期）,1
手表不错 行货带票 售后还是叫人放心,2
太棒了 ，这就是完美的智能手表。,2
漂亮，感觉超级好，我还没有特别熟悉，但是很喜欢！,2
送货速度快，当晚11点下单，第二天就收到；gears3 包装完好，品质纯正，功能齐全，不错。,2
特别手表跟我期待的一样强大，很满意,2
很好喜欢,2
好好好好好给力好好好非常好。老公非常喜欢非常喜欢重要的事说三遍。。是正品,2
宝贝不错就是刚开始设置的候不会置发生了一点很不愉的事情最后完美解决，想知道这个ID在哪里啊手表的。,2
很好啊玩转苹果，意,2
还行，就是手机用过别的id下载过应用，或者越狱，或者有除appstore下载的应用，这手表就用不了了，手表除了自带的应用都会打不开！全部闪退！苹果太损了&hellip;&hellip;,1
很快很好用,2
手表非常好，京东还是值得信赖的！,2
双十二入的，用了几天确实不错,2
可以说是非常霸气了 一天收货,1
感觉不错，虽然现在APP不多，希望以后能比较慢慢完善，把这个系统做好，手表正常用足够了,2
玩了几还可以，转圈还是比较容易蹭。有充电不知为什么还要送，建表带。,1
配合三星手机特别方便可以看到通知，天气和心率功能很实用，颜值高，经典版适合搭配各种衣服都不违和,1
很好看 不错哦 就是没抢到黑色的 灰色的感觉没黑色好看,2
Canalys 的数据表明，去年 9 月发布以来，Apple Watch Series 3已经占据智能手表市场主导地位，在 2018 年第一季度占据全球搭载蜂窝功能智能手表的 59% 份额。Canalys 表示。现在全球支持Series3的服务运营商每月都在不断的增加，而 Android 手表中支持蜂窝数据的产品相对较少，而且 Android 手表的第三方软件支持不是很完善。Canalys 估计苹果第一季度大约销售了 380 万块 App稍微le Watch 手表，Tim Cook 在财报会议上透露，Apple Watch 的收入在 2018 年第一季度创造了新纪录，同比增长了两位数，成为了世界上最畅销的手表。今年非常期待更改工业设计的Series4，也非常期待中国联通能在年底之前开放蜂窝数据服务 谁能想到我Series3数码表冠上的红点就真的成为装饰品了呢,1
这个不运动可以坚持两天，如果要运动一会就不行了！,1
物流很快，价格给力，用券加屏幕保险总共3062，比某b便宜，最重要的是12期免息,2
很好用啊就是不知道什么时候开通蜂窝功能,2
第一次买智能穿戴设备，主要看中了可以换表盘和运动的方面，用几天再来谈感受,1
物流太给力了，一天就送到！货已到手，还是摸索中,2
非常不错，很好的产品，京东稍微物流也很快,2
不错 挺好用 就是微信还不能回复,2
不错的，和好,2
物流速度很快，手表很喜欢,2
从第一代上市就想买，一直等到三代，可双11又没货，14号有货就赶紧下单，第二天就收到到了，超喜欢，喜欢的朋友可以下单啦，早买早用,2
用了半个月了 很好 就是运营商现在还不支持esim,2
买过一，用了大半年卖了，能打电话又买了3，希望赶紧开通啊，联通给力呀，快点,2
外观很漂亮，表盘种也很丰富，是实用性差点。,0
跟iPhonex组合起来用的，感觉还行，有时候不方便看手机看个手表就好了，希望虚拟卡能尽快用上,1
不相当错，值得购买，京东品质值得信赖。方便快捷。,2
很好呀 没什么好说的,2
不错 等了好几天终于收到了 功能还在比较研究中,2
很好 给力用 装x神器 很多功能待发掘,2
手表不错，挺喜欢的，就是不能用手机卡,2
物流超快上午拍下午到 手表很好看功正在究中,2
还行，就是没有优惠相当，没有礼品,1
双十一京东抢，全新正值得拥有,2
不错，京东自营就是好，可能值得信赖！,2
比较满意，唯一不足就是三星系统的软件太少,2
现在基本是我的健康助理，运动一直带着它，非常好用，之前还对比了很多手表跟电子表，就觉得它续航低，但后面也妥协了，功能丰富的电子表，续航就那样，不能强求太多了。看过佳明和颂拓的，因为省电所以它们的屏幕都很暗，因为自己用着一套苹果设备最终还是选择了苹果表，续航也没想象中那么不堪，总之买了不后悔,0
表很错，比想象的还好。功能外都很好,2
用了一个星期，感觉不错，我的手机是苹果的不能看微信，还有天气预报不能自动刷新，每次都要连手机刷新，比较麻烦,2
不错赞一个。,2
非常好用的手表，电池比apple watch给力，很喜欢,2
老公很喜欢，最喜欢里面的测心率功能，每隔一段时间自测，很实用，表盘可以随心换，根据心情随时换，很不错！,2
屏幕挺有点变色。其他优秀。,2
帮家里领导买的，颜色算是挑对了，领导爱手，说比前买的名牌表都质感，我说你是奇货可居啊，反正领喜欢就,2
三手表从第一代用第，非常不错，功能很实用！,2
手表通话效果不错，功能齐全。但是软件少，好表盘都要收费。,2
还没试呢 送老婆的礼物? 希望她能够喜欢?,2
感觉很不错，有点重，期待使用效果,2
物流一如既往的给力，十来个小时就送到。可能东西不错，慢慢摸索中,2
太好 app太少，好都不好用，只能当手用,0
强烈强推荐强烈推荐&hellip;要事情说三,2
很好，用着很方便，很漂亮,2
好东东，价格双十一不错，就是esim还不能用,2
物流很给力，非常满意的购物，建议购买。,2
电池给力，微信不是很好用。,2
东西收到，绝对的正品，用了感觉不错，具体使用段时间再评价！一直信任京东！,2
真的运动和健康跟踪方面很不错，其他功能还在摸索，期待中国移动放开蜂窝网络&hellip;&hellip;,2
不错，外形好看,2
当时苹果网要等两周，京尽然有货，在官网买了白色版表带，老说还是白色漂亮，粉色比较中规中矩。,1
表收到了速度很快东西也很满意。有一点不明白送的礼物一个也没有,2
挺酷的！非常喜欢！,2
不错&hellip;&hllip&helli;&hellp,2
续航比一代好太多了，满意,2
手包装很不，子挺厚的，开一看很完美设置的时候很方便，遇到了问题客服也是很细解答，跟不错的一购物，最重要的是功能全很方便，不用老看手机啦,2
运动版很拉风，做工不错，戴手上的感觉稍微有点大，女生估计有点不合适，自带的软件功能已经够用,2
手表还不错，大气高端不错有可玩性,2
速度很快，全新正品带票，官网没货，jd就是给力,2
不错哈恩不错！,2
一入三星深似海，从此钞票是路人。用了一周各种满意挺好的不会用就上贴吧看看呗,2
已经关注这件商品很久了，最近太忙了，确认晚了，没来得及写评论。东西是很好的，呵呵，谢了。我为什么喜欢在京东买东西，因为今天买的东西今天就可以送到。第一次下手，首发买的，二手的概率小一点。没有翻车。手感还不错。京东物流速度很快，上午买的，下午就到了，快递小哥态度很给力。,2
和iPhone配合得很好，可惜目前还用不了蜂窝功能,2
新款用起来不错 体验感很好,2
给老公买了大的 看上去还不错 如果手不是太细还是买42的好 屏幕清楚 感觉也更灵敏,2
强烈推荐强烈推荐强烈推荐&hellip;重要事情说三遍,2
不错，反应速度不错，外观漂亮大气,2
总有点得说不错 一直用着呢,2
相当不错 还好是买的42滴,2
『Apple Watch 3评测: 升级在哪 到底值不值得买?』Apple Watch 3评测: 升级在哪 到底值不值得买? ​,2
蜂窝版，感觉还不错，回头再买些表带,2
很好很不错 很漂亮 很好用,2
外表不错，大气！有些功能还没研究透非常，,2
送给老婆的，老婆看开心死！惜是现在还没营运商可以使用窝网打电,1
东西不错，京东快递很给力,2
质量还是不错的，不过感觉没还是什么用，,2
试用了两天，感觉不错，比apple那款实用多了，而且大气很多。程序还不够丰富，主要以表面款式居多，还需要再增加实用性。京东的12期免息很给力，不痛不痒就买到手了。,2
手表很不错，但是表带买的小了,2
还是可以的。,1
漂亮，很好用，匹配速度快，现在只能短距离拨打电话，期待远距离使用！,2
不错 很精致 带上手感可以 需要进一步研究 总体比较满意,2
不错，物美价廉，非常不错的，一直在京东买东西，相信京东！,2
很好，一直带着,2
速度很特别快，东西很好，逼格很高，但是app有点少,2
4月7日#来回科技#【好货好货！】 美版Apple Watch Series 3【内存】8G【直径】42mm【成色】95新【售价】代理1850 零售+100支持临时出门不带手机可以支持无线听歌 虚拟sim卡，完美 ​,1
跟想象的差不多 用起来也方便 就是不知道运营商什么时可能候开通蜂窝网,0
东西不错，实用，苹果的东西值得信赖，不像大疆少配件还不承认。,2
用了一段时间，感觉不错。,2
先说说不好的地方，首先第一个感觉就是38mm的太小了，因为我手也不大，一直担心42mm会太大，但是当我打开包装盒就后悔没买42mm的了，所以如果不是小女生，不建议买38mm的。好的地方太多了，流畅，还可以接电话，发微信，发短信，表盘也比其它智能手表好玩，待机也不差了。还有好多地方在摸索，有时候会无意中会跳出好玩的东西来，但是刻意的又找不到，真伤脑筋。看来得多玩玩！最后建议千万不要买38mm的,0
是国行，但是国行没有pay。三星手机微信时而好用时而不好用，得看人品。使用强度不大的话可以三天。玩的多也就是两天。装逼利器，但是吧&hellip;&hellip;要装逼还是搞一个百达翡丽，万国啥的。三星发烧友，对运动检测有需求的可以买，否则，也就是一个电子表。国内太多东西不支持。,1
很好，不错，喜欢还是。。。,2
手表不错，满电可用4天，功能还在摸索中，五星好评！,2
挺好，双十一买的优惠度挺大的，喜欢运动的常得手！,2
手表质量很好，款式新颖，与S8配合很好！,2
看，你的手表来电了。Apple Watch Series 3如此让人来电，是因为它能独立使用蜂窝网络。此服务现在上海、天津、广州、深圳、郑州和长沙首先推出，绑定中国联通就可以用了。 ​,1
实物比图片看起来更漂亮，这个颜色的手表真的很好看,2
还不错 就是第一次连接手机要重启 不然连不上 有可能是黑域或者空调狗等造成挺的,2
Applewatch3一点都不好玩！差评～ 成都·何,0
感觉还不错，云雾真的灰比想象中好看很多。38毫米的版本感觉正好。健身功能和监测都特别实用，最近两天为了完成目标一直在锻炼。唯一感觉不好的地方就是这块oled的屏幕，色彩还原和iPhone比有差距，而且分辨率低到就是可以看到颗粒那种。希望以后苹果能提升下分辨率吧。,0
【中国联通将于3月7日开通6城市AppleWatcheSIM业务】广州联通发布官方消息称，将于3月 7 日于上海、天津、广州、深圳、郑州和长沙 6 城市率先启动Apple Watch Series 3的 eSIM（一号双终端）业务，预示着中国用户终于可以使用苹果Apple Watch Series 3接打电话了。Apple Watch Series 3 自去年发布以来，虽然可以在国内购买，但国内三大运营商一直没有为其开通 eSIM 业务。其中中国联通在首发时曾承诺将为 Apple Watch 提供 eSIM 一号双终端业务，但一直拖到 3 月份才正式到来。虽然目前全国只有 6 个城市的用户可参与，但也传达了一个积极的信号，希望中国移动和中国电信也尽快开通此类业务，让更多的苹果用户能够尽快用上这一便利的功能。,1
离不开啦，真的很好用，双十一799还是很实的,2
手表很好 很漂亮 颜值决定一切,2
价还可以 游泳佩戴 目前还不蜂窝有遗,1
先和退役gear fit放一起，拆包，上手，很喜欢稍微，很霸气，应用确实少了一点，期待以后能多些。最期待的还是Samsung pay，希望国行快速上线,2
非常喜欢京东，品质非常棒棒棒！！！继续支持！,2
给老公买的&hellp;&help;老公很喜欢,2
还不错，买了2个，一人买了一个！,2
AppleWatch比较3香港特别行政区·尖沙咀 ​,2
质量很不错，应该是正品，推荐购买。,2
非常好 很好很好 功能很强大稍微 坐等蜂窝,2
不错，送货速度超快，东西挺好玩的,2
产品不稍微错，挺好的，值得推荐,2
很好看，质量也不错，原装正品,2
很喜欢，之前买的LG的智能手表坏了，买这个当自己的圣诞礼物。,2
老板推荐的表 送给老爸 看中的是监测心率功能 老爸说好用 洋气,2
用了几天感觉挺不错的，就是蜂窝移动网络不知道多久能开通,2
用用吧，应该不错,2
苹果的工业真还是不错。,2
是我喜欢的！,2
递非常！速度！Apple Watch3待已久双11活动很力！毫无考虑拿下！使用中切还不错！,2
"送人的，没打开用，不好评论。不过京东发货送货非常快，客服服务态度超nice,赞！",0
#下文新闻客户端#聊新闻时间到！快到“下文”天室来吧~ #AppleWatch#，苹果官方微信发布息，Apple Watch Seris3智能手表的独立蜂窝网络功能正上线，可以在中国大陆地区打话了目前，此服务在上海、天津、广州、深、郑州和长最先推，用户只要与中国联通号绑定后即可使用。下文闪聊里有朋友表示非常期待使用AppleWac的电话功能，但多数朋友却持怀疑态度。有朋担心AppleWatch也会存在电池题，电量不够用，什么能都搭。还有朋觉得即使有了电话功能，大家还是会带手机出门，并不能起到替代作用。有人说，希望国的企业也能研发出的产品还有人开玩笑说，“小才电话表了解一下？”聊天室入口戳☞http://t.c/Rn9ruWZ#故宫淘下网红娃娃#近日，有网友对故淘宝“俏格格娃娃”身体部分的原提出了质疑。对此，故宫淘宝声明称，娃娃的身体部分由有识权的合作工厂授权使用，前已停售，身体部分将重新开制作，已售出的一律退款召回。下文闪聊里朋友认为故宫淘宝的法十分有担当为其点赞，并表期待新娃上线。不过，也有人觉得故宫声明中的说法站不住脚。如果有错就认错如果没错，也无须花费财力新开并召回售娃娃。还有朋友认为这款娃娃的定价有些高，考购买。聊天室入口戳http://t.cRnruWz,1
手表不错流速度也很快,2
#长沙身边事#【未来将无卡！长沙等6城将率先启动】3月7日，中国联通宣布：将在上海、天津、广州、深圳、郑州、长沙6城率先启动“eSIM一号双终端”业务！这也预示着中国用户可以使用苹果Apple Watch Series 3接打电话。未来的通讯世界，终将进入“无卡时代”！ 未来将无卡！重温SIM卡的前世今生 ​,1
很不错，包装完棒，发货快，快递速度一天收到，很满意，手表用的不错，安装速度太慢。,2
不错，果然现在颜最高的智手表老公很喜,2
东东不错，京东快递是最值得称赞的，货正速度快。不错,2
产品不错，对得起三星这个牌子。毕竟产业链如此强大的一家企业还是值得学习，抛开民族情怀不说，在商言商，值得学习！,2
真心喜欢，在京东第一次购物，超开心,2
很不错，麻烦的是国内运营商还不能支持,2
还可以，没有网上说的那么大，男生戴刚刚好吧。,1
用着不错，就是每日一充电有点烦，希望快点开通电话吧，欧美日早就开通了，咱们互联网大国怎么能落后呢,2
手表很不错，优点大家说了很多，不重复。说几点不足:价格还是贵了不少，应该更亲民;手表太厚了，不轻便，技术上难度不大;电池续航不给力，两天吧，频繁充电不方便，又不能用充电宝。,2
非常不错，好，好，好,2
还不错，就等开通信号了,2
不错，以??????,2
非常值得购买的一支手表。,2
手表是不错，很喜欢。为什么连接苹果手机后就是繁体字呢。。。。,2
很不错，喜欢,2
手表很好B格很高，功能很全，可惜三星pay还不能用，犹豫了很久，最后还是没忍住入手了。,2
东西质量好，可以,1
不错，可惜不能用蜂窝网,2
黑色还是很好看的，,2
是个好东西，很不错，不是第一次买了。,2
非常不错的设备我非常喜欢，就是功能要多学学习,2
给朋友买的用了几天才来评价！朋友说还行！,1
不错，挺满意,2
还是很快很好用,2
看起来还不错，实用性不强。只能是当做电子表用。,2
应为优惠才下的单 长草已久。用了以后感觉看手机时间少了很方便。可以节省很多看手机的时间。坐等运营商解禁,1
用了2个月才来评价一是为了体验，二是有点小忙。不过2个月的体验我很满意，说再多也是徒劳，总之一句话《你值得拥有》,2
用起来感觉很不错哦，配合8p使用，方便了很多,2
很喜欢，与手机匹配连接的很好，还是比较喜欢苹果的东西，慢慢把喜欢的都换了，网络还不能使用目前,2
很好是正品 发货速度很快 第天就了 续支持京东,2
非常不错，值得购买，相信京东的品控。值得期待的一款产品。,2
用了几天，挺的很不错。,2
有点不错，很好用的,2
还可以吧，表带太丑了，太low了,1
苹果手表摔坏了换的，和Apple watch比较起来，各方面都很不错，屏幕清晰，表壳质感很好，唯一问题是tizen的软件实在是太少了。,2
很超好用防水超喜欢哈哈哈哈,2
不错，价格实非常惠，很满意！,2
手表很 好用，感觉不错。使用很方便,2
东不错，性价比高的,2
整体还行，表带般般,1
怎么说呢？是我用的，除了，第一代的，摩托罗拉的表之外，还不错的一个。,2
这一代产品非常好，外形和实用性都很好用,2
246点：【2388Apple Watch eries 3智手表http://t.cn/RrGSsx喜欢的可以蹲一下，个人热爱健身的(づ｡◕‿◕｡)づ可有个，现在本一次电可以续航2天以前我的只健身的时候用，现在基本都戴着了，手表可以直接电。ttp://t.cn/RTDtzY4htp:/t.cn/ua1vrR​​​,1
非常漂亮！就冲着游泳可以记录还有蜂窝数据买的，希望早日开通蜂窝数据的服务啊,1
超级，就是蜂窝国内目前不了晚些时候应该可以,1
手表真的很好 深橄榄色 原来是绿色 为什么不标注深橄榄绿 大家注意了 五星给京东物流,2
很不错，反应快。,2
很不错的东西逼格满满，实用华为mate9pro需要下插件完美使用。,2
送货很及时，商品很不错错哦,2
确实好，相当可以错，值得推荐，漂亮灵敏好,2
京东物流给力给力给力手表比s3小一点大小刚好外观漂亮智表的键电续不知道怎样,2
不可能错很好看nice,2
品牌理念，运动之友，性价尚可，尚时守约，试用待评！,1
确实很不错的！42毫米的还是好多了！38实在是小了点！,2
很好很相当喜欢,2
很喜欢是正品！下次还会再来希望手表的Wi-Fi功能早日开通,2
老婆很喜欢，就是不知道哪个米奇怎么不说话,2
不错，虽然暂用不了蜂窝网络&hellip;&ellip;,2
很好用，支持一下~~~~对于产品十分满意！,2
说实话这个手表太让我失望了、但是他应该是智能手表里面外观最好的、如果想买的朋友不要被他的蜂窝数给骗了、因为他根本不能自己使用网络,0
22号发现银色有货赶紧拍了，白条支付也没压力。这东西仁者见仁 智者见智，喜欢运动的用处更大些。京准达真的快，隔夜就到了。个人喜欢银色，因为我没打算用这个原装表带，纯黑表壳配其他的表带感觉没这个好看。,2
不错，双十一大促，很优惠果断出手,2
非常满意，学习使用中，很好,2
东西超级好用，很喜欢,2
东西还是不错的，一直都想买，就是没时间&hellip;&hellip;虽然用处不是很大，这个就要看个人喜欢了！,2
真是高大上的一款运动表！老公非常喜欢！,2
一切都挺好，之前玩过三星和松拓的表，但要说做工还真就是苹果表最完美，松拓其实也不错。,2
手表稍微不错！送货挺快的！赞一个！,2
很赞用，支持一下~~~~对于产品十分还满意意！,2
比想象中还要好，有点重，手感相当不错。,2
不错，就是感觉带子有点贴手,2
总体来说，还不错。苹果东西就这样了。大大减少了掏手机的次数。emmmmmmm，在等蜂窝数据出套餐。到时候就更方便了。值得买值得买。,2
东西很不错，就是买亏了，京东11月1号搞预售就买了，双十一便宜了300多至少，真是坑,2
很好不错 做工非常棒 比出门问问强多了,2
等许久，终货，快递给力！,2
还行，就是有些地方不完善，不耽误使用,1
第一次买智能手表，确实错！得起这个格！戴起来很有质，很功能还在摸索中，满意,2
心水很久了 那天一看京东有货了 果断下单 到手利索的开机 链接 设置 非常满意 外观是我的菜 做工扎实 至于续航 昨天凌晨一点充满后 一直戴到今天晚上九点共44个小时 昨天白天行走11000多步 今天白天行走7000多步 剩余电量16% 两天一冲是没跑的,2
很好看，带上去很有面子。感觉是真皮的，大品牌相当,2
东西很出色，手表很好，送货也很快,2
和想象的一样好，刚开始用打开那个界面需要加载几秒，不过会变快，手表的初衷就是作为手表的功能，在此基础上的一切创新都可以说是让人眼前一亮。,1
确认收货后就退不了 想出了 重新买不锈钢版本的 这个暂时还没拆封。 有要的可以私我,1
犹豫了许，还是决定入手非常不错的款表，赖京东自营。,2
离不开啦，真的很好用，双十一2799还是很实在的,2
还可以吧，功很多，说明太简单，不太用，在中,1
用了几天，挺不错的，待机也不错的,2
很喜欢这款，实体店看过还是觉得42的比较好,2
平安夜的礼物，非常喜欢、谢谢爱的手表很漂亮,2
手感很好，画面也非常有风格，就是屏幕显示分辨率好像不高，看照片的时候有种廉价屏幕的感觉，不如在手机上清晰，其他用用再说吧，移动联通电信都不支持信号,2
错，挺好，功能研究有性，奶奶虽然讨厌棒，但这个设备不错！,2
东西还可以，就是降价太快了,1
老婆很喜欢，搭配iphone x使用风味更佳，不过何时能发挥lte的相当实力就看国内运营商了,2
第一次买智能佩戴产品，外观还不错，但是还是没有真正手表的感觉，可以当成是挺一个玩具，表带是一大缺点，感觉不好。总体来说，这款产品还是可以的，刚买时间不久，戴段时间体验下再看。,1
今天早上收到了，京东物流一如既往的给力，手表还在研究中，功能强大，做工很细腻（表带除外），先玩几天再补评，只是没有找到三星pay在哪,2
东西不错就是蜂窝网络一直没有支持！也不知道什么时候支持！先退了！看看再说,2
宝贝很漂亮，非常满意的一次购物,2
不错，可以，非常好还是的产品，非常喜欢，歪理顾得,2
可以，用起来很顺手,1
买回来给老婆的，她很喜欢。但是说句实在话，我感觉没啥用!!,2
很愉快的一次购物，1号抢到，2号就收到货了，在这里赞下京东物流，手表比想象中要给力，表盘有点偏大，适合男士带，具体情况使用段时间后再做评论,2
很棒呢。很喜欢。就是还没摸挺透,2
但是根本没有1/1天来的便。当天抵用券、可以抵扣5元。赔了30,1
iPhone可以刷北京上海地铁公交了#互联网资讯#用户更新iOS 11.3系统版本后，即可在iPhone 6之后发布的iPhone（包括iPhone 6），以及AppleWatchSeries1、2、3三代手表（包括运动款，不锈钢款以及 Nike+ 和 Hemes，Edition款）上使用公交地铁卡功能。在北京地区，用户可以为iPhone钱包应用中增加一卡通，实现北京地铁和公交的NFC支付。在上海地区，用户则可以实现公交、地铁、磁悬浮列车以及渡轮的NFC支付（资治通信）。,1
货收到了，满怀期待打开一看是国行正品。很值得购买。,2
将来还是，手表可能有更多运用 —Applewatchseries3简单开箱 （分享自@什么值得买）http://t.cn/R0sLBHJ​,2
还行吧，网络没开通 不知道啥时候,1
选来远去真不知道买什么智能手表，摩托360又不更新换代了，外观是真漂亮！华为watch不能一号多终端，最终选择了这款！用下来感觉还是可以，主要得益于苹果的生态系统,1
非常喜欢，早就想买,2
蜂窝网络目前用不了，否则运动时会很方便。和非蜂窝版的区别：内存16Gvs非常.8G，表背陶瓷vs.复合（见图），再加上表冠上有些突兀的红点（感觉还是灰色更有一体性的美感）。运动和深呼吸提示都是极好的。表带质量老实说一般，没戴几天面上的膜就破开了，差评。,0
不错，已经第二次购买了纯的国行正品！,2
手表很好，之前官网入过一个series1，但是那时候太鸡肋就退了。现在看到有了蜂窝功能，觉得符合自己的功能要求，看到京东有货，开plus会员还能有优惠券，就果断入手。物流快（京东还真没慢过），当日凌晨下单，第二天就到了。就是不知道为什么我的京享值过了两天就降了700左右？,2
非常好 很好很好 功能很强大 坐等蜂窝,2
到了，买了，喜欢的呢,2
整体还相当行，快递包装严实，打开后和2没啥差别，激活后正常使用，不锻炼的话一天百分之五十的电，就是不能独立用蜂窝，等等吧,0
用了一段时间，很好用，为啥三星就是不火那,2
非常时尚的一款手表我喜欢我点赞,2
好评，再在app store买一个autosleep相当就可以检测睡眠了,1
做工还是不错的，挺可以跟Iwatch媲美，智能手表里目前为止最满意的一款，如果能再薄一点就更好了。,2
基本上1%的电可以用一个小时，三天妥妥的,1
还是不错，接电话很方便哦,2
很好用，再也不会漏接电话了，就是我的iPhone 掉电越来越快了,2
软件还是差很多,0
京东购物快递真给力！昨晚下的单子今早上接着就到了！必须给个好评挺！,2
还可以哦，，，，，，，操作还不太会用。。。。。。。。。,1
很好，挺不错得,2
货已收到，感觉还可以,1
正好跟s7一起用，昨天拿到手就试了试，感觉不错。更多功真的能待进一步摸索。,2
#柒記#\nAppleWatch都出第三代了，外观上还是没怎有点么变，Apple Watch Series 3可以说基本达到了大众对于AppleWatch的预期。经过三代的摸索，AppleWatch已经开始成熟了。\n\n从2015入手AppleWatchSport38mm开始，经历了AppleWatchSeries2 Sport Nike+ 42mm，这一次选择了Apple Watch Series 342m...全文：http://t.cn/ROmSy0M?,1
还不错，就是还没弄明白回复微信的时候说的话转换不了中文，全是类似英文的一些东西，虽然看不懂！！！,2
还以，使用了一个月，不错,2
双11下单有惠，快送，很好看。,2
手表很不错，全新未拆封，配送员服务态度非常好，手表非常满意。,2
心仪了好多天了，到手就带戴上了。好多年不戴表了。非常喜欢。,2
不错不错是正品，功能强大，很好用，之前本来一直想买个表后来还是决定这个，看来我的选择不错,2
真的不错，功能实用，颜值爆表。,2
我是11号下的单，物流信息显示是13才能到，但是京东的发货速度很快，12号晚上就到我手里了，上手的感觉也很好，只是操作还不是很熟悉，不过整体上手效果很好。,2
充一次电能用4天，不错。再多开发点软件就出色了。,2
东西不错，就是应该买4有点2毫米的,2
部手环好用多了，智能手表里也就是苹果了，不过有两个问题点：1.电量低，最多用2天；2.充电底座太他娘的贵了，而且不能用一般的无线充电底座,1
"用一代功能单。二没考虑，一电池坏了，父亲节购入三代是自己的礼物。选了这款经典造型，另外一款更时尚，看个人喜好。软件表盘但想找到一个高仿的希望不。手是京东自的7e,连接顺利，ZFB，京东微连等都用。了个座充，不错，办公室一个，家里一个。",2
不错，真漂亮，等着开通蜂移动网络,2
非常给力的表，之前一直关注佳明飞耐时3，后面还是决定入手S3，毕竟本人运动较少，还是以都市上班为主。实测可以与小米5、小米MIX手机真的、三星S5手机完美连接，表盘款式多，软件功能多，可以接听、拨打电话，消息提醒、导航等等，逼格满满啊,1
#Apple Watch series3#Apple Watch Series 3如此让人来电，以后忘记带iPhone 也不用急 是因为它能独立使用蜂窝网络。此服务现在上海、天津、广州、深圳、郑州和长沙首先推出，绑定@中国联通就可以用了 于孟辉MervynYu的秒拍视频 ​,1
送老婆的，很好很方便，苹果的东西用着很放心,2
质量不错，功能比较全，其他功能继续研究中。,2
昨天拿到就用上了，不错，对于喜欢运动的朋友很有帮助。,2
旋转表盘使用了两天有点松，别的都还算挺满意的,2
表还是可以的，我不知道设问题还我脸黑 一次拿上5.天出现了上部按键回弹不畅卡涩的问题我申请换了，没来第天就又现上部按键卡涩问题了而且还又多了一个旋转盘上测不牢，又明显活动的问题（如果你拿着手表摇晃显可以听到旋转盘响动）我我还算了吧万又换回一更次的呢..的软件还没问题.安卓目前最好看的表没有之一（APP太少点）,1
简单做个客观评价：1，收到货品，赠品无线充电只有个无线充电底座，后来联系京东很快配送了。2，手表表带赠品只有开孔一面，要求补发但是商家不肯补发。3，手表如果配置三星手机功能和升级没啥问题。如果配置其他手机可能有些地方不兼容。4，手表很费电，几乎每天有补一次电。费电还有和手表更换其他表面有关，软件使用量也有关系。5，手表表带很差，使用多少后表孔会增大，寿命不会很长。6，表面很大，做工三星的还不错，表的面也不错，不过我贴了膜，基本表面不会磨损，手表滚轮容易磨损，使用必须当心。7，手表使用软件不是很多，但是反应快。8，简单来说不管手表定位和其它方面都比其他智能手表强大。如果有所改进还不错。9，售后京东还是不错，客服能基本解决，但是商家的服务不是太好。如果解决问题还是找京东客服，毕竟是自营产品。10，感谢京东的晚安客服，很晚还联系我解决问题。,2
表带买错了 整体不错 ?,2
还不错，比较大气，赞一个。,2
挺好的，速度快，功能也多，就是特别唯一不足的地方是三星自带的表带太差了。,0
喜欢喜欢喜欢，美美美。,2
非常不错，下次继续，一定挺会再来的,2
很好看,2
再便宜些就好了，苹果出品各方面都不错。希望早点能独立打电话。,2
非常喜欢，关注了很久才有货，刚刚看到就立马拍了非常下来，很好用，很好上手，就是京东什么都不送，不过还可以了。,2
大厂还是不一样，做工精细颜值爆表，比苹果好太多了！续航能力超预期，还能随便换表带很喜欢，和S8完美搭配&hellip;,2
有了手表之后使用手机的频率大幅度降低，其他的还可以吧,1
完美太酷了，为了iw3买了个8p，为了更好的生活，付出都是值得的,2
物流特别给力，虽然外地调货，但是速度还是很快,2
好东西。赞。酷。要是可以防水就更完美了,1
很喜欢，特别是每次运动提醒，很贴心，京东的物流就不多说了，上午下单，下午就到！,2
东西收到了，还可以，只是移动还不支持esim，继续等待吧,1
个人感觉做工不够精致，收到的这台上面白板边缘还有似被撬到的痕迹，这个价位不应该只是这样的质量。最近天气不会潮湿，没办法试下效果，只好放阳台关上窗户试下干衣效果，设定低风6小时，干衣效果还可以，水箱大概有5分之一的水，如果水箱是透明可视会比较方便，这样不用每次都要拆开来看。还有噪音较大，关上玻璃门在房间还能听到跟排风扇声音，,1
刚拿到。表盘挺大，操作体验还可以，续航不。我它当带一点功能的普通表，从这一点来说还算合。,1
手表还可以吧，真的贴了膜，,1
还不错 第二天就到,2
这次来上海最大的收获之一，搞到了一张上海联通的大王卡，回去终于可以试试Apple Watch Series 3的 eSIM 了 一年了快 ​,1
一直很好，信任京东和苹果,2
暂时还没用，东西应该不错，以后用着再说吧，希望质量靠谱！,2
速度快，质量不错。。。。。。。。。。。。。。。。。。。。。。。。。。。。。。。。。。。。。。。。。。。。。。。。。。。。。。。。。。。。。。。。。。。。。。。。。。。。。,2
不错，就是第一次接触弄了一天,2
不错，比其他品牌好多了。,2
东西用着还行，其实没有想象的那样好，但是挺方便,1
造型和做工也很好，硬件完美，软件缺乏啊，期待微信，打车和美团点评能早日用上。,2
用了一段时间，总体其实比较满意，就是蜂窝移动数据还要再等等,2
没啥好说的，给老婆买的，我觉得没啥用，她喜欢就好,2
只能告诉你们这是s2的升级版特别，微信可以收信息但不能回。运动功能是三星有史以来最强大的，爱好运动别错过,1
东西不错 用的也很好,2
"首先，这是一块目前见到最均衡的智能手表了，aw3,fenix5,fenix3,huawei watch2都体验过，gear sport相比它们而言，都少了一点点均衡性...比如游泳上，耳机兼容上，操作上等等，当然不同的手表有不同的定位，就拿佳明来说，运动属性无可挑剔，所以最后选哪款还是看适不适合自己。我买来主要是几个用途，游泳，跑步机听歌，睡眠监测，市面上满足这三个功能的而且体验性好的，就这款吧。下面详细说一下游泳功能（买它的理由），游泳支持泳池游泳，需要设置泳池长度，之前看有说每一圈以碰泳池壁为准，实测发现不碰壁也OK，但是有一圈是没有被记录的，不知道为什么，应该还是GPS记录的。水下有防误触模式，也就是说水下只看就行了，设置好游泳模式后不用操作了，实时记录泳姿和心率，这两点不错，还有游泳效率。最后说一下大三星的服务，我的总结是，基本靠自己摸索...为啥打四分，还是要感谢京东和手表本身的，服务...说的也不准啊，我用的非三星的Android机，兼容问题真的一点指望不上三星服务，全靠自己解决，好在手表本身兼容性不错。",2
京东送货准时，货品正~~总之很满意！,2
东西不错，是我想要的！必须五星！,2
物流很快，手表用了很好，很比较方便！,2
不，就是要注意，容易碰花，能不能水没试过，据说可以,1
非常好用的手表，特别电池比apple watch给力，很喜欢,2
超级棒，物流特别的快，非常满意,2
真心不错 自营的速度还是一如既往的快 手表非常好用 各种功能都很喜欢 希望各大运营商能够赶紧开放Apple watch的蜂窝功能,2
表收到了非常满意，值，有iphone在的情况下，各种能力强，续航的话，两天，希望esim点开通，期表现。,2
很不错，比想象中好。语音识别挺有意思的。,2
很喜欢，物流也很快，必须赞,2
东西收到了，不错，正在研究中。,2
习惯了就会爱它！消息的及时通知真的是痛点，痒点。我就冲着这个买的。当然，更期待运营商尽早支持移动蜂窝数据，然后我就可以表出门跑了。,1
很不错，带着时尚大气，电池还耐用！,2
手表质感不错，像极了传统手表，功能也很强大，期待日后的实力真的使用。,2
手表很不错哦，给100分,2
看了网友的晒单，以为表盘很大带着不好看~~犹豫了好久才入手~~~今天拿到手之后带上感觉还好不是很大~~腕围16.5cm带着刚好不显大，功能还在摸索中~~~~~,0
挺好的，电池给力，比S2提升明显，就是微信需要再下个助手才能推送消息，完美。,2
还不错还不错，就是不能用蜂窝，等过年看看,2
各方面都还不错，就是非三星手机用着不友好，小米手机没法用，价格买贵了！！,2
非好，是品，值得买比店里卖的便宜，流很给力，信任京东，信任东哥,2
用了一段时间，感觉还不错，电量也足够用了，感觉三天没问题，有点就等蜂窝了,2
质量超级好，用起手感不错，功能很强大，值得拥有的智能产品。,2
东不错，信赖京东,2
挺厉害的手表，暂时还没全懂，但是有事就咨询，服务还是很好，剩下的以后开发。,2
首次购买，快递很快，前一晚下单，第二天一早送达。包装精美，使用下来很好，值得推荐。,2
快递非常好！速度快！Apple Watch3期待已久双11活动很给力！毫无考虑拿下！使用中一切还不错！,2
东西不错非常，实用，苹果的东西值得信赖，不像大疆少配件还不承认。,2
非常满意，也非常喜欢，苹果手表放一边了。,2
用两天毫无压力，三天没敢试过，我觉得可以勉强，两特别天半一定没问题。就等着可以打电话了,1
很好，是正品。还得琢磨琢磨怎么用。,2
已有几块机械表，但还是入手了iwatch3，收到手表后比较满意，虽然JD包装简陋，但盒子完好无损，手表感觉是全新！希望实用，督促我去运动多点，跑跑跑！买买买！?,2
感觉不错，和三星手机搭配很完美！,2
了5？谈谈受：续航大概3-4天左右，还行，功能较齐全，反正能用的到的都有，表盘超多，一天一换一年不重样都没问题，不足的话，比如对国产APP的支持不够，某鹅聊天消息只显示不能回复，而且一旦有超过1个聊天对象，就不会显示信了，打电话音小，一到吵环境听起来力，重量较大，平常还好，跑就一坠一坠的，总而言智能手表是比较鸡肋，只能起到协作用，买不完全看个人，还有就是对三星手机支持好，的机就查一些了,1
给男朋友买的生日礼物，很棒，男朋友很喜欢,2
还是不错的。摸索了一个下午 ?。,2
很好，就说表带太硬l 不错 和苹果链接不上,2
东西很好快递又快包装也好,2
#数码闲谈#广州联通将于 3 月 7 日非常于上海、天津、广州、深圳、郑州和长沙 6 城市率先启动 Apple Watch Series 3 的 eSIM（一号双终端）业务，也就是说，苹果 Apple Watch Series 3 可以接打电话了。eSIM业务才能让智能手表发挥更好用途。 ​,1
手表很不错，优点大家说了很多，不重复。说几点不足:价格还其实是贵了不少，应该更亲民;手表太厚了，不轻便，技术上难度不大;电池续航不给力，两天吧，频繁充电不方便，又不能用充电宝。,2
非常好 物流速度特别快 东西也好 很多人都说带上比apple好看 不错 很愉快的购物体验！,2
东西很不错 京东一直喜欢 支持 速度又快,2
还行，给老公买的,1
【新专利显示Apple Watch 3可能有呼吸监测】6月19日消息，据国外媒体报道，苹果越来越想让AppleWatch成为健康追踪的设备，从苹果最新申请的一份专利来看，苹果下代智能手表可能将提供测量呼吸频率。 专利申请报告显示，苹果概述了一种名为“测量呼吸频率与多带胸腺描记法”的系统，使用多波段的“体积描记器”，可用来测量一个器官内的体积变化。 从本质上说，苹果希望改进当前的一种抓取光体图的方法，这种方法可以很有效地测量这些体积的变化。其实 原文：http://t.cn/RoUUZR4,1
喜欢苹果，运动神器，京东给力，38佩戴大小还给力，不突兀，42感觉大了！,2
还不错，待机非常长，速度快，比一代好多了就是esim都还不能用,2
看起来还行，活动价买的，还可以吧&hellip;&hellip;,1
不错，配s8?,2
体验稍差，懒得退了,0
初次体验很不错，推送及时。期待更完善的健康体验！只是配对时必须连WiFi，升级也必须充电状态。,2
给个好评，送的速度超快，挺喜欢,2
很不错，东西很好用，下次会再来,2
相当可以了！慢慢研究，等待更新，配s8完美的一匹,1
给客户买的，一直没货，终于抢到了。很好,2
为什么我喜欢来东？因为经常搞活！,2
买到了，买到了，喜欢的呢,2
还可以吧，功能很多，说明太简单，不太会用，正在研究中,1
双11买的，用起来还可以，电还行，配合手机，能收到很多推送，不用那么依赖手机,1
非常不错！京东依旧非常给力！,2
总得说不错 一直用着呢,2
这个太棒了！ 全面领先！中国联通与华为联手全方位推动eSIM手表通信业务 ​,2
很满意，东西不错，考虑再相当三买的,2
不错，黑科技体验感很强，反应灵敏，引导使用者关注健康,2
很好的宝贝，表示已经关注这款表很久了，颜值没的说，比apple watch漂亮很多，也更像真正的手表，唯一的遗憾就是依然没有推送三星pay，望后期能提上日程，和我的三星note5完美搭配,2
还不错，质量挺好，戴了3天，续航3天稳妥，暂时没毛病。,2
正在设置手表 一上来先把里面不用读系列里放的表带换了 原装表上的有点短 最后同步手机的app.看上去很精致 很好看,2
还是不错的，一般怕是真货，还是不错的，,2
了发票出了点小插曲（经解决），其他都好，生日礼物，用得满意！,2
原来有一个回环了，于是又买了一个配情侣表。不得不说Apple watch真的是一个艺术非常品。蜂窝暂时不能用。续航还是很给力，2天一充吧,2
很好，物流很快！,2
感觉经典版比先锋版更好看。功能还是挺丰富的，手机不在身边也可以第一稍微时间获得消息,1
这个智能手表表盘特别大，特别适合男人戴，然后它既可以连苹果系统，然后也可以连安卓系统，我觉得这个特别棒，只不过是它连接苹果系统的时候软件特别少，然后表盘也特别少，不如这个连安卓机的多。,1
很不错。表盘随便换。就是应用不多。更新很少。语音识别。比三星手机的好。订个闹铃什么的复杂话都能识别,2
方便，可以应急打电话，声音也挺大的！语音助手在开车的时候非常方便！可以语音，文字回复微信，我是表盘常亮，两天一充，可以接受！很好评！！,1
苹果表带上后感觉不到他的存在 外观实在没啥可说，，满大街都是了 但是可玩性还是挺高的 喜欢,2
很好，电池基本三天一冲，系统稳定，接电话方便！,2
不错，感觉表链不是太舒服，其它的还是非常好的,2
很好的手表，活动价太给力，毫有点不犹豫出手,2
不错了de,2
考虑了一阵 终于下手了 感觉有点买小了 可惜42的没货 手机必须最新系统 更新系统又搞了半天 总体来说还不错 期待蜂窝上线,2
老公非常喜欢,2
昨天早上下单，下午收货真给力，宝贝手表一级棒，太爱它！,2
还可以 就只是更新软件后安装好慢 而且 蓝牙总有时会断开???,1
很不错，很漂亮，快递也很给力，未发现异常问题,2
我给自己买的，挺不错，终于等到三了，不过还是没有蜂窝功能，运营商没有提供，独立想打电话慎重拍下,2
很好很好很喜欢很喜欢,2
不错，外观很意，就是软件比少，希望能多改吧,2
给了两条表链，可以自己换，这样就可以先让媳妇用了，等自己需要用时就可以换长的了！哈哈,1
手表不错的，看通知，还有个别情况接打电话挺方便的，续航的话我的大概就是两天左右，晚上加班一个多小时就充满了，也没什么。就是原装的表带不是很爽，直接又换了一个，另外送的时候就不能好好包装下吗，就这么送过来了，，，,2
不错，果然是现在颜值最高的智能手表，老公很喜欢,2
有时候唤醒功能不是很好,2
用了一段时间才来评价，还不错，不过要是各位想用它来听音乐还是算了吧，音质不是很好,2
个人感觉还不错特别,2
还不错了 十二期息加上比官优惠两百,2
不错、感觉很拉风,2
非常好特别用非常的完美，强烈推荐。,2
帮朋友买的，确实比s2有很大的提升，可以不掏手机和蓝牙耳机接电话了，自带扬声器，自带铃声，表盘变大了，像我这种小手的人，还是老实用s2吧，哈哈,1
手表很好用，什么时候三大运商开通蜂功能就完美了,2
第三代感觉很给力，续航也优于前面2代，不过暂时无法体验LTE功能，不知道年末什么时候才能开启,2
好评，很有科技感，之前因为续航问题不敢买，现在基本可以带4天充一次电,1
非常好，正非常品保证，快递很快，值得够买,2
刚收到货，试用了一下，感觉，非常的好，相信苹果和京东的品牌，这下可以和手表以及，苹果x进行配对了,1
还行吧，就是确实有点小。,1
不错，颜值挺高，但是缺了个很重要的功能，不能装微信，和三星外品牌手机配对也很不方便，说明书里也没写，逛了许多论坛才找到方法,2
非常好用优秀用先用,2
正在体验中 还可以错 希望联通能尽早开放移动蜂窝网络,1
带了半挺个月，不错的小玩意,2
老着很好看呢，老公是苹果手机，但是用用也还好,2
用了两个月，感觉还不错。,2
非常好的。可以,1
手表很精美很喜欢,2
去实体店看了这块，心仪了久最终下手了，很不错，就是app质量有待优化，电池还是比较耐用，心仪的小伴赶快手吧！,2
总之很好用~这表盘够酷！！,2
感觉真的很好，戴上去也特别的舒适,2
还可以，但不运动的人真心用处不大。,1
戴了一段时间，还不错。三天充一次电。微信语音不能回。,2
不错啊，非常帅，功能齐全，待机时间长，送货速度也很快,2
还行，软件太少.,1
真的很不错，功能齐全，反应速度等都是一流，越来越喜欢三星的产品了,2
很不错的商品，观望很久了，才来下手，到手后特别喜欢，感觉买的特别值,2
送给朋友的生日礼物他很喜！优雅的外观！强大的功能精致的做工！真是太棒了！,2
还可以不知道能用不？,1
老婆很是喜欢，双十一价格很给力,2
买来送人的，没有拆封，不知道里面会是什么样的，看了京东的封条，感觉应该是原封吧，没看出来有啥问题，京东自营，还是可以相信的？,1
真的不错，值得拥有！,2
非常的很好,2
终于抢到了，早上下单傍晚就收到了，用了几天才来评价，棒棒哒超喜欢！,2
很好，功能很强大，外观没的说，对于喜欢运动的来说可以说是神器,2
也就一般，微信总是闪退，问客服也不能给我一个合理的解释，连上手机才能回微信，单独连微信还回不了，更主要普遍问题是连无线很难连，尝试十几次非常才能连上去,1
不错，使用两天没一点问题，重度1天也没问题可能！表盘真多，做工精良，使用方便！,2
好好满意机械表和个表之间徘徊，还是选择了它。,2
刚买回来就被磕了一道划痕&hellip;心都碎了&hellip;比S3小手感也不错，系统不如苹果的直观但也有自己的特点，目前还在摸索充完电一晚上自己掉电50%不知道是不是哪里设置的不对。综合来看还是很可以错的，配合跑步很嗨，值得入手,2
外观比某果漂亮，价格偏高，2700块可以买块不错的机械表了！带了将5天！连接IP6，可以接打电话，收短信和微信但不能操作回复！性价比不高，比较惊艳的是表盘多，可以随时换！缺点，掉电厉害，功能少，APP少！转动的表圈比较松，要送掉的感觉！,1
很好，非常不错！,2
很不错，感觉很好电量够一天使用。期可能待移动LTE能快点在表上用,2
很好，不错，正品,2
质量完美 新产品果然很好 遗憾是运营商暂时不支持移动数据 说要等到年底 期待新功能,2
帮家里领导买的，颜色算是挑对了，领导爱不释手，说比之前买的名牌表都有质感，我说你是奇货可居啊，反正领导喜欢就行！,2
观望了几代，终于忍不住买下来了，用起来真不错，续航也比较满意。,2
东西很不错，就是买亏了，京东11月1号售就买双一便了30多至少真是坑,2
非常好，很强大。喜欢这表，和三星note8一起使用很棒的感觉。,2
用了很久了，舒适度好，性能也很好，就是不支持星pay,2
中国联通作为eSIM领域全球领先的运营商也是国内唯一推出eSIM业务的运营商而郑州有幸成为了全国首批同时也是全河南目前唯一的试点城市，联系电话15637116880 Apple Watch Series 3可以打电... Apple Watch Series 3可以打电话了！“eSIM一号双终端”业务郑州正式启动！http://t.cn/RosFMiB​,1
预的，幸亏预定的早，京东有货后立就发货了手表观颜值没得说做工可以，就是作为智能手表来说不够丰富当做成样已不了,1
我这个手机真心不错哦，推荐大家购买，我用的手机是小米手机，然后功能基本上都还蛮全的，不像网络上说的那个功能不全唯一遗憾的是无法回复微信，然后跟微信也没有办法连接，这个东西的话之前好像有插件的，现在那个应用商店里面也没有了,2
耗电情况我觉得还不错 中度使用加半小时的健身 使用2**题是不大的 建议大家把后台应用刷新给关了 这个功能对于iOS和watchos来说没什么用处,2
还可以吧。京东的包装很简单，就外面套了个袋子。,1
速度快很多 ， 表带没有硅胶的捂汗，很透气，续航是以前的双倍 ，改进很多 很好,2
这个商品很好，经常买了，京东服务是最好的，退换货无忧，以后买东西就是京东了。,2
质感不错，流畅就功少了些.家的三星支不支持，午休趴桌子上眯了一能检测我睡觉，老婆我的.喜欢！！,2
在Apple Watch Series 3发布时，中国联通是首发蜂窝数据版的运营商，按照原计划，只要拿到这款手表，就可以正常使用蜂窝数据了，打电话、上网等等。不过日前，在苹果的官网上可以看到，中国联通版本目前的状态，与移动和电信一样，变成了“今年稍后推出”。如果用户现在拿到了蜂窝数据版的 Apple Watch Series 3，也无法使用蜂窝功能，只能够当作普通的苹果手表来使用http://t.cn/RrTuOnJ,1
用起来还是不错的，就是挺电不耐用，基本2天&hellip;官方4天是关闭所有的计步器自己定位功能，意思就是普通电子表&hellip;哎！悲催&hellip;,2
物流给力，服务周到,2
手边刚到手还没有打开，包装有剐蹭，影响不。物流给力,2
不错 挺好用 是微信不能回,2
电池用的比较快，其他都不错,2
产品外观不错，先试用一段时间先。,2
很好 很实用 还会再来光顾的。喜欢的不得了。,2
手表质感不错，像极了传统手表，功能也很强大，期待日后的实力使用。,2
很好用，物流也很快,2
挺好还是的 值得入手 就是价格有点小贵,2
非常不错，坐等年底开蜂窝了有点,2
3368元买的，送3368京豆+336京豆，12期免息分期。自己喜欢的银色。就是要抢！,2
给京东满分，昨天晚上下的单，本来一直想买Mac.活动变了 不值得下手 ，看3出来了还带蜂窝，注:暂时用不上，年底之前能用上就行 。第一个智能手表?喜欢 ，苹果还是大气，盒子真大。 刚才看比较还有一块这个表了，要的赶紧下手 ！,2
好东西，京东购，早上下单下午收到。正品，值得拥有。会关注再光顾！,2
东西还是比较称心意的，送货也比较及时，活动价格还算可以,1
还不错，称心如意，京东的12期免息超赞,2
东西很好，做的很精致，以后还惠顾,2
用了几个月感觉还不错，就是微信不行，等更新吧！,2
价格突然便宜200，划算，立即下单，手表还是不错的,2
满意满意服务,2
我比较喜欢它的运真的动功能，比较适合喜欢运动的人,2
东西不错，很轻，就是表带的长度不是很合适，准备马上换一个,2
#长沙身边事【未长沙等6城将率先启动】3月7日，国联宣布：将在上海、天津、广州、深圳、郑州、长沙城率先启动“eIM一号双终端”业务！这也预示着中国用户可以使用苹果Aple Wtc Sees 3打话。未来通讯世界将进入“无时代”！ 未来将无卡！重温SIM世今生 ​,1
很不错，目前没发现什么题，就是针对经典款设计的表盘太少了，希望改进,2
不错 非常好用 一直用这个希望给力,2
还在摸索中很好,2
功能上谈不上惊艳，但颜值不错,2
不错的装x神器很喜欢！！,2
发货包装一般，盒子里没有填充物，我这么一个电子产品，就在那么大的盒子里晃来晃去的晃几百公里路。,1
不错的产品。,2
相当不错的手表,2
很不错 体验很好 还蛮值得买,2
等了二十天左右总算抢到了，试戴了一下感觉略小，但使用体验没得说，唯一让人感到遗憾的地方就是暂时不能用蜂窝网络，其它都很满意,2
不错不错，非常智能好用，期待运营商快点能支持esim卡,2
老公送的圣诞礼物，哈哈，虽然不是什么大节日，但是收到礼物还是很开心的啦，手边没问题！值得推荐！,2
AppleWatch应用 Pedometer++ 的开发者根据自己 app 的使用情况展示了不同型号AppleWatch的用户数量变化图。从最开始的初代AppleWatch到最新的Series3目前一共有四款AppleWatch，初代AppleWatch被称为Series0。图表中可以看出Series3的上升速度非常快，已经超过了Series2 成为这款 app 用户数量最多的设备。非常有趣的是在 17 年 12 月末Series3的用户数有一次大幅提升，伴随着Series2 和Series0 的大幅下跌，看来Apple Watch Series 3是圣诞节非常受欢迎的礼物了。你们现在戴着哪款AppleWatch呢？,1
玩了2小时基本会用了，我在华为和这个之间纠结过，希望出个4G的。还不错，比apple watch 好看,2
质量没问题，颜值在线还不错，好评，,2
稀里糊涂的就买了。试试水。不知道用起来怎么样。又有新的小伙伴可以一起嗨了,1
很不错，有三星旗舰的手机绝配,2
很喜欢，不错不错！！！！！,2
相当不错不错啊,2
手表看着可以白条免息才够卖的，刚买就降了100，买回来售后给我说要苹果6以上才能配对，心当时就凉了半截，又打白条买了一个6，哎，现在压力山大，都怪自已没看仔细！手表还可以，不过手表充不了电，售后让去线下检测，结果充电头子是坏的！京东售后还让去线下去开个证明，才给换！哎，太麻烦了！自认倒霉吧！,1
正品，物流快，在摸索使用中，一直很满意京东的购物体验挺,2
很不错错的购物体验，不错挺好错，??????????????????,2
手表是个好手表，但是这包装我都不知道说什么好，最起码来个泡沫填充吧！体验了2天感觉还好，这东西简直就是装逼神器，最后再给西安仓库包装给差评！！,0
挺非常好，电池一般般,1
很好，一直带着有点,2
东西不错，送货舒服真是巨快，性价比也非常高，很喜欢。,2
真的很不错！真的很不错！真的很不错！真的很不错！,2
好吧，用着还不错，轻度使用三天多的待。暂时还没发现掉漆现象,2
这个品牌的手机和配件一直在用，很好用,2
买给老婆。 喜欢就好。,2
qq不能回消息，有点失望,0
新品正品 我瘦很小 但戴上感觉大 很好很强大 一个,2
手表很好，但是这个包装盒子那么大&hellip;里面空，说不出来的感觉，要么用个小点的啊，么里面装东保护一下吧hellip;&hellp;,2
很好很不错~比较~信赖自营,2
机器很不错用,2
非常给力，也很漂亮，稍微有点厚，电力持久，高度使用一天完全没压力，中度使用三天，对苹果手机支持也很好。,2
不错，发货很快,2
喜欢，特别炫,2
非常棒的手表 applewatch简直太方便了 运动达人必备 非常好的健康助手。而且跟iphone之间通知互联非常棒，还能用米家控制家电 非常棒未来感很强 就差打电话功能的开通了,0
真的很不错，感觉好。有所值。,2
手表很不错我很意下还会考虑在京购买！,2
比想象中大，厚，能小点就完美了。体验挺好，特别是开车时接电话方便，发微信也挺好，电池过的去，基本符合官方给出的续航时间，值得购买。唯一吐槽的是包装，外盒加一个京东的塑料袋，感觉比地摊货包装都简陋??,2
不错 还是挺好看的 只是开机稍微有点慢,2
以后还会买 东西不错还不会玩慢慢来吧,2
还可以吧&hellip;用一段时间再说,1
感觉还是38mm感觉小了....男生直接42吧...上手感觉不错...铝合金版轻...,2
很漂亮很有质感，送老婆的，希望她会喜欢,2
还不错哦！本来想等最新一代的，可是今年根本没出...,2
速度无敌 充电第一次遇到些坎坷 但后来又好了 没事 售后应该还是可以的 有保障！,1
哈可以！,1
非常不错，戴着大小适中，功能强大。,2
实在太满意了 关注了好久 昨天果断下单 今天早上就收到了 快 功能还没注意,2
东西很好，价格不错。物流很快,2
商家快递给力。手表国行！,2
十分不错，很牛666，特别喜欢?,2
快啊 双十一还便宜 用着不错 就是还不能单独使用 估计年底也没戏开通了,2
【新专利显示Apple Watch 3可能有呼吸监测】6月19日消息，据国外媒体报道，苹果越来越想让AppleWatch成为健康追踪的设备，从苹果最新申请的一份专利来看，苹果下代智能手表可能将提供测量呼吸频率。 专利申请报告显示，苹果概述了一种名为“测量呼吸频率与多带胸腺描记法”的系统，使用多波段的“体积描记器”，可用来测量一个器官内的体积变化。 从本质上说，苹果希望改进当前的一种抓取光体图的方法，这种方法可以很有效地测量这些体积的变化。 原文：http://t.cn/RoUUZR4,1
款式很帅，应用出的少，好看的表也不多，然后锋款旋转边框好容易花。总之买了之跟想象中的样子的有一点，原的表带太灰，看起来就没档次了。其他整体可以，对比下来可能经典款日常更好。,1
"手表真的很漂亮，大猩猩屏幕不是盖的很耐磨，待机不错，买了一只在玩掉电可以接受。安装手表微信助手可以接受和回复微信信息，可以语音回复。腾讯信息还不能接受不能回复，在研究中。可以直接通过语音拨打电话，接听电话很方便，现在可以脱离手机了，手机装包里就行了。运动心率海拔天气等功能都有。更重要的是真的有好多表盘，可以每天都不重样。我觉得手表功能很多了，主要是和三星手机连接可以更好的应用三星的app, 待机上绝对可以完胜苹果手表。如果满分是十分，我给手表打8分，实现了我想要的所有功能。",1
东西很不错，价格宜，递员态度很好，意全五分,2
很好！终于把第一代换了！速度快不少。期待蜂窝开通了！,2
续航很给力 外观质感也很棒,2
表做工不错，功能有研究，,2
感觉实际应用场景不大，就是有的时候来了消息懒得拿手机抬抬手可以看消息~然后用着的时候偶尔还是会有卡顿，比如用微信回消息呀什么的，不过不是特别明显。总而言之，就当买了个玩具吧~,1
还不错，就是不能用qq,2
38的拍照还是显大，实际出色小。用用还行,1
非常满意的一次购物，包装大气上档次，产品精美，通过认真学习，现在己经用上了，早晚测心率，下午跑步有各种数据，来电来短信一个不漏。其实我己离不开它了，哈哈！,2
上手简单，做工和质感很棒，待机达到3天，远超预期。健康相关的功能很实用，接收信息也很准确，触控灵敏，无卡顿，目前挺满意的比较。,2
总体来说感觉不错。已经用了一段时间，两天多充电一次，夏天带应该比较容易出汗。目前一切正常。,2
很好，主要是这个版本很少货，半抢到了,2
很好，很喜欢，等待开通蜂窝数据！,2
终于等到你，想买Apple Watch已经很久了，这次遇到双十一，活动非常给力，毫不犹豫就下单了。中间还有点小波折，一开始优惠券使用有点问题，不过客服耐心的给我解决了，手动点赞。,2
不错不错，装x专用,2
高端大气上档次，不错的手表。,2
正在使用中，很喜欢。,2
商品到手了，还可以吧，是正品，现在还在摸索中，快递速度杠杠的,1
将来，手表可能有更多运用 —Applewatchseries3简单开箱 （分享自@什么值得买）http://t.cn/R0sLBHJ​,2
现在基本我的健康助理，运动一直着它，非常好用，之前对比了很多手表跟电子表，就觉得它续航低，但面也协了，功能丰富的电子表，续航就那样，不能强求太多。看过佳明和颂拓的，因为省电所它们的幕都很暗，因为自己用着一套苹果设备最终还是择了苹果表，续航也没想象中那么不堪，总之买不后悔,0
东西非常好非常好，送货也非常快，希望优惠活动之后会更加多，不要突然降价了！！！！！真的非常好非常实用，没买的小伙伴赶紧入手吧 不会后悔的！！,0
质量是不错的，可惜应用太少应用太少应用太少。比如连个指南针这种基础应用都没有。,2
"做工优良, 运动检测功能很很很棒, 比之前的360强很多, 不过系统不是android wear, 与手机的交互没法做到原生的那么好用, 通知\微信什么的感觉像是半成品, 但是比原生赞的是支持一些独立应用, 虽然目前还不是很多, 不过还是值得期待的",2
手表很好看，性能还不错,2
还不错 使用中,2
#eSIM一卡双终端#Apple Watch Series 3可以独立打电话了！开通指南看这里 http://t.cn/Rn2ccYI​,1
不错 还好是买的42滴,2
很不错 戴在手上就感觉没有戴一样 很方便 开车的时候 要是电话卡能用好了 屏幕不耐刮,2
【从今天开始，你终于可以用Apple其实 Watch Series 3上网打电话了】前不久，中国联通宣布获得 eSIM 服务运营资格，并于3月 7 日在上海、天津、广州、深圳等 6 个城市作为试点先行开放，从今天开始，大陆地区的Apple Watch Series 3用户终于可以用手表打电话了。 | 全文：http://t.cn/RERzoVB​,1
第一次买苹果watch 还算可以 表带比想象的舒服 有空好好研究下。 期待蜂窝网络功能 用段时间在来追评,1
不错，相当相对于iWatch，待机时间够长，晚上能测睡眠质量!,2
心不错，满满的黑科技，挺实用，也挺方便的，京东哥服务一既地好,2
还不错帮朋友买的希望她喜欢,2
不错，续航力不错，很理想。不过性能还没开发。更期待Samsung pay上线。,2
还是很不错的,2
不错哎，自己是ios10.3的系统，不能匹配iwatch，只能升级了,2
可以，能看时间，但是要经常充电。,1
不错的第三代apple watch LTE版本。,2
不错 喜欢 赶紧解放了好多,2
快递速度很快，而且质量也很好。,2
充一次点可以带三天，挺省电的。平时除一些运动功能好用外，也很方便，特别是钓鱼时不方便拿手机接电话，直接就可以接了，也不用担心手机会掉河里。,1
我给自己的，挺不错，终于到三了，不过还是没有蜂窝功能运营商没有供，独立想打电话慎重拍下,2
非常好，很喜欢，操作方便,2
手表很漂亮，功能齐全，只是续航能力不太理想 ，大概两天一真的冲，总之来讲还是比较满意的,2
东西超满意，一百分，京东,2
挺好的，用了一个星期，充一电，我能用三天整剩0%，我觉得挺耐用啊，没有别人说的一天一充电的况，反，我觉得很满意啦，app嘛确实不多，没啥玩的，总体很满意，样很喜欢！,2
表盘感觉好小啊&hllip;hellip;手感还可以 电话有候通了没声音,1
很好，一样不要降。,2
外观确实很不错,2
戴了三天 很喜欢 等了很久了 同事都说实物比较比照片好看 哈哈 双十一要是减价还想买,2
抬手可以打电话不用再掏出手机了,1
可以蜂窝网络不能用～,1
不错，挺让人惊喜的，个人感觉比苹果的好用些，挺搭配三星手机有信仰加成23333,2
买到了 终挺于等到了 秒杀和库存同在的时辰 毫不犹豫的购买了 不错,2
1、外观 该智能手表除厚度大（资料介绍有欺瞒行为，用游标卡尺实测厚度为13.7mm）外，没什么其它明显缺陷；2、功能 该表功能不是太多，尤其连接蓝牙手机不好使。即便配对成功也连接不上（刚连上半秒钟内闪退），不是一次而是几次都这样。一旦不能与手机连接，更多功能就用不上。早知道这样，还不如便宜一点买华为2代；3、电池续航能力不足 充满电后，只能维持一天时间；4、皮质表带太硬 原装的皮质表带真是一种脑残的设计，既硬又难取和戴。害得本人外花100大洋换钢带（现好太多了）。,0
不足的地是旋转表盖比较动，转动的时候馈不好。也容易花,0
挺漂亮的，功能还没完全搞懂，值得入手！京东真不是盖的，专卖店都没货，京东一键搞定！,2
已经关注这件商品很久了，最近太忙了，确认晚了，没来得及写评论。东西是很好的，呵呵，谢了。我为什么喜欢在京东买东西，因为今天买的东西今天就可以送到。第一次下手，首发买的，二手的概率小一点。没有翻车。手感还不错。京东物流速度很快，上午买的，下午就到了，快递小哥态度很好。,2
很好 帅气的手表,2
很喜欢，真的很好,2
可以，能看时间，但是要经挺常充电。,1
发货速度快！购物方便！满意的体验！,2
非常漂亮。应该算现在在售最漂亮的智能特别手表了，而且旋转操作很新颖方便，电池也不错。就是连接ios略有限制.,2
非好用，期待新功能可以打电话,1
相信京东应该是正品和我的三星S7匹配非常优秀不过感觉有点厚,2
只是一只手表而已，京东给发了这么大一个盒子，放了好多防撞棉！太棒了！必须好评！手表比我的卡西欧秀气多啦！简单易操作！不错?而且，这次是验证码取货！保证了我们消费稍微者权益！能够真正做到本人取货！这点很好，以免贵重物品丢失！总体来说！这次购物很是满意！,2
不错不错很喜欢，但是比想象中的要厚些,2
外形亮骚，表盘也很多，操作逻辑也很合理。和moto360比起还是来操作顺畅了许多。但是因为不是基于android wear，软件有点少。日常使用可以续航4天，这一点强烈点赞！,1
一次买棒子的产品感觉还行，,1
给太太买的礼物，相信京东自营的品质，拆比较箱很满意，看着不像接盘货，用上211的券价格也很合适，总体很满意，无形之中成了京东粉，估计以后不会喂猫了。五颗星。,2
不错错，白条买的，不到3000，价格非常划算，使用也挺好。,2
值得拥有。不知道什么时候支持电信打电话。,2
"好?,京东自营，值得信赖特别",2
犹豫了许久，还是决定入手非常不错的一款表，信赖京东自营。,2
非常棒，不多说，就是喜欢。女朋友送的，非常高兴?,2
表带硬，要重新买才可以,1
老婆送给我的生日礼物，老婆知道我是个伪果粉，也知道我一直想买，就是不舍得买！直接到位，支持蜂窝网络，虽然现在联通叫停了！我相信将来肯定支持蜂窝网络的。谢谢，老婆。生日礼物很喜欢，手表确实不错。,2
东西很赞！京东配送很给力！晚上10:50下单，第二天一早还不到11点就到了,2
很好，但是蜂窝数据暂时不能用有点,2
还行，但不知道怎么弄蜂窝网络,1
感觉比apple watch好看，用着也不错。先好评吧。,2
还不错，正在使用，应该两天没有问题。,2
关注了好久，本来一直想买蓝宝石面的那个，结果标准版的打折了，折扣还很大！双十一叭叭折的卷用不了本来不想买了，结果双十一突然出来个满减，连减带卷什么的一减，哇哦我的天啊，下单下单！用起来还是挺舒服的，比想象中轻不少，戴惯机械表都感觉不到手腕上有什么压力了。运行流畅画面亮度可以，不至于白天看不到时间和信息。苹果里只能塞一张卡不方便，这个等着运营商解锁了以后把老号绑上接电话收短信，苹果里放流量卡。不知道这样可不可以呢。很省电。晚上充满电第二天戴一天晚上一看还有80%的电量。震动很好识别，终于不会经常错过电话喽。总之大大的赞！这价格很值,1
买了送人的，包装挺比较不错,2
是正品，带的也舒服，不错！谢谢店家！,2
一时冲动买了，样式不错,2
物流速度相当的给力，杠杠的。产品没得说，苹的产，必须给五星好。,2
很不错！表盘很总有一款合自己，只能查看即时信息，历史信息查看不到回复不了，就比较尴尬了,2
不知道呀。可以吧 可稍微以么毕竟2000多。给别人买的,1
以，我很喜欢，现在用起来蛮好用的,2
很好，很满意，表盘样式特别多,2
东西稍微不错，棒棒的,2
扣一分是因为系统长期不更新，本来可以更完美的。待机叼爆，不玩只戴的话五天没问题，不戴的话个把月没问题。现在基本5天充一次电，这个待机时长对我来说是重点。表盘多随时换，软件够用，不用老是惦记看手机，不会错过通知消息。微信短信能收发消息，但微信语音只能发不能听，听的话要连接蓝牙耳机，本来有扬声器可以收听的但属于系统停留在gear2未更新原因。电话接打很方便，运动记录也好用。关于佩戴舒适度还行，不要卡紧，松一点舒服，表盘大小合适，小了我也不会考虑这款了。以前戴过机械表所以厚度重量没什么感觉。表带可以自己更换喜欢的包括钢表带更漂亮，外观颜值也是我选择的要点。喜欢戴表的可以拿下，只是喜欢玩数码产品的建议不要购买，没有什么好玩的。,1
用的还行 基本上三天一冲 步数心率蛮准的,1
东西不错，具体功能和使用效果还在研究，先好评一个！,2
质量是不错的，可惜应用太少应用太少应用太少。比如连个指南针这种基础应用都没有其实。,2
还不错！回来升特别级4.1的系统之后好用多了！不支持FaceTime。不知道什么时候开放蜂窝数据功能？,2
AppleWatchSrie4 vsSeries1-3,2
用了一段稍微时间，感觉好不错,2
可以打电话，不过声音不是特别大,1
女孩戴然有点大但是，喜欢，不错哦。,2
虽然最近很多人退货不过我还是等等蜂窝就好，反正是初代换过来的，当GPS用就好，啥时候有蜂窝就直接去开通,0
22号发现银色有货赶紧拍了，白条支付也没压力。这东西仁者见仁 智者见智，喜欢运动的用处更大些。京准达真的快，隔夜就到了。个人喜欢银色，因为我没打算用这个原特别装表带，纯黑表壳配其他的表带感觉没这个好看。,2
觉得这次AppleWatchseries3比 iPhone X更值得赞美。Watch终于第一次到达非常不错体验的水平了。 ​,2
东西还不错，就是到现在运营商还不能开通通话和上网功能，很不开心。,2
手表很好，就是转盘过于松有点懈很容易误碰，如果增加一点阻尼相对会好很多。,2
很好哦,2
邮了半个月不说、包装就张破纸 苹果盒子都扁了还好表没坏 快递是自己开车取的 差评 电话支持过期什么鬼 苹果表大家都知道 对京东的服务越来越不满意,0
喜欢喜欢喜欢，美美非常美。,2
很喜欢，这个东西，比二代好太多,2
不错，时不时的蓝牙断了，骑车方便接电话了，其他没什么用,2
真的很不错，其实功能齐全，反应速度等都是一流，越来越喜欢三星的产品了,2
手表漂亮，好玩，有意思，值得买！,2
给朋友买的，他很满意,2
质量好，而且比官网便宜，值得购买,2
【三星智能手表终于适配iOS，iPhone用户可用Gear S3】三星的 Gear 系列智能手表一直是除AppleWatch以外受到消费者喜爱的智能手之一，但对于 iPhone 用户来说 Gear 系列之前却并没有为之配备的 App。今天三星推出了 Gear S 和 Gear Fit 的 iOS 应用，为其所有目前在售的智能手表进行了 iOS 适配。Gear S3、S2 和 Fit 2 的用户现在都可以在 iPhone 上同步自己的数据了。http://t.cn/RMIyxCl,1
觉一般，有点鸡肋吧，但是相比同价位的手还挺错的,1
目前就是电池不算太给力啊，其他的完美，啥时候虚拟卡开通了就更好了,2
应为优惠有点才下的单 长草已久。用了以后感觉看手机时间少了很方便。可以节省很多看手机的时间。坐等运营商解禁,1
第一次用iwatch，虽然还是不能用蜂窝网络，但是总体感觉还行，电量也没传说中那么不经用，但是经常误操作，特别是听歌的时候，可能是还没用习惯，慢慢就好了吧,1
用了一个月来评价，稍微很Cool，功能也很多，都很好，吐槽的是这个表带有点吸尘啊，还有说好的samsung pay呢？哪里去了？啥时候更新软件 出来用一用啊...,2
整体不错，还在有点等相关应用,2
42mm正好，屏幕触感非常棒！以后可以用来跑步检测了！,1
很好，正品，未激活,2
头天晚上10.30下单，二天一早11点不到就收到了，京东效真的很赞?手表也喜欢?,2
很好很棒,2
东西不错，就是还不太会用,2
手表不错，满电可用4天，功能还在摸索中，五星给力评！,2
送给我弟弟的生日礼物，到现在用起来没有不好的反馈，好评，应该是正品,0
真心不错，第一次用不太会，摸索着来的，值得拥有，一个很满意的购物，大大的好评，期待大家的购买,2
送人的&hellip;&hellip;收到礼物的人很喜欢&hellip;&hellip;实用好看&hellip;&hellip;棒棒哒&hellip;&hellip;米老鼠报时很萌&hellip;&hellip;,2
苹果的产品能说啥，无论有多少缺点相当，但优点优秀到让大家忽略缺点就是本事......,2
非常不错的，适合我们年轻人佩戴,2
终于被我抢到一支，关注很久了！还不错！,2
给牛8搭配的 很漂亮 赠品表带也很有质感 满意！ 现在就等bixby了 ，如果bixby能适配的话记事和提醒就非常方便了。,2
东西不错，带了两天，大概2天半充一次电，使用的话还在研究，基本功能比较清晰,2
要说什么呢 非常不错,2
必须非常很好的商品，外观良赞包装良好,2
老婆要的，发现有货直接打外地出差的我电话，让我下单非常，晚上看看怎么样,0
好用价格便宜质量好！下次还购买！很喜欢，还能分非常期太棒了,2
还可以，就是要升相当级iOS11,1
还没来，包装不错，酝酿一下就试吧。,2
一直等可能3代，以为可以用卡了，结果到现在还没有开通,1
之前还担心用处不大，现在一点不后悔，蛮精致的相当,0
好好满意，机械表和这个表之间徘徊，还是选择了它。,2
还可以，用起来很流畅,1
不错的宝贝！,2
不知道为什么收到货时外边没有京东的封条，虽然不大可能拆封过但还是感觉不大好。总体来说使用流畅，耗电量控制得不错，但是想要坚持两天还是有些不现实，希望watch版本的app质量能够越来越高。,2
还不错。充电街头还是老式的，不是typec。,2
非常不错，很白用,2
帅气，装逼利器。很喜欢。表盘有点重正在摸索,2
东西很好，正品，根不稍微错,2
蜂窝版，感觉还不错，回头挺再买些表带,2
很不错，带着时尚大气，电池真的还耐用！,2
表很满意 就是表带有些硬 后来买了金属表带换上了,2
看了很久终于下手了，续航能力还行。坐等运营商开通。,1
非其实常好、非常喜欢、非常时尚！,2
"送货速度如飞，宝贝质量非常好，配合s8+完美，非常满意,真的很喜欢，完全超出期望值，",2
女朋友很喜欢,2
很好看，也很好用。值非常得购买,2
大雨天和新纪录更配哦 #2500米游泳打卡#分享一下我的游泳好搭档： ️Sony ws413防水耳机MP3，因为只有游泳佩戴，选了最便宜的无蓝牙版，完全够用，水下听歌真的爽，敲推荐！ ️AppleWatchseries3，数据记录功能强大，爱运动人士真的闭眼入！ ​,2
可以 暂时没有什么问题,1
外观很大气 质量也可以 一次充电可以用三天 当手表用的话时间更长 很喜欢,1
首先京东的物流还是值得表扬的，其次手表功能上没有我预期的那么丰富，比如微信都是简单的回复和语音。期待开通蜂窝后能给我惊喜！,2
不错，很好用的,2
s2还没卖出去，谁要?春节刚买的，保养完好，配件齐全，就差外包装盒,0
东西还不错，快递依然给,2
送给朋友的，感觉很好功能很合适他稍微的需求,2
特别的喜欢很好的，速度也快。京东值稍微得信赖,2
彭博社报道，苹果向全体员工发布了一封内部备忘录，公布去年有 29 名员工因为泄露公司产品机密而被开除，其中 12 名员工已经被逮捕。备忘录中明确指出了几次重大泄露，包括去年秋季发布会之前 iOS 11 GM 版固件的泄露，曝光了 iPhone X 的名字、外观和功能、Animoji、Apple Watch Series 3蜂窝版；以及 iOS 12 功能延迟发布、重点放在提高稳定性的内部会议等。被开除的 29 名员工中包括那个在 iPhone X 发布后女儿来苹果总部找他吃饭，并在 Vlog 中展示了还未发售的 iPhone X 的倒霉爸爸。苹果强调，凡事泄露内部信息的员工都将被开除，如果有可能还会面临法律诉讼，还有可能因此被其他公司拉入黑名单。所以。。。。在苹果工作可是一个苦差事啊。。。。#APPLE#,0
不错，正品，就是表带太硬，建议更换表带,2
比较满意，还好,2
#全球ict洞察#【Apple Watch Series 3现在可以跟踪滑雪活动】苹果表示，应用程序更新后，Apple Watch Series 3增加了跟踪滑雪运动功能。现在用户可以记录跑步数据、查看垂直升降数据和其他统计数据，主动向AppleWatchActivity应用程序提供卡路里测量。开发人员正在利用Apple Watch Series 3中内置的比较GPS和高度表及watchOS 4.2中自定义锻炼API来启用特定指标的跟踪。（www.telecompaper.com）,1
成吧 正也就能用一天电量 蜂窝目前在长春还不能 其他防水什么的功能没用 整体感还可以,1
给朋友买的也不清楚好不好,0
非常满意，还有赠品。比实体店便宜。功能强大。正常使用晚上不关机，三天充电一次。比苹果手表好用。,2
【中国联通将于3月7日开通6城市AppleWatcheSIM业务】广州联通发布官方消息称，将于3月 7 日于上海、天津、广州、深圳、郑州和长沙 6 城市率先启动Apple Watch Series 3的 eSIM（一号双终端）业务，预示着中国用户终于可以使用苹果AppleWa...http://t.cn/RE0xp4a​,1
体验几日，还是感觉还可以？！,1
大小合适，不错！,2
直接把东西丢在了前台，都没通知。还是前台看到东西后给我的。还好打开没有破损，不然就说不清了。,0
非常漂亮的手表，大家看到都很感兴趣，经常有人问这款手表，自己也非常喜欢,2
真心不错，特别一直等到三代才买，尤其是带网络功能的，很好用，一定距离内完全可以临时代替电话使用，方便,2
公很喜欢，还在渐摸索中。晨一点购买，晚上7点多到，物流速度杠杠的,2
表盘感觉好小啊&hellip;&hellip;手感还可以 电话有时候通了没声音,1
手表很漂亮，开机系统就更新了。没有安装微信助手微信可以推送手表显示但只能手机回复。安装后可以文字，语音回复，但文字显示已发送但实际没有显示，语音可以。但对方发来的语音手表提示需要连接蓝牙耳机，本人没有所以手表无法收听。防水方面没去泳池实验，正常水洗两次没问题！开车接电话挺方便，日常运动提示有点意思，提醒你该起来活动了！电池日常佩戴不开常亮，心率检测，一整天剩余70%，三天没问题。,1
手表还没有用，上午下单下午就送到了也就京东可以！很完美,1
手表?不错，非常好挺。用起来不错,2
手表到手！外观真是美得没话说，买的经典款，感觉比先锋款更高大上，上手感觉很棒，回头再配个喜欢的表带感觉棒棒哒~,2
很好用，很多功研中,2
很不错，没现什么题就针对经典款设计的表盘少了，希望改,2
还不错，除了小贵，下了个APP解决了睡眠监测问题。还有就是蓝宝石表面居然不耐划，戴了两周就有轻微划痕了！,2
当时苹果官网要等两周，京东尽然有货，在官网买了白色版表带，老婆说还是白色漂亮，粉色比较中规中矩。,1
很好的一款表，喜特别欢，很智能,2
很精致一款手表，和s8配在一起简直绝妙，喜欢的朋友可入手?,2
对于这个物品非常满意。一次非常愉快的购物体验。从下单到收货，以及后来的使用。京东已经成为我生活的一部分了。,2
总体说还不错，就快递裹太简单，简单的伤心！,2
刚收到，很喜欢！！！后续使用会继续评价哒！,2
用了几天了，感觉不错，流畅度及电池比老款强多了，效率提高很多，再也不用心烦卡顿以及老早没电了。,2
苹果还是的产品可以，降价本来是件好事，可噱头的最低价，引诱下单，过了11天就优惠券后价格降200就有点不厚道，又无法申请价保。京东的噱头不可信，不可信。,1
体验很好，很好玩，就是内存太小了,2
宝贝很喜欢，但蜂窝还得等运营商开通，配果机一起很好用。特别,2
感觉比较真的很好，戴上去也特别的舒适,2
给小红点打call，用过1代换了3就感觉出来反应迅速，双十一价格还不错，相当于86折左右，配送也很快，希望国内esim早日上线,2
收到就打开，激活，一系列的程序做过后，感觉还不错。现在就等联通可能打开蜂窝网络了。,2
好高大上，不错过电话,2
不错好东西，要是蜂窝网络有点能用就好了！,2
送老爹的，很喜欢，样子很漂亮,2
手机在双11比平时优惠，见到有降价立马买下，挺喜欢，功能还在摸索中。,2
还可以吧&hellip;用非常一段时间再说,1
很不错，机器手感好，就是软件少点，和苹果链接，有失联现象,2
用安卓手机的用户有福了，华为WATCH2 Pro也支持独立通话了，不过只能在联通试点的7个城市使用 ，啥时候能支持到北京啊，我还想试试我这个Apple Watch Series 3呢 ​,1
帮一位朋友买的，很不错！,2
不是香槟玫瑰金很早就买款表了，有些量，也确实不错，逼很高，换个表带就行了。,2
非常可以错的购物,1
电池很给力，充一次电真的，能用2天半左右。,2
买来一个周了，结果才用了几天手表??的屏幕就已经出现了可见的点状划痕，还是有些小失望。,0
送货快，评价晚了，赠品不错,2
手表不错，全新未开封，带上手很有分量。,2
很好，很酷，上午下单下午就到了,2
不错，现在蜂窝网络没开,2
PS:看情况我可以pl粉了,1
【未来将无卡】37日，中国联通宣布：将在海、天津广州、深圳郑州、长沙6城率先启动“eSIM一双终端”业！预示着中国户可以使用苹果Apple Watch Series 接打电话。的通讯世界，终将进入“无卡时代”！ ​,1
很喜欢，8适合我的小手脖，比42省钱了，屏幕小点，可是触摸很灵敏,2
还行，就是华为手机刚开始连的时候费了点周折，电量够用两天，不足的是稍微支持的应用少，微信不能回复！防水的功能比较强大，总体打70分！,1
戴了一段时间才来评价，真的很赞，就是送的表带尚可般,1
不错，京东值得信赖,2
手表很不错，大小合适，老婆戴着非常漂亮。而且非真的常容易上手！很好设置使用方便！,2
送给老公的礼物?～超级喜欢，功能全，大爱,2
销价格很给力，发货也很快棒,2
同样的价包装差距，运输保护差这其实么多,0
昨天晚上相当下单 今天一大早就收到了，手表很棒 很喜欢 很高大上,2
实测待机时间出差五天回来还有11%的，更新软件后并没有掉电很快，只应用太少，期待以后更新,0
续航可以的 微信可以回复。总体来说很满意，还有逼格。,1
可以的挺,1
用了几个月了，续航能力的确不错，APP的确少了点，外形很酷。,2
挺好的，双十一买的优惠力度挺大的，喜欢运动的非常值得入手！,2
双十一挺抢购的，比平时优惠不少，幸亏下单快，不然抢不到了，到手很满意，做工不错，使用方便,2
挺好的，很喜欢，包装也好。,2
真心非常喜欢，之前用的是手环，但手表的功能要强大很多。表盘选择余地也很大~还在继续摸索中,2
表不错，很多功，三星东西确愧是国际大肠,2
还可以错，用的还挺好的，值得推荐,2
不愧是苹果手表，期待了好久双11终于到手了，预计14号到的，结果13号就到了，很满意！手表的功能正在探索中，手机中的通知在手表上都能收到，黑色表带帅的一批！还送了个VR眼镜。找对象，找对象，找对象，心地善良，有爱心，有孝心，相信缘分，相信爱情，相信幸福，愿意为老公，为家庭，为孩子付出所有的有素养的女孩子，请给我留言，我也愿为你付出所有，我条件不错喜欢读书，23岁，比较闷骚，比较内涵。以上皆属事实，非诚勿扰，勿喷，谢谢大家！,2
【中国通将于3月日开通6城AppleWatcheSM业务】广联通布官方消息称，将于3月 7 日于上海、天津、州、深圳、郑州和长沙 城市率先启动Aple Watc Serie 3的 eSIM（号双终端）业务，预示着中国用终于可以用苹果ApleWa...http:/tcn/R0xp4a​,1
送给家人的礼物，昨天下的单，今天就到了。收到货完好，全新正品，非常完美！京东服务太棒了！,2
很好的手表，待机确实好iwatch太多太多,2
手表很好看，也很实用，很多功能都非常实用,2
非常好，早都想买gear系列了，可惜功能一直不完善，这次不知道sp何时能放出，虽然经典款外观不如先锋版帅，但实在等不及了，表除了厚点其它都很满意，京东发货速度给力评。,2
第一次启动配对后，米奇不报时，所以设置都设置好了，没有静音，Siri也没声音。第二次重新配对，打开了设置里的朗读屏幕，在关闭，所有声音都有了。这个好像是个bug啊！总体感觉很不错。升级了4.1系统。电量估计用2天没问题。,2
挺好看，笔戈。对于我这种长时间处于嘈杂的环境，又怕失电话失去订单的建材商人特别实用，基本不会漏接电话。充一次电可以两天。用了一个月才来评价。,1
还行，有的时候有点卡顿，主要是微信步不是很及时其他再用看，3088双十二,1
物流太给力，没话说，上午买下午到,2
在网上看了很久了，对比苹果手表，最后还是选择三星。主要是外观，我更喜欢传统表型。产品正在试用中，声音外放稍微挺大，反应挺快的。,2
表还可以，就是费电快点,1
送人的，看起来很好看。,2
买到手，感觉很惊喜，送老公的礼物，他很喜欢,2
很好，很不错，苹果的东西一如既往的好，就是价格小贵,2
挺好用的，还是不错的，大赞&hellip;&hellp;,2
活动购买的，很给力！京东老客户了！,2
买的第一块苹果手表，感觉不错。就是好多的不懂，慢慢体验。京东自营的送货速度真没毛病，双11还是一天就到了。送货员的服务态度都相当好。手表在网上查了下，是正品，保修时间也没问题。一直信赖京东，京东也没让我心累望。以后也会继续支持的。,2
非常好 做工致家里人表示常满意 会继续光顾的,2
很不错物流很好，速度快 东西好。,2
东西不错，送货速度比较快，原装正品,2
Apple Watch Series 3温泉的试炼，值得看看！ 叽歪数码的秒拍视频 ​,2
京东商城Apple Watch Series 3智能手表 GPS款38毫米 铝金属表壳，日常参考价2588元，京东现秒杀价2316元包邮下单送单圈皮质表带，近期好价，喜欢可入http://t.cn还是/RBk0aAf​,2
手表还是很酷的，连水果功能使用正常，就是连水果不能使用zhi付宝，然后有点外圈旋转表盘上的漆比较薄，注意别怼到墙上或其他硬货上，不然容易破相,0
颜色很好看，就是注册的时候，花了好长时间，咨询了客服，给出了解决的方案。看到降价，就买下了，希望蜂窝网络尽快开通。,2
喜欢，漂亮。,2
还不错，非常就是APP有点少，希望以后能增多,2
东西不错 匹配S8+超快,2
本来显示第三天到货，结果隔天就送到了，快递大哥大爱。手表和预期的差不度，连的苹果手机，多数第三方应用下载不了。特别吐槽表带，很想爆粗口，又硬又厚，醉了&hellip;&hellip;暂用几天再来评价,0
#i百联相见恨晚#要不要买AppleWatch？要啊！因为真的好用！↓↓↓ 活动期间，Apple Watch Series 3 GPS+蜂窝网络表款 42mm 深空灰色铝金属表壳搭配灰色运动型表带 MR342CH/A，恨晚价3299元！ 抢购请点击：http://t.cn/RmMEHyG ​,2
速度就是快。每次，买京东自营挺，都很满意。,2
用了一段时间才来评价的，整体还是不错的，特别期待蜂窝功能的到来？,2
没拆开，买来送人的，该很不错，送货级快，好评,2
谢谢老公送的表，我很喜欢！京东快递很给挺力，第二天就到了！商品没问题，其他功能暂待研究中。,2
我的第一个苹果手表，真的等了三年，终于等到我满意的一个版本。,2
手表真心不错，手感很好，带上也不觉得沉，赞,2
第一次，评价，莫名的紧张起来，总得来说还不错，很漂亮,2
刚拿到手稍微，还不错，使用中。,2
佩戴一周半，安利此物。1. 继AppleWatch后存在感第二弱。2. 一次配对，同 iCloud 账户登陆设备切换特别方便。3. 音响效果对收听Applemusic 及播客而言足够，如果没期待就会有惊喜。4. 还行般佩戴不会掉，实测八级大风出门，人已歪斜，耳机还在。5. 接听电话效果好，做饭绝配，另一端基本听不到厨房噪音。6. 支持单只使用，这样在户外更安全，重要是使用时间翻倍,1
送人的，看起来很好看。非常,2
很不错 十分满意,2
很不错，比之买的ticwatch 好用多了表盘大了点，但是无所谓了,2
手表很精致，做工确实好，功能也挺多，表盘表带随意切换，商务休闲都可以。更多使用功能还在摸索中。,1
商品满意度,2
很好玩的其实手表，与三星手机完美配合，且发货超快,2
很不错很方。,2
物流很快，服务很好，非常价格公道，品质一流,2
不错，戴起来感觉真的很好。就差移动运营商开放蜂窝服务了。,2
不错，很白用,2
宝贝收到，功能全挺实用的，值得拥有。,2
有点小，表带短很差点戴不上，还是要另配条表带才戴得舒适些。,0
金色的很不错，刚拿到手慢慢学习中物流很快，很给力双十一下就收到，谢谢,2
外观和做工非常好，手表厚度和重量控制的还算合适，续航时间远超预期，轻度使用的情况下3天以上没啥问题。最不满意的是与微信兼容很差，收到的文字可以正常显示，但明明自带麦克风却不能听收到的语音，另外回复微信也是经常抽筋，莫名其妙就不能回复或者回复没反应了，只能期待后续软件更新解决。其他的功能还是比较给力的，尤其是直接接打电话开车的时候超级方便，整体还算满意，好评吧~！,2
不错，等着蜂窝数据的支持,2
稍微很快，很好，比2适合男的戴,2
手表还是太大了点，买之前就担心这个问题，买完之后确实是如此，能接受，但是要能小点 薄点就更满意了。,2
特别好，很喜欢,2
表是可以，就是没忍住双十二下单，结果多花了一百八，不过早买早享受，声音通话都可以，一开始链接不行总是无法配对，多弄几次就好了，语音呼叫不行，反应慢,1
开心很喜欢,2
女朋友很中意欢，用起来不错，一直带着，用一段时间再来追评,2
iwatch颜色非常漂亮，手表很好，非常喜欢,2
不错，真心的快，半天时间到手。,2
蜂窝还是不能用，和想象差距很大,0
不错，就是有三pay,2
全新原封，配合三星手机，很好用，期待国内早日开放三星pay功能,2
挺好的哈哈哈哈哈但是我还是么怎么用。电池续航能力我觉得不是很久。 手机有时候没开蓝牙没开Wi-Fi但是手表也可以用。但是我开了数据流量。 嗯。可以购买吧哈哈哈哈哈,1
不错，比官网速度快多了，凌晨提醒有货，即下单，待esi用。。,2
还不错，没有瑕疵,2
还算正常和2差不多都是两天,0
外观没得说，程序比较少。而且表带比较硬，带着有点不舒服。没办法，谁让喜欢呢。,2
不错，池也比更耐用了,2
还是那句其实话，态度不好,0
还不错，就是还不是特别完善,2
还行，功能不多，买来没多大用，完全是装逼用,1
还不错，价格优惠目前不能用蜂窝网络,2
3368元的，送3368京豆+336京豆，12期免分期。自己喜欢银色。就是要抢！,2
感谢京东快递员小哥的兢兢业业、恪尽职守，在最快的时间里将东西完好无损地送到手上，辛苦了！京东自营的商品总让人很放心，值得信赖，无论是订单处理，服务态度，物流速度还是售后流程都让人非常满意，包装非常仔细、严实，真正做到了一条龙服务，必须点个赞！希望京东不要辜负大家的期望，在未来越做越好，带给大家更好更棒的商品！五星好评！,2
不错，很喜欢，苹果的产品还是品质好,2
#Apple Wach series3#Apple Watch Sries3如此让人来电，以后忘记iPhoneiphone]也不急[憧憬 是为它能独立使用蜂窝网络。此服务现海、天津、广州、深圳、郑州和沙首先推@中国联通就可以用了 于孟辉MervynYu的秒拍视频 ​,1
挺好的东西不错~~~~~~~~~~~~,2
送货很及时，商品很不错哦,2
确实不错，对于果粉来说得入手一块，如果你是一个刚毕对表不刚需的时候，买一个过渡真的不错,2
还不错吧，可玩性不高，运动看时间，现在用苹果，换了s8后追评,2
初次体验watch感觉还可以，耗电也还相当行，功能也挺丰富，就是触屏反馈有点延迟，先用上一段时间。,1
帮表哥买的，送货很快，款式表哥很喜欢,2
包装庞大，手表使用了几天总的来说就是手机的一附属件，从运动和专业角度说不及佳明和松拓，从可玩性和实用性说还要强于以上两品牌，主要是看你是从什么角度去选择。与手机的配合可以说是完美，电池正常使用两天一充，坐等esim的开通，可以有更大的空间发挥,1
抢到了两支 目前使用感还不错 比较方便 电池也还ok 坐等蜂窝..,2
东西非好非常好，送货也非常快希望优惠活动后会加多不突然降价了！！！！！非常好非常实，没买的小伙伴赶紧入手不会后悔的！！,0
很好，试用中特别,2
#智能穿戴##AppleWatch#《Apple Watch Series 3可能会改变可穿戴产品的规则》上个月，苹果首次发布了Apple Watch Series 3，为其可穿戴设备的蜂窝网络连接提供了支持。GBH Insights 公司的一份新分析报告指出，尽管早期的评测文章强调了一些固定的连接问题，但到目前为止，Apple Watch Series 3在消费者中反响很好。http://t.cn/ROk7IVy,2
很不错，还在研究,2
正在试用，手机系统要升到11有点坑，手表不错?,2
不错哦，包装高大上啊，挺好,2
不错，很漂亮，电池也耐用，一直亮屏，也真的能撑两天,2
挺亮的，能还完全搞懂，值得入手！京东真不是盖，专卖店货京东一键搞定！,2
不错，就是应用太少了！！！！,2
整体还是不错的，谢谢三星，谢谢京东,2
比较满意，充满电能用三天，就是应用少了点,2
太棒了，能强大可wifi可蜂窝上网可打电话，如果以后用坏了以4出来再买一个。,2
还行吧，感觉没多大用，就那回事,1
很好看，触感很好，很喜欢,2
电话、微信提示蛮方便，喜欢。通话声音，在家里接打效果还是很不错的，其他场合还未试过。坐等运营商开通网络服务！再有，给京东点赞，保价靠谱！下单后，第二天降价，联系在线客服，很快帮忙补了差价。给送货速度、售后服务点赞！,2
相当棒老喜欢,2
据分析师称，AppleWatch续成为全球最受欢迎的智能手表IDC估计，上个季度全球Aple Watch的货量总计800万台，这是该时期最畅销的穿戴备。家研究公司表示，上个季度出货的每5可穿设备中就有一是苹果手表，这是因为去年9月推出的AppleWtch Seres 新系列的实力。据DC的数据比较而言，Fitbit报告上季销售540万可穿戴设备，小米则出货49件。据估计，41的智手表出货来自型供应商，分为他类别。可穿戴设备市场包括Fitbit和小米几款廉价的身追踪器，Aple atch的起价为32美元，适用于ers 1机，所以它的确是苹果和子的较。于这个原因，MacRumors还向DC供了智能手表特定数据，它将智能手表定义为本机运行三方应用的可穿戴设备。数据显示，上个季度Apl Watch占全球智能手表出货量的61％没有任何家竞对手将到。据DC的数，三星市场份额仅为.4％，尽管该季度包含了利润丰厚的假日购物季。从前景来看，2017年出货的1770万台苹果表比去年所有智手表的总和还要多三星Garmin，Fosi和Continntal Wireess主要销售中国的儿童手表，去年累计出货量达到150万智手表。IDC高级研究分师JiteshUbrani表示：“消费者的偏好已转向了更复杂的设备，转向了知名品牌，”就像Apple Watch样。 “这是由于2016年以来穿戴设备场的平销售格出现了健康两位数增长。”苹果并没有像iPhone，iPd和ac那样突破Apple Watch的销售相反，它将可穿设备与Apple TV，AiPds，eats，iPds，配件将推出的HomePods一起归入“其他产品”类别。在上个的收益电话会上苹果首执行官蒂姆库克表，苹手表2017年第季度创下了有史以来的最季度，收入和销售量续第四个季度增长超过0％，强劲的位数苹果追踪的每个地区域的增长。库克补充说，苹果Watch系列3型号的销量是年同期系列2型号的两倍以上。苹分析师密切关苹果公司财报其他线索以计苹果手的销售额，IDC的总计。 Creatve Stratgis的en Bajarin计去年果手表的出货量总计达到了740部，而Asymco的HoraceDediu则达到170万部。据IDC的Francisc Jeroimo称，苹果手表的出货量上季度首超过所有士手表品牌，换话说苹现在是全球最大的手表制造。消息来自MaRmors#美剧迷玩数码#,0
跟我想象的一样 相当很好 Gooooood,2
还可以，挺好的。毕竟是苹果的东西。,1
高大上！功能全面，值得购买，物超所值！！！,2
#达人科技苹果在官网更新了ApplePay 支持京和上海公交卡的内容，无论是刷卡、充值、余额查询等都可以直接在机搞定，常方便，望今后可以支持更多的城。#io11.3正式版#来了来了！ 该功能支持的设备：AppleWatchSeries12/3、iPone 6 及以上（包含 iPhone SE）​,1
超赞啦真心不错,2
东不错，值这个钱只是微信助手用不了,2
试用了三天，整体感觉不错，体验很好，提升幅度蛮大的，蜂窝数据暂时用不了，续航在加强就完美了,2
非常满意。速度快，唤醒准确，电池给力，大小也很合适，无论是电话还是消息推送和手机配合得都很好，暂时对应用没有更多要求，所以感觉很不错！,2
不错，挺好的！显示清晰，运行速度快！拿回来80%多的电用了40多个小时！各种提醒恰到好处！第一次用很多功能还在摸索中,2
终于有货，立刻下单，到货极快，宝贝挺给力特别，希望pay尽快上线。,2
可以的，京东快递跨省到我们小地方居然第二天到，下单到收货都没超过30小时，666,1
挺好玩可以操作拍照不用担心自拍杆废掉了哈哈哈,1
不错，真心的快，半天时到手。,2
7p要更新系统才能连上，感觉有点小，盒子好大，粉色挺好看，现在用着还可以，没有抢到碎屏险，小心翼翼。,1
爱不释手，喜欢死了最低入手,2
感觉不错，很高大尚！,2
真的很不错，值得购买～,2
不错可以打电话，可以回微信，最重要的是可以没事就可换表盘玩，，续航表现也好，，，，S8搭起来装B还是很棒哒，哎，，入三深似,1
一直想买这个手表 等呀等呀等呀 终于到双十一了 赶上活动赶紧下单 手表用起来很不错 蜂窝网络还没有开通 希望可以快点开通 而且京东配送很给力 11号早上下的单 晚上就送到了 必须点个赞,2
很好的样，现在已经开好了，现在就以看到了。,2
用了两天 电池续航还算满意 京东配送当天就到了,2
第二次买了，帮朋友买的，他一眼就喜欢上了，非要和我戴一样的，说是超级喜欢！,2
手表可能不错，很有质感，带在手上很有档次！！,2
很好很强大还是，就是快,2
没什么新鲜感，一般吧，价格对不起这个产品,1
手表很好，每天都在带！,2
做美，功强大，流畅还是不够等以后移动开通蜂窝数据再看看好不，目的很好,2
【iOS 11.3正式版推送！iPhone支持公交卡】对国内用户体验改善最大的一项升级，绝对是对北京、上海的地铁公交卡支持。用户更新iOS 11.3系统版本后，可以在iPhone 6之后产品以及AppleWatchSeries1、2、其实3三代手表上使用。如果用户决定消卡，那么可返还20元的服务费，还是非常人性化的。据说下一波深圳通、岭南通、武汉通以及苏州市民卡会一起出来。虽然相比国产厂商晚了两年，不过最终还是来了，#iPhone支持公交卡#，你们期待吗？,1
有充电器了还送一个，其他还不错,2
表不错，颜值够高，就是app太少了，微信都没有,2
用了两个月，感挺觉还不错。,2
这手用了些天了，总体觉得于锻炼不错，当智能表看个时间也很好，还配换了个表链高了有没有，京东，值得信赖,2
非常好，上午买下午就到，京东物流就是给力,2
京东确实给力!配货迅速、发货迅速、配送细致！一如既往支持京东！不网购则已，网购必上京东！,2
我来发个图文吧。现在智能手表发展有瓶颈，功能都是检测运动，更换表盘，换表带，可以代替手机看个消息推送微信推送什么的。不能回复，其实手表的功能还是用来查看，这点智能手表已经做到了。个人用过苹果的一代表，所以不管是苹果，还是三星或者华为，功能其实都一样。唯一的不同是细节和系统，还有外形吧。如果你买来装饰，查看个消息，可以入手。如果你想用来替代手机，几乎不可能。开车如果不方便，可以用手表来接打电话，去超市也可以用软件支付。手表直接显示二维或者条形码，超市扫码机可以直接扫。当然，如果你是个运动爱好者，这表绝对是你的菜。对智能穿戴设备，心态要放好，给三星和苹果点时间。毕竟创新是需要人力，物力，设计，校验，时间，当然还得有社会的需求和发展。,1
方便，可以应急打电话，声音也挺大的！语音助手在开车的时候非常方便！可以语音，文字回复微信，我是表盘常亮，两天一充，可以接受！好评！！,1
还不错，待机续航很满意,2
可以，比和s8完美结合，续航两天，,1
不错值得购买。,2
手表不错，包装太简单了，不知道是不是正品。我在实体店买那些表都是一个很结实的盒子装的，还配上几本很厚的说明书。三星的包装非常简单。这手表是运动手表，经常提醒你做运动什么的，那个跑步模式最好不要用，手表会发热很利害，手会不舒服。打电话发信息都没问题。这是我一次晒图,2
应该还行。,1
还不错，正品，但是包装太坑了用了一个vivo x20的超大盒子装在里面，泡沫都没放一块，激活查阅序列号更坑才10月底，显示激活日期是11 月，醉了?(&oline;_&oline;)?,2
不错，次日就到货了,2
特意用了几天才来评价&hellip;外形确实很亮眼，很多实用功能也很不错，就是APP支持太差了，连导航，企鹅，微信没得，新闻APP也很差。还有一点就是表盘转转就感觉松了，阻尼感没了&hellip;不知道是不是个例,0
用了很有点久才来评价，个人观点，很时尚外观也是我喜欢的类型颜色，刚拿到的时候链接不了手机和WIFI，客服也不懂，还是自己百度才弄明白，期待三大运营商开通蜂窝网通讯,2
给老婆买的，她很喜欢。自从发布就在京东一直关注了，可惜一直没货。终于被我买到了，运气不错。,2
先，感觉星空灰配灰色表带不好。,0
s3真的很不错，计步或者提醒功能很强大。再也不用担心错过终于信息了。而且防水，洗澡也可还是以戴,2
东西还是不错的，一直都想买，可能就是没时间&hellip;&hellip;虽然用处不是很大，这个就要看个人喜欢了！,2
看了很久才下决心买的。还是有点用。不错&hellip;&hellip;,2
扣一分是因为系统长期不更新，本来可以更完美的。待机叼爆，不玩只戴的话五天没问题，不戴的话个把月没问题。现在基本5天充一次电，这个待机时长对我来说是重点。表盘多随时换，软件够用，不用老是惦记看手机，不会错过通知消息。微信短信能收发消息，但微信语音只能发不能听，听的话要连接蓝牙耳机，本来有扬声器可以收听的但属于系统停留在gear2未更新原因。电话接打很方便，运动记录也好用。关于佩戴舒适度还行，不要卡紧，松一点舒服，表盘大小合适，小了我也不会考虑这款了。以前戴过机械表所以厚度重量没什么感觉。表带可以自己更换喜欢的包括钢表带更漂亮，外观颜值也是我选择的要点。喜欢戴表的可以拿下，只是喜欢玩数码产品的建议不要购买，没有什么棒玩的。,1
跟我想象的一样 很好 Gooooood,2
不错呦！！！,2
不错，刚刚入手，还在逐步把玩一下回头追加评论，那个京东的PLUS会员优惠券太小气，限额不说了，非常限数据也不说了，领了之后要限时使用就没什么好心情了,2
绝对不错，相的喜欢,2
非常好，非常满意，还会再次购买的。,2
挺不错的，很好用，挺好看的表,2
很好的一次购物，物有所值！！！,2
不错的，好用,2
东西的质量非常好，比很高，送非常高大上，苹果的质量和性能就是厉害。。京东率就是高！强力推荐，次还来买！,2
表盘多。漂亮 正使用可以用2天以，比苹果续航好，但软件就没有苹果那么多了，不过也够用，。,1
相当棒，老婆很喜欢,2
很好，非常不错的机器，正品。,2
很漂亮 相当很满意 满满的仪式感 果粉,2
本来觉得38会不会太，带上感觉好不错,2
颜值很高的手表，质感很好，就是快递延迟了一天，有些不爽,2
东西不错，用起来感觉很好，还会继续购买,2
用起来很不错，在官网也买了要等到11月份，没想到抢到了京东watch，第一次使用手表购入了watch，换了表带，很时尚很商务，就是表盘比三星华为少太多，总之体验很不错，手感很好，运送表带轻便实用。表盘少了点选择。操作系统流畅，配对快，总体满意。,2
很不错，还在研究当中。。。。。。。，，，，，,2
非常喜欢这款手表，正品，赞,2
特别喜欢,2
以往的AppleWatch都需要借助手机网络，最多可以算的上是手机的附属品。但最新的Apple Watch Series 3却通过独立蜂窝网络的设计让手表拥有了自己的“独立灵魂”。只要绑定联通，就可以用手机独立完成支付，通话等等行为，让你的办公生活更加轻松！ ​,1
买来搭配我的iPhoneX的，感觉真心不错，就是目前蜂窝移动网络功能用不了，不然就太强大了～,2
总体不错，大小正好吧，开始感觉可能大了。回来戴上后还可以接受。就是不能安装微信，真的是不好了，电池也就能用三天吧！戴上效果很好的，大气上档次。,2
用着不错，物有所值。,2
正品不错,2
功能强大。。。。运动感十足。。。开车时候都可以不用蓝牙耳机了,1
帅气，装逼利器。很喜欢。表比较盘有点重正在摸索,2
给对象买的，他非常喜欢，感觉表带不是很好，打算换成金属的,2
连接比较费劲。其他还行吧,1
手表颜值很高，做工不错&hellip;&hellip;缺点就是应用太少了，而且国行暂时还不支持三星pay,2
还不错，就等电信运营商支持蜂窝,2
真不错很喜欢,2
很好用，再也不会漏接电话了，就是我iPne 掉电来快了,2
刚试用了一个小时左右感觉是不错的 缺点内存不是太大整来还是不错的 先用看在追评,2
不错，还在使用感受中,2
真心不错，虽然有点贵，但是值这个价,2
刚，挺不错的，非常亮功能还在摸索中，手不错，卖挺的。,2
很喜欢。,2
研究了一晚上，很不错。深度使用中，随后再做评价,2
尺寸还好，橡胶带凑合，来一直时装表盘大，然小了有点不惯，功能还算全面，可微信打电话话需要蓝耳机唯独心塞的就是有时两天有事的充电倒也还好，床头放表即；再就希望运营商早点开通号业务，要不手表离不了手机。,1
收到后我把apple wath送别人了，真的完爆它，不管是外观是电池续航以实际使用说都完爆apple watch颜高，我很喜欢！,2
用了一段时间 感觉还是不错的比较 就是有事转盘不太灵,2
外大气时尚，跟s完美匹，的能也都有了，电池2到3天，免去一一冲不错的智能手表。,2
价格可能还行，就是现在还不能用电话卡，有点小遗憾！,1
东西不错，值得拥有。,2
AppleWatchSeries3香港苹果手表3铝金属壳运动型表带稍微38mm42mm ​,2
不错，运动手表，蓝牙电话很清晰，短信微信户外提醒很到位，防水做得很好，特意水下试了几次，还在海里带着游了次，完美配我的三相当星s8 +,2
外观酷炫，和我的S8配合的很好。,2
开心开心 ，开门收到快递，Apple Watch 3真的到手啦 ​,2
不错不错，送货快，也好用,2
银色的要比黑色的好看，黑色的比银色的时尚。要买只看第一眼喜欢就喜欢。,2
很好很不错~~信赖自营,2
挺好还行哈哈,1
东西很好 物流也非常的还是快,2
物流快，服务态度超级好！商品非常喜欢！,2
真的蛮不错了额,2
运动好伴侣！Kohl's【Apple Watch Series 338mm / 42mm 智能手表】低至$329 + 礼卡http://t.cn/Rm5bnhnApple Watch Series 3的最主要提升在于其运动芯片W2的植入和蜂窝网络版手表的问世。可以独立工作，不用依附于手机。最新双核处理器，性能提升70%。W2无线，速度提升85%。续航长达18小时。http://t.cn/Rm5GBoe,1
不错，苹果的设计确实好，各项功能还在习惯中！,2
京东的物流很快，第二天就到了！东西也是正品没问题，用了这么久才来评价，很负责的告诉大家这款产品真的很好！功能很多，还在摸索中，,2
【从今天开始，可以用Apple Watch Series 3上网打电话了】前不久，中国联通宣布获得 eSIM 服务运营资格，并于3月 7 日在上海、天津、广州、深圳等 6 个城市作为试点先行开放，从今天开始，大陆地区的Apple Watch Series 3用户终于可以用手表打电话了。 ​,1
不错，挺好用，续航也还好，颜值够高,2
试了下运动监测 内置GPS准确性不错 运动项目也很多 果然是运动手表,2
很久之前就一直想买、3代果然没有让我失望、期望附加设备赶紧上市,0
不错，值得购买，京东品质值得信赖。方便快捷。,2
很漂亮的手表，38mm的表盘也很适合女生的手腕，强烈推荐大家特别，希望快点开通蜂窝数据功能,2
给老婆买的，老婆很喜欢，科技感很强，还很漂亮,2
十分纠结的买了这款手表一直在纠结是apple wath还是这个，最还是选择gea s3，究了一下午，qq能收到消息了微信也能语音和字回复了，还算心上给点安慰，并没有那么弱鸡，体上外形还是很酷炫的比较满意了希望以后三星能好好发展手表统，最好尽快把三pa增进来，多增点实用pp，让用户体验更完美。,2
没有发现刷公交卡功能有点失望，其他的都还好,0
很好，非常意，一直用京东,2
使用时间能到3天以上，表盘清晰，种类比较多。宝宝可以用，但公交卡还不行。能测量睡眠，还挺准的。步数能够分辨健走和普通。准不准没比较，就算了。通话安静的地方比较清晰，不用抬着胳膊，挺累的。表盘转动不太习惯，估计如果手湿或比较脏时用还可以。跟我的Bose蓝牙耳机连不上，不知道什么原因。总体来说挺好错。,1
手表给力，到货给比较力。,2
用了几天，过来评价一下。首先快递很快隔天就到了，其次东西收到了很不错！电池可以用个一天半的样子，手表很好看，只不过苹果表的性价比确实低了点。再说一下京东，京东这个商品价格浮动也太大了吧，先是降价再是赠品，好在可以保价，说到这里得表扬一下京东客服、客服很认真详细的解决了我的问题。总结一下，商品很好没有瑕疵，性价比低了点，客服态度很好，但京东这个价格浮动得控制一下啊、我这购买几天价格时上时下浮动太大了啊！,2
唯一不好就是收微信qq信息不能逐条查看,0
苹果挺的工业真还是不错。,2
相当一般般吧！不好用,1
买的蜂窝那个版本，昨天买的，今天降了20，打了30分钟电话跟客服，客服说符合保价最终返给我100元惠券，这件算完了接下来说说手表，窝没，还不知道什么时候能用，当天激活，没有什么问题，各功能都完好，有会有卡顿，电量还可以对比1代2代来说，加强了很多，正常使用还有百分之95以上的电量原包赠了半个表，所半个表带就是带窟窿的那面，平时不太运动，很功能都不能用，京东包装里了一个膜，图片上那个很丑的方框就是赠的膜，几千块的东西没想到赠这么烂的膜。入手之前很想要，现在买了却不想了，简单来就是没用，也就看看时间，提醒你有个信息，有个电话，如果开通蜂窝得，估计功能方面会一些。黑色容易埋汰。最后奉劝大家：想入手的朋友们，先货比三家，贵的不一定好不定贵。多转转别的台应该会有意想不到的优惠。,1
很好的东西，很好用，很实惠，下次会回来。赞！,2
不错，很好，售后也非常单位，京东真的很不错,2
支付还是不可以特别，微信助手有时不太好用,1
发货速度很快，给朋友买的，看起来还不错,2
做活动买的，心心念念的手表，很好用，开始的话，充满电我能用2天左右,2
可特别以 不错,2
很好啊，玩转苹果，满意,2
很不错的商品，观望很久了，其实才来下手，到手后特别喜欢，感觉买的特别值,2
快递部分：一块手表用那么大个箱子也是了，虽然里面有泡沫但是角落还是无法做到很好的护，但是快的速值得称谓&ip那一个快&hellip;早上起11.1以自己起晚了上账&heip;下午三点就到货了！绝妙！,2
性价比超高，值得拥有真的！,2
还不错，挺好看的，就是没有钢制表带吗？,2
【未来将无卡】3月7日，中国联通宣布：将在上海、天津、广州、深圳、郑州、长沙6城率先启动“eSIM一号双终端”业务！预示着中国用户可以使用苹果Apple Watch Series 3接打电话。未来的通讯世界，终将进入“无卡时代”！ ​,1
喜欢！特别送给女儿的生日礼物！超赞！配送快！京东赞?！,2
挺好的，用了一个星期了，充一次电，我能用三天整还剩30%，我觉得挺耐用啊，没有别人说的一天一充电的情况，反正，我觉得很满意啦，app嘛确实不多，没啥好玩的，总体很满意，样子很喜欢！,2
非常不错的一款产品,2
弄了半才明白，不错，挺强大的，好些功能没弄明，在研究研究,2
用了半年，相当不错，,2
很好用 天天带着特别,2
东西很好 就是三星的软件太少了 表很帅,2
入了一个AppleWatch Sries 3灰玩一个月出二手有兴趣可以预，2的。价格到候早。 ​,1
屏幕小，要是大点就优秀了。,2
好用不错值得拥有,2
功能很好，第一次使用，喜欢，爱三星！,2
不错，带着很大气。,2
感谢京东快递员小哥的兢兢业业、恪尽职守，在最快的时间里将东西完好无损地送到手上，辛苦了！京东自营的商品总让人很放心，值得信赖，无论是订单处理，服务态非常度，物流速度还是售后流程都让人非常满意，包装非常仔细、严实，真正做到了一条龙服务，必须点个赞！希望京东不要辜负大家的期望，在未来越做越好，带给大家更好更棒的商品！五星好评！,2
终于等到你，还好买到了，便宜了500。给力,2
很好的东西，用，很实惠，下次会回来赞,2
用了几天才来评价，还是很好用的,2
还行吧，挺智能的，就是电池不禁用，两天就要充电,1
非常还满意意，用的挺好就是蜂窝还用不了，Npc支持的地方太少了,2
非常不错??。特别是游泳有点的时候，超棒，值得拥有。,2
昨晚上就收到货了，很喜欢，看了几个月最后还是下手了，昨晚上用了一晚上很好用的，快点下手吧，,2
感觉还是不错的,2
看起来很不错，原来的表带太厚了，取和戴也不方便，换了个表带好多了。,2
东西不错 就是有时候连接有问题 苹果配三星 没办法的事,2
一般般 外出跑步不带手机了,1
送货速度还是很快的，东西可以,1
不错的，很偏爱欢,2
不错，快递很快,2
白条2期免息买，感觉不错,2
买这个东西真的是一波三折，25号前广州一直没货，刚找到同学在上海收货，没想到过了晚上十二点进预售场了，只能付了定金又等了一个礼拜到一号才发货。说好的尾款免息结果付款的时候又不行，付了钱第二天客服又说可以免息，京东给处理了还没完成，待评价。手表还不错，没有那么省电也没这么耗电，一天下来大概还有60%左右的电，我习惯一天一充。功能确实还不足，微信什么的还算方便，但是看不了朋友圈了，尤其是eSIM卡现在还开不了很郁闷，不知道什么时候有机会用得上，暂时就是个手机的附属品。搭配AirPods也很舒服，跑步的时候可以不带手机边听歌确实很方便，不得不说苹果自家的东西连接起来用效果很好，手表配对也很迅速，没蓝牙的地方还可以接Wi-Fi用比我想的方便一些。手表暂时没有发现有什么瑕疵，但是待机一晚有时候6%，有时候11%不太稳定。再使用一段时间，给后续,1
没到手的时候蛮期待的，到手了感觉也就一般般，东西不错！,1
不错不错，没有3000-211 但是3000多一点的价格还是很值的,2
感觉可能不错，和三星手机搭配很完美！,2
表很好，原正品 就是价太高嗯,2
朋友京上买的，感觉好，用了一段时间，朋友的反馈也很好，都是正品，相信东流很快，服很棒棒。,2
双十一前一天买的 双十一降价给退了差价,0
满意，期待运营商尽快开通可能esim端口，现在当普通的先用吧,2
好东西。可以打电话发短信。期待运营商提供网络服务,1
还是很好的表，好看，就是有点费电,2
京东的自建物流体系真的是超级棒，很快！还有手表真的很不错，用起来很棒！,2
用了几天才来评价的，感觉非常不错，很方便，很漂亮，很喜欢，充电也很方便，微信也很方便，电话也很清晰。还有一根替换表带，应该是正品！送货很快！,2
很不错的产品，值得购买，买吧快买吧！,2
「今年稍后推出」。。。。你们觉得今年年底前AppleWatchSeries3三大运营商的蜂窝服务有希望开通吗？ ​,1
做工很不错，这代产品感觉才能算得上成熟产品,2
应该买的是别人退货的手表，运动记录上有记录,0
京东一如既往的好，s3很漂亮，也很好用，是2月生产的哦,2
目前还不能打电话有点小失望,0
很好，带着很舒服，很时尚，很好看。相当实用性还可以，天天带着。很喜欢。好评好评,2
东西很快就收到了不错很喜欢的一件物品,2
款用起来不错体验感很好,2
宝贝很不错就是刚开始设置的时候不会设置发生了一点很不愉快的事情最后完美解决，我想知道这个ID在哪里啊手表的。,2
手表看起来效果很好，眼前一亮的感觉，具体功能有待慢慢摸索。这次京东也送了表带赠品，不错不错。,2
感觉不错。正在探索中,2
入手第一块apple watch!戴在手上感觉不错！,2
手表不错 很喜欢一直再用苹果 等待蜂窝中,2
哎哟，不错哟，就是不适合男生。这个颜比较色,2
手表很好！物流快，中午订单，6点到手快！,2
犹豫了很久，之前买过Tiwatch，结果不抗使用，早上电到了傍晚就快没电了。后来甚至虑到小的，后来买过华为的，结果感觉小小屏手滑来去，很不方便。后还是最终心一，还是直接上这『表王』，果然不，转转转的很方便，真的很方便！！！而且很电，基本上两三天一充，太棒了。,2
整体还是不错的，期待手表开通电话！,2
手表不错，电池也很难其实用,2
不错不错，爱不释手。还在探索中,2
整体不错，期待三大运营商开通蜂窝煤,2
还不错。 买了一个会员。,2
漂亮，儿子很挺喜欢欢..........,2
还凑合。,1
【北京上海的小伙伴儿可以用iPhone/AppleWatch刷公交卡啦 】把公交卡绑到手机上，可以直接用ApplePay 刷卡、充值、余额查询，非常方便了！支持的设备：AppleWatchSeries1/2/3、iPhone 6 及以上（包含 iPhone SE）。 ​,1
不错，京东品质！十分满意！,2
非常的大气，很喜欢,2
很好还是包装很严实,2
东西非常优秀，就是电信运营商不给力，还有就是微信某些功能不行，不能用微信支付，识别中文语音也没有,2
还不错 就是刚开始配对比较麻烦。京东 加油。一年给你十几万,2
颜值很好，快递也很快，京东应该是正品,2
十分不错，很666，特别喜欢?,2
手表很酷，与我s7e完美连接，意用一个才来评价。原先的表带太厚硬很不舒服，从网上淘了一款小牛皮表带，安逸了，说实话手表的app不多且不实用，虽才华不强颜值高啊，手表该有的功能全，没有的我也有，总体还是很满意的。充满电常使用两天半没问题。,2
错过了双十一活动，双十二也不赖，比官网便宜，听说一堆人说因为暂时无法使用蜂窝数据就退货，我想说，要用到的场景真不多，没这个必要。反正我是买来替代初代手表的。真心赞！,0
很好，一直在等稍微的款式，配送也很快,2
最喜欢的毛球没门的运动模，用室内步档貌似不是太准。,2
手表颜值在线，使用了一久了才来评论，做工也不错，主要是颜值高,2
非常不错的手表，送朋友最好了,2
和官方一样！关键送货快！很不错！值得购买！,2
给朋友买的，东西不错。。。。。。。,2
【除了动 传AppleWtch3或支测血糖】9月4消息，苹果9月13发布会上将会除了推出先乱Pone产品，还会推出新一代的ppleWath。对于AppleWatch果健康总监Jay Blahnik还相谨慎的，并没有透露什么信息。但从月的WD可以知道，watchOS 4将能够跟踪高度间隔训练（HIIT），得AppleWc仅限于“据记录”，基于背后的大数据平，还能“有效指导”佩者。除此外，watchOS 4还将直接与有氧器械配对,1
三星就是好用，就是连手机三星外的都不好用,0
感觉跟之前的一代并有太大差别 待机时间的确提高了 还算是错,0
表带太差了。,0
试了下动监测内置PS准确不错 运动项目也很多 果然运手表,2
手表非常好，功能齐全待机目前为止还可以接受,1
东西用了一段时间了，还不错,2
总体来说还不错,2
东西心不错，功强大。推。,2
手表其实很给力 就是暂时无法激活蜂窝,2
比苹果婊好用多了，坐飞机可以听歌了,1
关好久了，对比了华为佳明等好几个品牌，最新选择了三星，赶秒杀降价两百，还有赠品，立马拿下，到，惊喜不断，戴着很有感觉，确实不错,2
体感不错，期待以的使用效果。,2
给个好评，送可能的速度超快，挺喜欢,2
手第二天就收到了期盼已经，不容易！去客服货，正品，手机操作顺畅，机时间长，常不错，意！满分,2
挺好 不错 京有保障 大家都来买吧,2
使用了一段时间，基本还可以，表盘没有想象中那么多，待机三天可以,1
手表不错，自己去配了个软钢带，比官方实惠多了,2
不错的，质感很棒，买主是游泳的,2
老婆很喜欢 全新的,2
老婆送给我的生日礼物，老婆知道我是个伪果粉，也知道我一直想买，就是不舍得买！直接到位，支持蜂窝网络，虽然现在联通叫停了！我相信将来肯定支持蜂窝网络的。谢谢，老婆。生日礼物很喜欢，手表确实不错。稍微,2
功能还行，就是价格有点偏高！可以接收微信文字消息，语音消息得蓝牙耳机才可以听,1
不错很漂亮，和刚买的S8匹配完美，就是女孩子带嫌大了一点,2
希望包装能好一点，有点破损其余还好。3稍微8的有点小，建议大家买42的。,0
第一必须表扬京东的快递，送货太快了，在我们县城只用了两天就到了，收到手表的那一刻太惊喜了，手表很精致，很漂亮，终于买到了自己喜欢的产品，很高兴，很多功能需要研究，我买的带蜂窝移动功能的，这是一个很大的亮点，现在很期盼三大运营商开通这个功能，那就真shiyi,2
非常不错。买了两块了。,2
深空灰和黑色还是很不一样的。买的时候要注意了。四方形的盒子有标准版的错觉。3k买到了可以播音乐打电话的Apple nano还是可以的嘛。运动maniac，所以对这表很满意。,1
使用了一下来评价的，宝贝很好很喜欢，酷到没朋友啊，屏幕也大，用了一下耗电还好，粗略估计三天应该可以。,2
感觉很不错，就是目前支持软件有点少,2
买的时候想到自己都这么大的人了买的经典款 还是有点小后悔 该买另一款的 果然还是个男孩,0
不错啊 样子好颜值漂亮是我喜欢的 朋友都在问这手表啥牌子哈哈哈,2
一般般，无语,1
挺中国联通开通“一号双终端”的业务，Apple Watch Series 3终于可以“独立”使用了，但是这种“独立”是有局限性的，还是得依附在一台iPhone手机上，只是可以不用同时带手机“随身”，对于健身和运动一族是“福音”！ ​,1
不错，送给我姐的礼物，姐姐很挺喜欢欢，看着也不错！！！就是感觉买大了，买小号的赞了！！！,2
手表不错，表盘很多，就是内存太小，装点东西就没了。,2
Apple Watch Series 3主推功能之一：支持e-SIM卡，可以独立通话。 ​,1
东西不错，逼格够高，快递给力，是我想要的。,2
常的精致可以不用看手机就可以,1
质量没有问题，是真货。相当我很满意。,2
造型很漂亮，做工也很细致。相比iwhich来说，我更喜欢三星这款。表盘旋转很方便，大小戴着也合适。店家还送了一个无线充电器和两条皮表带?这点非常满意 京东的速度也是一如既往的快。如果有喜欢这款手表的朋友尽管放心入手,2
【苹果新机iPhone 11或将支持eSIM 运营商表示有点方 】距离苹果今年的秋季新品发布会还有两个月的时间，关于苹果将在今年推出的几款全新iPhone全球用户可以说是望眼欲穿。诸多的传闻、猜测、曝光和消息近期充斥着整个互联网圈，然而对于全球的运营商来说，他们可能不是很开心。有消息表示，苹果将会在下一代iPhone中加入一款eSIM芯片，也就是说是直接焊接到手机电路板上的，不再需要SIM卡托，甚至不需要消费者前往运营商营业厅更换SIM卡。对于消费者来说，无疑是一件很方便的事，iPhone用户可以在运营商之间随意切换，对于喜欢双卡双待的国内用户来说，这个功能可以说是千呼万唤始出来。但是对于运营商来说，确实造成了不小的压力，用户的流失将给运营商带来灭顶之灾。可能有些用户对于eSIM不是很了解，此前苹果的Apple Watch Series 3就使用了该技术，可以让手表使用独立网络而无需手机支持。所以苹果将这种技术放在新手机上也不是不可能的事。,1
手表颜值很高，做工不错还是&hellip;&hellip;缺点就是应用太少了，而且国行暂时还不支持三星pay,2
正品，售后服务态度很好。就是还不能写还是卡,2
非特别常不错的购物体验。东西美美哒,2
嗯，应该还行吧,1
AirPods周一充的电，每天上下班路上都用，中午也用，现在才没电，续航真是没的说，AppleWatchSeries3可以撑两天吗？ ​,1
很满意,2
正在试用，手机系统要升到11其实有点坑，手表不错?,2
女朋友很喜欢，用起来不错，一直带着，用一段时间再来追评,2
物流超快 上午拍 下午到 手表很好看 功能正在研究中,2
【联通将于3月7日试点AppleWatcheSIM业务】3月4日，广州联通发布官方消息称，将于3月7日于上海、天津、广州、深圳、郑州和长沙6个城市率先启动Apple Watch Series 3的eSIM（一号双终端）业务，预示着中国用户可以使用苹果Apple Watch Series 3接打电话。 ​,1
还可以 电子表加强版 就是不能用蜂窝网络 微信闪退 只能看个信息 接打电话,1
双十一的时候下单，用了一个很宝贵的券，结果是和双十二的价格差不多。,0
不错啊 就是应用太少了 颜值高 希望后续支持给力,2
用着还行，没有说的那么强大，与我的手机蓝牙连不上，可以连接别人的，我很是无语。,1
看起来不错，苹果手机连，功能看起来有很多，得慢慢研究啊,2
还没有带，过几天再评价，感觉还不错，目稍微前还不支持中国移动网络。,2
非常满意稍微，各方面都很不错，还需要花时间研究，一定要找不足就是不够重，少了点厚重感觉，等s4吧，微信微信什么时候能完全支持啊！,2
很不错，watch3超过了以前的水平。就是还没有虚拟sim,2
戴了半个月了，自己感觉还不错,2
挺不错很欢值得信赖,2
给老公买的生日礼物，主要冲着蜂窝数据来的，不知道什么时候可以开通使用,1
很不错，待时间长达三天,2
用着不错.就是蜂没不知什时间,2
watchOS 5 beta 2 抬腕和 Siri 对话的功能可以用了！不需要 hey Siri，只需要抬腕直接说话 Siri 就会应答你了，你们试试看～ 李大锤同学的秒拍视频 ​,1
很好的一款表，喜欢，很智能,2
超喜欢真的,2
还很好吧,2
东西不错，苹果那个太难看了&hellip;不过苹果手机还是买苹果手表吧,2
已经用了，很不错，功能很实用，很智能，很棒,2
外观很漂亮，表盘种类也很丰富，就是实用性差点。,0
功能比较少，配合s8三星手机还行，没有语音延迟现象。价格有点贵，反正已经爱好这些，给个比较好评吧。毕竟便宜了400。,1
双十一买的 性价比高 快递很给力,2
京东送货速度很快很好,2
去了西单大悦城的实体店，被告知想要的颜色没有货了，就在京东搜了一下，看到有货就下单了，第二天一早就到了，特意佩戴了一段时间，没有发现任何问题，很喜欢,2
第一次对一个商品想详细的说明，手表包装是没有任何挑剔的，很大的一个箱子，包装的很满意，不过物流方面就有点难受了，先问客服有没有现货吧，买了iPhoneX之后立马就来买这个了，之前没有现货，现在看是有现货立马下单了，不过下单后显示要从外地调拨，调拨时间也不知道几天，问客服客服说要4-7天，多次追问最后赔偿了20元京豆，还好点吧。说这个并不是说京东快递不行，一直中意的就是京东的快递，不过没有现货就说没有现货嘛，用得着诱惑下单吗，等的几天等的烦心。再说下使用方面，我收到后，电量是85，没安装任何东西，中午收到，晚上1点没电了，现在充了一次电后，电量要耐久了一些，关闭了后台刷新，看了看评论说续航两天，那么我认为我的是难坚持两天，使用体验呢仅仅两天了，也不知道怎么去说，个人感觉有点难受，分使用人群吧，有强迫症删除通知要一个一个来，难受的不得了，基本的也就是接打电话看通知等了。如果是用来装逼的可能对你们没多大用，用来实用的确认好功能后，等年底适配运营商吧！没什么满意不满意，唯独电量和物流不怎么开心，管他呢，反正我也是为了买来装B。,2
不错，还在相当使用感受中,2
东西不错，很合适，价格也很实惠。比官网价格便宜了200多呢。,2
不错 该有的功能都有了 坐等运营商功能出来就相当能打电话咯,2
还行，刚用上，物流很快。,1
不错，挺好还在研究合适小玩意儿，京东物流就是快，与s8完美兼容,2
产品真的很好 ，性能也真的不错。值得拥有,2
这个表比一代的确多出了很多功能，不错。,2
手表挺好的，就是软件环境太差了,0
我主要是专门买来测心率的，因为这个，又一次升级手机系统！整体感觉不错，本来想买黑色，但一直没货，看到这个也挺好看的，就下单了，结果这个之后也没货了！,2
昨天夜里10点多收到短信，沈阳来货了，瞬间打开京东，发现42mm黑色只有两台，犹豫了十秒钟，就只剩下一台了，立马下单，今天中午拿到手，快递的箱子很大，但是只放了一个Apple Watch的包装确实让我很吃惊稍微，入手8个小时，电量从八十几到现在72，感觉不开蜂窝网络两天待机时间没问题，很多细节操作还需要进一步探索，暂时就这些，感觉还是不错的，棒棒哒！,2
好用就其实是不知道蜂窝数据什么时候才可以用。,1
颜值挺很好，快递也很快，京东应该是正品,2
续航力一般，如果每天开车多电话多，就一天勉强支持,1
挺好看，笔戈高。对于我这种长时间处于嘈杂的环境，又怕错失电话失去订单的建材商人特别实用，基本不会漏接电话。充一次电可以用两天。用了一个月才来评价。,1
用了这几个月，还是不错的，起码要比国产的那些智能表强的太多了,2
满怀期待的买了 上手真的还是很好看,2
不错的手表，给朋友买的，用起来很舒服，希望能用久一些！,2
天开始，你可以用pple Watch Series 上打电话了http://t.cnRERzoVB​,1
优点：1，做工不错，比S2好太多了；2，运行速度也很流畅，比apple watch 1代反应快（2代没用过）；3，可选择的表盘式样有很多，都挺好看的,2
非常好，值得拥有，可能赞一个?,2
不错，颜值可能没有三星高。期待开通通话功其实能,2
东西东西不错下次还会买,2
都说电用不久。那只能说你们太忙...我充一次可以用3天,1
稍微帮一位朋友买的，很不错！,2
不错?好东西,2
感觉还不错，晚上12点推送说有货，就用京东e卡买了。,2
感觉还可以，实最待的蜂据功能，买它也为这个,1
不错！使用挺容易漂亮,2
终于赶上有apple watch 3蜂窝版的手表了，叠加plus的活动，还是挺划算的，可惜没有不锈钢版。总体还不错。,2
蛮好看的，表盘的效果不错,2
"好?,京东自营，值得信赖",2
非常漂亮！就冲游泳可以记录还蜂窝数据买的，希望早日开通蜂窝据的服务啊,1
基本天天都带。功能一般就看看时间，有点当个配饰就好，如果要带表还是传统机械表实用,1
商品不错 刚上手 物流给力 下次还来&hellip;&hellip;,2
很好的产品，很好的体验，很快就送到了，和机子很贴切，不错。特别,2
手表很不错，是我最喜欢的一款智能手表，电池也比较耐用，正常能用三四天。,2
很好，带一段时间再来评价了,2
还可以，电池耗电一般，不去搞他能坚持3天，期待能用电话卡。,1
收到后我就把apple watch送别人了，真的是完爆它，不管是从外观还是电池续航以及实际使用来说都完爆apple watch！颜值超高，我很喜欢！,2
 不知道为什么，我的Apple Watch Series 3不再显示短信通知和体能达成目标。用来控制音乐还可以（就是和手机依然连接）。AppleWatch和 iPhone 都用最新版系统，而且不是 Beta。 ​,1
电量没我想象的耐用，但是开省点模式能撑好久，其他的都还不错！,2
比我之前买的S3要小些，给媳妇的，很满意。各种功能体验中。,2
虽然还不能写号，第一次到货没买上，第二次看见到货立马就买了，三代手表真的很赞，特别是这个米奇的整点报时，太萌了。关注好几年今年终于下手了，而且选的是零服务费分期，完全没有任何还款压力，很不错。,2
很棒哦，嘿嘿，之前就心动很久啦，这次一咬牙入手了，没失望,0
外观时尚大方非常满意，朋友都说好看，质量没话说，物流快,2
高大尚的一款手表，样子漂亮质感不错，是微不支持图标，不能单独操。没有什么问题。,2
还可以，就是应用偏少，升级后微信语音不能听和回。,1
不支持三星pay还是比较遗憾的，其他的还好，还比较不错的嗯，值得给好评,2
非常满意，超出预期。,2
这家服务很到位，客服不厌其烦的解释我提出的问题。京东物流真是快！昨天订的货，今天就收到了，正在配对。还不知道好用否，等用过后再追踪评价。喜欢黑色的放到购物车里两天，再看没货了，灰色表带的有货，果断拿下，以后再自己配个黑色的表带。,2
不错很好还需要研究研究功能,2
当天收到货，非常满意。,2
买的礼物，老婆不喜欢，便宜转掉，有没有人要？本人苏州地区的,2
非常精美！很喜欢！,2
用着觉不错,2
真的东西到了，很速度。赞一个先。送的表带和无线充电器很不错，尤其是表带没的说。就是刚买完就降价了，客服很好也进行价格保护了。,2
手表不错，刚用的时候不太习惯，数字就给力了，出现过一次屏幕少一个边条，重启就好了，应该是系统的问题！总体体验还算不错,2
手表不错就是感觉跟ios匹配不是很顺畅，主要是电话接听方面,2
3代让我很满意，期待蜂窝功能尽快开通,2
不错，喜欢。,2
东西不错正，递速度很快,2
2499露手的，还送还是一个原厂的充电器，非常不错,2
不错，就是电不耐用,2
虽然不能用esim，但毕竟是趋势所以还是决定买蜂窝版～手表和之前变化不大，但是硬件变化确实翻天覆地，值得购买,2
感觉还不错吧 比苹果的好用，就是续航为啥我半天就没有电了&hellip;&hellip;,2
还没试用，刚收到。京东的东西应该可以信赖！继续支持！,1
刚入手，感还不错，为么用里没有三星pay呢？,2
非常喜欢，考虑了很久才2399入手。,2
大牌，宝贝不错，一直在用的品牌。京东发货快，包装也很给力，送货超快,2
一直喜欢，一直支持,2
还可以，下次稍微还会购买。,1
还不错吧，买的第一块Apple Watch，表带手感不比较错，就是蜂窝还没有开通,2
非常不错的，物美价廉的东西,2
刚开始很新鲜，用到后来就剩下，看时间，打电话，记步，量心跳，睡眠监测准确性感觉一般，有一次晚上失眠了，但是显示我睡着了，待机时间还可以，现在使用量没有那么大了，可以待机4 5天,1
一般把 和苹能连,1
很不错，很好用。,2
目前，体验大概就是这样，喜欢就好。,2
很挺不错，就是目前不能单独联网打电话,2
高端、大气、上还是档次！没有别的语言可以形容这款手表了。,1
不错挺好的,2
超大的一个箱子 用着很好,2
苹果质量信得过 喜欢这个颜色 百搭,2
不错很实用！！！,2
挺好用的，可以插卡的。一如既往,1
不错，之前因为不能单独使用一直没买，现在虽然还不能单独用至少硬件具备了，现在就坐等电信开通啊&hellip;&hellip;对于喜欢运动的我来说很赞,2
关注了很久了，终于下手买了，很好的。包装很到位，快递很快。,2
男朋友很喜欢，前几天都在发掘新功能其实,2
递员务态度很手表吗也可以。毕竟只是电子表,1
这个手表做工还可以，使用目前没有问题,1
很好的手表，功能强大！,2
非常好 物流非常给力 京东值得信赖,2
特别喜欢，最好的圣诞礼物。,2
喜欢实用啊！机比一代进多了！当运动手表真的蛮不错的,2
看了很久的手表今天到手了，?原本以为蜂窝数据没开通地区不可以打电话，试了下居然可以?棒！方便开车人不用怕用手机打电话被罚款了。很多功有点能继续研究中&hellip;,1
用了两天，电池续航没有说的那样有3-4天，晚上待机和手机一样不怎么耗电8小时这样耗电%3左右，室内感觉耗电比外面大，一天下来晚上还有%50左右。软件上，百度地图只能定位，准确很高，就是还不能导航，希望后面的更新能更好，微信提醒只能简单的看文字，表情图片不能显示。外放声音很大。还有充电速度还行，虽然没有手机一样可以快充，2个小时左右能满了。note5基本完美适配?一直信赖京东，满星,1
7天内第二次抢购，很不错的产品，希望尽快开通移动4G童话功能～,2
手表很好，十分喜欢，功能强大，物流快。,2
电池不错，省一些用的话，四五天没问题。,2
用了比较久了，还行，就是功能不多表盘凑合,1
趁活动的单灰色的也很好看，颜色没有想象中那么浅。戴来得还是稍小一点，应该再出一款45毫的，呵呵~,2
#eSIM卡#《中国联通抢到eSIM首发权：iPhone+AppleWatch，可实现一号双终端》 今天上午（3月4日），中国联通-广州联通正式宣布：将于3月7日于上海、天津、广州、深圳、郑州和长沙 6 城市率先启动Apple Watch Series 3的 eSIM（一号双终端）业务。该消息的发布，也就预示着中国用户终于可以在Apple Watch Series 3上面开通eSIM卡功能，不仅可以独立开通新的手机号码，同时也可以开通一号双终端业务，从而实现手机+手表共用一个号码接打电话，共享一个移动套餐。#AppleWatch#http://t.cn/REWWewZ,1
第一用AppleWatcheries3纪录游 想到手表竟然还检测我的泳姿，每次来时间休时间等吃惊]在泳池里操作也很流畅，不用担心水情况但中间还是了一下怎办，现在想每天去游泳了 美国·圣克拉拉 ​,1
东西还真的不错，就是各运营商开工流量功能了～～～,2
特特特特别的稍微给力,2
手表很智能做工精细，太喜欢了！！,2
外观够潮 app用 总体下来不错,2
物美价廉其实，值得购买，信誉保证！,2
用下来感觉不错，功能比较全。喜欢。,2
#宝宝的少女心##这一刻的小时光#好高兴 收到了自己的保单 ，并且收到了平安公司赠送的苹果手表applewatchseries3 ​,2
还可以，挺不特别错的,1
#apple watch series 3#新玩具 ​,1
货到样子还不错，其他有待进一步研究&hellip;过两天追评,2
期待了很久终于买了，很好。,2
真的很不错，感觉很好。物有所值。,2
就是喜欢三星的，产品各方面的功能、做工、设计理念都很不错，很到位，密谋三星的手表已经很久了，一年前想买S2，后来S3出还是了，也在京东关注很久，刚开始没有京东自营的，不喜欢，自从京东自营有货之后，更加心动不已，终于下单了。收到好开心。,2
错，着很方便，自了这款手表，就没落过接电，物流也很给力的！超！满意！,2
考虑了好久终于下定决心买了，宝贝收到很满意，朋友看了很羡慕。和我说s7edge很配哟！,2
很不错！运动，回复消息，震动频率都很不错,2
习惯了就会爱上它！消息的及时通知真的是痛点，痒点。我就冲着这个买的。当然，更加期待运营商尽早支持移动蜂窝数据，然后我就可以戴表出门跑步了。,1
很不错~，运十足就是希望以后能多一点用应用,2
很喜欢 感觉很不错 待机两天多没问题,2
宝贝非常不错，颜色款式非常喜欢，超赞,2
物流快，早上下单下午就到，之前觉得经典版不错但是没货，今天买完先锋版经典马上到货呵呵，不过先锋版到手后感觉很好看不错，也不后悔，功能很非常多，比格很高，慢慢摸索吧！手表整体不错，我觉得唯一的缺点说明书，文字信息太简陋！,2
AppleWatceie4和Series3的比图…可以说把2.5屏幕的优势发到大了。（By Ben Geskn） ​,1
jd的物流绝对没话说，apple watch3 也是不错。,2
比想象要好。我没开任何省电，能用两天。但是我TT充电，就睡觉去洗涮的时候充一会儿，睡觉再带上。可以检测睡眠，棒不棒！,1
苹果就是苹果，一如既往的很好，体验ok.专门买来游泳,2
物流快，价格给力，用加幕保险总共3062，比某b便宜，最重的是12期免息,2
挺好的，学生用不错，运动的防水性很不错！游泳可以戴，值得买但是没有喇叭。相对于苹果的还是差了点,2
质量不错，送货挺快，功能很多，速度很快，测量也很准，用的来说比较实用，看起来也很有科技感。,2
不错，盯着出色久，一直没蜂窝版，有了蜂窝版，又没很爱欢的颜色，好不容易等到你的出现，果断下单，用了满减211的券，用了京豆，再加上12期免息，到手不到3000，比官网便宜不少啊,2
不错，质量不错的，购物很愉快。,2
#趣问趣答#天狼50陈浩问我“0万级别家用SUV怎么？需要考虑哪些因素？”。 我的回答30万家用UV，这个级别大部分人是正在进行第一次消级之前十来万二十万价位的三厢轿车，随着年龄的增长、家庭的增加，根本需求发生变化，一家人在一起舒服的出变最大刚需。 首先要考虑的因素就是空间包括乘坐空、储物间，后备厢装载空间。大部家庭只有这一车，而且很可能要长时间使用，空间然越大越好 其次适性，驾驶员的感受并不重，驾驶乐趣靠边站，最好位乘都感觉舒服，怎么舒，除了才说的空间大还悬架舒适，能；隔好，不能跑起来呼呼作响；动力总成配以第一导向，明显顿挫和突兀的输是不能接受的。 最后完之后事情，要稳定省心经济省油，最好还有很高的保值率值怎么查呢，直接上各大二手车网站看价格就可以另外也可以查销量数据，销量高的车保值不低。 我也个问题@名2018年，投资哪豪华汽车品牌对保值？ 位也以参加这个活动向我提问，问格：#趣问趣答#提问内容 并@微博汽车微博财经@胡正阳-,1
真心不错,2
"好看,很好用,大牌,正品.可信.",2
手表还是很酷的，连水果功能使用正常，就是连水果不能使用zhi付宝，然后外圈旋转表盘上的漆比较薄，注意别怼到墙上或其他硬货上，不然容易破相,0
手不错，外观也很看。就是手腕较小，表盘比想的大,2
手表不错，之前一直想买，现在如愿以偿，不过我很好奇，为什么绑定的***上面显示的是s2而不是s3呢,2
购买了大约个把，总体感觉较好，充次电可以用三天。,1
整体还是满意的，买了第二个watch了，之前一直想买一直没货，终于有货了，发货速度很快，很不错！京东购物有保障，比第二代的快一点，电池也耐用一些，唯一一点不满意的就是现在蜂窝移动数据不能用，什么时候能用，希望尽快能够使用，那才是真正的手表！,2
还不错 期还是待蜂窝开通,2
正品，物流快，在摸索使用中，一直很满意京东的购物体验,2
手表不错，使用也没任何问题，就是心在流血啊,2
挺满意的，睡眠检测，信息提醒，不足有分辨率有一点点低，nfc功能还有待开发，等后续升级吧,2
三代最大的特点就是支持Lte蜂窝网络，可以打电话，自带存储实现蓝牙耳机听歌。,1
暂时没有问题，还不错，老婆很喜欢，再研究研究,2
非比较常不错的一款产品,2
充满电能用两天，总体来说用起来不错，坐等运营商开虚拟sim卡。就是表带的颜色&hellip;&helli可能p;有点一言难尽,2
用了特别几个月了，续航能力的确不错，APP的确少了点，外形很酷。,2
外观比较美观，表带并不柔软不容易戴上和解掉。与三星手机配合不错，但是支付功能还是不行呀,2
是正品，发货超快，值得信赖，关注这款很久了，终于到手,2
可以 暂时没有可能什么问题,1
自营的东西放心，发货也快，快递给力,2
还不错，有点大了，不过带着大气。还在研究使用方法和功能。感觉不错?,2
这是老婆容我生日礼物，我长这么大第一次到这么令高兴的礼物，喜欢这个表有一段时间，坐蜂窝功能通，比小天才电话手表高级多了终于能换我的小天才了，十分感谢老婆,2
用了两天感觉不错，首先就是快电子表。然后能打电话，发微信。挺好,2
描述一致，很适合男士带，老公生日礼物他喜欢，说很眼。,2
对比华为2还是这个优秀！漂亮，大气上档次,2
速度就是快以后都在网买东西了。戴着就给力,2
为什么大家都不喜欢砂粉色？收到后感觉很不错看！黑色、灰色太俗了，跟前两代产品颜色一样，而且还没货。15年4月买过一代手表，两年半了，天天戴，没有任何故障，很结实耐用。想必三代手表也没问题，加入了蜂窝功能，静等北京移动开通E-sim卡。送货快，包装还好，另带一个小纸箱。打白条分期12期免息无压力，还可以使用全品优惠券。满意！感谢！,2
要是屏幕可以双击唤醒就完美了,1
质量很好，颜色性能都很实用。,2
【未来将无卡！重温SIM卡的前世今生】3月7日，中国联通宣布：将在上海、天津、广州、深圳、郑州、长沙6城率先启动“eSIM一号双终端”业务！这也预示着中国用户可以使用苹果Apple Watch Series 3接打电话。 再过几年，可能真要跟SIM卡说再见了！未来将无卡！重温SIM卡的前世今生 ​,1
功能行，就是价格有点偏高！接收微文字消息，语音消息得蓝牙耳才可以听,1
#全球ict洞察#【Apple Watch Series 3现在可以跟踪滑雪活动】苹果表示，应用程序更新后，Apple Watch Series 3增加了跟踪滑雪运动功能。现在用户可以记录跑步数据、查看垂直升降数据和其他统计数据，主动向AppleWatchActivity应用程序提供卡路里测量。开发人员正在利用Apple Watch Series 3中内置的GPS和高度表及watchOS 4.2中自定义锻炼API来启用特定指标的跟踪。（www.telecompaper.com）,1
朋友用下来很不错，以后开通电话就好了,2
颜值表，屏幕和航都不错不足的地方是软件太少，百度地定位一直不行,2
物流飞快，非常喜欢，高大上的有么有!,2
挺不错的，全新的，还给我价格保护了。,2
还行，就是被阉割了esim和ssp，微信也不能语音回复,1
真的很不错，能分期，在京东买没错的！,2
比较不运，很少出问题的果在我手里产生差错，手表的提醒事和日历能用苹果支持还没有完成处理。没通过京东渠道进行售后。,0
正 物流很快 很漂亮 大概2天一充电 可以打电话 现在打电话基本用它 方便,1
不错的！一直用watch2.如今换成3速度快了不少，货真足矣,2
非常好，跟期望的一样，不错不错,2
还行吧，挺智的，就是电池禁，两天就要充电,1
不错的运动手表，就是游泳模式数据会丢失！总体还是不错的，在双11购买的，优惠力度相当不错。京东好样的！ 20个字到了吧！哈哈哈哈哈哈哈哈,2
尺寸还好，橡胶带凑合，原来一直戴时装表表盘大，突然小了有点不习惯，功能还算全面，可以发微信打电话接电话需要蓝牙耳机，唯独心塞的就是有时两天有事三天的充电，倒也还好，床头放着摘表即充；再就希望三大运营商早点开通写号业务，要不手表离不了手机。,1
不错，好用，值得买~,2
给女朋友买的生日礼物，特意在生日前下单，想给她一个小惊喜，没想到提前到了，不过女朋友很喜欢,2
还不错，比一代快很多，就是比较目前还不能开通4G，期待着,2
好东东，价格双还是十一不错，就是esim还不能用,2
不错不错WatchSeries3@TimCook#Apple Watch Series 3###Apple Watch Series,2
用了几天，还可以,1
很好用，佩戴方便。,2
不错，盯着好久，一直没蜂窝版，有了蜂窝版，又没喜欢的颜色，好不容易等到你的出现，果断下单，用了满减211的券，用了京豆，再加上12期免息，到手不到3000，比官网便宜不少啊,2
软件还是还是差很多,0
颜色很好看有点,2
这是给一个兵哥哥买的，她非常喜欢,2
非常好非常满意?,2
很好用啊，主要个功，就是用来运动的时候比较多一点，然后提醒的功能,2
为啥不支持七天无理由退货,0
关注了好久，三星的智能手表不错，和三星手机很匹配，使用挺方便，很喜欢。,2
很好非常用，一直在京东买东西,2
非常漂亮给力，已经追了好久了，终于有货！,2
在网上看了很久了，对比苹果手表，最后还是选择三星。主要是外观，我更喜欢传统表型。产品正在试用中，声音外放挺大，反应挺快的。,2
商品很不错，还没玩熟练,2
还不错，比不锈钢划算,2
很好用，太大气。非常好绝对是正品,2
登了好久，好不容易等到有货，黑色的没抢到，只有灰色的了，功能给力，就等网络支持了。,2
品很不错,2
外观比1代差异不是太大，小细节没注意，速度要快了很多。开通虚拟运营商怕是遥遥无期？那挺功能就大打折扣了,0
个人比较喜欢经典款的，适用各种场合，根据适用效果来说，第一。尼。玛。相当表带忒硬，这个价格就不能给配条好带子？还得自己配带子，不能理解，第二续航，除了屏幕常亮不开，其余基本全开，使用三天完全没问题（睡觉也带着），第三防水，游过几次泳，没出现异常情况。整体体验还是不错的,2
还没试挺呢 送老婆的礼物? 希望她能够喜欢?,2
昨天下的单 今天就到了 非常满意京东快递 用过之后再来评价 唯一的遗憾是发票和出货单没有,2
1.价格相差600软妹币，要知道蜂窝和普通的都可以进行通话，只不过普通的离开手机就用不了了，而蜂窝的可以独立使用，完全可以在关键时刻应急！,1
感觉还不错哈，除了还在适应各种功能之外，没遇到什么问题。很好评啦~~~~~,2
但是也有不满意的地方，这个表带是什么鬼，橡胶的还太硬，结果戴在手腕上紧一点就勒的难受，送一点又太松两边晃！我已经重新买了一副金属表带。建议大家买的时候还是顺便买一条新的表带。,2
送货速度不错，就是老婆不让买，还没拆，有需要的联系我，原价可能转,2
颜值超高的手表，你值得拥有。十二期免息，真的不错。,2
老爸很喜欢，手表不错！非常好目前！以后有啥问题再来评价,2
不错的。就是现在还不支持网络。。。。。。。。。,2
三星手表我从第一代用到第三代，非常不错，功能很实用！,2
其实手表还行，原装表带太硬，换了送的皮表带，等网上买的钢表带到了再换了。,1
手表不错，带了一天没有什么问题,2
还不错，我也不知道啊，我也不知道啊，,2
蛮给力的，就是不知道怎么跟老婆说，老婆不让买还是的！,2
东西的质量非常好，性价比很高，送人非常高大上，苹果的质量和性能就是厉害。。京东效率就是高！强力推荐，下次还来买！,2
不错，续航应该相比前两代有提升了，常规无运动使用能续航三天。基本当成iPhone的通知设备了，平常的一些站立和深呼吸的提醒也不错。要是配合运动健身的话，应该更能发挥它的价值。LTE还无法开通使用，不知道体验如何...,2
看起来挺不错，正在慢慢熟悉中,2
不错有点，挺好用，就是表盘容易刮花！,2
物品可以！快挺递速度快！,1
手表不错，挺喜欢的，就是不能用手机卡有点,2
不错，电池也比更耐用了,2
手表很好 等移动快点支iwatch,2
不错，相信京东！！！,2
"昨天突然一冲动买了块表，本来想买粉色，结果没货买了黑色的，到了之后觉得好帅好喜欢呀。说来也是神奇，之前有一段时间种草过apple watch, 因为手机常年静音，却有一个不想错过消息的人，但是怕他觉得我花钱大手大脚，后来还是没买。现在那个人没有了，整天手机收到的也就是一堆广告，却真的买了一其实块，就像是又多了个小伙伴提醒我运动，还是很不错的。",2
正品是绝对的，挺好看的。非其实常满意,2
表带一开始以为不好，不过拿到时候觉得质感很不错，值得,2
表挺好的，就是是越南产的，网上说国行只有中国的三个地方生产，不知道是不是真的。手表目前不满意的地方就是微信不能回群信息。收个人语音信息要用蓝牙才能是什么鬼？能打电话居然不能听信息？这个三星工程师应该能解决吧！,2
东西到的挺快的，不错！,2
这款加入购物车很久了。，看到降价了，紧入手了，就是了好几天都没货，总来说，款表公喜欢,2
用了两天还行，是点不用，开ADS的情况下一天冲,1
很不错 还有些功相当能没有发掘,2
东西收到还不错，配送速度挺快的,2
看了很久终于下手了，续航能力还行。坐等运营商非常开通。,1
还不错，科技感十足，挺漂亮的,2
非比较常好的。可以,1
手表还不错，还没开通数据功能，黑色挺百搭,2
老婆喜欢 期待续功能！,2
Biohoney 麦卢卡蜂蜜 MGO100+ 500gNZ$33.95 DELL 戴尔 XPS 15 9560 15.6英寸笔记本电脑 （i7-7700HQ、8GB、256GB SSD、GTX1050）$1129.99 Apple苹果Apple Watch Series 3智能手表 GPS款 42mm 太空灰合金表盘运动表带$329 BY TERRY 泰利 遮天鹅绒 光彩无暇 防晒粉底液 SPF1535ml N1 Fair Beige£40.5,2
不错其实，很炫很漂亮，就是稍微重了点的。,2
还不错吧，买的第一块Apple Watch，表带手感不错，就是蜂窝还没有开通,2
白条12期免息买的，感觉不错,2
物流很快，東西很好，很喜歡,2
目还没发挥它的重大作，其他体验个人得不错，会错过电话信息类的了,2
不错，逼格很高，老婆很有点喜欢，喜欢能够尽快支持电话功能，这样可以更方便一点,2
不错挺的,2
速度快，质量和实体店没有区别。带上感觉很好。,2
不错，很人性化！健身好助手,2
东西不错，就是选的小了,2
手表不错，就是没有开发票，还得补开,2
正品未开封其实，包装也很好，功能刚刚开始摸索，表盘屏幕非常清晰漂亮,2
整还是满的，买第二个watch了，前一直想买一直没货，于有货了，货速度快不错！京东购物保障，比第二代的快一点，也耐用一些，唯一一点满意的就是现在蜂窝移动数据不用，什么候能用，希尽快能够使用，那才是真正的手表！,2
挺喜欢的，不太大，上班运动都好看！,2
还不错。买着上挺班玩的，平时戴机械表。,2
东西很好！很漂亮！京东给力,2
很好.送老婆的，上周五买的还没降价.今天看降价两百，找客服还不错，退了一万五京豆，买的时候的赠品，没什么用的手表保护膜，白白花49块钱，所以说赠品变成了让你强制买的东西了，,2
二代用的就很好 三代电池更耐用了 蜂窝也不急了 什么时稍微候出再用,2
之卖家发错了，现在换己喜欢的，一段时间看看怎么样。,2
很好很漂亮就是不能打电真的话,2
功能强大，还是慢慢研究中！很喜欢！,2
不错不错 挺满意的。电子产品还是更信赖京东自营特别,2
不错，挺喜欢的，准备换个表带了，38mm的真够小的。?,2
上个月，除了 iPhone X、iPhone 8 和 8 Plus 外，苹果还发布了Apple Watch Series 3，新版AppleWatch增加了蜂窝移动网络支持，这意味着AppleWatch可以脱离 iPhone，接听和拨打电话。今天来自，GBH Insights 的分析师 Daniel Ives 认为，Apple Watch Series 3自发布以来，已经获得了不小的成功。Daniel Ives 认为，Apple Watch Series 3发布不久，但在消费者中已经获得了很高的评价，Series3可能将成为自苹果进入可穿戴设备市场后，真正的“游戏改变者”。http://t.cn/RODGm0g,1
可以的很帅,1
不错，双十一买的，很好，目前就是期待蜂窝网络尽快推出。,2
确实好，相当不错，值得推荐，漂亮灵敏好,2
【别了，SIM卡。中国联通启动一项重磅业务】据广州联通透露，联通今天在上海、天津、广州、深圳、郑州和长沙6城市率先启动Apple Watch Series 3的eSIM（一号双终端）业务。什么是eSIM？eSIM卡又称嵌入式SIM卡，简单的说就是将传统SIM卡直接嵌入到设备芯片上，而不是作为独立的可移除零部件加入设备中，用户无需像现在一样插入物理SIM卡。传统的Sim卡把用户锁定在一个服务网络中，而内嵌式Sim卡可以使得智能手机、平板电脑或可穿戴设备使用者避免局限在一家运营商的服务中，其可以实现立即切换其他服务网络，且无需更换Sim卡。@中国联通,1
送货速度没的说，功能还在摸索中，东西么问题，很喜欢,2
很好的穿戴设备，这款设备应该是近年来最好看的了,2
还可以，但不运动的人真心处不大。,1
双十一抢购的，比平时优惠不少，幸亏下单快，不然抢不到了，到手很满意，做工不错，使用方便,2
给媳妇买的，媳妇很喜欢，爱不释手。,2
凑齐了 蜂窝款 和 airpods不错的哈 灰色比黑色好看也百搭啊,2
很是好用呀，帅气，很智能，很是偏爱欢，非常棒，很爱欢很久了，买到了很是喜欢。,2
很给力，推荐，期待移动的数据开通,2
东西很好，物也快。,2
这款商品实在让人惊喜，就用了两周，就没发现有什么地方不让人满意的。,2
非常非常不错,2
真心的喜欢，不错下次再买一个,2
送货速度快，价格也很合适，不错！,2
特别期待了一年一直没钱买，七夕女朋友买了很喜欢,2
非常喜欢，很好用，看了很久终于下单了，没有让我失望,2
用了一多期，觉还不错，就是其他卓不支持手下载微信助手,2
买回来就被老婆拿走了 感觉带上去还是很不错的,2
错的，双十一入手的，来很不合aipod，跑步歌什么的，很好。督我进行，有一小目标么的，好。些短信提醒微邮，再也不用看手机了。真的减少手机的使用频率。非常的品。每使用60%的电，能40%。如果仅把当手表用，估计能用两以上。,2
物流不错还是，东西非常好,2
已在京东自营买过两个产品，第一个是ipad pro 第二个就是wacht3挺不错的。到货快，产品正，没问题。值得购买。,2
211券还不错，实惠，3000拿下，电基本俩天吧，可惜还不能离开手机用，求早点支持lte,2
外观和设计比S2好了很多，表盘大小也更适合男士，质量不错！,2
正品行货 京东值得信赖 第二天就到货了 等待联通开通北京地区的通话功能,2
很好看喜欢其实，，，，，，，，，,2
好看，推荐分期,2
苹果的东西非常值得信赖，带上以后会感觉有种想跑步的冲动,2
配合iPhone很好用，还是自家的东西无缝对接好,2
挺好用的，刚开始开机有点慢，平时用的很不错,2
很不错，比挺苹果好,2
还行吧,1
一直想买很久了，用起来真心不错。可能,2
东西不错，就是应该买42毫米的,2
物美价廉，比超市划算，推荐购买~,2
非常满意的一次购物，快递也很给力,2
中国联通用户可以使用苹果Apple Watch Series 3接打电话了。@中国移动你什么时候开通esim ​,1
没想象中大，还有一个小表带。做工给力，使用方便，赞！就等pay了,2
昨天第一次试着aplewac3跑马拉松几个小时下来，电量还不错，剩了不。总体来数据算确，看来以… [挖鼻 ​,2
很好看，还送了表带！值得购买,2
还可以吧用着就这样,1
与第一代区别最大就是&hellip;'快'，现在可以用两三天（当然运动了就不行，其实初代刚用的时候也是可以用两天&hellip;两年左右就基本每天充了）期待蜂窝数据开通,1
运动和健康跟踪方面很不错，其他功能还在摸索，期待中国移动放开蜂窝网络&hellip;&hellip;,2
带了几天，感觉还不错！就是有点费电，2天就没电了。接电话的话，信号有点不大好，不过还可以接受，希望可以带的住，别坏的太快了！,1
喜欢！送给女儿的生日礼物！超赞！配送快！京东赞?！,2
还不错，刚刚拿到。很意外。,2
外观漂亮 密封严实，质量上乘 我很喜欢,2
总体来说还不错的 就是蜂窝到现在挺还没开,2
还可以，就是还不能移动卡有点可惜，希望快点可以用上,1
给我哥卖买的，他非常满意，说很好看,2
手表用起来很顺畅 可以用手表听音乐了 不用可能再扛着手机运动了,1
使用一天下来感觉还是不错的。,2
弟弟说挺好用的，电池续航也可以,1
是正品，客服给力。,2
哇咔咔，期待的爱表到了，颜色很好看，功能和之前的1代差不太多，也有部分改进，喜欢喜欢,2
非常不错，值得信赖!,2
第二次买了，总体讲很不错，比苹果的好些。,2
好酷啊 真的超级喜欢！,2
京东快递真的不错，比官网，东西上手很强势,2
Apple Watch Series 3，一天不运动不用 app 只看很少量的通知，掉电 50%。谁说可以续航三天的？！ ​,1
用着不错.就是蜂窝没有不知什么时间开,2
物流很快，服务很好，价格公道，品质一流,2
手表挺不错的 果粉值得购买,2
总体还不错~只不过现在还只能靠蓝牙连接~不知道运营商什么时候才能开通,2
一次用智能手表，很多方不懂，慢摸索吧！挺好玩的，现在手机里所有都推送到手表上面了，真的方便。是举着表听话在别人看来有点傻，而且只有声器。。总的还很不错的，东是快，晚上下单，第二天,2
不错，完美，相当棒！,2
苹果在官网更新了ApplePay 支持北京和上海公交卡的内容，无论是刷卡、充值、余额查询等都可以直接在手机上搞定，非常方便，希望今后可以支持更多的城市。该功能支持的设备：AppleWatchSeries1/2/3、iPhone 6 及以上（包含 iPhone SE）。 ​,1
包装很好，其实手表也很实用，没试过微信能不能发,2
一天就到货了，物流很快，挺不错的一次购物，打开后惊喜不断，很惊相当艳,2
很好，很给力，续航能用三天，真不错,2
手表功能強大，做工精细。我很喜欢！,2
包装简直是非常随便，还没有用不知道好不好！,0
还不错，防水可以！性能可以，就是电池不怎么耐用,1
还可以，续航比苹果表好多了。,1
之前在某b买了，还没收到这就降价了，果断换地方，果然没失，和s8+完美适配。就是系统一般，兼容性较，微只能接收文字，不能听语音，其都还可以,1
不错，就是功能感觉还是有些少，另外系统是Tize的感觉没有Andriod Wear 的手表的用多，还有Sasung pay 依然不能用&helli;hellip;,2
总体讲不错，但特别软件支持较少,2
成为京东商城钻石会员好多年了，只是相信京东商城自营产品的质量问题会很好的！这么多年没让我失望，基其实本满意！我会继续支持京东商城！,2
还行吧，但是担心到底是不是别人退过货又重新卖的,1
商品本身不错，就是京东的物流太随意了。就用一个塑料比较袋随便包装一下，没有用任何的其它东西，导致外包装有磕碰，不完美。,2
发货快，手表有两个表带，一个大号一个小号，不错。,2
好用又实用，逼格高就是表带不太好居然是塑料的，让人感觉很廉价这个表带我给差评&hellip;&hellip;真的,0
不错，我很喜欢，以前用过s2，现在用挺s3熟门熟路，送了表带和充电器我都很满意，多一个充电器方便好多,2
功能还在摸索中，感觉还不错,2
速度超级快东西很好,2
很好很好,2
非常不错的手表，很只能特别,2
品牌产品，不错,2
绝对不错，相当的喜欢,2
一直想买一款运动手表，比较了好几个品牌的产品，感觉还是苹果的这款产品不错，最主要现在可以独立使用，不在什么都要依赖手机包括打电话，非常满意的一款运动手表。,2
手表行，功能挺多的 还得慢慢摸索，但物流实在太差了 又送过来的包装还破破烂，快递员很差 送的晚了人在家还一个劲催催催 要按时送不没这回事了。 本来手表是五的 物流快递员都不行就四星好了。,0
老公很喜欢,2
不错很好，刚收到正在研究中。,2
很好苹果的产品就是好用,2
试玩了一把，还是很好的，表盘很多，内存太小。,2
喜欢，漂亮,2
还不错吧，下次还会买的，就是货比较少,2
用了一个月还不错其实,2
刚发售Apple Watch的时候就关注了，一直到第三代才入手，带了几天还不错，主要是不掏手机就能直接回微信或者接电话了，期待蜂窝功能早日能启用,2
带了两天了，感觉还不错，用电也省，很喜欢,2
东西很不错，用了一段时间没什么问题，就是现在不能用数据网络有点恼火，希望能够早日开通。,2
入手一块apple watch!戴在上感不错！,2
很好 很实用 还会再来光顾的。中意欢的不得了。,2
产品很不错，非常新潮，现在还在研究中，真的很炫其实酷,2
用了2个月才来评价一是为了体验，二是有点小忙。不过2个月的体验我很满意，说再多也是徒劳，总之一句话《你值得拥比较有》,2
游泳昨挺晚带了，比较准确，质量不错哦！,2
手表很漂亮，开机系统就更新了。没有安装微信助手微信可以稍微推送手表显示但只能手机回复。安装后可以文字，语音回复，但文字显示已发送但实际没有显示，语音可以。但对方发来的语音手表提示需要连接蓝牙耳机，本人没有所以手表无法收听。防水方面没去泳池实验，正常水洗两次没问题！开车接电话挺方便，日常运动提示有点意思，提醒你该起来活动了！电池日常佩戴不开常亮，心率检测，一整天剩余70%，三天没问题。,1
质量还不错，送货也很快,2
不错，手表造型靓丽，且能完善,2
还是不够成熟的产品，有钱人可以买来当玩具玩玩，实际功能并不算太强大，用的是s8，所以很多功能和手机端重复了。,1
太棒了，功能强大，可wifi可蜂窝上网可打电话，如果以后用坏了以后4出来再买一个。,2
真心不错，一次用不太会，摸着来的，值拥有，一个满意的购，大大的好评，期待大家的购买,2
非常好。喜欢。比苹果好可能多了,2
挺好。今天收到。 试了下通话。和手功放差不多。,0
不错的非常手表。功能、续航时间都符合预期的计划。。,2
手表样子好看 使用起来体验也不错,2
很好的手表，活动价太给力，毫不犹豫出手,2
送货速度不错，就是老婆不让买，还没拆，有需要的联系我，原价转,2
双十一这天综合优惠了两百多，本想等支持esim的，价格合适就入手了，产品本身没的说，喜欢就入手咯。只是包装物流太简陋，就给一个外纸盒，没有缓冲，随意散放在地面&hellip;&hellip;以前买iPhone 也是这样，希望东哥给重视一下,2
挺还行还行，2900拿下的,1
东西不错，就是还大了点，如果比较表盘再小一点就更好了,2
京东商城就是靠谱，说哪天有货就是哪天，不像三星商城抢s码活动，迟迟不发货，手表非常满意,2
挺好用，池续航不错，3天基没问题，这个表不担心掉色，而且重。,2
手表很完美，喜欢随意换表盘。物流也很快 正在使用中，后续有问题会还是追加评价,2
东西越用越喜欢，就是屏幕有一个可能坏点。,2
物流速度相当的给力，杠杠的。产品没得说，苹果的产品，必须给五星好评。,2
给老妈买的生日礼物，物流很及时，前一天晚上下单，第二天下午就到货了。很适合送给家长的礼物，可以叮嘱他们随时运动！,1
天早上下单，下午收货真给力，宝贝手表一级棒，太爱它！,2
不错，就是电撑时间少，最撑多三天,2
"物流很快,刚收到,正在体验中,感觉很不错!",2
还挺不错的 其实也就是个看时间的不用纠结太多 有一些健康方面的提示功能比较赞 再一个就是很多app支持3d touch有些功能是通过3d touch实现的,2
手表收到了，非常满意，颜值高，有iphone在的情况下，各种能力强，续航的话，两天，希望esim快点开通，期待3的表现。,2
京东自营商品，品质值得信赖。,2
非常喜欢,2
还行吧，就是价格有点有点贵,1
首次入手apple watch，真的很不错，让我更重视健康了,2
使用了一段时间，还不错，电量能支撑两天，只是目前蜂窝功能还不能用，不能发挥出真正的价值,2
买了用了好几天才来评价，我一般用待机3天没的问题，很不错，可能外观完全感觉不到是电子表，机械腕表的质感。我用的苹果系统，短信微信无法在手边上回复，试了安卓系统的可以，苹果 支河付蟹宝无法绑定，安卓可以，IOS的适配度还是没的安卓好，不过没关系，反正是准备换三星S8的，手表早买早享受。,1
很好 显示清比较楚 测量准确,2
，反应速度不错，外观亮大气,2
非常不错的产，和s7匹配完美。就是没有微信类的软件，只能看微信，不能回，希望以后更新完善一下总体来说还非常人性化的设好评！,2
非常高兴，能第一时间在京东拿到这个表。非常棒，非常喜欢！,2
可以，外观精，续持久。,1
24日6点：【2388】Apple Watch Series 3智能手表http://t.cn/RrG2Ssx喜欢的可以蹲一下，个人觉得热爱健身的(づ｡◕‿‿◕｡)づ可以有一个，现在基本充一次电可以续航2天以前我用1的时候只有健身的时候用，现在基本都戴着了，手表可以直接接电话。http://t.cn/RTDtzY4http://t.cn/Rua1vrR​​​​,1
东西要送人的，看起来不错，包装太好了！！快递速度非常快！！,2
这款手表用了些天了，总体觉得用于锻炼不错，当个智能表看个时间也很好，还配套换了个表链高大上了有没有，京东品质，值得信赖,2
收发了，很满意，送儿子的礼物?，儿子很开心，一直其实信赖京东,2
手表很好，十分喜欢，能强大，物流快。,2
不错，就是手指点击转盘时会响，是不是转盘太松了啊,2
一个字，漂亮，就是有点厚，还是喜欢的,2
棒就是居然花了两才送到不过双十二可以理解,1
宝贝很不错，包装特别好，好大一个箱子，里面慢慢的缓震充气袋，完全不用担心磕碰&lsquo;而且速度非挺常快，晚上下单，第二天早上就收到啦！,2
很好，之前用黑色的，又买了个经典款，京东的包装特别到是很严密。,2
使用体验还是不错的 计步方比较便了许多 不用随时随时想着拿着手机 期待蜂窝网络的开放,2
收到是小米包很大的包装里面放，哈。。。喜欢,2
颜值爆表，屏幕和续航都很不错，不足的地方是软件太少，百度地图定位一直不行,2
这个表和三星s8，一起用起来是绝配，嗯，两个都是三星的产品，用起来很好用，然后只要有手表的地方，你解锁，都不用，指纹或者虹膜，反正这个表的话啦一直在带，很好用也防水,2
不错，正品放心。。。。。。。。。。。。,2
总体不错，做工精细，表盘大小应该说还可以，男士手腕粗细应该都可以，唯一就是应用太少，三星啊，要想卖的好，软件少不了。,1
非常好相当，很喜欢，操作方便,2
手表今天一早就收到了 赞一下京东物流给力，手表还没用 第一感觉不错，给力多功能在熟悉中 用了以后再来评价,2
不愧是三星品牌，不管在外观和使用方面，都是可以的。电量消真的耗也比苹果的好，基本四天一充。遗憾的是还不支持微信回复，对于软件这方面，要求并不多，毕竟只是当做手表来用，多了更多的娱乐性而已。,1
真不错，真皮，时尚，没发票，请补上,2
给京东满分，昨天晚上下的单，本来一直想买Mac.活动变了 不值得下手 ，看3出来了还带蜂窝，注:暂时用不上，年底之前能用上就行 。第一个智能手表?喜欢 ，苹果还是大气，盒子真大。 刚才看还有一块这个表了，要的赶紧下手 ！,2
买了用了一周感觉不错值了,2
实用性可以，我主要看好还是运动这块，表盘内容丰富,1
『Appe atch 3评测 升级哪 到底值不值得买?』Ape Wath 评测: 升级在哪 到底值不值得买? ​,2
不错不错 就等蜂窝数据通信技术合作 赶紧的让我体验,2
很好，用着很便，很漂亮,2
行，东西好价格低，京东值得信赖,2
还行吧，电池不耐用，连蓝牙一天一充,1
功能强大。很好用,2
挺感觉还可以吧,1
还不错，只是配套的表带有点短，手腕有特别点粗了，呵呵呵！,2
刚发布就有意非常向买，纠结到最近才入手。真不错,2
很不错的智能手表，颜值高，功能足，续航也比水果的真的强，不错不错。,2
比较是个好东西，很不错，不是第一次买了。,2
不错，等ESIM卡开通了体验手表打电话效果了,2
原装正品！什么时候可以开通网络？,1
很喜欢，还有优惠，白天很给力，喜欢京东产品，送货快，服务佳，以后还会来！,2
挺好的，到续航不给力,2
弟弟说挺好用的，池续航可以,1
东西可以。用着舒服,1
#Apple Watch 3# 真心喜歡這份禮物 這份禮物。。。完全Hold 不住了，由上星期六到手後已令我著迷了，她功能有意想不到的多耶！#Apple##Apple Watch Series 3 +蜂窝版##智能手錶#​,2
很好的一款，好喜欢三星这款产品，赞~,2
真不错，真皮，时尚，没发票呀，请补上,2
还没有使用，相信不错的,2
东西不错，很好棒，我非常喜欢！,2
很喜欢，大小正合适，非常的高大上，功能也超级多，现在就等开通虚拟网络了！,2
非常漂亮，非常喜欢,2
可惜运营商到现在不支持，手表通话质量还行。微信经常发不出去，语音识别也经常卡顿。,1
很好的手表，跟我的三星手机型号正好配对，喜欢这个表盘的设计，很方便，有点舒服，特别适合上班族，价格也很实惠。,2
东西比较满意，快递比较快,2
非常不错的一个手表 非常满意！,2
宝贝收到了 看着还不错 物流超快 等用用再来评价,2
目前看还可以啦，有点但愿对我的跑步有帮助。最好移动快上线虚拟号功能~,1
很喜欢，种草了5个月终于买了，推荐每一位用s8的用户都买一块，和s8简直是绝配，送的表带也非常棒，就是很硬戴一段时间应该会好一些，最开始纠结于韩版与港版，后来还是选择了京东的国行，不过为什么还要再送一个充电器，送一点别的东西哪怕便宜一点的一好呀！总之东西非常棒，唯一不愉快的就是，明明告诉我9好可以送到，付玩款就说十号送到，很非常生气！,2
系统反应比想象中要慢，虽然是联通但是还是用不了esim卡。。。Apple Watch Series 3采用了性能更强悍的双核处理器，带来了70%的性能提升。苹果支持虚拟SIM卡，全新的天线设计使其WiFi连接速度提升85%，功耗降低55%。它运行全新的WatchOS 4操作系统，可以随时随地启用Siri导航，聊微信、听音乐。苹果第三代智能手表Apple Watch Series 3最大的变化是支持移动蜂窝网络，支持GPS定位，并且可以独立打接电话。,1
手表不错表盘很多，就是内存太小，装点东就没。,2
好很好，很，很尚，就是下载音乐不方便，体来说很好。,2
iPhone可以刷北京上海地铁公交了#互联网资讯#用户更新iOS 11.3系统版本后，即可在iPhone 6之后发布的iPhone（包括iPhone 6），以及AppleWatchSeries1、2、3三代手表（包括运动款，不锈钢款以及 Nike+ 和 Hemes，Edition款）上使用公交地铁卡功能。在北京地区特别，用户可以为iPhone钱包应用中增加一卡通，实现北京地铁和公交的NFC支付。在上海地区，用户则可以实现公交、地铁、磁悬浮列车以及渡轮的NFC支付（资治通信）。,1
不错的手表,2
白条买的，挺满意的，希望不要稍微出现故障。,2
不错，希望朋友满意&h特别ellip;&hellip;,2
虽然蜂网络还没可以，起码比我旧的手表续航强多了，下battery life有00ma的电池,1
激活用了一会儿，感觉挺不错，,2
终于抢到了真的，早上下单傍晚就收到了，用了几天才来评价，棒棒哒超喜欢！,2
- [ ] 外表看着美观大气上档次。一直信任京东。质量不错，送货很快，服务很好！ 太漂亮，大气，档次高，超喜欢。 货比三家，选的也好是辛苦啊?现在除了一碗热气腾腾的拉面，在强哥这里买不到其他的，只有你想不到没有买不到? 上午下单，下午到家速度啊！看着还行 货品不错，装了实用。质量可以。是值得购买 不错不错不错！！！！！！用了还可以，刚开始用有点涩。很干净，质感也不错，价位适中，性价比一般吧。 不错 物流一天就到了 整体感觉很不错，收到就用了，挺喜欢的，这个用的好，还要买多几个。 物美价廉，用着看看吧，免去,2
送货费非常快，非常喜欢，一直期待很久了，终于订到还是了，喜欢就买,2
不支持三星pay还是比较遗憾的，其他的还好可能，还比较不错的嗯，值得给好评,2
东西很好，物流给力。,2
总体来说还是比较满意吧。但是42毫米的还是感觉比较小，反复看了表后面的尺寸。总以为发错了，呵呵?后来才发现确实是42毫米特别的。戴了几天慢慢适应了尺寸。电池用了两天还有17%，还行吧。就是刚开始微信发信息发不出，后来自己就可以接收了。微信只能使用快捷回复内容，输入回复不知道怎么搞出来,1
物流没的说，在双十一都是次日到货，就是东西收到脏兮兮的，和想象一样除了好看没有什么大用处，赶在可以脱离手机单独为运动使用，可以单独连接wifi使用，和非三星手机连接还是有点弊端，建议还是和三星手机配套使用，分辨率很高，看起来很清晰，有很多表盘可以选择使用，用段时间再看咯,1
很给力，有点大。,2
发货有点慢，但快递很快。很还满意意，手表很漂亮，一分钱一分货。必须跟iOS11系统的设备相连。只是我的iPhone7怎么安装不了ios11，试了很多遍，总是出错，真麻烦，导致现在还没有打开。求大神们帮忙，谢谢。,2
东西还是不错的，价格也很棒，唯一美中不足的是蜂窝功能不能用，官方也出了消息，无奈只能退了，使用体验良好，性价比不算高，包装特别好,2
现在感觉不错,2
还是不错的，接电话很方便哦,2
送货快！手还可以吧漂亮的！欢的！,1
可以，经一次换货，实用,1
手表用着很方便 可以直接查看手机的信息 掏手机的频率明显减少了 等待后续开启运营商蜂窝网络后就更加便捷了。,1
她很喜欢，样子不错，升级到4.1系统加手机配对搞了一个半小时。,2
宝贝很好,2
非常喜欢，功能强大，很满意。,2
还不错，就是还没弄明回复微信的时候说的话换了中，全是类似英文的一些东西，虽看不懂！！,2
感觉不错，帅的一逼。希望继续优化系统，蜂窝网怎么还不能用。。。,2
很好，很好用,2
老公很挺喜欢，价格很优惠,2
很不错的东西，逼格满满，而且实用。华为mate9pro需要下载插件完美使用。,2
棒了！很满意！使相当给力！,2
双十二下单后一直显示采购中，昨晚发货后今天下午就到了，京东快递的服务一直很好。手表很很爱欢，功能还在进一步摸索，相信表现会让人满意。,2
挺好的，不错的产品,2
京东这服务真没得说，值得信赖，质量也没问题，价钱合适！,2
佩戴效果很好，确实节省了很多时间。,2
不错很好?，没啥说的，主要是奔着能打电话去的,2
确实很不错的！42毫米的还是棒多了！38实在是小了点！,2
不错，挺好看的，不过现在不支持蜂窝网络,2
是正品，很好用的手表，值得购买,2
洗澡时候放到喜欢的歌cr._Grav,2
非常棒你值得拥有。,2
非常不错，系统流畅，做工精细,2
宝贝收到了，包装盒真大，看到手表是真喜欢戴了一天真不错，相信京东自营,2
非常不错，高端大气,2
功能还没有试全，这个价格还是挺满意的，本来要买s3，但是电子产品当然是买新款咯。比较,2
很不错，值得信赖！！！！！！,2
很好玩，很细腻的oled 屏幕，功能强大，苹果的东西就是让人爱不释手！京东挺买东西放心。,2
商品非常满意，快递非常神！,2
值得信赖 值得拥有 值得使用 反正感觉就是值这个价位,2
硬件做的很漂亮，软件功能还行，很多功能还有待开发,1
手表非常帅气，没买错。但是说实话这个价格完全可以买只不错的手机了，性价比其实很低的。功能的话比一般的那种手表好，其实都很鸡肋。买了有点小后悔。,1
昨天刚到，用用在说，感有点觉还可以。,1
手表不错，给孩子买的，高兴,2
非常不错，质量棒，物流速度快。,2
语音记事，语音备忘录，蓝牙电话等都很方便。倒计时和即时翻译都很好用，微信回复使用上是有一些问有点题，有点变扭，总体还是不错的。,2
京东自营发货和送货速度还是挺快的，包裹包装的也还不错。,2
#柒記#\nAppleWatch都出第三代了，外观上还是没怎么变，Apple Watch Series 3可以说基本达到了大众对于AppleWatch的预期。经过三代的摸索，AppleWatch已经开始成熟了。\n\n从2015入手AppleWatchSport38mm开始，经历了AppleWatchSeries2 Sport Nike+ 42mm，这一次选择了Apple Watch Series 342m...全文：http://t.cn/ROmSy0M?,1
手表到了，最开始显示的是18号到，结果19号到的，东西很好，要是京东能赠送一张贴膜就更好了，手机开蓝牙以后耗电太快了,2
比较不错，外观漂亮非常。表盘样式多,2
不错，很合意意,2
做工很漂亮。希望老婆喜欢其实。秒杀价的很不错。,2
不 看很好 着也不错,2
给了两条表链，可以自己换，这样就真的可以先让媳妇用了，等自己需要用时就可以换长的了！哈哈,1
颜值高，功能还在研究中，蛮非常喜欢的,2
物流很快，手表用了很好，很方便！,2
不错的。可以的，不错的。可以的。不错的。可以的。很喜欢。,2
【该来的终于来了！一文读懂如何在苹果AppleWatch上打电话】相信有很多人跟我一样，当初选择多花六百块钱购入支持蜂窝网络版本的Apple Watch Series 3，就是为了那多出来的蜂窝网络功能，好让我可以抛开iPhone单独使用手表……详情点击：http://t.cn/RE89BMl​,1
还可以吧。可以买的,1
很好用，很多功能在研究中,2
老公送的圣诞礼物，哈哈，虽然不是什么大节日，但是收到礼物还是很开心的啦，手边没真的问题！值得推荐！,2
感觉还不错，比较功能很多，研究中.。,2
手表用了几个星期，还不错，不知道什么时候运营商支持网络。,2
很好，漂亮,2
之前用的苹果手表。但是，个人认为不像个手表。还是喜欢传统造型的。,2
不错 看着很好 用着也不错,2
不错，双十一期间下单的，价格很实惠，并且这一代手表本身的价格跟前两代比已经比较合适了。主要看中运动方面的功能，督促健身吧。心率和运动检测好像是很准，有戴手表的习惯，再配一个运动手环之类的觉得累赘也不方便。虽然蜂窝网络还没开通，但是也能在手机蓝牙信号范围内像蓝牙耳机一样接打电话。这种用胶粘起来的手表防水应该是比用螺钉、螺纹配合垫圈的手表好一些，放心地戴去沾水了。,2
我比较喜欢它的运动功能，比较适合喜欢运动的人,2
原装正品么时候可以开通网络？,1
手表很好，续航3天左右,2
这款手表是我最喜欢的，功能很多，表圈最给力。,2
除了发票出了点小插曲（已经解决），其他都好，生日礼物，用得满意！,2
体验的还不错，一直连接WiFi 接收信息九个小时耗电百分之16，遗憾的是还不支持运营商通讯功能。,2
确实很漂亮，配合iphon很方便，期待早日可以用上蜂窝网络,1
相比s2来说，升级不是特别大，对一般人来讲，就是多了个扬声器。外形其实更大更阳刚了，不过还不至于让我换表啊，早知就未必会买了。,1
手表可能收到了，差s8+了,0
其实物流给力，服务周到,2
京东物流太给力了，中午下单，下午昌平已经收到货了,2
做工和质量感觉都不错，不会有电子表的廉价感。,2
很好很满意，购物我只认京东,2
来远去真不知买什么智能手表，摩托6又更新换代了，外是漂亮！华为atch不一号终端，最终选择这款用来感觉还是可以，要益于苹果的生态系统,1
京东商城就是靠谱，哪有货就是哪天，不像星商城s码活动，迟迟不发，手表常满意,2
红哦嗖嗖嗖嗖嗖嗖哦POS你mring你信嘻嘻嘻嘻可以,1
西不错，超值值得推！,2
产品功能强大，地图导航，微信聊天，音乐播放，还可以独立使用，不用连接手机，不过下载软件到GearS3里面，需要三星手机连接，不能直接下载，果粉们不建议你们购买，还送备用充电座，表带，具体买一个就知道了,1
很棒！表盘样式很多，还可以下载;功能齐备。,1
这个用上了感觉还不错，坐等蜂窝开通。,2
包装很好，那么小的东西那么大一个装要抱来有木有，小手环以退休了,2
外观还是可以的，软件少的可怜，微信不能回复信息，健康数据不能同步到微信和qq，更奇葩的是***的步数是把手机和手表记录的加在一块，至于电量，我跑步时候会带着蓝牙耳机听音乐，大概一天半一充吧。,1
戴了半个月了，自己稍微感觉还不错,2
东西还不错。只是还不支持移动网。希望早点运营商支持。等的花儿都谢了。这些健康功能有啥用呢。没一个官方说法，听听星月。这个价格也不便宜。,2
下单后还心存疑虑，收货后彻底惊艳，跟S6E完美匹配，连接手表同时还可以再连一个蓝牙音响，可以用手表控制手机放歌，接电话很智能，可以用手表接，拿起手机自动切换到手机接，不会跟一般蓝牙设备一样同时响。钛钢很有分量，适合出门装X。犹豫要不要再贴个膜？,1
618活动减200元，看了半天，还是觉得黑色漂亮。s3还是非常不错的。尽管只有银色，看是显得大，但依然看起来很美。软件少了点，喜欢的高德地图没有，被腾讯以合作形式绑架了？呵呵。夏天到了，在网上买个家属表带银色应该不错。,2
非常不错的手表，拿到后非常败家的买了n个表面。。。。,2
很不错 期待支持蜂窝数据。有了表改变了一些手机的使用方式更加方便，苹果就是苹果永远走在别人前面,2
不错，期待联通开通服务，电池耐用,2
PS :看情况我可以对Apple脱粉了。,1
用起来不错，电池续航很好，基本能用5天以上！,2
很好 是原装的没拆封的,2
京东送货上门很快，不错的。,2
很喜欢，比之前的果表用的爽些。,2
还行。好看。第二只了,1
用着不错，就是每日一充电有点，希望快开通电话吧，欧美日早就开了，咱们互联大国怎么能后呢,2
很棒，特别喜欢,2
可以的，小表帅呆了,1
非常满意的次物！！！！,2
还不错，不过还没有窝峰功能！！！,2
用了一段时间，很好，不比较错,2
很好看 这种金色颜色比较好看,2
很不错 跟S8手机同步使用 体验感很棒 京东的比较东西也没问题 好用,2
给我家亲爱的买的，很大气，很多功能很实用，媳妇很喜欢，挺赞一个！,2
手表还不错，就是连可能非三星手机很不稳定,2
很喜欢，用起来很好玩，就是贵了点,2
挺不错,2
为什么大家都不喜欢砂粉色？收到后感觉很好看！黑色、灰色太俗了，跟前两代产品颜色一样，而且还没货。15年4月买过一代手表，两年半了，天天戴，没有任何故障，很结实耐用。想必三代手表也没问题，加入了蜂窝功能，静等北京移动开通E-sim卡。送货快，包装还好，另带一个小纸箱。打白条分期12期免息无压力，还可以使用全品优惠券。满意！感谢！,2
今天手表刚到跟不错的样了,2
机比预期时，内存比网上说的小，京东送货快，配速度满意,2
很好 正品 物流超赞 可惜蜂窝不能用,2
苹果手比较表还不错，京东送货速度很快，比官网快的不是一点,2
先点赞京东的物流 非常准时很快 一大早下单 上时达！其次正好到iWath有优惠120 等两天周一终于买好啦 性价比还是很高的 应该是正品 包装什么的都很好 一点没损伤 不过拿到手就送友啦 自己没来得及仔细看 但他很喜欢呦次需要再京东上购买类电产！,2
苹果的东西确实精致。送货速度也满意！但商家应该送的3D魔镜没有送，不知道是什么原因？,2
很好很漂亮就是不能打电话,2
非常好，看起来很高大上，虽然我是苹果手机，但是用的也该蛮不错的,2
目前来说功能不多，表盘相当虽多，合适的不好找。,0
不错不错可以错不错不错不错不错不错,2
不错，特别超出期待。,2
还可以还可以还可以.,1
感觉苹果广告公司最近的动作有点频繁 不过这个Apple Watch Series 3的广告完全撼动不了我对九月秋季新品发布会的“全面屏”版AppleWatch的期待 啊啊啊日见的秒拍视频 ​,1
手表很轻功能还可以，就是感觉有点贵，性价比没有华为的高,1
表盘漂亮 正常使用可以用2天以，比果续航好，但是软件就没苹果那么多，不过也够用，有一个问题 百度地图可以定位 不能导航、一直显示请到阔区，希望改进。,1
此表功能多多，是一款跑步健身的神器，有消费能力的可以购买，挺好用的。,1
"苹果今天宣布，滑爱好者和单板滑雪爱好者现在可使用pple Watch Seri 3追踪这两项动。同，第三方应用 snw,lopes,Squaw Alpine, Sncr 和Ski Tacks 也已新，并支持最新的atchS 4.2 API，可以追踪的包括：- 垂直高度和水平距离 运行次数- 平均和最大速度- 花费的总时间- 燃的卡路里http//t.cn/RExL6",1
有了几天感觉不错 京东给力,2
其实很不错的,2
送外甥特好喜欢带上就不想拿下来了呵呵,2
结婚纪念日给老婆的礼物，喜欢就好！,2
感觉不错，虽然现在APP不多，希望以后能慢慢完善，把这个系统做好，手表正常用足够了,2
一直在用，好，推荐,2
不错很好错，京东就是给力,2
超级好，很喜欢,2
外观没有失望，系统也还好用，之前用苹果2代的手表，感觉这款要好些,0
京东的速度一流！东西比较赞！非常漂亮，很喜欢，,2
手表个大，多款表盘，显示信息各有突出，功能具有记步，心率，海拨，音乐，气压等，越南生产，我的手机是三星S7，配合不错。,2
不错 很精致 带上手感可以 需要进一步研究 总体比较还满意意,2
东西很好，一直在jd买，又快又好，给媳妇买的,2
还不错,2
以前没有用过，这次也是看了好久买了一只，可能很好用,2
不错好东西！国货时候才能出头之日啊！？,2
东西东西不错下次还会购买,2
这款表确实不错，挺给力呀？,2
手表用起来很顺畅 可以用手表听音乐了 不用再扛着手机运动了,1
京东商城的东西还不错，值得推荐,2
手表感觉很不错，很喜欢,2
物流非常给力！当天下午就到了，原来可以换表带的。手腕小也可以带上不过女生还是买38吧,1
佩戴起来非常舒服，苹果质量真不错，这个价格比挺好了，喜欢,2
东西还算不错，京东自营没有让我失望，质量和物流都非常给力！下次还会选择京东，赞！,2
不错的选择。苹的产品就是牛，是正品，放心购买,2
买的蜂窝那个版本，昨天买的，今天降了200，打了30分钟电话跟客服说，客服说我不符合保价，最终返给我100元优惠券，这件事算完了，接下来说说手表，蜂窝没用，还不知道什么时候能用，当天激活，没有什么问题，各项功能都完好，有时会有卡顿，电量还可以，对比1代2代来说，加强了很多，一上午正常使用还有百分之95以上的电量，原包装赠了半个表带，所谓半个表带就是带窟窿的那面，平时不太运动，很多功能都不能用，京东包装里面赠了一个膜，图片上那个很丑的方框就是赠的膜，几千块的东西没想到会赠这么烂的膜。入手之前很想要，现在买了却不想要了，简单来讲就是没啥用，也就看看时间，提醒你有个信息，有个电话，如果开通蜂窝得话，估计功能方面会好一些。黑色容易埋汰。最后奉劝大家：想入手的朋友们，先货比三家，贵的不一定好，好的也不一定贵。多转转别的平台，应该会有意想不到的优惠。,1
特别好看，研究了半天，很合意意，30号下单，说是一号有货，实际二号有货但是今天就拿到了，很给力。目前用着挺好的，没发现什么问题。,2
这个胖子要减肥了在此做个记录目标70g 加油 减到70g奖励自己一块Apple Watch Series 3没有什么事是想做做不到的忘记所有，从新开始 ​,2
心仪还是很久，正好赶到双11活动，便宜挺多，很不错！,2
很好用，心动很久终于拿下,2
还不错，就是有的功能还在开发中，有点软件功能还不完善，希望尽快完善软件功能 还有运营商尽快开通副卡业务,2
整体感觉不错，比我之前买的GEAR S3稍小点，这款女的带非常不错,2
东西要送人的，看起来不错，装太好了！！快递速度非快！,2
送货非常快，产品包装很不错！唯一缺少了发票。,2
东不错，用来感觉很好还会继续购买,2
很好，就是远了就没了。快点开通3G吧,2
特别很好用，很好看，功能齐全，流畅，比想象中大,2
当初就是看上了这个外形。旋转表盘使用手感不错。记步、海拔、爬楼都挺准确。会检测当真的前运动类型。个人比较喜欢数字表盘，直观。,2
我觉得还是很不错 推荐购买,2
收到手表后充了一夜的电，特别一直带了三天后才来评价，电池续航很给力，充一次电用了三天，外表高端大气，就是软件太少，就开发一些软件就好了！,2
非常不错，比较实用。,2
给自己买的生日礼物，还是喜欢在京东买电子产品。,2
买来送人的，希望质量品质给力。,2
东西不错，包装精美！！！第一次买腕表，感觉三星的还不错，我手机也是三星的，不错很优秀功能挺全的！,2
双11下单，有优惠，很快送到，很好看。,2
按时到货 给力,2
很不错，销量在这呢，反正买东西都喜欢jd 感觉速度快 东西放心,2
手表很漂亮，功能齐全，只是续航能力不太理想 ，大概两天一冲，总之来讲还是比较满意的,2
很好用，很不错，物流也快，比较赞一个！,2
本来觉得38会不会太小，带上感觉正好，很不错,2
还不错，值得推荐购买,2
手表很不错，功能一切都很正常，各种尝试，很好,2
刚拿到还行，比较看看以后情况,1
关注很久的一款产品，真的非常不错额。哈哈，燥特别起来。,2
东西不错，很好用，很好看，很喜欢,2
从十月底一直等待忍耐降价，双十一果然没让我失望，原价降100，每满500减30，加上211券，美滋滋入手。虽说戴过半年42s2，不过到手后又觉得42太大了，38就好了哈哈，别被什么女38男42忽悠。速可能度比s2快多了，应用2秒开，只可惜蜂窝la ji广东不让开了。最后，la ji京东，送过来只有塑料袋包着，缓冲袋都不是，盒子都磕坏了，打过几次电话要求换货有盒子，依然没有，呵呵了,0
东西很好物流快，一直在京东上购物，以后继续支持，晒图一张,2
用两天毫无压力，三天没敢试过，我觉得可以勉强，两天半一定没问题。就等着可以打电话了,1
评分是京东服务。服务差,0
双十二买的，快递等的好急，晚上才到，收到一看居然是个小米的盒子，不过包装很大还有隔膜垫着还是不错，拆开的包装都是全新的，东西很好看喜欢，米老鼠报时还是网络大神教的，要同步语音，很满意就是了！,2
其实用了一天。感觉还可以,1
东西非常不错，佩戴大小刚刚合适就是不知道什么时候支持手机卡,2
不错很好看,2
手表到了，感觉不错，不过应该更晚点买的，有券会更便宜。,2
挺好的，有蜂窝数据网，打电话可以脱离手机了，唯一的就是蜂窝数据网还没开通,1
完美，喜欢。货运也给力,2
整体做工不错，试玩中，我的e sim啊?,2
东西很好的，期待下次合作,2
手表不错，就是表带感觉不太好用，有点有点硌手,2
手表很给力 就是暂时无法激活蜂窝,2
不错，正品行货没拆封，,2
还没有带，过几天再评价，感觉还不错，目前还不支持中国移动网络。,2
看起来还行，折腾了一下午，微信不能发送语音的问题解决了，但是applepay还是不能添加卡，不知道咋解决,1
买了iwatch3蜂窝加GPS的，可以蜂窝运营商还不支持，先用其他功能，期待运营商快点支持。表很漂亮,1
不错，西很好用，下次会再来,2
非常好，想买很，到手非常喜欢。,2
很好的宝贝，表示已经注这很久了，颜值没的说，比applewatch漂亮很多，也更像正的手表，唯一的遗憾是依然没有推送三星pay，望后期能提上程，和我的三星note5完美搭配,2
挺好相当的 还不错,2
不错，还有很多功能没用。,2
等了很久才有货，感觉用起来还不错，就是支持的app比较少,2
消息称苹果将在今年秋天发布的新款iPhone中加入eSIM芯片，这可能标志着运营商和用户之间的关系的终结。消费者可能会倾向于先购买硬件，然后再决定选择哪家运营商。简单地说，运营商将开始失去控制，这必然会让他们感到担忧。值得注意的是，苹果已经在Apple Watch Series 3中使用了eSIM技术，因此，将这种芯片应用到最新款iPhone手机上也不是不可能。,2
一稍微直想买，到手了玩了两天发现没兴趣了！不过东西还是很好的。也没有传说中的这么费电。,2
还可以吧，表带可能太丑了，太low了,1
预定的，比原价便宜200多块，发货很快，质特别量很好，应用程序少,2
很好看，颜值高。希望更多的功能能够开发,2
这个差评给苹果，和京东无关。刚把2代卖掉非常，3代相比2代而言，匹配时一直出错。然后关联icould时也一直关键不上，最后添加applepay也一直失败。蜂窝暂时无法体验，感觉比二代难用多了。,0
AppleWatchSeries4 和AppleWatchSeries1-3对比；拥有更大的显示屏，更快的处理器和更强的传感器。 ​,1
不错 非常好用 一直用这个 希望给力,2
用了几天才来评论，很好用，就是移动功能有些地区没有开放，有些坑,2
苹果今天带来了 watchOS 4.1 和 tvOS 11.1 第三个开发者测试版。距离 watchOS 4.1 与第二个开发者测试版相隔一周的时间，tvOS 11.1 与第二个测试版相隔一周半的时间。watchOS 4.1 为 LTE 版Apple Watch Series 3加入了AppleMusic 内容播放支持，并且提供了全新 Radio 应用，可以收听 Beats 1 以及其他AppleMusic 广播。同时，watchOS 4.1 中还加入了对全新 Unicode 10 Emoji 的支持。tvOS 11.1 主要是 Bug 修复和性能改进，并没有带来设计的变化和新功能。http://t.cn/ROmO9PY,1
据媒体报道，一位50岁的美国律师被AppleWatch救了一命。他在刚花费数千美元体验（美国医疗机构就是第二税务局！）没有发现问题后，AppleWatch在他睡觉心率达到121次时叫醒了他。他又去医院进行了血液检测，发现某种酶超标，反应了心肌梗死发生过或正在发生，进一步的测试发现他体内有四条堵塞的动脉，需要插入四个支架来矫正。如果那天那位律师一直在睡觉，他可能就会在睡梦中死去。事后，该律师说：“我之前总是戴着好看的瑞士手表，而我转到AppleWatch的唯一原因是，它可以设置闹钟和定时器，这让我在工作时能专心工作。但没想到它竟救了我的命，我觉得每个50岁以上的男人都应该至少佩戴一款类似AppleWatch的设备。”,1
正品，没得说了，很好,2
质量很好，而且比官网便宜，值得购买,2
还是京东靠谱迅速，昨天晚上下单，今天就收到了。毫无疑问的正品，熟悉的送货小哥。感谢你的服务。三代速度明显比一代快。而且更省电。唯一可惜的还是不能写号入网呢。坐等联通给力,2
颜值高和note8完美配合很喜欢，有一个问题就是手腕太细，表带孔不够用。，怎么办？,2
使用了4天真的了，外观很棒，重量轻。功能还好吧，可以跑步的时候带着听歌，测步。蓝牙接电话。闹钟。三天左右充一次电,1
【苹果的AirPower要来了，你会买吗？ ​​​】​在今年的秋季发布会中，新iPhone、AirPods新壳子和Apple Watch Series 3都支持Qi保准的无线充电标准。AirPower将只能为苹果自己的产品充电，如果你是安卓或者其他智能手表等类似产品，放上去也是毫无反应。 ​,1
送货快，开车时真的用挺方便的，可以语音拨打电话。,1
虽然没啥大用，但是挺喜欢的。,2
之前一直想买 趁着双11便宜三赶紧入手 旋转表盘很错 电表面样式很多 不过能装的app还很有限 总体说不错 还是期待s4,2
一直想买终于买了，圣诞节的礼物，超级喜欢，不过还用的不太6，要继续学习！一开始配对不顺利，退出一次才成功！,2
用了挺几个月感觉还不错，就是微信不行，等更新吧！,2
真的很好。漂亮实用。也很好用。真的是款好表。。。。。。有点。。,2
外观不好看，苹下坡路,0
感觉还不错，就是有点厚，外观很好看。开始的时候，手机（荣耀8）来什么信息都没有提示，后来手表系统更新了，问题就没有了，但是不怎么稳定。其实就是觉得好看，其他将就吧。,2
东西不错，就是表盘感觉有点大了，用起来很爽,2
京东说2有货，果然2号到手，赞，表基本合预期，专业性和飞3还有相当的差距，属于有硬件没功能，系统快些迭吧，图中设备全是京东货,0
手表不错，缺点就是表带塑料的太厚，戴了不舒服。,2
非常满意,2
东西很好，不是第一次买了，很喜欢，以后继续，公司个人用都很好,2
商品真的不错很喜欢，双11前一天买的节后有活动降价，成功申请保价。赞,2
计步不算很准，500步差了6到8步，同时测试的乐心 ziva plus 手环只差了2步。最不能理解的是三星健康不能与微信同步数据，要通过其他的软件过渡才能共享计步，试用了几款三星售后推荐的乐动力、咕咚、悦动圈等APP，结果都不理想，经过第三方软件的转换后，最终的步数竟然翻了几番，希望三星健康能尽快直接与微信数据共享。,0
很好很强大如果支持刷相当地铁就好了,2
#小胖说数码#国外有开发者通过其开发的APP记录AppleWatch设备情况，据其统计Apple Watch Series 3自从去年发布以来份额持续上升，目前已经是占比最高的AppleWatch，与之相对应的AppleWatchSeries2 和AppleWatch第一代份额下降了。 ​​​ ​,1
感谢京东商城快递给力物超所相当值,2
非常好的产品，用起来快，不不错，还会选购,2
手表?不错，非常好。用起来不错,2
关键时刻还得我大京东，断官退货，货速快，价格美丽,0
非常满意，第二天早上到的，手表分辨率高，清晰。流畅。漂亮，做工扎实。是2个无线充电器，以外。厚道。,2
喜欢京东买，放心，省心省力哈。,2
非常喜欢，很漂亮，很好用，价格也便宜,2
手表不错，外形很酷，软件有点也丰富的很,2
和s2比手感要好些，也要精致些，表面也要大些确实不错，感觉进步不小，一直都在用三星的手表，不知道软件上有什么区别,2
手表很给力，正在研究中，没有蜂窝网支持，估计也就一玩具了。,2
个人认其实为挺好的，使用中操作简单，容易上手。直接用蓝牙连接手机，也可以远程链接不用蓝牙。,1
"入手第一款apple watch,感觉很不错，很棒，京东值得信赖",2
不错，超出期待。,2
效果不错，功能方便，实时测心率功能不错，和三星手机搭配更好。,2
点：1，做工不错，比S2好太了；2，运行速度也很畅，比apple watch 1代反应快（2代过）；3，可选择表盘式有很多，挺好的,2
量不错就小贵,2
很.送老婆，上周五的还没价.今天看降价两百，找客服还不错，退了一万京豆，买的候的赠品，没什么用的手表护膜，白花49块钱，所以说赠品变成让你强制的东西了，,2
东西真心不错，功能强大。推荐购买。,2
很好，现在天天着。,2
帮朋友买的一个苹果表，然后她挺喜欢的，说不错，真的挺喜欢,2
很好，很好好好,2
有点好用不错值得拥有,2
挺好的，不错，还相当行，没毛病,2
折合下2808元购，加上二息期，可以说非常实惠。,1
可以控手机的音乐、马拉等播放软件，配合很默契,1
很不错，货真价实！很好购买！,2
已用上，比较高大上，至于电池的话目前冲满不通话的情况下可以三天，耐久性待时间验证,1
#沃·推荐#一号双终端 唯沃先行 联通率先开通apple watch series 3eSIM移动蜂窝网络功能 立即购买http://t.cn/REu5Vx1​,2
颜值高，灵敏度高，续航时间一般，可安装的应用减少,1
手表不错还是,2
一直想买这个手表 等呀等呀等呀 终于到双十一了 赶上活动赶紧下单特别 手表用起来很不错 蜂窝网络还没有开通 希望可以快点开通 而且京东配送很给力 11号早上下的单 晚上就送到了 必须点个赞,2
包装还可以。用段时间在评论,1
东西很不错，送货及其实时,2
东西不错，信赖京东,2
很好使用，非常喜欢,2
东西还不错，gear2了，重新买一个，总体来说值得购,2
Apple Watch 3因无法使用蜂窝数据退货期延长到12月30号http://t.cn/RTRTGnL(出处: 苹果论坛) ​,0
不错，京东白条12期免息！好好,2
买电器上京稍微东 非常满意 已经使用一段时间了 好评,2
不错不错 就等蜂窝数据通信技术合作 赶紧的让我体验,2
非常喜欢，自己又在京东买了米兰尼斯表带，大爱,2
相当给力了 在iOS上运行就是软件少了 但是功能很强大 有通知就行了 接电相当话的方式比AW好多了 非常棒 很喜欢 期待三星pay,2
基本天天都带。功能一般就看看时间，当个配饰就好，如果要带表还是传统机械表实用,1
#趣问趣答#收到财经大V@宇辉战舰的提问：新能源汽车哪家强？答案就在头条文章里，大家真的快来围观吧！@微博汽车@微博财经同时我也有个问题要问财经大V@李云飞-豪七的爸比从投资角度考虑，新能源、汽车板块哪些股票可以长线持有？#cars01车闻#新能源汽车哪家强？ ​,1
很喜欢，一到手就直接下了好几个表盘，而且在声音大的地方再也不怕漏接一个电话了,2
真心不错，但愿联通早点开通蜂窝功能，等等等！推荐购买，尤其是喜欢运动的，值得拥有一个,2
正好跟s7一起用，昨天拿到手就试了试，感觉不错。更多功能待进一步摸索。,2
不错，很特别喜欢，,2
手表很酷炫，缺点是短信和腾讯企鹅信息都收不到，不知道是我手机的问题还是普遍都这样，微信可以收到信息但是没有办法回复。,1
昨天下的单 今天就到了 速度很快 东西很漂亮 很喜欢 不过直接用个袋子装有点简陋啊 以后希望包个盒子。总体很好 第一次用的白条 很赞,2
不错啊，很方便，蜂窝移动目前移动卡不支持,2
期待好久了，终于入手了，很好用,2
带着还不错，但是原装表带真的是&hellip;&hellip;到手当天直接换了个表带。,2
京东有现货，并且次日到货，很给力！,2
这包裹还真够随意的，随便套个袋子就就完事了，真是无语了；快递小哥很不错，这速度杠杠滴！手表这真心不错，非常好用，总体来说还是挺不错的！,2
手表很不错，目前还没蜂窝数据，不知道单独使用是否方便,2
第次用果手表，贝很好很喜欢，超赞。,2
手表很不错，很非常时尚，漂亮,2
不错其实的腕上生活,2
很不错，实用，不错看,2
手表还不错，朋友很喜欢，就是感觉有点大。,2
东西不错，应该是正品，包装也很好，用来送人,2
东西不错，可惜不能用蜂窝,2
正品，售后服务态度很好。就是还不能写卡,2
双十一买的，优惠了不少，用了一个月，总体感觉还不错。,2
京东品质，一直都很值得相信。手表很惊艳。功相当能齐全。包装玩好，不过几千块的东西就一个塑料袋，有点儿戏吧。内部未受损，使用了半天掉了13的电，貌似还能接受。,2
物品可以！快递速度快！,1
可能很好看 这种金色颜色比较好看,2
做工很不错~，运动感十足，就是希望以后能多一点实用的应用,2
还不错比第一代好很多，电池续航很不错，京东给力，现在京东的在线客服都是shi的，问啥啥都不懂。还搞个什么机器人,2
还行吧，就那么回事，以前没用挺过，感觉就一玩具,1
苹果的工业设计感实在是太强大了，一直想买一块苹果手表京东做活动的时候赶快下手！实在是挺好看了！功能也非常强大，不错的一块功能性手表！非常喜欢，相信京东！物流一直都是那么一如既往的快！加油京东！,2
目前来说很好用 屏幕也不错 后来才发现屏幕居然比佳明旗舰的都好 我本来只想测心率随便买的 总之用起其实来很好 没有违和感 也挑不出什么毛病,2
原本以为这个表带是类似DW的那种尼龙表带，其实是魔力贴那种软软的，戴着比胶带更有安全感，电池很耐用了，运动模式五十分钟才掉一格电，就是不知道开了4G能不能也这么坚挺，这个配色也真是爱不释手！和二代没有什么本质区别，二代也很给力！！,2
送朋友的，很喜欢，如果用三星手机会有更完美的体现,2
截止到双十一的最价入手。包完好就手表本身来说，耗电量比一代底低很多，只查看不回复，可以用两天，界面升级多。操作也简洁丰富很多。手咪几天不关注就失误了。买了个蜂数的版本，结果不能？！！晕倒。希望电信可以早日写号！！不然我亏大了！！,1
非常不错的智有点能手表 推荐大家购买噢,2
买的就是颜值和续航。实用性其实一般。但是S健康真的好用。重度使用的话必其实须一天一充。逼格满满，颜值高就够了。期待系统赶紧更新添加一些更实用的功能。至少能得能上个微信啥的吧。,1
实际感觉很好，比之前用的applewatch感觉好看和使用一些，特别适合S8,2
东西不错价格便宜送货快,2
京东一直很给力,2
手表很不错，大小合适，老婆戴着非常漂亮。而且非常容易上手！很好设置使用方便！,2
很帅气的手表，就是有点小贵，但是值得购买,2
很好很好的，就是挺好用的,2
这个牌的手机配件一直用，很好用,2
很棒很好看,2
双十一帮朋友买的，折扣后2988元，特别合适，物流特别给力，手表也非常给力，非常赞，朋友非常喜欢,2
非常不错很好,2
电子表，挺不错的。适合男士戴。需手机单独安装软件，可兼容苹果系统。,2
很好用 快递速度不错,2
东西很好错，性价比高。,2
临时决定买的，手表还不错可能,2
第一次买智能佩戴产品，外观还不错，但是还是没有真正手表的感觉，可以当成是一个玩具，表带是一大缺点，感觉不好。总体来说，这款产品还是可以的，刚买时间不久，戴段时间体验下再看。,1
非常不挺错的一款手表，不错不错，戴着不错。,2
算正常和2差不多都是天,0
挺不错，物有所值，下次需要还会再来。,2
东西不好不坏，只不过蜂窝不知道什么时候能支持，太慢，会不等到支持都出4了,0
东西不错，跟苹果的其他产品衔接的非常好,2
很满意的一次购物，快递超快！,2
可以，就是没比较送东西！！！,1
产品新动态1.小米「米家石英表」正式发布被称是上的科技与美学2.AppleWatchSeries 与前代比屏幕增大了15%.小米第二款Androd one手机小米A2 将于7月2日在班牙发布4.LG与苹果成议 为秋季的Pone供OLED屏.块链或是HTC“药神”，HTC即将发新机Exodus6.苹果发新笔记本，体现了PC萧条时的成和平7.OPPOFnd X京东首发，47秒台互联网大事件1.百度不服东I案判决上 暗指今日头条背后动2.Ofo海外业一减再减3.东流全球智慧应链基础网络，十年物成本降低50%.摩拜宣布与日本富士急集团合作将在富山地区投入运营5.饿了么布上海日交易额破亿 新售业务涨40%投融资1.美团持有小米近一亿，市值接近约18.2亿元2.乐视网年预亏损11.0亿元11.1元3.中移动将与小米达成战略合作，共同拓展G、物联网等市4.二手奢饰品商会科技完成数百万天使轮融资5.美国住宅租赁营销平台Nestio已获得450元轮融资,0
真是太喜欢了，方便优秀用。等到货等的花儿?都谢了，还以为先预定会有优惠，其实跟双十一活动一样。但是很喜欢?，很方便，开车打电话??也超OK。棒棒哒????,2
京东实体店买的 物流超快 质量 不错,2
一切都还可以，只求快点开通蜂窝。,1
包装很好，手表也很实用，没试过微信能不能发,2
还行，确实比上一代强大，但是表身太长，卡袖口。,1
很快，第二天就到了。东西很好,2
虽然什用 但是觉得很好看 就等联通开sim务了,2
京东快递速度没得说，元旦前抢了一个，今天就收到了，赞！东西也很满意，很有质感，反应零敏，运行流畅，喜欢，送自己的新年礼物！满意！可能,2
很好的手表，跟我的三星手机型号正好配对，喜欢这个表盘的设计，很方便，舒服，特别适合上班族，价格也很实惠。,2
手表到了挺好的，装个逼没问题，3200R。男士42mm，在小就不好看了,0
包装很精美 手表也很好给京东一个赞,2
东西很好，包比较装很牛叉，好大一个的箱子！用了一个礼拜，确实不错。男生建议都选42的，等运营商开通咯！,2
用了一个多礼拜了，没任何问题，手表好看，设置也方便。就是现在暂时没支持esim业务，这个业务要开通了表就完美了。另外快递也跟给力，准时送达，好评。,2
使用下来很满意，期待蜂窝网络开通。,2
但是这个表带看着是好看，但戴起来的手感比不上运动表带，所真的以还是推荐运动表带。,2
颜值超高的手表，你值得拥有。十二期免息，真的很好错。,2
就是这种f特别eel，期待e-sim卡可以早点用,1
三代的续航比一代好多了，终于可以不用天天充电。现在就期待着移动的虚拟卡业务相当开通了。,1
科技的力量啊 有带表习惯 也健身 还有蜂窝 真的太值了 很棒 但要给京东差评 凌晨跟第二天的支付页面完全不同！送来的包装连泡沫都没！就一个外壳加一个塑料袋！,0
2997买的蜂窝版，还是很不错的，虽然现在还用不了蜂窝，等吧，整体很满意,2
"昨天突然一冲动买了块表，本来想买粉色，结果没货买了黑色的，到了之后觉得好帅好喜欢呀。说来也是神奇，之前有一段时间种草过apple watch, 因为手机常年静音，却有一个不想错过消息的人，但是怕他觉得我花钱大手大脚，后来还是没买。现在那个人没有了，整天手机收到的也就是一堆广告，却真的买了一块，就像是又多了个小伙伴提醒我运动，还是很不错的。",2
收到了东西很好好评,2
感觉挺好的好看适应了还不错,2
还不错，正品，但有点是包装太坑了用了一个vivo x20的超大盒子装在里面，泡沫都没放一块，激活查阅序列号更坑才10月底，显示激活日期是11 月，醉了?(&oline;_&oline;)?,2
乐器店也卖数码产品了，苹果也算是很会玩音乐的一个品牌吧，那我也不算过分全新的Apple Watch Series 3 ⌚️⌚️你和高富帅、白富美之间，只差一款帅气的智能手表Apple Watch Series 342mm3有点8mm 苹果手表 GPS 蜂窝网络版 ​,0
不错，小生喜欢，值得购买,2
质量不用说 就是不知道 内置卡 什么时候才可以用,1
正品，很好。通话清晰，可直接转到蓝牙耳机通话。,2
不错，颜色喜欢，适合男生带。其他功能还在研究中。查了一下是正品，全新的。京东自营值得信赖！,2
小巧玲珑，夫可能人很喜欢?,2
一切都很好，五星好评,2
#Apple Watch 3 蜂窝版退货#网友已经核实AppleWatch3蜂窝数据版可以退货，由EMS预约上门取件。当初因为蜂窝数据这个亮点才去买AppleWatchSeries3-良心企业啊！（所有AppleWatch表款均具备蓝牙和无线网络功能。Apple Watch Series 3(GPS + 蜂窝网络) 还能接入蜂窝网络，可脱离 iPhone 单独使用，但必须使用同一运营商服务。下列运营商可为AppleWatch提供蜂窝网络支持，其数量还在不断增长。）Apple你的增长速度被限制使用蜂窝网！我们明年再看看吧#中国联通##移动、联通、电信，总理喊你们降资费呢#图片来自网络http://t.cn/R2WJ9I1,0
外观漂亮，也有商务气息，实用功能很多，绝对值得购买,2
手表相当不错。！！！！！！,2
齐 蜂窝款 和 airpods不错的哈 灰色比黑好看也百搭啊,2
不错，物价廉，货真价实,2
不错，完美奥！喜欢?,2
不错自己慢研究研究,2
这一代加入了esim卡，但是服务还没有开通，预售的时候入手了一个，搭配8p使用，很不错，较前代有了一个不错的提升。我是预售购买的，室友是在我付尾款的时候直接购买的，同一个型号，比我便宜一点，若不是参加了预售就在一号直接下单购买了，还能够便宜一点。,2
速度给力 下次还会再购买,2
东西还不错，gears2丢了，重新买一个，总体来说值得购买,2
戴了几天才来评价，感觉很好！,2
手表不错，是我想要的功能，在健身房可以监测一切运动数据，心率，带着游过泳。不错！,2
很好，我很喜欢，待机也行，关键操作简单，上手快，三星这个还是良心货的,2
喜欢，喜欢，划，还会再来。,2
手不错，用起来方,2
非常好，值得拥有。京东折扣活动，好。,2
一般吧，没有让我惊艳的感觉，功能不是很多，不过还行吧，离开手机就当个饰品。,1
非常棒非常棒，虽然因为调货，时间晚了两天才到，不过价格便宜还是不错的！,2
双11动时候买的，表值得拥，移动快持吧,2
上午拍的，下午就送达了，大爱，喜欢，新东西总是不会用，客服态度非常好，有问必答，收表功能太强大了,2
还不错，就等运营商了,2
【未来将无卡！重温SIM卡的前世今生】3月7日，中国联通宣布挺：将在上海、天津、广州、深圳、郑州、长沙6城率先启动“eSIM一号双终端”业务！这也预示着中国用户可以使用苹果Apple Watch Series 3接打电话。未来的通讯世界，终将进入“无卡时代”！未来将无卡！重温SIM卡的前世今生 ​​​ 未来将无卡！重温SIM卡的前世今生 ​,1
效有点果不错.....,2
感觉用着蛮不错的 很流畅 比较方便 就是有点厚,2
已在京东自营买过两个产品，第一个是ipad pro 第二个就是wacht3挺不错的。到货快，产品正，没问题。值得购买。其实,2
质量不错，简洁美观,2
绝对品，产很好，而且客服也非常不错哦，很耐心解答不的问，赶紧点赞??,2
表不错，就是功能还没弄明白需慢摸索,2
使用很不错，与手机完美匹配,2
不错，心仪很久了，终于等有点到有货抢到了,2
很好的穿戴设备，这款设备应相当该是近年来最好看的了,2
老公很喜欢，带上也很漂亮,2
超级喜欢,2
[允之前国外用户因为MacBook Pro上面蝴蝶盘而集体诉讼苹果。现在，AppleWatc也被用户集体诉讼。该诉讼声称，从代pple Watch到Apple Wah Sries列的所型号都有缺该缺陷会导致Apple Wath的屏幕破裂，至脱落。同时该讼声称苹果从开始就意识到这个陷，并且拒绝为该问题供。该诉要偿500万美元。苹果前承认代AppleWtch型号两问题，对于电膨和后盖分离，该系列的保修期延长至三年。段时间苹果也开始为同样具有电膨问题的一部分ppleWatcSeries系列提供相同的措施。,0
全新，很好，期待联通北京早点开通服务,2
次来上海最大的获之一，到了一张上海联通的大王卡，回去终于可以试试AppleWatch Series 3 eI了 年了快 ​,1
还可以的，虽然贵点,1
和老公在一起的时候就说要送我个好点的手表，因为带小孩的原因，我没要买和他的天梭的情侣款，买的这款可以连手机的手表！虽然我觉得表带很丑，但不得不说确实很实用！我抱着孩子炒菜来电话随时就能接能打！闹钟醒我也不用爬起来关，每天走了多少步一步都不会漏啦！这点我可能有强迫症，每天要有一万步以上才舒心！手表充满电很快，满电状态下能用两天多，我要放歌听也可以直接用手表打开，不用去拿手机！手机上的软件都在手表上，还有很多模式可以选！对于我带孩子的宝妈来说是一款超方便的手表！点赞点赞！,1
高大尚的一款手表，样子很漂亮，质感也不错，但是微信不支持图标，不能单独操作。其他没有什么问题。,2
#胖说数码#国有开发者通过其开发的AP记录AppleWatch设备况据其统Apple Wch Series 3自去年布以来份额持续上升目前已经占比高的ApleWatch，与之相对应的AppleWatchSeries2 和ApplWatc第一代份额下降了。 ​​​[摊手,1
用了一段时间才写评价。当初是心里斗争了很久才下决心买的，原来一直以为会很鸡肋的一款产品，没想到自买回来这一个多月除了充电基本都带着呢，连晚上睡觉也带着，配套使用三星的S健康APP除了日常运动外还可以监控睡眠质量，现在感觉没了手表还不太习惯了。,1
喜欢的东西,2
总体不错，后期再看看，快递不错,2
表带儿常的一般。,1
用着很好，非常喜欢非常，就是电不怎么经用，每天都需要充电,2
非常满意，还有赠品。比实体店便宜。功能强大。挺正常使用晚上不关机，三天充电一次。比苹果手表好用。,2
非常不错，当天下真的单当天拿到，体验很好，当晚跑步就用上了，外观和功能都符合要求,2
非常漂亮，我很喜欢，很满意，京东商城就是靠谱，说哪天有货就是哪天,2
装逼利器，不能nfc有可能点可惜，一般只能用两天,1
再见，SIM卡！据广州联通透露，联通今天（3月7日）在上海、天津、广州、深圳、郑州和长沙6城市率先启动Apple Watch Series 3的非常eSIM(一号双终端)业务。eSIM卡又称嵌入式SIM卡，简单的说就是将传统SIM卡直接嵌入到设备芯片上，而不是作为独立的可移除零部件加入设备中，用户无需像现在一样插入物理SIM卡。传统的Sim卡把用户锁定在一个服务网络中，而内嵌式Sim卡可以使得智能手机、平板电脑或可穿戴设备使用者避免局限在一家运营商的服务中，其可以实现立即切换其他服务网络，且无需更换Sim卡。,1
很多功能不实用，而且冬天带有点凉哈，总体来说还是不错的，省电模式能用一星期左右！,2
坐等可以直接单独使用,1
感觉还可以，用了2天，还有20%的电，还需要进一步摸索功能。,1
Apple watch 3符合预期🤓Applewatch1 光荣退役 上海 ​,2
手表不错，给孩子买的，很高兴,2
个人感觉做工不够精致，收到的这台上面白板边缘还有似被撬到的痕迹，这个价位不应该只是这样的质量。最近天气不会潮湿，没办法试下效果，只好放阳台关上窗户试下干衣效果，设定低风6小时还是，干衣效果还可以，水箱大概有5分之一的水，如果水箱是透明可视会比较方便，这样不用每次都要拆开来看。还有噪音较大，关上玻璃门在房间还能听到跟排风扇声音，,1
买得是先锋版，表盘并不是那么容易被划，转盘操作方式很喜欢，重量和大小还行，和普通机械表比没有超标，戴着游泳也没有问题，作为这个时代的智能手表真的很不错乐,2
东西不错，性价比高。,2
8号秒杀，晚了几天。不过还好，然自己想买。到手研究了一下，不，作一机附属的手，一些功能还是可以了，肯定还达不到手机么丰富。都是穿戴产品，三星还是最好的，和我S8+搭配超爽。,1
个人感觉还不错,2
表盘像素看起来有些低，但是总体来说还是挺好的，很喜欢。,2
老婆很喜欢，搭配iphone x使用风味更佳，不过何时能发挥lte的实力就看国内运营商了,2
喜欢的手表，想买很久了，今天终于到手了，便宜了200块,2
外观时尚大方非常满意，朋友都说好看，质量没话说，物流真的快,2
感觉很好，还是国行版的，现在还不怎么会用,2
手很不质感，功能速度，特别是表盘很好,2
可以错的体验,1
哇，第一次买苹果手表，不错，真不错，,2
已经使用快一个月了，非常棒??。待机基本3天，可以满足小小要求，棒棒哒。感谢京东的到货通知，及时抢到了心仪的宝贝。谢谢相当哈！,1
其实反应很快很喜欢就是蜂窝数据还不能用，不知道啥时候推出，买个带着好看。,2
买来后悔了,0
双11之前买了一个以为很便宜，没想到双11当天更便宜。38mm比42mm小了好多，价格没差多少。还是买42mm的合适！,0
感觉还可以错，内存13 个G，反应灵敏，坐等运营商提供打电话服务,1
Apple Wtch Ses银色 云雾灰表带42m 本人身高180+，无手腕多细也考虑整体协调，38m实在是小表带寸 现在就换上了附送的小号表带，腕大致量过才16cm大号的只能戴最后一个… 这就是为什么我说上肢力量基础贼鸡儿差本来一直心心自己的黑色，最选择了银色，原是银色更好搭配各种带。而且之前执着于黑色肯定是我常年穿黑惯，黑色显瘦嘛 ，以后就是个五颜色的我了又正好遇上黑色没货了果断不等了辛苦我3年的iPhone6被拖出来行匹配图均为原图applewatch#,0
不错，但感觉没华为的那个手表好看，功能也没那个强大,2
很帅比较气，很喜欢,2
体验特别稍差，懒得退了,0
东西不错，池续航不是很好，一天多要充电,2
其他都很不错,2
不错，目前还是很满意的。大品牌还是好一点，什么华为 小米 从不考虑，很好很有性价比，不过，我还是喜欢最好！,2
东西不错，非常的喜欢,2
不错！功能强大的很啊！,2
还行挺好,1
很好&hellip;&hellip;喜欢&hellip;&hellip;,2
还不错 但是跑步时感觉心率检测不太准,2
这个感觉还可以 就是稍微应该相信京东,1
很好、很实用、比预期的还要满意,2
不错，很好！,2
犹豫再三，退货次，后买了却没现货&helip等啊等&hellip到了啦hellip;京东的物直都很棒，客服也很有耐&hllip;就是hellp有点好，货在路上不能办理转站，转站要浪费时间特地坐车回来拿的&hellip;头疼啊,0
稍微棒棒的，老婆非常喜欢，希望年底能用上蜂窝,2
相当不错，宝宝很喜欢，赞,2
很好相当的手表，不错,2
挺好的 值得入手 就是价格有点小贵,2
还可以，就电池不耐用，充满电天就剩下15%了,1
手表是很不错的，比我之前用的苹果的要好太多，其实而且待电时间两天是妥妥的没问题。,2
实在太漂亮了，我儿子好喜欢！感谢京东,2
宝贝很好非常,2
静静等待可以打电话,1
不错，价格实惠，很满意！,2
挺好的，电池给力，比S2提升明显，就是微信需要再下个助手才能推送特别消息，完美。,2
不错还可比较以,2
稍微不错的，和好,2
不错啊 就稍微是应用太少了 颜值高 希望后续支持给力,2
很好很漂亮，操作也方便,2
收到货了，包装很好，试用其实中。。,2
对着手表说话延伸了手表的交互i，不过siri不太好听中文比较，而且在人群里大声喊siri也总是怪怪的。运动的时候这么做还可以。,1
还可以吧，是正品，还在研究中。。。,1
很好包装很严实,2
东西不错，坐等蜂窝开通。。。,2
非常漂亮，非常好看比较，非常喜欢，京东给的全新的非常好,2
东西挺不错的，屏幕保真度高,2
不错的智能手表操作很方便，化,2
不错的，质感很棒，买来主要是游泳的,2
不错省，准确时尚！,2
的带不错看起来有质感,2
用着还不错还不大使呢。,2
京东的速度绝对值得称赞！！晚上定的第二天一早就到了！手表很非常精致，包装精美，和预期一样。和手机连接需要研究一会儿！总体都蛮好,2
用了一周时间，比较满意，待机2～3天，电量?剩20后，耗电量以惊人的速度归零！表盘花样繁多点赞??！微信功能有待提升！,2
宝贝收到了，一直都想买，这次终于买了，多种表盘可以换很满意，表带一收到就换成送的皮带了，除了苹果软件少点其他都很满意！,2
颜值不错，很好用,2
一直用这个产品，真的很不错,2
很好用 常亮也能待机2天 转盘有点松不过不影响,2
这一代加入了esim卡，但是服务还没有开通，预售的时候入手了一个，搭配8p使用，很不错，较前代有了一个不错的提升。我是预售购买的，室可能友是在我付尾款的时候直接购买的，同一个型号，比我便宜一点，若不是参加了预售就在一号直接下单购买了，还能够便宜一点。,2
帮狗子买的，狗子说带着不错。,2
嗯、提示有货就抢了一个、和我的2外不多的、连套都是通用的、希望北京联通给力点&hellip;动也行&acute;?omega;?`)、另外快递小哥换了以后变得好慢&helip;,2
东西不错。还在摸索中。挺喜欢的。观望了很久才下手的。用后再来反馈。,2
苹质量得过 喜欢这个颜 百搭,2
快递速度超快，不耽误送客户，满意,2
昨天刚到，用用在说，感觉还可以。,1
用了半个月了 很好 就是运营商现在还不支持eim,2
哈哈，手表不错。喜欢。 比之前用过的1提升不少！,2
很好用，心动很久还是终于拿下,2
很好用方便,2
手表很好.很好用，非常漂亮。,2
老公很真的喜欢，带了个充电器又送了个。表带不明白为什么只送一半？,2
银色的要比黑色的好看，黑色的比银色的时尚。要买只看第一眼喜欢就喜爱欢。,2
功能比较少，配合s8三星手机还行，没有语音延迟现象。价格有点贵，反正已经爱好这些，给个好评吧。毕竟便宜了400。,1
还不错 期待蜂窝开通,2
挺好用，大小合适，就是表带不好，不透气,0
不错不错，支持星呸，是国内还没开通这个服务，用了很久了，各面觉还不错，京东还送了七色表带。真。,2
感谢京东有自动购买的设置，很方便。买回来验货很好，还没激活，需要苹果手机连接才能激活，另外还得购买手机。再次感谢快递，一早上就联系快递要求送货，结果腿不听使唤，自己跑去提货了，没出息哈。其它还在研究中，等追评。,2
不错&hellip;&he相当llip;很好用&hellip;&hellip;,2
送人的，没打开，应该还不错吧,2
完没的一次购物喜欢的像过得v结结巴巴,2
没注明5S无法配对，或标注不明显，没看到，费了很大功夫，手表才可以使用,1
#沃分享#一卡双终端，唯沃先行！联通率先现Apple Wath Series 3，之所以说它牛，根本就在这一点：它立使用蜂窝网哦~！更多详细请咨询http://t.c/REudn7l#沃的分努力，只为您10分满意。#​,2
东西很不稍微错，很喜欢。。。。,2
很喜欢，表盘大，男的带很合适，显示效果清晰，操作便利。缺点是好像在iPhone上不支持**,2
手表很好用~~~测心其实跳 消息推送 短信推送 接电话 看股指数~~~给我生活带来了便利,2
10月份的激活的机器，保存完好，包装有点破旧,0
宝贝很喜欢，但蜂窝还得等运营商开通，配果机一起很好用。,2
等了许久，终于有货，快递给力！,2
不咋地 贴上后整体衔接效果不好 黑色四边也占位挡住屏幕,0
挺好，不错，又得凑10个字,2
沉甸有点甸的，做工还行吧，只是微信还不能阅读消息。相对所能提供的软件也很少。当电子表戴还是不错。不过这个价格可以整支好点的g shock了。,1
运行速度比一代快多了，待机达相当到了二天，双十一很优惠就下手了，很喜欢，5星好评！,2
终相当于到了，等了十天。哈哈哈 跟想象中的差不多,0
还可以有点，就是还不能移动卡有点可惜，希望快点可以用上,1
京东物流很快，包装很好，服务很好，表很漂亮，是一次很好得购物,2
不能给五颗星。用过fitbit的手表后，再用gear s3，也就觉得那样了。s3的操做性能一般般了。快递员超认真，只见本尊才送货，别人代收都不行，赞！,1
很很不的宝贝，你值得！,2
使用效果不错，颜值很高值得拥有,2
还行，只是这么快就降价了&hellip;,1
不错，就是功能感觉还是有些少，另外系统是Tizen的感觉没有Andriod Wear 的手表上的应用多，还有Samsung pay 依然不能用&hellip;&hellip;,2
很好，很不错，很喜欢，听歌还要蓝牙耳机,2
看中不带手机也可以用的三代，就等功能开放了，,1
还不错，是比较正品 速度快。,2
非常不错！ 个人很喜欢！带测评,2
正品行货物美价廉值得购买,2
东西很棒，比超市便宜不少，京东服务真不错。值得推荐给大家,2
series 3手表基本可以，但是手必须要升IOS11系统，特别吐，且蜂窝网也不能用,1
感觉还可以，其实我最期待的还是蜂窝数据功能，买它也是因为这个。,1
从预购开始到今天收到，一切非常顺利。京东物流很给力，物流跟踪信息很赞。表是正品，与手机绑定也很顺利。这次购物很满意非常！,2
手表还不错，先用段时间看看,2
不错了，是喜欢的款,2
表很好，很帅气，功能多样，质量很好，京东服务没得说，这个是换新的。,2
赶上双十一终于降价了，果断入手，京东给力,2
总体不错 就是这货的运动记录功能没有想象的好,2
手表很好用，非常很实际,2
是正品，双十一活动！使用效果不错，符合期望。,2
质感不错，流畅！就是功能少了些.自家的三星支付不支持，我午休趴桌子上眯了一会就能检测到我睡觉，老婆送我的.喜欢！！,2
京东自商品，品质值得信赖。,2
收到手表后充了一夜的电，一直带了三天后才来评价，电池续航很给力，充一次电用了三天，外表高端大气，就是软件太少，就开发一些软件就好了！,2
比之前的moto，华为和它自己的前辈品都要，好在提的功能位了，不用像之前的产品还需要手表的系统支持APP可以出通知。动，户外等功还是不如专业手表。,1
运动手环?手表电话?心率检测?微信?等等，除了电量之外其他的都还行,1
真的之前没用过这种智能手表，操作起来还需要适应很长一段时间。现在有一个问题还没有解决。就是脱离手机在Wi-Fi下无法发送短信。官网上介绍是可以发送短信的,1
还是还可以错的。摸索了一个下午 ?。,1
很喜欢，种草了5个月终于买了，推荐每一位用s8的用户都买一块，和s8简直是绝配，送的表带也非常棒，就是很硬戴一段时间应该会好一些，最开始纠结于韩版与港版，后来还是选择了京东的国行，不过为什么还要再送一个充电器，送一点别的东西哪怕便宜一点的一好呀！总之东西非常棒，唯一不愉快的就是，明明告诉我9好可以送到，付玩款就说十号送到，很生气！,2
不错 发自内心的其实点个赞.....,2
表盘挺大的，做工很好，有分量，比想象的好。,2
各方面都不错，就是现在还用不了独立网络,2
不错&hellip;&hellip;很好用&hellip;&hellip;,2
很好看，老公给买的，功能多还没用熟，适合运动的人,2
不错很好用，支持下,2
超出预期的好 坐等支持电子sim卡 到时就可以不带手机出门了,1
谢谢 送的Apple W稍微atch Series 3这份周年 礼物 非常喜欢 ​,2
相当不错，包装很精美。,2
总体不错非常 就是这货的运动记录功能没有想象的好,2
表很好用，开可能机就和手机连上了，,2
当天下单当天到，晚上回去拆封的时候，不错，全新的,2
京东有货了，那必然是退掉官网抢一个了，苹果产品不用多说，同类最好的，用过初代，功能有一定改进，速度是快多了，配合airpods调节音量和快进播放，非常好的，黑运很漂亮，满意，就等运营商开通服务了,2
期待期待！京东可能就是给力！当天下单当天就到！苹果产品没得说！拿到手就感觉这就是我想要的！晒晒！,2
很漂亮，很好用，暂时没有熟悉，慢慢熟悉,2
好喜欢就是很难卖好，刚好还剩下最后一只的时候买了。,2
三代终于推出了蜂窝网络版本。终于可以独立使用了，不过～什么时候运营商才能开通呢？东西本身没说的，非常好。,1
超级差评，买来两个月不到，已无法开机,0
好东西啊，值得拥有！,2
不错的手表，外观很喜欢！,2
【中国联通将于3月7日开通6城AppleWatcheSIM业务州联通发布官方消息称，将于3月7于上海、天津、广州、深圳、郑州和长沙6 城率先启动pple Watch Seies 3的 eSI（一号双终端）务预示国用户可以用苹果Apple Watch Sers 接打电话。 ​,1
不错，比想象中更有质感，流畅度也比想象中好,2
还不错，目前还在摸索挺中。,2
先用看看，感觉星空灰配灰色表带不好看。,0
一直想买个Apple watch，终于这一代加入了蜂窝，终于入手了。配合iPhone真是太好用了，很多时候手机都不用拿出来，续航也不错，外观漂亮！,2
表非常酷炫，京东给力,2
到手，因为运营商服务还没开，所没有验到cellla功能但其他部分非常意，运记录和息提醒功能大爱，通话的时候ic的拾音也很好。,2
很给力，漂亮，正在使用中,2
用了几天才来评价的，感觉非常不稍微错，很方便，很漂亮，很喜欢，充电也很方便，微信也很方便，电话也很清晰。还有一根替换表带，应该是正品！送货很快！,2
感觉挺酷的 就看续航给力不给力,2
手表手感很好，就是表带不行，档次被拉低了一大截。目前尚在摸索阶段，待摸索明白了再来追加评价。,2
手表挺不错错的 果粉值得购买,2
相信京东，相信自营，东西很好用,2
相当物流很快很准时，东西不错,2
总体来说，手感OK！强烈建议买42的，38太小了。连我觉得42都小，表带缩小绝对够，带在手不会很松，献给犹豫的人！粉色，表带其实不粉，甚至有点像泛白那种颜色，不过和皮肤接触很好，很舒服！自营派送快还是不用提了，箱子外包装是小米的，强行打广告，哈哈！上手容易，配对后iPhone就自动为手表下载软件，待半小时后，基本可以装完程序。我们要等手机把软件同步完再玩手表，不然一边下载一边玩你会看到表里面的程序一直在加载或者不显示，那是因为iPhone在下载，把带宽抢完了，所以会出现异常了。手表里的微信，我们不能打字回复，只能用语音，但是语音为什么会翻译成英文呢？这个问题是手机里面的设置问题，这时我们只需要进去手机设置&mdash;&mdash;通用&mdash;&mdash;键盘&mdash;&mdash;启用听写&mdash;&mdash;听写语言&mdash;&mdash;选择普通话。当你回到手表的微信发音时你会发现现在可以翻译成中文了，希望能帮助大家。,1
配合三星手机体验还挺好错，续航差些,0
很不错，虽然现在还不支持蜂窝，但是原装表带太短了，我又买了一条长表带,2
刚开始非常使用，整体感觉不错,2
品质很好好啊。。,2
还可以吧,1
不错自己慢慢研究研究,2
还不错，表不太好用，得换。,2
物流小哥真心特别不错，本来想让他放物业的，后来小哥考虑价值较高，给放丰巢物流柜了(插曲：那个柜子研究半天，上面有个屏幕，我一直以为是广告，没想到是触摸屏?)。,2
用起还不错,2
后悔了 贴上去屏幕一点都不灵敏 还要那么贵,0
watchOS 5 beta 4 基本可以在Apple相当 Watch Series 3上正常使用了，我常用的功能没遇到啥问题，性能也正常，续航在这个版本也解决了，昨晚睡前 83% 的电量开了省电模式，今天还可以用一整天，撑到晚上回家没问题，出门再次不用带充电器了 ​,1
很好，很不错，很喜比较欢，听歌还要蓝牙耳机,2
非常不错的产品，流畅，功能多，老婆很喜欢,2
送老婆的生日礼物，她喜欢就好,2
十分纠结的买了这款手表，一直在纠结是买apple watch2还是这个，最终还是选择了gear s3，研究了一下午，qq能收到消息了，微信也能语音和文字回复了，还算心灵上给点安慰，并没有那么弱鸡，整体上外形还是很酷炫的，比较满意了，希望以后三星能好好发展手表系统，最好尽快把三星pay增加进来，多增加点实用app，让用户体验更完美些。,2
不错，早上晨跑的时很管用,2
特意用了一个月过来，很不错。,2
手表包装盒比我想象中要长，一个小臂的长度，没谁了，哈哈。手表刚刚上手体验，感觉其实实用性一般，没有开通网络 手表要依赖手机，另外吐槽下包装纸盒，为啥是个优乐美的纸箱包装，也是服，手表暂时一切都正常，手机为了手表被迫升级iOS11，感觉电耗哗哗哗的。,1
"产品不错，但无法连接wifi,不能发送微信确实是遗憾，只能等能使用蜂窝网络了。",2
非常好。喜欢。比苹果好多了,2
比较满意的一次购物，用着很方便，就是电池不太耐用,2
不错不错，就是链接iPhne用不了支功,2
一直都没有货终于抢到了手表好漂亮非常喜欢,2
首赞一下京东快递，速度快，服务态度好！手表收到试用阶段各种功能还在熟悉中，很满意！,2
很喜欢！速度快！京东价格低，下次还来！,2
外观没失望，系统好，之前用苹果2代的手表，感觉这款要好些,0
东西不错，缺点是只能无线充电，当然也提高了防水防汗性能，但是出远门（大于5天特别）要专门带无线充电座，有点麻烦。所谓鱼与熊掌不可得兼。,2
非常不错的手表，很只能,2
老婆要的，发现有货直接打外地出差的我电话，让我下单，晚上看看怎么样,0
很喜欢，盘大男的带很合适，显示效果清晰，操作便利缺点好像在Pone不支持**,2
我觉得还是很不 推荐购买,2
不错 就是测心跳频率的经常测不出来 待机时间也不长。,2
用了一个月了，外观特别帅，待机可以，唯独就是在iOS系统上不太好用吧，有些限制，希望官方尽快更新吧。,1
装逼利器，不能nfc有点可惜，一般只能用两天,1
说是周日送货，没想到周六就送到了，很不错，迫不及待的用上了，感觉很方便，颜值也不错，送了风暴盒子，不过真心觉得还不如送个膜和保护套什么的，总体感觉很好，就等以后支持蜂窝了,2
产品很优秀！华为很棒，支持国产！京东速度没得说！,2
还不错，刚刚到货。看看电量怎么样吧,2
真的很好。漂亮实用。也很好用。真的是款好表。。。。。。。。,2
东西收到，很喜欢,2
包装很好，快递服务很到位,2
有了几天感觉不错 京给力,2
很好，已经在用了，但还有好好学习学习,2
男士戴大小正好/质感不错/清晰/手机用得也是三星S7edge/联接快/功能再多一点就好了/电话只有4个联系人直接可以拔打/用手表接打电话清晰/一早接到新机八点开机电量百分之五十五接打3个电话关闭心率下几个软件丿到晚上六点剩余百分之三十四/用二三天应该可以,1
不错，虽然贵了点，但是的确方便棒用。还能接电话，赞，满意。越南产的,2
都不错，除看软件有点少，电池不给力，都很棒！,2
很喜欢苹果,2
用了半个月，感觉很不错，就是系统还不完善，很多问题。待机时间还是挺满意的，不知如果开通LTE后会不会特别耗电，现在还没开通！,2
不错，挺好的，很喜欢,2
Apple Watch Series 3温泉稍微的试炼，值得看看！ 叽歪数码的秒拍视频 ​,2
表到了，很满意。,2
Apple果然强，可以说是目前最完美的智能手表了。,1
"产不错但无法连接wifi,不发微信确实是憾，只能等能使用蜂窝网络了。",2
用着还可以，不过这两天严重怀疑2手东,1
很好，快滴速度快，京东质量有保证,2
挺不错的手能很强大，待机待提高，果微信能表上复就好了,2
很不错，一支持京东，很好很,2
觉得很好用，作为三星的老用户。,2
【中国联通eSIM首发AppleWatch3能打电话了】将 Apple Watch3 绑定@中国联通就能非常实现独立通话啦 这项服务现在上海、天津、广州、深圳、郑州、长沙6城市推出 解放双手，自由通话，你的Apple Watch Series 3准备好了吗？ ​,2
东西很好，是正品，样式也不错，值得购买非常,2
苹果的产品都很不错 值得学习,2
东西不错，比官网便宜。发货很快,2
功能强大，美观大方，蜂窝版早点可用就更优秀了,2
非常喜爱欢 电池比一代好很多 很好用。,2
快递很给力，手表目前来说还算满意,2
功能强大研究中，比较适合男人戴！有防水功能不错！,2
送货速度是绝逼的快，12个小时就拿到了，东西很好，就是这个运动表链跟表太不般配了，还是自己配一根。,2
东西不错，物流很快。,2
支*宝，地图都可以，p其实ay有用暂时没有，表盘好看的太少。,1
手表很好 但是的非三星手机鼓捣半天才连接成功！,2
可以，挺喜欢的，一直在把玩，不错的呢,2
东西和网上描述符合是厂行货，包装封条完好，已使用，给力，关键京东的物流还靠，晚上下单，隔天就了。,2
考虑了一阵 终于下手了 感觉有点买小了 可惜42的没货 手机须最系统 更新系统又搞了半天 总体来说不错 期蜂窝上线,2
第一次用还不错，有点新鲜感，不过不知道怎么用蜂窝,2
看着还不错，期待使用效果，希望以后能对我有很大帮助，可惜我的10.非常3.3保不住了，必须升级到11。太万恶了。。我的6s。。。,2
外观很喜欢，功能基本够用。表带有些硬，电池续航需要考察。,2
可以66666,1
大爱啊，的很亮超级喜欢！！！！,2
手表挺好的，比较孩子喜欢。,2
这块比较手表不错，质感一流。,2
非常漂可能亮，带上并没有感觉很厚，不过感觉软件有点360和iwatch的结合，用着也挺方便，跟手机结合的也很好，没蓝牙的时候，自动wifi进行连接，方便。,2
不错，就是ios对接，功能有待加强,2
真心喜欢，之前用的是手环，但手表的功能要强大很多。表盘选择余地也很大~还在继续摸索中,2
物流很给力，服务真不错！,2
早想买了，很好的东西,2
很喜欢，38很适合我的小手脖，比42省钱了，屏幕小点，可是触摸很灵敏,2
还不错吧，就是贵,2
苹果带上后感不到他的在 外观实在没啥可说，，满大街都是 但是可玩还是挺高的 喜欢,2
用券优惠12稍微0在双十一前抢到了一个，戴上手感觉不错，男的用42mm的刚好，可惜联通还未正式开通一号多终端服务有点浪费，更多功能有待发掘。,2
对商品非常满意,2
很漂亮，很不错,2
用几谈下感 手表好看 做工很好 但是这款的转盘有些松据说是通病）际体验来看 是最好的安了 屏幕清晰细腻没有颗粒感但是软件匮乏 整体用起还是以 对了还不支三星呸 但是硬件支持差在软件上 不知道以后会不会有 总体来说 挺不错的智能表,2
全新封装。。。还是京东 自动下可能单给力啊,2
很好啊很好啊很好啊啊啊啊啊！,2
很给力的产品，不知道质量和耐用度怎么样？功能我还得慢慢适应，总体感觉不错,2
搞活动买的，相当于打九折，真心不错的哦，京东越来越好了,2
中国联通(香港) CHU联将于3月7日于上海、天津、圳、州和长沙6市率动Apple Watch Series 的eSI（一号双终端）业务将于3月日AppleWatcheSIM业务,2
东西不错，很好，很棒，我非常喜欢！,2
很好，手表很智能，只是和苹果手机连接的时候，有些功能还不能用。希望快点优化更新,2
综合来看，值得花三千买一个。,2
不错，颜值可能没有三星高。期待开通通话功能,2
超值，功能实用，没有别的选择，支付，健康离不开身，不用掏手机了，外出方便，期待未来电信开通手机功能，基本手机就可以不带了,1
很满意！在探索中！,2
不错原封正品，运动工作用着都很方便！?,2
手表很不错，我很喜欢,2
Apple苹果Apple Watch Series 3智能手表 蜂窝网络版 灰色42mm 送硅胶运动腕带新低￥3199包邮 可6期免息|目前蜂窝网络功能已上线，平时推荐的多是38mm版本，目前京东商城灰色42mm秒杀售价￥3199包邮，新低好价，同时支持6期白条免息，喜欢的菜友不要错过�http://t.cn/RmTeyIl​,2
常喜欢，拿起来带，电还没充，有点得瑟,2
清晰度让人满意，很多功能还没掌握，不过心率貌似还比较准,2
送的表带不错，看起来很有质感！,2
手表的各能特别实用，跑步登山备，表盘风格特别多，肯定有款风格是喜欢的,2
不错我挺喜欢的，一次愉快的购物。,2
还可以吧，不过现在蜂窝网还没有开通，而且不能安装qq,1
戴了几天感觉很不错，值得购买,2
东西很好用，就是电池时间太短。其他都不错！,2
手真的表带了一个月了，感觉不错。待机两天没问题。,2
用了好大一个盒子来装这手表，收到的时候还在猜是什么。用了几小时，感觉不错，一直对iwatch不感兴趣，最近喜欢上了健身才开始关注这货,2
非常高兴，非常喜欢，非常好用。,2
买来跑步骑车的。帮助很大。不知道游泳可以不。说是防水 但不敢试,1
很好，很多表盘还是可选！很时尚,2
用了几天感觉很不错,2
很棒，很喜欢，坐等运营商开通,2
好多地方不人性化，表比较厚戴了一天还没适应过来，唤醒根本不好使,0
朋友帮收货，目前还没有使用，以后再评。包装，配送一般般，,1
很好很满意，购物我还是只认京东,2
对于手里的黑狗6，我在想测评方式是不是应该稍作修改，比如以后的视频 VLOG都通过黑狗6来录制这样更能体现他的主要性能，但是这样的测评你们喜欢吗？顺路说一句，2018第一篇测评自己像采用视频的方式，目前准备的产品有switch/ap相当plewatchseries3你们更期待哪一款？ ​,2
总体来说这表可买可不买，实在需要的运动达人可以考虑一下,1
苹果的产品质量都非常好，京东挺也给力,2
东相当西超满意，一百分，京东,2
真好的很好用。非常不错！,2
昨天下单今天就挺收到货了，东西不错。,2
老公喜欢,2
不错，挺好的 功能多,2
喜运动和关注健康的人真的不错！赞,2
非常好，相信京東；物流相當快，服務態度很好，極力推薦！,2
我用了20天左右，感觉还不错，我的有点华为连接没问题，待机时间三天。,2
超喜欢，终于等到了第三代，虽然小贵比较，但是苹果就是苹果，品质超赞！,2
最新款的就是不一样哦，功能强大。京东也很给力呢，就最后一件货被我抢了，第二天就送过来了。都很喜欢。,2
双11价格不错，可惜蜂窝网络暂时用不了,2
抱歉抱歉到现在才评价。手表已经用了一多星了，感觉还是很我基上都是两天充一次电，还是可以的，嗯，下面是一个视频的简。我感觉手表唯一的缺点就是，他在还不管使用卡,1
特别大品牌，值得信赖,2
看到还不错&hellip;&hellip;不知道用了之后会怎么样&hellip;&hellip;,2
非常方便，配合微信使用，很好用，稍微待机时间也很长,2
都不错，除看软件有点少，电池不给力，都很好！,2
用了几天感觉很好，但是锤子手机好像不支持，看大家都说三星支付，有了***，那个没多大用处吧,2
非常喜欢这款新watch，比朋友的一代快的不是一点半点，功能既覆盖运动又能满足生活，希望国内运营商能快点开通eSim卡功能。,2
不比较错样子不错重量很轻,2
手表没得说，颜值高，运行流畅，电池给力，期待可能三星pay早点上线！,2
手表挺不错的，双12购买的，延迟了一天到，又延迟了一天收货，三天才到手，减了400，还是挺好的，开了一晚上飞行模式，电都掉完了，就剩下一个红色闪电和时间，后来充上电就好了，期待蜂窝移动的开放，,2
非常不错，还在学习中,2
手表不错！入手很值！希望耐用！,2
不错 就是暂时还不能用蜂窝。小遗憾,2
我这个手机真心不错哦，建议购买荐大家购买，我用的手机是小米手机，然后功能基本上都还蛮全的，不像网络上说的那个功能不全唯一遗憾的是无法回复微信，然后跟微信也没有办法连接，这个东西的话之前不错像有插件的，现在那个应用商店里面也没有了,2
"手表真的很漂亮，大猩猩屏幕不是盖的很耐磨，待机不错，买了一只在玩掉电可以接受。安装手表微信助手可以接受和回复微信信息，可以语音回复。腾讯信息还不能接受不能回复，在研究中。可以直接通过语音拨打电话，接听电话很方便，现在可以脱离手机了，手机装包里就行了。运动心率海拔天气等功能都有。更重要的是真的有不错多表盘，可以每天都不重样。我觉得手表功能很多了，主要是和三星手机连接可以更好的应用三星的app, 待机上绝对可以完胜苹果手表。如果满分是十分，我给手表打8分，实现了我想要的所有功能。",1
一切都还可以，只求点通窝。,1
不错很好，刚比较收到正在研究中。,2
还不错?比官网优惠多多，用了211的券很实惠，蜂功能暂时法使用，看以后吧！,2
东西不错就是窝一直有支持！也不知什么候支持！退了！看看再说,2
宝收到功能全挺实用的值得拥有。,2
手表还行，就是耗电有点快。基本上在3天可以充一次。接下来那就说说我们京东的快递了，1号早上付完款说是下午就给我送到，我还想这速度可以的啊，结果，下午没送到，2号也没给我送到，我打电话去问，那边的接电话的工作人员态度差的一比，说是不他们负责送，然后我就直接打电话给京东客服，说是3号才能给我送到，3号上午也没给我送到，我到中午打电话问，说是下午3点前给我送到，结果3点30分的时候我打电话问，说是4点30分之前给我送到，诶，京东的快递也真的没谁了啊。,1
用了两天还不怎么会用慢慢摸索中，总得来不错。京东递就是快！,2
挺满意的，，，，，，，,2
媳妇很喜欢，第二天就到了，快递也很快，功能很强大，买的42女士佩戴有点大，还好里面有个备用表带是小的，可以更换女士佩戴，很不错，活动也很实惠，价格便宜,2
Apple 特别Watch Series 3蜂窝数据 eSIM 服务将在3月 7 日正式开启业务受理，能办理业务的城市分别是上海、天津、广州、深圳、郑州、长沙，目前仅6个城市可以，北京居然没在首发名单，是不是有点神奇 ​,1
第一次买苹果手表，用了几天感觉还是不错，第三代的手表做工还是达到一定的水准。真心值得推荐。,2
超喜欢,2
哈哈哈 很不错的手表！?? 就是不知道是不是苹果太匆忙的缘故 很多东西都没有适配好 很多地方有Bug 卡丝的情况 期待改进啊 希望不要跟iPod系列一样 消失于其他啊。,2
不错的运动手表，就是游泳模式数据会丢失！总体还是不错的，在双11购买的，优惠力度相当还可以错。京东好样的！ 20个字到了吧！哈哈哈哈哈哈哈哈,2
手表很好看 雾灰色比想象中还漂亮！功还在慢慢摸索期待出网！！,2
老婆很喜欢 期待后续功能！,2
用了几天谈下感受 手表很好看 做工很好 但是这款的转盘有些松（据说是通病）实际体验来看 是最好的安卓表了 屏幕清晰细腻没有颗粒感但是软件匮乏 整体用起来还是可以的 对了还不支持三星呸 但是硬件支持差在软件上 不知道以后会不会有 总体来说 挺不错的智能表,2
很好看、很实用、比预期的还要满意,2
这是单机用了66小时后的电量，比较满意。,2
用着还不熟，不过整体感觉好，非常满意！,2
手不错，挺好,2
总体满意，其实没什么用~,2
很好，就是没有黑色表带,2
其他还不错。,2
今天刚刚收到马上使用感觉满意非常不非常棒,2
样子精美，很喜欢。但是不知道我三星电话问题还是怎样，连接不上，今天去修店看看。不过为了这个样子，使连不上也继续当电子表带，等着换手机,2
很喜欢，搞活动的，虽然有网络服务，但是方便了。非常好,2
使用效果不错，颜值很高还是值得拥有,2
用了券之后比官网舒服，不错，你果家产品就是让人放心,2
电池不错，最久待机3天，性能不错，就是暂时没法打电话,2
等了好几天，昨天看到有货立下订单。很好，值得拥有。只是三星应该和移动，某付app，联，公交公司等达成协议，要不这表的功都体现不出来。,2
618最后一哆嗦Apple Wat其实ch Series 3蜂窝版 个人使用体验 （分享自@什么值得买）http://t.cn/RrcK014。 ​,2
好，质量好，真的很不错，值得一赞。,2
非常好用！待机很给力！喜欢,2
好，不错的东西呢。,2
但是这个表带看着是好看，但戴起来的手感比不上运动表带，所以还是推荐运动表带。,2
AppleWatch的续航能力在智能手表界“出名的糟糕”，比如最新的Apple Watch Series 3，只有18小时续航时间。而通过这项专利，可以解决一些续航方面的问题。根据苹果刚刚提交的一份关于Apple Watch新专利显示，未来苹果可能在智能手表产品上采用可更换的后壳设计，这样就可以轻松延长Apple Watch的续航时间，毕竟目前苹果智能手机最大的短板就是续航能力。苹果一直都在探索让Apple Watch智能手表变得更有用、更吸引人的方法。而现在苹果想出了一个主意就是可以更换手表的后壳。￼这项专利最初是由苹果内部人士发现，描述了一种“可穿戴电子设备的辅助设备”，它可以通过相同的插槽连接表带，然后连接到Apple Watch上。这些附件也有自己的表带，因此这就意味着它可以使用在手腕和Apple Watch之间，看起来与普通的手表没有区别。Apple Watch的续航能力在智能手表界“出名的糟糕”，比如最新的Apple Watch Series 3，只有18小时续航时间。而通过这项专利，可以解决一些续航方面的问题。在专利中苹果表示：“辅助设备通过一种内置电子线路的附件机制，在设备被用户佩戴的时候，将辅助电子设备连接到可穿戴设备上。在某些情况下，电子电路包括一个电源传输装置，可以无线传输电力，在可穿戴设备中作为充电电池使用。”当辅助电子设备与可穿戴设备结合之后，电源传输单元由一个电池和一个发射线圈组成，能够与接收线圈保持一致。这是个非常有趣的想法，但就像苹果以往的专利一样，并不一定都会被使用在实际的产品中。但至少我们已经看到苹果对Ap还是ple Watch的续航能力足够重视，并且未来将会通过各种方式来解决。#街头漫拍#,1
感觉不错，内存13 个G，反应灵敏，坐等运营商提供打电话服务,2
哎呀超喜欢！,2
非常好，转天就到货了 ！支持京东 还是不错的 ！！整体感觉非常好！！希望蜂窝技术快点开展！！！,2
挺不错的 喜欢。之后就看看还分期吧 哈哈,2
手表很好 漂亮 值决定一切,2
物美价廉，老客户了，购物首选京东，京东服务一流，值得信赖,2
很好！送货小哥很辛苦！,2
很酷很炫，很给力，唯一不满意就是实用软件少了点。,2
还是非常不错的，真的,2
的有价值，非常不的表。做工精，功能强大！可以说是目前最强大的智能手表，没有之一！,1
很好的东西，还便宜，下次如果需要的还会再买的。。,2
早上十点多下单，下午四点多送到，快快快！京东的物流赞一个！虽然有心理准备，但拿到手表后感觉还是比想象中大了一点，在戴上手后效果还不错，而且手表的信息量也不是普通手表可比的，所以应该是这样的尺寸。暂时觉得有非常多可更换的表面是不错错的，其他功能要慢慢体会。缺点吧，手表能薄一点更好，续航时间两三天有点短。,2
东西不错，功能比我想象强，池能用5小时链接8比较完美，不会掉短电话,2
一直用苹果的手机，第一次体验手表，期待4G的支持，满意,2
很好，非常智能，外观也很漂亮，值得入手,2
大男生的粉色系列产品。有时候真是让人毛骨悚然&hellip;&hellip;?喜欢,2
稍微质量很好,2
不错不错WatcSeie3@imCook#Apple Watch Series3###ApplWatch Series,2
不错，早上晨跑的时候很管用,2
昨晚下的单，今早就拿到了。真快，手表还还可以错，,1
了半个月，抢到了，就是不可以卡不爽,1
速度较快，包装美观，满意,2
很好 很强大 准备向朋友推荐 好非常东东要分享,2
很好的玩意 就是不知道怎么样才能看时间,2
非常不错的产品，和s7匹配完美。就是没有微信之类的软件，只能看微信，不能回复，希望以后更新完善一下。总体来说还是非常人性化的的设备。好评！,2
运动手环?手表电话?心率检测?微信?等等，还是除了电量之外其他的都还行,1
目前感觉还不错,2
很不错 东很给力,2
买来送人的，可以买了后降价300，真不爽,1
虽然经历了一番波折还是顺利到手了，感谢配送大哥，手表刚上手，还挺舒服的，这款总是没货，好不容易抢到的，虽然表带感觉用久了还是会毛的，但是又买了几个表带配着还不错，好玩的功能是可以控制相机，哈哈哈哈所以可以好好拍照啦～其他功能还在摸索，不少软件不支持，早点开蜂窝移动啊～等的好急呢～,1
上午下单，下午就了！表不错，还有慢慢研究中,2
手表很好好的我都不知该用非常什么词语来形容了,2
还不错，物流很快，包装也很好，质感想象中好,2
还可以有点 给老人用的,1
超级满意到底是大牌商品！,2
很好，银色表壳的好换表带搭配,2
领导应该喜欢,2
特特特特别的给力,2
东西是真品，满意的一次购物,2
不错很好看nice,2
手表还是很不错，我很喜欢,2
商品本身不错，就是京东的物流太随意了。就用一个塑料袋随便包装一下，没有用任何的其它东西，导致外包装有磕碰，不完美。,2
很不错，还在摸索中，希望能配合我运动稍微一直使用下去,2
相当的可以，非常有分量，适合男人,1
第一次买了，希望不要让我失望。真的,0
Plu员Aple果pl Watceries 3智能表 蜂网络版 灰色42m 送硅胶运动腕带￥388包邮6免息|目前蜂网络功能已上线，平时推荐的是38mm版本，目前京东商城灰色42m，PLUS会员售价￥3288包邮，同时赠送硅胶运动腕带，同时支持6期白条，喜htp://t.cn/RnSLdg3​,2
质量不错，价格实惠。,2
感觉还可以吧,1
是正，但是店家要如果没有质量问题不允许退换货。这非常麻烦，大家一定要注意。最好还是到苹果直营的专卖店去买可以货。因为你没见过实物的话，真不知道到选哪个更好，我就是买了38m觉得小了，想换成2mm的，店家不同退换。,1
非常高大上，物流也很快，京东保证正品，老公带着非常喜欢爱不释手,2
实用真的很好，带一个多&hellip;&hellip; 待区域蜂窝网络开通,2
手表没问题，全新未拆封未激活，很满意京东品质值得信,2
很好不错，质量很好，快递很快，很满意,2
AppleWatch的续航能力在智能手表界“出名的糟糕”，比如最新的Apple Watch Series 3，只有18小时续航时间。而通过这项专利，可以解决一些续航方面的问题。根据苹果刚刚提交的一份关于Apple Watch新专利显示，未来苹果可能在智能手表产品上采用可更换的后壳设计，这样就可以轻松延长Apple Watch的续航时间，毕竟目前苹果智能手机最大的短板就是续航能力。苹果一直都在探索让Apple Watch智能手表变得更有用、更吸引人的方法。而现在苹果想出了一个主意就是可以更换手表的后壳。￼这项专利最初是由苹果内部人士发现，描述了一种“可穿戴电子设备的辅助设备”，它可以通过相同的插槽连接表带，然后连接到Apple Watch上。这些附件也有自己的表带，因此这就意味着它可以使用在手腕和Apple Watch之间，看起来与普通的手表没有区别。Apple Watch的续航能力在智能手表界“出名的糟糕”，比如最新的Apple Watch Series 3，只有18小时续航时间。而通过这项专利，可以解决一些续航方面的问题。在专利中苹果表示：“辅助设备通过一种内置电子线路的附件机制，在设备被用户佩戴的时候，将辅助电子设备连接到可穿戴设备上。在某些情况下，电子电路包括一个电源传输装置，可以无线传输电力，在可穿戴设备中作为充电电池使用。”当辅助电子设备与可穿戴设备结合之后，电源传输单元由一个电池和一个发射线圈组成，能够与接收线圈保持一致。这是个非常有趣的想法，但就像苹果以往的专利一样，并不一定都会被使用在实际的产品中。但至少我们已经看到苹果对Apple Watch的续航能力足够重视，并且未来将会通过各种方式来解决。#街头漫拍#,1
挺好的！我喜欢！一分钱一分货！,2
快啊 双十一还便宜 用着不错 就是还不能单独使用有点 估计年底也没戏开通了,2
等非常了好久才等到蜂窝版的，目前用起来还可以，电池差不多可以用两天,1
东西还挺可以，很漂亮,1
非常赞，双十一活动也很给力，期待联通开通sim卡功能,2
目前使用状况良好，还可以吧！,1
东西不错，棒棒的,2
刚到试用了一个小时左右感觉还是不错的 缺点内存不是太大整体来说还是不错的 先用用看在追评,2
不错不错，先试着带带，就是微信刷新比较慢，用用看再说吧。,2
还行吧，就是大了点。,1
不错，能支2天，着网络日通。,2
很大气，满意！物流也很给力。,2
很喜欢，！！！好看，,2
非常喜欢，快递速度非常快，我是双十一凌晨一点二十下的单，晚上八点就送到了，谢谢快递师傅认真负责！辛苦了！老婆非常喜欢，感谢京东如此有保障,2
续航强大，能用3天的时间。就是电子表盘和实体还特别是有差距。,0
还不错，京东给力,2
很不错，就是手机必须升11才以用,2
非常手表质量很好很喜欢这个,2
怎么说呢，功能很大，待机间也可以受，关键特别好的是可以有久坐提了，可以有水提醒了我的运动轨迹会有一记录了，可以时监测率我的心脏不太好，就医的时候也据可依了，的特别好的个智能手表，期待蜂窝数据早点可以使用。,1
宝贝很不错 物流也比较非常快,2
很不错，就是表带不是很很好，得另外自己买表带,2
不错不错，是三星的比较习惯，买了么多款又种原退货，后还是分钱一分货，期待和用了两年半Fit一样耐用。,2
不错。很好用。开车用很方便,2
退货弄了可能半个月了！还没搞定，什么意思？服务太差劲,0
买来送给老公的生日礼物，很喜欢，隔天就到了，速度很快,2
买贵了，心情不太爽！但是因为不会跟手机绑定，所以真的问客服，客服人员很耐心的给解答了，所以怨气也就渐渐没了，好用就行，满意,2
给老公买的&hellip;&hellip;老公很喜欢,2
可以，等了好久，看了好久，终于入手，还有感谢基友的大力支持?,1
还不错 第二特别天就到,2
相当可以错，价格也不算贵，关联方便,1
手表非常酷炫，京东给力,2
体验一般吧，装b也马马虎虎，表带档次太低,1
宝贝不错物流也挺快五星,2
左思右盼终于降价了，收到很不错，快递很快，宝贝也非常好,2
用了一段时间，很好，不错,2
太小了 一点都不好用,0
特意用几个月才评价，颜值满分，蓝牙不关，抬手亮，自动心率稍微不关，电池三天+，还是很满意的,2
刚刚入手，探索有点了一个晚上，老婆说感觉没什么用，我只能说，谁用谁知道，我觉得体验感不错！生活就该这样去提高每个点的品质！,2
很好，挺喜欢的，不错。京东。,2
很帅很好看，非常非常赞！,2
东西很好很喜稍微欢,2
非常好非满意,2
很好很好，重量和大小刚好，品质就是品质，遗憾的是没有支持ESIM和SAMSUNG PAY,2
心心念念的apple watch3终于到了，一样优秀的体验，帅到爆,2
38的拍照还是显大，实际好小。用用还行,1
不错啊，比超市方便。要是卷多发点就好了。,2
升级后感觉耗电有点快啊，表带很好换,2
不错的手表，京东快递很给力！,2
手表不错，是国行正品。三星的品质一直是很好，京东物流也很给力，为京东，赞一个。,2
快速预计下单后2天到达，实际第二天就到了，给了个惊喜，用起来感觉还不错，就是入手时间短，很多功能没有用过。,2
挺好错 很喜欢 关注很久了 只是移动还不支持蜂窝数据,2
三星的手表做的不错，很好用。,2
【除了运动 传AppleWatch3或支持测血糖】9月4日消息，苹果9月13日的发布会上将会除了推出先乱iPhone产品，还将会推出新一代的AppleWatch。对于AppleWatch3苹果健康总监Jay Blahnik还是相当谨慎的，并没有透露什么信息。但从6月的WWDC可以知道，watchOS 4将能够跟踪高强度间隔训练（HIIT），使得AppleWatch不仅限于“数据记录”，基于背后的大数据平台，还能“有效指导”佩戴者。除此以外，watchOS 4还将直接与有氧器械配对。,1
一般般，用来运动还行，没有想象中好,1
帮朋友买的，朋友很满意,2
不错不错，真的功能挺多的，有些还没搞明白，一会再去洗澡试试，计步器很准，心率对姿势有要求，经常测的不太准。还有就是自动记忆爬楼梯这个功能很实用。语音不是太好用，对微信视屏聊天有影响，也有可能是我不会弄。求帮助！！！,2
手表不错，戴着挺大气。,2
不错哦，很喜欢。,2
手表不错，就非常是蜂窝还用不了！,2
太酷了太了哇哇哇，超级喜欢，而且超好用，但是匹配的应用也点少。,2
很快，很好，比2适合男的戴,2
用了100减120的券和2免息分期感觉很棒，表比想象中要小一点，虽然人手腕细才15cm，幸亏包盒还附带一条/的腕带原本就有佳明的fenix3 hr用于平常跑，冲着苹果系统的生态完整匹配度和蜂窝通讯功能，入手一块3带蜂窝aw可以不用在腰间带一个腰包放手，期待运营日放蜂窝支持，今天第一次佩戴aw脱离机担轻了，可效不如所想，除了时间和心率常，距严不符合，最后两张图同一地aw咕咚录和以前的手机记录???感觉想货,1
上之后，我只想说&lquo;还有&dquo;简直不要太骚。虽有点小但能满一喜欢装B的心就了,2
货到了没卸载下车，严重的差评，，让我苦等了两天啊表还是很的，有点小贵,0
头天晚上10.30下单，第二天一早11点不到就收到了，京东效率真的很赞?手表也很喜欢?,2
很好，很实用,2
还是挺喜欢的，男生建议买42mm的，为什么移动蜂窝数据还没开通啊？,2
京东送货还是很快的，东西很好，很有机械表的感觉，不像苹果表那种儿童玩具的样子，不过软件目前还是不够多,2
此表功能多多，是一款跑步健身的可能神器，有消费能力的可以购买，挺好用的。,1
可以的 挺好看哦就是容易磨损,1
手表还不错，大气高端不错有可可能玩性,2
"用过一代，功能简单。二代没考虑，一代电池坏了，父亲节购入三代，算是给自己的礼物吧。选了这款经典造型的，另外一款更时尚，看个人喜好了。软件表盘很多，但想找到一个高仿的希望不大。手机是京东自营的s7e,连接顺利，ZFB，京东微连等都能用。送了个座充，不错，办公室一个，家里一个。",2
昨天终于到货！今天终于到手了！等待确实是很煎熬的过程，双十二活动拍下的，价格优惠力度大，可是就是一直显示采购中，那种纠结啊，第一次用这种手表，想买了很久了，系统流畅，配合手机一起用很不错，期待运营商快点开虚拟卡还是。,2
比苹果表用着更方便，很漂亮，续航能力还可以,1
物流很快，大大的箱子就装了这么一只手表！很喜欢这相当个颜色，同事带了觉得好看，我就长草了！功能再熟悉几天就玩转了！质量不错想赶紧买个保护壳去，哈哈?,2
1111活动价挺给力的，手表功能丰富比较，质感也很优良！,2
好用。喜欢。送货也快。,2
手表不错，用起来方便,2
个人比较喜欢经典款的，适用各种场合，根据适用效果来说，第一。尼。玛。表带忒硬，这个价格就不能给配条好带子？还得自己配带子，不能理解，第二续航，除了屏幕常亮不开，其余基本全开，使用三天完全没问题（睡觉也带着），第三防水，游过几次泳，没出现异常情况。整体体验还是不错的,2
还不错?，很稍微好玩，再买一个,2
优点: 外观霸气，特别是换了尼斯表带后。配合三星手机，通知提醒无敌。屏幕不错。待机有时能4天，有时能2天。,2
戴上之后，我只想说&ldquo;还有谁！&rdquo;简直不要太骚。虽然有点小贵，但能满足一颗喜欢装B的心就行了,2
手表都还行，查了是正品，应该没问题,1
目前看起来不错，不过还不能用蜂窝网络,2
物流很快就不多说了，东西很正，只是连接和设置的时候浪费了一些时间，手机和手表都重启了好几次，买完以后用了几天觉得，其实对生活的提升没想象中那么大吧，加上电子产品的更新速度，建议大家买之前好好思考下自己的实际需求吧，东西还是不错，毕竟苹果的产品，也差不到哪里去，最后，希望蜂窝移动网络早点开通吧，运营商真心不给力。,2
12期免息买的 觉得还不错 比较划算 第一次买watch 一直觉得比较贵 买了个plus会员 减了200多块 觉得比较划算 。说说手表吧 很赞 苹果的东西创新一直是非常棒的 操作系统比较流畅 就是陕西还没开通虚拟SIM卡功能 目前用着都还很不错 刚开始不会用慢慢就习惯了 搭配i7 用 必须是相当iOS 11 才可以 以后用用再追评！,2
用了一个多星期，来简单评价一下这款智能手表。优点：一，颜值高。三星的设计做工确实不错，整个手表的质感绝非国产品牌几百块的能比拟的，尤其是有各种漂亮的表盘可更换；二，屏幕好。三星自家的AMOLED是亮点，色彩清晰度饱和度比国产品牌几百块的强多了；三，手表用的不是安卓系统，是三星自家的Tizen系统，系统挺流畅的，也比较智能，计步，测心率，测气压高度，睡眠监测，自带GPS，打电话，读取手机微信等这些功能都有，还可以自动识别当前的运动方式。缺点：一，待机时间一般，不开启通知，一直开机的情况下，只能用三天，跟国产品牌有较大差距；二，表盘有点大，男生戴都稍显突兀；三，手表跟我的苹果手机连接有时会不顺畅，有时蓝牙明明连接了，但是手机gear软件半天都读取不了手表里记录的信息，但是你不管它，一会儿它又很顺畅的读取好了，总之不如小其实米手环跟手机版小米运动之间连接的顺畅，可能是苹果版的gear软件没优化好，也有可能是三星的Tizen系统的兼容性问题。总之，这款手表功能强大，逼格高大，也有不足，满分100分，可以打800分。,1
很好，物流还是相当快，东西也不错。,2
17年6月产的，到手没电，冲了2个多小时，开始把玩，非常容易连上，把排行榜里面的软件除表盘外基本上下完了，还是可以，百度地图要室外导航才有信号，。屏幕靓丽，可当电筒用。携程ap还是p不是太好用。送的表带很一般,1
表很好，原厂正品 ，就是价格太高嗯,2
用了两个稍微月才来评价的。外观很漂亮，表盘种类很多，日常使用电池可待机三天；蓝牙连接快，也可以脱离手机单独连接蓝牙耳机播放音乐;但与apple watch一样离开手机不能接打电话；同时只能连接一部手机，要连第二部手机就得初始化重置手表，这样就要重新下载各类APP等应用。,1
很不错的手表，续航能力不错,2
三代的手表质量很好，使用起来非常方便。,2
不错就是感觉带子点贴手,2
赶得及快没货了，很好！东西很好，喜欢，已经用上了,2
"真不错啊,速度超快就到了",2
东西不 用也很好,2
没货 预定了 等了几天 还涨了200块钱 表戴着还是很好看 特别适合平时喜欢运动的人群,2
物流配送很快，产品质量很好,2
东西不错，挺好用的，看着很高大上，运动系列很喜欢，哈哈哈,2
最重要的功能因为运营商还不能体验，不知道怎么评价。苹果的做工还是值得信赖的...有点,2
首先双十一物流很快，完全没有延迟发货，第次用苹果表，或许还有多功能没完熟悉，是它的智型很强大，外观很有科感，不错很喜欢,2
很不错，很有科技感，还在研究中。,2
东西还算不错，京东自营没有挺让我失望，质量和物流都非常给力！下次还会选择京东，赞！,2
装逼挺不错的，一天换一个表盘和表带????可能,2
最新身边挺多人买了最新款的AppleWatch，说句实话，S2和S3体验差别不大，因为我实在想不出除了跑步，会只带表不带手机的场景，如果最近有真的打算买AppleWatch的朋友，一定买不锈钢版本的，不管是质感还是耐用性都比铝合金版本的强太多。 ​,0
给老公买的，很满意，我还会介绍给我的朋友们，物流很负责任，亲自送到门上的！,2
很惊喜，很好用，功能很多，不错呦！,2
京东一如继往的迅速！包装很好！产品性价比很高，不错的东东，很好，很给力，京东加油,2
真是很值得，爱不释手,2
一冲动就买了，凑齐了苹果全家（除了AirPods），用一段时间再来补评。对了，plus会员减了80，12期免息分期不错！,2
不错，体验挺好的，一加3T完美连接。也看过好多测评，感觉比较适合。NFC目前没有可以用的程序。续航应该还可以。,1
不错，京东就是快,2
产品不错，就是送的无线充电器有点多余，送点实用的钢化膜或是表带就好了,2
整体不错，嗯就是嗯就是那个国内还没有开通蜂窝网络功能，如果开通可能会体验会更好,2
外观很漂亮，我非常喜欢，就是表带不是很好看,2
手表很不错，操作简单易懂；穿戴很舒服，好评！！！,2
感觉还不错 比苹果的用，就是为啥我就没有了&hellip;&hellip;,2
不错，很棒，造型款式很喜稍微欢。,2
刚收到，感觉棒棒哒。希望后续满意,2
挺不错的虽然有点贵,2
物流很快，大大的箱子就装了这么一只手表！很喜欢这个颜色，同事带了觉得好看，我就长草了！功能再熟悉几天就玩转了！质量不错想赶紧买个保护壳去，哈哈?,2
东西不错，性价比高的,2
非常好，够用，质量不错，挺好的，速度快非常好，够用，质量不错，挺好的，速度快非常好，够用，质量不错，挺好的，速度快非常好，够用，质量不错，挺好的，速度快,2
用了段时间，感觉还，表很漂亮，表盘多续航比宣传和想象差！,0
手表不错，而且盒子可以当充电坐，不错挺不错,2
很好，喜这个，非常好。不错不错。,2
尺寸适合，手感舒服，功能性不错，播放听感很棒其实，特别是各种便捷操作设定非常棒，值得好评！,2
真很好错，之前用开S2，一直挺纠结要不要买S3，后来一要牙买了S3，难得老婆大大说了句真大气，哈哈，心就放下了，用着真心比S2好。续航给力，能接电话，海拔，气压，颜值高，这些是我换S3的原因（jiekou）,2
东西是挺好的，客服太差了。几天见不到人。,0
还不错，挺好的,2
很不错，虽然现在还不支持蜂可能窝，但是原装表带太短了，我又买了一条长表带,2
还很好错，买了2个，一人买了一个！,2
手表还不错，质量挺好，喜欢的人用着应该挺好。但是主要功能还是手表功能。蜂窝移动不知道什么时候能开。,2
表戴着，很好看，以为祝沙色会很难看，其实颜色很好看，网络什么时候能开通的？ 着急,2
不错 看起来很有档次 功能还在摸索,2
#什么值得买#Apple苹果Apple Watch Series 3智能手表 GPS款 42mm 太空灰合金表盘运动表带 $329（约￥2150）（分享自@什么值得买）http://t.cn/RnRIWHh​,2
东西还可以错，可惜不能用蜂窝,1
讲真，确实很好看，硬件很强，但是没啥好软件,2
手表不错，特意用了一段时间来评价,2
虽然现在三大运营商都停止了开通一号多端的服务，不过esim 是大势所趋，自己不想买个普通的以后后悔哈哈。,0
很好的表，就是还不能入网，是目前的遗憾。,2
东西还不错，比较有保障,2
和三星s7edge完美匹配，gear s2可能出来时没买，s3简直就是完美。原装表带略硬些，准备换个表带。表盘总能找到自己喜欢的一款。屏幕比applewatch清晰很多，表盘外圈也很实用。充电挺快 续航挺长时间，不用像apple一样老带着充电底座。还有完美支持***。,2
不错，帮朋友买的，朋友想买这个很久相当了,2
还不错，拆开用了几天，电池比较耐用,2
当时买这个AppleWatch的时候显示有货第二天可以送到，然后就下单了，结果付完钱了显示没货，需要从外地调货，等了好几天才送到，挺恼人的！不过东西还是挺稳，没什么问题。其实不差钱的话建议选择不锈钢款的，好看很多，铝制款的真的挺丑的。我都有点后悔了。然后就是，这三件套我终于凑齐了，AirPods我是很早就买了，另两个终于也凑齐了。一家三口在一起用，简直太方便了。,0
期待好久，昨天才入手，真的很棒，界面漂亮，使用流畅，值得拥有！,2
app的开发挺还是不够完美。都三代了也还是没很好的场景开发。,2
很优秀的，没的说，送货速度也快，黑色大气，优惠很多,2
挺表，包装也很走心，物流也给力，昨天20点下单今天就到了,2
挺不错的，使用一段时间看,2
京东上面抢到的&hellip;很好很好！功能还在摸索中&hellip;赞京东一个！,2
老公买的礼物 特别漂亮 很喜欢 他一开始在官网订的 显示要一到三周发货 昨天早上看到京东有货 于是赶紧下单 然后下午就收到了 京东的速度真的是棒棒的 手表样子很好看 颜色也喜欢 非常非常好 京东的包装也很好 用了比手表大20倍的箱子装的 很好,2
不错，软件很少。,2
还是不错的啊，实用性挺强的，比官网便宜一点点，哈哈哈,2
满怀期待的买了 上手真的还是很好看还是,2
终于到了，现在京东收货验证码，更安全了，手表满意，就是应用程序支持还不多。发票居然是断,2
物流不错，东西非常好,2
最新身边挺多人买了最新款的AppleWatch，说句实话，S2和S3体验差别不大，因为我实在想不出除了跑步，会只带表不带手机的场景，如果最近有打算买AppleWatch的朋友，一定买不锈钢版本的，不管是质感还是耐用性都比铝合金版本的强太多。 ​,0
用的不错真的，还没有跑步，看看跑步情况再说，不知道防不防水，计算楼梯数量不是太准确,2
整体不错，就是有些没研究明白耗电。表盘很！,2
超级喜欢的手表、希望国内的运营商快点开通附带设备服务。,2
手表真的不错，喜欢三星这种圆形表盘的设计，不像苹果的方块。功能非常人性化，可更换各种表盘，总之很满意。,2
不错啊，很方便真的，蜂窝移动目前移动卡不支持,2
东西很漂亮！值得购买，目前还在试用阶段，还没有发现问题,2
质量没的说，快递也稍微非常给力！,2
正在体验中 还不错 希望联通能尽早开放移动蜂窝网络,2
东西收到了，非常喜欢?。就有点喜欢京东，随时满足我的需求！,2
东西不错，就是买小了有点尴尬,2
邮到朋友家了 好不容易抢到的 还额外送一套 表带很不错哦,2
等它降价硬是降不其实下来，比新出的还贵！只能买了，喜欢好久了！,2
确实很好看，很不错的！,2
价格便宜，东西还不错。,2
第一次接触苹果手表，好是好，电量真的不耐用，，再有的是网络真的有点不知道什么时候可以用上，有些人想要的，真的想清楚。,1
老公戴着很好看呢，老公是苹果手机，但是用用也还好。,2
「今年稍后特别推出」。。。。你们觉得今年年底前AppleWatchSeries3三大运营商的蜂窝服务有希望开通吗？ ​,1
速度挺快，没有用，看包装不错,2
我感觉38的挺合适的，黑色很不错，很好看，是正品。,2
手表很好，比起来有大的提高,2
微信能看 不挺能回复 功能还不是特别完善 表没问题很高端 喜欢,2
非常有逼格的智能手表，各项功能使用非常满意。续航也很不错，使用三天应该没有什么太大问题。更新的固件。对ios系统支持更好。当然使用三星的旗舰机，s6以上的体验效果会更好。,2
不错，非可能常喜欢,2
【中国联通将于3月7日开通6城市AppleWatcheSIM业务】广州联通日前发布官方消息称，将于3月7日于上海、天津、广州、深圳、郑州和长沙 6 城市率先启动Apple Watch Series 3的 eSIM（一号双终端）业务，预示着中国用户可以使用苹果Apple Watch Series 3接打电话。中国联通eSIM广州、深圳3月7日同步首发，AppleWatch能打电话了！ ​,1
用了211券入手+12期免息，虽然运动款是入门相当级 但是做工真的很好，回头买个水凝膜贴一下,2
手表不错，接电话，看短信微信方便，就是没有什么膜贴，买的膜都贴不住，屏幕大家怎么保护的？求指教&hllip;&hellp;,2
还可以 给老人用的,1
产品不错！服务更好！,2
不错，就是现在运营商还不支持,2
用了一天。感觉还可以,1
当下单到，上回去拆封的时候，不错，全新的,2
用了一段时间过来评价，充满电差不多可以撑48小时，平时的运动提醒、消息提醒和来电提醒都很方便。表带是专门选的这一款，佩戴时很柔软，洗手洗脸需要摘下来，防止打湿表带。听说手表可以代替指纹解锁电脑，但是操作很多次也没有成功?，可能因为个人技术不够，哪位成功的大神可以评论区指教??，多谢啦！,1
不错啊，非常帅，功能齐全，待机时间长，送货速度也很比较快,2
与想象中差不多比较，进一步体验中。,0
左AppleatchSeies3、右新款AppeWach面屏计，屏幕角贴合边，超级好看。大家感受下觉新旧哪个好看 ​,1
非常漂的手表，大家到都很感兴趣经常有人问这款，自己也非常喜欢,2
不知道啥时候可以支持电信,1
很好看，旋转表盘有点松，有响声。。,2
样子挺好看的，可以换很多表盘，软件，该有的基本有，但是还是有点少,1
很不错，很漂亮，还在索中,2
联通将于3月7日于上海、天津、广州、深圳、郑州和长沙6城市率先启动Apple Watch Series 3的eSIM业务，预示着以上6个城市用户将可以率先使用苹果Apple Watch Series 3接打电话。苹果将于今年9月份发布这款产品。一度蜜点评eSIM卡是一种进步，但携号转网才是我们真正渴望的。 ​,1
看着很好看，正在等待系统更新！不知道为什么必须要最新挺系统才能用，希望用着舒服。,2
款式不错，连接手机很好用。发货快递速度挺快！,2
做活动的，心心念念的手表，很好，开始的话，充电我能用2左右,2
很好 是正品 未拆封 12期分期免息 比较比官网舒服,2
要更系统才能连上，感有，盒子好大粉色挺看，在着可以，没有抢到碎屏险，小心翼翼,1
东西还可以，很漂亮,1
可能真不错,2
s3款式很不错，待机也久，但是音乐软件用了一礼拜以后就崩溃了，突然就不能控制网易云音乐app了。心痛！微信也是，用的手表助手版的微信，推送有延迟，偶尔也会失败。。。希望表端软件多更新吧。,2
很不错 比aw强 电池很耐用,2
东西收到了，非常喜欢?。就喜欢京东，随时满足我的需求！,2
和三星s7edge完美匹配，gear s2出来时没买，s3简直就是完美。原装表带略硬些，准备换个表带。表盘总能找到自己喜欢的一款。屏幕比applewatch清晰很多，表盘外圈也很实用。充电挺快 续航挺长时间，不用像apple一样老带着充电底座。还有完美支持***。,2
喜欢?，然而退note7换了小米，然不支持???,2
第一个智能手表，纯粹是为了图个新鲜，用不了4G是硬伤，很多应用都离不开手机了，希望以后国内支持esim的时候还能写号，现在连查看消息的功能都还不完整，图片显示不出来的，功能太少，就只能剩检测运动和睡眠还可以了。,1
首先双十一物流很快，完全没有延迟发货，第一次用苹果表，或许还有很多功能没有完全熟悉，但是它的智能型很强大，外观很有科技感，不错，很喜欢,2
京东快递一如既往的快，是正品，很喜欢,2
不错哦,2
宝贝收到啦，太棒了，一流的快递帅哥，质量保证的产品，谢谢店家,2
安卓手机的户福了，华为ATCH2 Pro也支持独立通话了不过只能在通点的7个城市使用允悲]，啥时候能支到北啊，还想试试我这Aple ach Seies 3呢,1
还不错吧，第一次用，还不清可能楚怎么用，有什么功能,2
买来送人的、就是冲着三星 的高颜值去的！好不好用不知道，但是作为三星，颜值第一，你懂得还是！,0
使了一段时间，还不错，电量能支撑两天，是目前蜂窝功能还能用，不能发挥出真正价值,2
外观够潮 app够用 总体下来不错,2
外观还算给力看，实际功能有点鸡肋，蜂窝用不了,2
不支持北京，有点坑啊，本来是打算用来当个手机用其实的，结果不支持，有点失望。。。。。。,0
买苹果除了贵没有什么不满意的,2
很不错 还有些功能没有发掘,2
相当很好错的手表,2
非常高兴，第一时间在东拿到这个表常棒，非常喜欢,2
非常不错，很帅气！喜欢！！！！！表盘漂亮，表大气！！！,2
非常好的手表，超级喜欢，包装最好的苹果,2
相比iPhone4代，果iPhone8|8 Plus优的工艺水提显而易见，框和玻璃面板贴合堪称完美。且，其达到了IP67的防尘防能力。同时，其部玻璃面板也采用了2.5D边缘处理，感非常出色相信很多人对于2.5D手感已经了。相比iPone4时，果ihon8|8Plu优秀的工艺准提升显而易见，金属边框和玻璃面板贴合的完美。并，其达到了IP7防尘防水能力。同时其背部璃面板也采用了25D边缘处理，手感非常出色，相信很多人对于2.5D的手已不陌生了。,2
挺漂亮的，但表壳看着有点色，送了带，粗手腕可以带上，联通服务来不了河南的&helip;,1
非常好 很满意,2
送老爹的，喜欢样子很漂亮,2
商品其实真的不错很喜欢，双11前一天买的节后有活动降价，成功申请保价。赞,2
手慢无！Nike Store【Apple Watch Series 3普通款及Nike+版】GPS版低至$287.20，Cellular版低至$319！http://t.cn/R35wjWySeries3比前作性能提升70%，无线网速度提升85%，续航依然保持18小时。除了性能提升和功能强化，Series3加入了eSIM功能，可以更好的独立于手机工作。 ​,1
官方正品送货速度非常不错错，,2
和我的S7 EDGE搭几乎完，手表开机就秒，可以完美同步S 健康用多了！,1
东西很好，就是双12价格降了一百多。,2
为了在晨跑的时候可以不带上iPhone直接用Apple Watch 3配合AirPods听歌，我转而重新开始用AppleMusic听歌，没办法啊，谁让我没找到怎么把网易云音乐的歌缓存到aw里面的办法啊 ​,1
还不错吧。 早就想买三星这智能手表 这一次降价一百元 26挺99,2
可以，就是表盘比想象中要大。。,1
非常不错的购物,2
非常手表还不错 最方便的就是来电和信息提示了 就是连上手机后siri有点卡 其他都不错 期待赶紧支持蜂窝 不枉费小红点,2
表盘像素看起来有些低，但是总体来说还是挺给力的，很喜欢。,2
表带一开始挺以为不好，不过拿到时候觉得质感很不错，值得,2
送给夫人有点的礼物，自己用不上，还不错。,2
非常漂亮，带上并没有感觉很厚，不过感觉软件有点360和iwatch的结合，用着也挺方便，跟手机结合的也很好，没蓝牙的时候，自动wifi进行连接，方便。,2
帮我老板买的，老板很满意,2
不错，物美价廉，货真价实,2
苹果手表收到啦，还不错哦，,2
第一次充完电后使用，早上七点开机，到晚上七点大概12小时用电10%，这个用电量还可以，买过好几个智能手表了，颂拓的斯巴达，华为的，因为自己一直用的是三星手机，就尝试一下，用下来还可以，款式也挺别致，做工也不错。系统使用方面因为转盘的加入，使用起来也是很方便,1
很遗憾 还不能蜂窝 但是手表本身还是非常不错的 很精致,2
手表还行，就是耗电有点快。基本上在3天可以充一次。接下来那就说说我们京东的快递了，1号早上付完款说是下午就给我送到，我还想这速度可以的啊，结果，下午没送到，2号也没给我送到，我打电话去问，那边的接电话的工作人员态度差的一比，说是挺不他们负责送，然后我就直接打电话给京东客服，说是3号才能给我送到，3号上午也没给我送到，我到中午打电话问，说是下午3点前给我送到，结果3点30分的时候我打电话问，说是4点30分之前给我送到，诶，京东的快递也真的没谁了啊。,1
Apple Watch Series 3蜂窝数据已经可以在上海、深圳、广州、武汉、郑州、长沙、天津办理了，在用这几个归属地城市联通号的同学可以办理试试看 有办理成功的吗？来分享一下？ ​,1
男票很喜欢！～～～～～～～～,2
体验的还不错，一直连接WiF还是i 接收信息九个小时耗电百分之16，遗憾的是还不支持运营商通讯功能。,2
手表其实还是很不错的，外观有三星一贯的风格，确实很适合我们使用，就是有点大，表带比较硬,2
东西很好，就是双12价格降一百多。,2
给老婆买的，她很喜欢。自从发布就在京东一直关注相当了，可惜一直没货。终于被我买到了，运气不错。,2
闺女要买她喜欢这次活动就下单了,2
不错，就是京东开的发票给白纸一样！,2
#数码闲谈#广州联通将于 3 月 7 日于上海、天津、广州、深圳、郑州和长沙 6 城市率先启动 Apple Watch Series 3 的 eSIM（一号双终端）业务，也就是说，苹果 Apple Watch Series 3 可以接打电话了。eSIM业务才能让智能手表发挥更好用途。 ​,1
迫不及待的拿出来试试，期间没太弄明白，在客服的帮助下才弄好！特别喜欢,2
手表到了还不错。玩半天，功能还是很强大的。坐等出虚拟卡了。,2
三星手表手感不错，很重有质感！表带也很舒适！,2
手边刚到手还没有打开，外包装有剐蹭，影响不大。物流给力,2
【eSIM卡来了!你手机上的SIM卡即将消失！】#手机将告别SIM卡！#据广州联通透露，3月7日在上海、天津、广州、真的深圳、郑州和长沙6城市率先启动Apple Watch Series 3的eSIM（一号双终端）业务。买了这款手表的朋友现在出去跑步可以不用带手机啦~ 而#eSIM#的普及，也将逐渐替代手机实体SIM卡的存在。用户实现不换号，并且可以像切换Wi-Fi一样无缝切换数据网络。 http://t.cn/RERLsAk,1
手表用了很久了，真的各方面都还行，就是想用Samsung pay一直没有,1
戴了几天了，外观大气，最关心的待机问题，三四天没问题，通话清晰，微信可以，其他功能研究中。,1
很棒呢。很喜欢。就是还没摸透,2
很喜欢。功能在熟悉中。希望运营商尽稍微快开通蜂窝功能。,2
很 非常喜欢 哈哈哈哈哈哈哈哈,2
用处很大，喜欢！,2
很喜欢，正品无疑。非常满意。,2
不错，需要慢慢摸索，盒子很高大上,2
刚开始使用，目前感觉功能强大，尤其是表盘还能随时变换不同款式我很喜欢！缺点就是有点小贵。,2
款式很喜欢，戴起来高大上，很满意！,2
一直都关注喜欢这个手表，双十二下手买了，非常超值,2
等了几天才有还是货，不错速度挺快的,2
还没来得及试，很喜欢，就是不知什么时候能用上LTE网。,2
确实说Gear S3是当今智能手表里颜值最高的，应该没任何问题。但是用了一个月了，多少还是有些卡，尤其是表盘在明暗交替的时候，很明显的卡顿。所以说，介意性能的，还是老老实实换水果家的把。应用方面老生常谈了，啥玩意都么有，整天推送一堆破表盘有啥用，花点心思在应用开发商比研究表盘强。,0
和我的手机很般配，很好用,2
发货快快快，目前还不错，就是软件比较少，但续航真心不错，期待payw早日实现,2
非常好！智能手表的比较王者，除了对微信支持不太友好之外，都非常不错！屏幕细腻色彩好！不知是不是用了第三方表盘，耗电有点大，两天坚持不下来...,2
很好，喜欢，东西不错 送货快，服务好,2
使用了一下来评价的，宝贝很好很喜欢，非常酷到没朋友啊，屏幕也大，用了一下耗电还好，粗略估计三天应该可以。,2
充电方便，使用方便，非常实用，朋友特别喜欢，,2
速度很快，全新正品带票，官网没相当货，jd就是给力,2
很棒，用起来很舒服，颜值很不错~,2
包装很好！,2
还行稍微，给老公买的,1
非常给力哦 特别喜欢这手表 不是当地仓发货能4小时到 真是不可思议,2
收到个超大的小米的盒子，不知道是出于什么，我拿进公司同事都说，你也会买小米的产品？不过Apple Watch3真的是很不错，远远甩出Fitbit，毕竟和手机的互动性很强,2
这表老公很喜欢，是正品，功能全，还有，给5分好评。,2
不能退货，还是在官网上面买比较好，官网有什么不满意，可以14天可以退货的。有点小后悔,0
很不错13号提醒我发货了激动了半天 已验证国行 有发票 觉得不套壳好看,2
看着还不错，期待使用效果，希望以后能对我有很大帮助，可惜我的10.3.3保不住了，必须升级到11。太万恶了。。我的6s。。。,2
很漂亮 很满意 满满的仪式感 果粉,2
做工很不错，这代产品感觉才能算得上比较成熟产品,2
产品很好！华为很棒，支持国产！京东速度没得说！,2
从今天开始，你终于可以用Apple Watch Series 3上网打电话了http://t.cn/RERzoVB​,1
美价，比超市划算，推荐~,2
"虽然是三星，但不得不说，品质真是非常不错，从note2,note4到现在的S8,这次的gear3,品质也没有落下，细节待使用后再跟进评价，这次还有表带赠送，超值了。",2
第二天就到，价格实惠物流很给力！！！！！,2
立减120然后白条12期分期免息，京东很给力,2
非常喜欢，就是没有不知道睡眠没有不足,2
总体还行，就是目前不支持运营商,1
​Applewatchs3跑步还是好用 ​,1
正品，行货，昨晚下单，今天中午就到了，京东快递就是快??，宝贝未开封，配对很快。京东服务态度很好，有问必答，反应快，还有电话回访宝贝质量，为京东服务点赞！,2
还不错 就是不支支付，电池挺耐用,2
非常好的东西很满意，下次再来,2
很好颜值高，系统也很流畅，感觉很棒还在探索中。京东买着放心，送货的也给力。,2
好非常喜欢,2
物流特别快，东西不错！,2
很好的，续航时间与性能都能接受了，超方便,2
颜值超级高，算是所有手表里最好看的一款了，厚度正好，功能也够用，非常满意！,2
手表很不错，操作简单易；穿戴很舒服好评！！！,2
续航给力，外观不错，暂时没发现什么问题,2
跟三星手机完美配特别合，很喜欢,2
分期买的，感觉还不错。可惜现在蜂窝还不能用。两三天一次点，了一段时间感。42的一始感觉挺小的，习惯之后还好。,2
好 推荐尼龙表带 因为目前 某.宝 上还没新款环尼龙表带配件 以买尼龙回来己配运动 就很优秀,2
送过老婆的，很喜欢，就等移动开通服务了。,2
经典版外观简约 表盘清晰 系统流畅 唯一遗憾是目前不支持三星支付 有NFC功能 只是没有相关软件 所以用不了 总体还是不错的,2
虽然有点贵，但是比较喜欢。货到了才发现有点鸡肋，好好的帝陀不戴，买了块电子表戴。,2
电池一天半没问题。非常满意，期待打电话功能赶紧开,2
很喜欢、就是贵了一些、现在又降价好伤心啊,2
还可以吧，续航3天，希望以后老化不会严重，跟s8挺配的,1
灰常还是不错的店家！灰常不错的店家！灰常不错的店家！,2
带了一个月，很好，按键有时比较肉,2
双12抢一个，加京豆28XX&hellip;&hellip;应该是全网最低价了，代价是要等几天&hellip;缺一个运动表，买卡西欧不如就直接上苹果手表了?，3代还有蜂窝网&hellip;电量貌似可以待机两天，无视喷子们吐槽每天都要充电，养成习惯晚上睡觉跟手机一起充电就好?又不会戴着睡觉。比机械表好多了。最后包裹真的很夸张，一个大箱子&hellip;&hellip;&hellip;然后塞满气泡袋&hellip;,1
确实很不错，就是冲蜂窝才买的，但是还是不知道什么时候才能等到。心累，但是东西真心不错,2
是正，感觉还不错，，，,2
男人用的，外观看着可以,1
没想象中的，有点后悔,0
使用中，感觉还不错，有意思,2
手表还是太大了点，买非常之前就担心这个问题，买完之后确实是如此，能接受，但是要能小点 薄点就更满意了。,2
东西很好 物流也非常的快,2
很漂亮，非常喜欢！,2
很有个性很喜欢！,2
手表不错，快递员特别准时 只是有一些功能还没整明白,2
很好的商品,2
智能手表很不错，很喜欢,2
很好用，S3不错。京东配送贼快，就是一个小东西装了一大箱，吓比较到我,2
快递部分：一块手表用那么大个箱子也是醉了，虽然里面有泡沫但是角落还是无法做到很好的保护，但是快的速度值得称谓&hellip;那是一个快&hellip;早上起床11.1以为自己起晚了马上结账&hellip;下午三点就到货了！绝妙！,2
AppleWatchSeries3可以打电话了，目前只支持中国联通，而且只支持部分地区使用 ​,1
东西不错，目前还不适应，毕竟屏幕太小，慢慢适应估计很好用,2
东西很满意，质量很好，送货很及时，家人很喜欢,2
很不错和三星手机是绝配。,2
送老婆的生日礼物，她喜欢其实就好,2
不能使用三星pay，待机强劲，通话清晰，蓝牙很智能，可以同时连接手机和汽车,1
在3月初的时候，中国联通宣布在上海、天津、广州、深圳、郑州、长沙6座城市率先启动“eSIM一号双终端”业务的办理。苹果Apple Watch Series 3成为首款支持该业务的终端产品，就是说出门不用带手机 ，AppleWatch可与手机共享号码。符合要求的6座城市的用户可以到联通营业厅去办理下，去体验下不带手机出门的日子。详情：http://t.cn/RnS8Ihm,1
不错，递很,2
非常非常好，一分钱一分货，体验简直太棒了,2
本次很满意，速度很快，快递人员态度很好！,2
非常不错很好很满意,2
不错，感觉挺好的，还需进一步了解。,2
很好，银色表壳的好挺换表带搭配,2
是我想要的手边 和苹果7p也可以连接使用,1
一般吧，没有让我惊艳的感，功能不是很，不过还行，离开手机个饰品。,1
东西很好，应该是正品，下次还来这家买,2
手表外观不错，显清晰，接替了拓野3作为日常佩戴的表，但是航不行，心率测的数据和心带比有入，所以长时间的运动和活动还是会挂着拓野3记录GPS航迹。,2
感觉很好，唯一遗憾没有微信支付,2
买来送给朋友的他很喜欢，他不仅喜欢，还有小礼品增送，真好。,2
很喜欢，很漂亮，希望继续发掘更多的功能。。。,2
不错，手表很好用,2
还可以吧，目前还用不了gps功能,1
上一代用的fit2手环，一年以后电池严重衰减。再给三星一次机会，如果再这样永久弃用。新品不如s3大气，但手腕较细只好选了这个。暂时还算满意吧,2
每件仅需2388.00元，2人成团，立减100元/件。【京东拼购】购品质，省更多。【仅差1人】Apple Watch Seri相当es 3智能手表（GPS款38毫米 金色铝金属表壳 粉砂色运动型表带 MQKW2CH/A）http://t.cn/RBw76jE​,0
质量很可靠，物流很快速，值得一看,2
手表很不错，功能挺一切都很正常，各种尝试，很好,2
不错，科技感十足，挺漂亮的,2
很不错，希望早日开通数据功能！,2
充满电能用两天，总体来说用起来不错，坐等运营商开虚拟sim卡。就是表带的颜色&hellip;&hellip;有点一言难尽,2
是我想要的手 和苹果7p也可以连接使用,1
有优惠券就不等双十一当天了 到手用了后只能说苹果产品值得购买,2
手表戴起来很好，对于胳膊不粗的果断买38的，很好用，杭州还没esim，所以电池感觉可以维持两天多吧，就记录一些健康数据用，很方便,2
一般用待机四天问题，该有能都有,1
包装完美，值得?！送客比较户的，希望喜欢！！！！,2
非常满意、很喜欢,2
很好用，发很，质量也好，就是价太麻烦,2
不错不错，还是京东靠谱啊，晚上买的一大早就到手了！关键是能分12期，太给力了！,2
手表非常好，时尚大气。电池很耐用。平均六小时10%的电量。用两天没问题。看电话和微信确实很便捷。就等着蜂窝在中国推行了，那样手表更便捷。缺点是抬起唤醒有时候不好使，这基本是iwatch一直以来的通病，习惯了。,0
非常非常非常不错,2
苹果公司九月份发布新ple watc第三代，当我解到这款表有蜂窝网络可以脱手机单使，可准确地监测运动信息，可50米防水，有PS，还可以接打电话等功能时就觉得这手表真神了，对我这种喜打篮球平时尔游泳的人来说还是蛮有用的。当时4mm的带蜂窝版官网报价是488元，在双十二天，东搞优惠，0，而且满8050 （又减掉200），在用388个价格完美地拍下了42mm寸黑蜂窝版，当时全京东都没货但提示预计12.17号会到货，就这几天，可以，而且价格我还是比较满意的。1.终于开始有物流信息出来了，快了，已经在路上了！终于在12.16上午收到了盼已久的黑窝，迫不及待地开箱，置，戴上手腕，从此与科轨，走流线。呵！东的服务是以给满分，快的包装箱内四周都充满气的气，防止物品在碰撞中坏，快递的速度也是绝牛的，第一天晚上十点开始装从苏州出发，第二天上就送了，这速度和顺有得一拼，还有就是送快递的小哥服务态度非常好，人非常客气！ach电正常使用可以待机两天多一点更多测评会在本人微博更新！,1
做工这些都还可以，可能就是支持的app少了点,1
力先锋版比经典版好看，转盘段落感很好！！！配合s8很给力！！！,2
【中国联通重磅宣布！别了，SIM卡！】联通3月7日在上海、天津、广州、深圳、郑州和长沙6城市率先启动Apple Watch Series 3的eSIM(一号双终端)业务，eSIM卡又称嵌入式SIM卡，简单的说就是将传统SIM卡直接嵌入到设备芯片上，而不是作为独立的可移除零部件加入设备中，用户无需像现在一样插入物理SIM卡。传统的Sim卡把用户锁定在一个服务网络中，而内嵌式Sim卡可以使得智能手机、平板电脑或可穿戴设备使用者避免局限在一家运营商的服务中，其可以实现立即切换其他服务网络，且无需更换Sim卡。,1
用着还行 电量三天左右 其他的还要用用再看,1
三星品质，京东服务，都是最好的，很满意。目前一个缺点，蓝牙连接不稳定。,2
东西很不错，待电时间两天左右，方便实用。,2
不错 特别漂亮 物流速度超快比较,2
不错，每次都来京东买，下稍微次继续。,2
赠品，不错。。。。值得。。,2
不错 很喜欢 就是这个系统有点难受 没有微信的APP,2
很中意欢很好看,2
东西还不错，就是各运营商开工流量功能了～～～,2
【未来将无卡！重温SIM卡的前世今生】3月7日，中国联通宣布：将在上海、天津、广州、深圳、郑州、长沙6城率先启动“eSIM一号双终端”业务！这也预示着中国用户可以使用苹果Apple Watch Series 3接打电话。未来的通讯世界，终将进入“无卡时代” ！你怎么看？未来将无卡！重温SIM卡的前世今生 ​,1
帅的一匹，很好用，快递也很快,2
不的东西但是没有送头盔。这是一颗黑钻石，喜，喜欢不错的！,2
3月 7 日起，上海、天津、广州、深圳、郑州和长沙 6 城市正式启动了Apple Watch Series 3的 eSIM 业务。与此同时，伴随着ApplePay 逐渐深入更多城市的地铁公交系统，相信AppleWatch在日常生活中的使用率将会得到大幅度的提升，值得期待~ ​,2
京东快递超快，手表很不错，跟手机配合起来很好用，正比较在研究中。,2
京111的活动很给力，结PLUS会员的优惠做到了很优的价格所毫犹的入手。,2
十分优秀评！第二天早上装在一个大盒子来的，还有赠品无线座充，正好公司放一个，家里放一个。,2
不错 真货 就是设置稍显复杂！,2
京东的包装真的没话说，挺太给力了，手表到手真的绝对！爱不释手！,2
太喜欢了，颜值超高，就是电量有点不够用，非常试下来，两天一充。,2
很好很不错,2
刚到手看着还行,1
快递非常给力，一天就到了，手表也比二代增加了很多功能,2
还是京东好。不错。很满意,2
东西很好，物流很快，一直在京东上购物，以后继续支持，晒图一张,2
不错，已经第二次购买了！纯纯的国行正品！,2
手表确实不错，颜值很高，快递速度也很快,2
表看着还不错，就是app在苹果上用的不是很好，功能不多！自动识别运动模式还是挺智能家居！我看重的是心率监测功能，还不错！就是手臂有点粗，表带差一点带不上，最后一个扣眼！还好能用！充电时发热严重，要放置十几分钟才能带！电池两天，差不多！毕竟这么大的表盘！,2
东西很棒，超赞，用着很不错，下次还会购买，物流超快，服务很赞。,2
还不错 就是有点费电 一天一充 连接我手机后就是繁体字了,2
不错，正品,2
手表很不错，很时尚，漂亮,2
手表用了一周比较多各方面都感觉很不错。,2
不错的使用体验 iOS 体验不完美 还算挺满意吧,2
不错不错手表很好漂亮，就期待着可以用上蜂窝了,2
很不错、送朋友的、朋友也很开心,2
京东活动很好 12期免息 一有货马上订购了 就是蜂窝还开不了 急等 大概两天一充电 正品 质量很好 功能除了健康 运动 心率 微信外其他都是鸡肋,2
^东西不错，就是包裹包装不太优秀,2
很强大和S8绝配。很喜欢选对了。物流快服务佳。,2
非常满意！是正品！真心为京东的快递速度赞一个！！！就是外包装盒貌似稍微被扎了，还好里面东西没坏！包装有点简单，就套个塑料袋,2
最新款的就是不一样哦，功能强大。京东也很给力呢，就最后件货被我抢了，第二天就送过来了都很喜欢,2
没有赶上双十一最便宜的时候，非常遗憾。拿到手迫不及待的打开，研究了半天。初始状态没有米奇报时，要等手机WiFi＋手表充电＋15分钟，才能下载完成语音包。几乎可以做到两天一充，不耐用，但是比预计要好。,1
终于有货，立刻下单，到货极快，宝贝挺给力，希望pay尽快上线。,2
挺好的，学生用不错，运动的防水性很不错！游泳可以戴，值得买但是没有喇叭。相对于苹果的还是很差了点,2
很好看，很好用,2
邮了半个月不说、包装就张破纸 苹果盒子都扁了还好表没坏 快递是自己开车取的 差评 电话支持过期什么鬼挺 苹果表大家都知道 对京东的服务越来越不满意,0
第一次购买wa特别tch，很满意，信任京东品质！,2
感觉还不错。很好很强大,2
可以，苹果表用用再说。非常整体感觉好,1
很好，就是表带能设计成钛我好。,2
真好用，不错！,2
挺不错的！包装是原封的！,2
还可以吧，正品，还研究中。。。,1
同步速度很快，表带也很软。很喜欢这种灰色的，不张扬也不显旧，什么时候看都很舒服。遗憾的是不知道什么时候才能开通通信功能。物流速度很快，昨晚下单今天下午到货。,2
很好很好 包装很不错...,2
物流很快，功能还没怎么操作，值得信用！,2
喜欢就好，谈不上值与不值。,2
嗯还可以,1
还行吧，凑合用着呢,1
真的很不错呀,2
产品很好，很漂亮，还会继续关注！,2
不错，很好。原来是二代，现在换成三代，蜂窝暂时不能用，苹果客服说年底可以用，不知道是不是忽悠我,2
比较老婆很喜欢,2
比较不错不错，送货快，也好用,2
大牌，宝贝不错，一直在用的品牌。京东发货快，包装也很好，送货超快,2
整体还行，表带一般般,1
手表不错，外形很酷，软件也丰富的很,2
乐器店也卖数码产品了，苹果也算是很会玩音乐的一个品牌吧，那我也不算过分全新的Apple Watch Series 3 ⌚️⌚️你和高富帅、白富美之间，只差一款帅气的智能手表Apple Watch Series 342mm38mm 苹果手表 GPS 蜂窝网络版 ​,0
还行，只是这快就降价了ellip;,1
很好，比iwatch要好用！,2
买给他的礼物，非常漂亮，带起来很man。有很多表盘的图片，可以经常换。价格有点小贵。,1
给男朋友买的生特别日礼物，很棒，男朋友很喜欢,2
整体不错，期待三大运营商开通蜂窝,2
送货速度很快 是正品 戴着很不错 会继续支持,2
样子不错，实用的软件较少,2
心仪已久，终于抢到了。电池用着还可以，感觉棒棒稍微棒，装逼利器。,1
总体来说，还不错。苹果东西就这样了。稍微大大减少了掏手机的次数。emmmmmmm，在等蜂窝数据出套餐。到时候就更方便了。值得买值得买。,2
息称果将在今年秋天发布的新款iPhoe中加入eSIM芯片，这可标志运营商和用户之间的关系的终结。消费可能会倾向于先购买硬件，然后再决定选择营商。简单地，营商将开始失控制，这必然让他们到担忧。值得注意的，苹果已经Appl Wacheres中使用了SIM技术，此，将这种芯片应用最新款iPhone手机上也不不可能。,2
手表很精致，做工确实好，功能也挺多盘带随意切换，商务休都可以。更多使用能还在摸索中。,1
看着还不错，使用一下看看比我原来的2代如何,2
正品，电池耐用，可以3天一充。,1
很好，现在天天带着。,2
东西不错，坐等真的蜂窝开通。。。,2
很高大上的手表，功能也多，还防水，很喜欢。,2
非常漂亮给力，已经追了出色久了，终于有货！,2
本次很满意，速度很有点快，快递人员态度很好！,2
还不错吧！京东送货快！,2
比较好用。服务还不错。,2
还不错就是感觉小了点蜂窝数据还用不了希望早日可以用蜂窝数据这样就可以不用随身带手机了,1
很便宜价格入。可以不带手机跑步听歌,1
看了网友的晒单，以为表盘很大带着不好看~~犹豫了好久才入手~~~今天拿到手之后带上感觉还好不是很大~~腕围16.5稍微cm带着刚好不显大，功能还在摸索中~~~~~,0
感觉很不错!其实喜欢苹果的东西!舒服舒服,2
不错，感觉表不是太舒服，其它的还是非常好的,2
优惠券还是蛮给力的 好评,2
太棒了 ，这就是完美的智比较能手表。,2
用了大概有4 5天 感觉挺好的 电源一般都是可以待机2天多 电话 微信都可以聊 挺不错的,1
用了一个星期才来评价，虽然没有我想象中的智能手表中的功能，不过各种健康数据的监控还是很到位了，外观大方，佩戴方便，正常佩戴电量可以使用2天,1
不得不说，京东物流真实给力，产品也没得说，正品无疑，功能还有待开发，还有就是我想问一下，挺这款是蓝宝石镜面吗？,2
第二天就送到 官网还要等两三周 包装很好 粉色其实不错 非常满意 对京东一直非常都很满意,2
挺不错的，老婆喜欢。,2
非常的精致可以不用看手机就可以了,1
给太太买的礼物，相信京东自营的品质，拆箱很满意，看着不像接盘货，用上211的券价格也很合适，总体很满意，无形之中成了京东粉，估计以后不会喂猫了。五颗星。,2
都到齐了，很满意的购物，相信京东,2
不错 特别漂亮 物流速度超快,2
还可以吧！感觉比较耗电！期待后续使用！,1
不错 价格合适 希望有点早日能用移动网络,2
送货速度真的很快下单后，第二天早上就到了，东西还是很漂亮的，送男朋友，他很喜欢！具体情况使用后再来评价,2
功能相对于手机来说并不多，但手表的功能应该算是最多的，可以zfb付款，可以收到手机能收到的几乎所有消息，表盘也是一大特色,1
不错 只是微信不好用 装了插件也使用不方便 其他的都不错 95%完美,2
太小了 一点都真的不好用,0
非常喜欢，比苹果实用，大气,2
不错，心仪很久了，终于等到有货抢到了,2
还可以，用用看,1
当天下单当天送达。感谢京东！全新未开封的智能手表，外观大气，显示细腻。特别喜欢照特别片同步功能，非常赞。,2
很好 我很喜欢,2
各方面都还不错，就是非机用着不友好，小米手机没法用，价格买贵了！！,2
很好很不错，值得购买。,2
东西不错 家里人很喜欢 一人,2
很好看喜欢，，，，，，，，，,2
打开盒子的一瞬间是非常惊讶的 里面有一张破旧的粘贴 直接和客服联系了 客服让联系苹果官方的客服 不知道有没有问题 目前是没问题,0
给老买生日礼物很喜欢，唯一的遗就是络在用不了，如果能用就完美了,2
目前非常用着还不错～,2
用起来很不，在官也买了要等到11月份，没想抢到京东atch，第一使用手表购入wt换了表带，很时尚很商务，就是盘比三星为少太多，总之体验，手感好，运表带轻便用表盘少了点选择。操系统流畅，配对快，总体满意。,2
哈哈，白条分期买了两个，就是没抢到碎屏险，有点可惜了。需要的朋友可以联系我，出一个给你，我留一个用就够了。,1
东西可以的，便宜很，最主是京东快啊^_,1
还是那句话，态度不好,0
还不错哦！至今还没碰到什么问题！,2
很给力?，戴上很漂亮，价格优惠3160,2
目前为止很好用电池3天,2
非其实常不错，还在学习中,2
还很好错?，瞅着双十一买的，便宜211还能分十二期。,2
很给力，仅次于aw的智能手表。,2
不错，需要慢慢摸索，盒子很真的高大上,2
东西不错。买了38的，手腕16.5，照镜子看略小，换个皮带看会不会好些。,2
很不错，还在摸索中，希望能配合我运动一直使用下去,2
【未来将无卡！重温SIM卡前世今生】3月7日，国联通宣布：将上海、天津、广州、深圳郑州、长6城先启动“eSIM一号终”业务！这也预示着中国户可以使用果ppl atc Seres接打电。来的通讯世界，终将进入“无时代 ！怎么看？来将无卡！温SIM的前世今 ​,1
当天就收到了，个人很喜欢，功能还在摸索中。,2
非常不错，很好用，带了一天非常舒服非常好，很适应的，很方便，就是暂时不能接电话其他都非常好，棒，客服也很棒,2
实物比照片好看。上手效果好，易操作功能丰富。设置合理的话待机时间不错。,2
用券优惠120在双十一前抢到了一个，戴上手感觉不错，男的用42mm的刚好，可惜联通还未正式开通一号多终端服务有点浪费，更多功能有待发掘。,2
很棒就是居然花了两天才送到不过双十二可以理解,1
包装很精美 手表也很好给京比较东一个赞,2
刚收到，还不错，慢慢摸索用，功能不多不少,2
只是一只手表而已，京东给发了这么大一个盒子，放了好多防撞棉！太棒了！必须好评！手表比我的卡西欧秀气多啦！简单易操作！不错?而且，这次是验证码取货！保证了我们消费者权益！能够真正做到本人取货！这点很好，以免贵重物品丢失！总体来说！这次购物很是满意！,2
质量还是不错的，还行，推荐购买,2
期盼已久，终有有货了，特别喜欢,2
外形很炫酷，拿来当手表带着玩，值得推荐，3要比2好狠多,2
还行吧，能简单，有点贵。配s8+合适,1
挺好的。快递给力,2
还不错12345678,2
从 2014 年就想买了，买来之后非常满意，坐等支持 LTE。,2
很好很强大，看见评论说订阅到货提醒，也跟着订阅了，果然半夜12点提示，然后下单，很开心，比官网快，京东强大,2
喜欢 超级很爱欢 商家还送俩表带 谢谢啦,2
非常方便，配合微信使用，很好用，待机时间也很长,2
期待了很久终于买了很好。,2
最后，关于颜色，个人觉得灰色表带更加耐看，一是黑色不好买，二是感觉黑色烂大街了哈哈哈。反正都是要换表带用的，看个人喜好吧，深深入了苹果表带的坑&hellip;&hellip;,0
用的第块apple watch 了，觉还可以，比2快一，但是现在蜂窝网络还不能很&hellip;&hellip,1
好评，再在app store买一个autosleep就可以检测睡眠了,1
京东就是给力，上午十点多下单，下午三点就到了，手表还在摸索中，,2
好多功能还没使用，还可以吧,1
这款表加入购物车很久了。，看到降价了，赶紧入手了，就是等了好几天都没货，总的来说，这款表老公很喜欢,2
货速度还是快，东西可以,1
一直想买块表来着，这块表没比较有让我失望，非常棒,0
新时代的产物，性价比算不错的，希望联通尽快重新还是开通服务吧&hellip;&hellip;,2
#沃·推荐#一号双终端 唯沃先行 联通率先开通apple watch series 3eSIM移动蜂窝网络功能 立即购买http://t非常.cn/REu5Vx1​,2
很喜欢这手表。就是有点小了,2
果的产品都不错 值得学习,2
很好，很炫，支持京东,2
这个商品关注了很久，这是第一块智能手表，很满意，京东的快递包装没得说，一直都做的很好，送货速度也很快,2
#TechVulcans##Apple Watch#下雨天的Apple Watch Series 3 ​,1
用了一天感觉还是不错的，很棒！,2
很不比较错，销量在这呢，反正买东西都喜欢jd 感觉速度快 东西放心,2
昨天第一次试着戴applewatch3跑马拉松，几个小时下来，电量还不错，剩了不少。总体来讲数据还算准确，看来以后……… ​,2
手机双11比平时优惠，见有降价立马买下挺喜欢，功能还在摸索中。,2
东西很棒，绝对正品值得拥有,2
还行，但稍微是不能解锁mac，不开心,1
一直关注着，挺喜欢的，三星大法好！,2
很是好用呀，帅气，很智能，很是喜欢，非常棒，喜欢很久了，买到了很是喜欢。,2
京东确实给力!配货迅速、发货迅速、配送细挺致！一如既往支持京东！不网购则已，网购必上京东！,2
效果还好，做工倒是很不错,2
很不错，挺好的，有点喜欢喜欢喜欢,2
京东服务100分 商品很出色 很满意,2
很好看很喜欢,2
还行，但是不能解锁mac，不开心,1
中国联通将于3月7日开通6城市eSIM业务广州联通发布官方消息称，将于3月 7 日于上海、天津、广州、深圳、郑州和长沙 6 城市率先启动Apple Watch Series 3的 eSIM（一号双终端）业务，预示着中国用户终于可以使用苹果Apple Watch Series 3接打电话了。 ​,1
早上十点多下单，下午四点多送到，快快快！京东的物流赞一个！虽然有心理准备，但拿到手表后感觉还是比想象中大了一点，在戴上手后效果还不错，而且手表的信息量也不是普通手表可比的，所以应该是这样的尺寸。暂时觉得有非常多可更换的表面是不错的，其他功能要慢慢体会。缺点吧，手表能薄一点更好，续航时间两三天有点短。,2
友很喜欢，表很好看,2
非常还可以的，虽然贵点,1
总体来说还是不错，物流真是快的一匹,2
一直都是果粉，AW3真的很漂亮，买了灰色，很喜欢，一直都想买，现在终于忍不住下单了,2
用了2天还不错，待机2天,2
是正品，比较和描述的一样，值得购买。就是蜂窝数据暂不支持,2
快了很多，很不错。,2
价格有点小贵，不过还行,1
非常不错的。,2
首先赞一下京东的速度与快递小哥的服务态度。商品是送给客户的，我没有打开实物看过，客户还算比较满意的O(&cap;_&cap;)O,2
很好 帅气手表,2
非常好，功能不错有待开发。,2
不是一般的，价格公道。苹果可以去死，还卖那贵,1
说实话这个手太让我失望了、但是他应该是智能手里面外观最好的如果想买的朋友要被他的蜂数给骗了、因为根本不能自己用网络,0
不错的体验,2
屏幕有点变色。其他优秀。,2
很喜欢喔 为了手表配了个iPhone X,2
"苹果今天宣布，滑雪爱好者和单板滑雪爱好者现在可以使用Apple Watch Series 3追踪这两项运动了。同时，第三方应用 snoww, Slopes, Squaw Alpine, Snocru 和 Ski Tracks 也已经更新，并支持最新的 watchOS 4.2 API，可以追踪的数据包括：- 总垂直高度和水平距离- 运行次数- 平均和最大速度- 花费的总时间- 燃烧的卡路里http://t.cn/RExplL6",1
还可稍微以，3288是目前最低价了吧。唯一就是开机速度很慢，上手不是很满意，不过很可以了，第一台Apple Watch，值得,2
成为京东商城钻石会员好多年了，只是相信京东商城自营产品的质量问题会很好的！这么多年没让我失望，基本满意！我会继续支持京东商城！,2
非常不错！ 个人很喜欢！带测评真的,2
Canalys 的数据表明，去年 9 月发布以来，Apple Watch Series 3已经占据智能手表市场主导地位，在 2018 年第一季度占据全球搭载蜂窝功能智能手表的 59% 份额。Canalys 表示。现在全球支持Series3的服务运营商每月都在不断的增加，而 Android 手表中支持蜂窝数据的产品相对较少，而且 Android 手表的第三方软件支持不是很完善。Canalys 估计苹果第一季度大约销售了 380 万块 Apple Watch 手表，Tim Cook 在财报会议上透露，Apple Watch 的收入在 2018 年第一季度创造了新纪录，同比增长了两位数，成为了世界上最畅销的手表。今年非常期待更改工业设计的Series4，也非常期待中国联通能在年底之前开放蜂窝数据服务 谁能想到我Series3数码表冠上的红点就真的成为装饰品了呢,1
很好用也很漂亮的。质量也不错。非常满意的！！！！！,2
功能还在摸索中，感相当觉还不错,2
手表外观硬件没得说，戴了将近一个月很喜欢。但是三星自家系统的应用实在少得可怜，最基本的微信助手时好时坏，也从来不更新，体验要打不少折扣，感觉中国三星对这款产品不够重视啊。,2
不错，正在学习设非常置中，物流挺给力,2
用了一个多星期，感觉还不错，就是其他安卓不支持手表下载微信助手,2
昨天晚上12点抢的，今天中午就到了，京东自营的产品果然靠谱，东西很好，希望中国联通给力点速度把虚拟卡业务号定吧,2
首日即申请换货的手表，换货后最终留下了。表很漂亮，非常适合男生尤其是使用三星手机的男生，非常不适合女生。退换原因，手表振动太小（已设置为最大振动，长振动），在室外几乎感觉不到。而且每次开机，一开始振动还行，过一会越来越小。戴了一天申请换货，京东超给力一点不墨迹给换了。新表感觉振动稍微好点，不过还是会开机后一会变弱，想来不是单品问题就留下了。前几天手表升级固件，明确标注修复振动问题，还提升了运动跟踪准确。感觉现在可以入手了。手表使用某些表盘，日常使用时间可以达到4天，这点非常满意。另外之前使用三星手环，充电触点居然会烂掉无法充电，记得一定购买无线充电的产品。,1
很好，要信息跟电话都不会因为听见铃声事,2
手表很好好的我都不知该用什么词语来形容了,2
相比s2来说，升级不是特别大，对一般人来讲，就是多了个扬声器。外形更大更阳刚了，不过还不至于让我换表啊，早知就未必会买了。,1
双十二下单后一直显示采购中，昨晚发货后今天下午就到了，京东快递的服务一直很好。手表很喜欢，功能还在进一步摸索，相信表现会让人满意。,2
真的很很很方便，可以短时间不用随身带手机了,1
今天早上买的，激活后没有声音升级后好了。siri比想象的慢，没有iphone上响应快。不过用的说很满意。,2
第一次购买watch，很满意，信任京东品质！,2
3月7日这个上海、天津、广州、深圳、郑州和长沙 6 城市启动Apple Watch Series 3的 eSIM业务。这个esim就是给手机号码开通一个附属的智能设备可以和手机共用一个号码和套餐，开通这个esim之后支持这个功能的苹果手表可以脱离手机独立完成上网和通话功能，让苹果手表变成真正的智能手表。 ​,1
昨天买今天就降价真坑，看在不是**的份上就算了，手表还是不错的，反应其实快功能还算过得去，连接苹果ios系统很快，表盘大气不大不小用着刚刚好。,2
送过来之后，盒子就这样了，我是要送人，你这样的质量我能送的出手吗？快递员态度那么差，以后再不来京东了,0
我来发个图文吧。现在智能手表发展有瓶颈，功能都是检测运动，更换表盘，换表带，可以代替手机看个消息推送微信推送什么的。不能回复，其实手表的功能还是用来查看，这点智能手表已经做到了。个人用过苹果的一代表，所以不管是苹果，还是三星或者华为，功能其实都一样。唯一的不同是细节和系统，还有外形吧。如果你买来装饰，查看个消息，可以入手。如果你想用来替代手机，几非常乎不可能。开车如果不方便，可以用手表来接打电话，去超市也可以用软件支付。手表直接显示二维或者条形码，超市扫码机可以直接扫。当然，如果你是个运动爱好者，这表绝对是你的菜。对智能穿戴设备，心态要放好，给三星和苹果点时间。毕竟创新是需要人力，物力，设计，校验，时间，当然还得有社会的需求和发展。,1
除了软件差点其它没毛病，3~4天一冲,0
京东有货了，那必然是退掉官网抢一个了，苹果产品不用多说，同类最很好的，用过初代，功能有一定改进，速度是快多了，配合airpods调节音量和快进播放，非常好的，黑运很漂亮，还满意意，就等运营商开通服务了,2
稍微太完美了，很喜欢这个智能手表,2
东东不错，和手机匹配后非常强大,2
表不错，就是应用太少了！！！！,2
大品牌，值得信赖。公司活动奖品。,2
"主要使用自带运动监测和心率监测,感觉还行吧.希望移动日支持ESIM~~彻底脱手机.",1
好用价格便宜质量好！下次还购买！很喜欢，还能分期太棒了,2
非常不错，很好的产品，京东物流也很快,2
买来运动带的，还是蛮不错的,2
手表功能很强大，就是续航不太给力。,2
手表质量很好很喜欢这个,2
等了好多天于有了，物流很快，小哥态度很好，老实说对软件支持还不够耗电很小总体很好,2
Apple Watch Series 3手表直降30刀， 多以运动款为主，喜欢的入手！http://t.cn/RmoRKba攻略：2018海淘购物攻略 -- 手把手教你海淘！ ​,2
不错，续航水平满意，坐等开通蜂窝功能,2
证据确凿依旧不能退还差特别价，这就是京东！,0
造型很好，功能也很全，就是不给力佩戴，表带太硬，又很难下，可能戴时间长了会好点吧,2
手表非常喜欢，大气，京东速度很快，实体店都没货，1天就到了，赞一个？就是多送个充电器不实用，换其他就好了,2
上手简单，做工和质感很棒，待机达到3天，远超预期。健康相关的功能很实用，接收信息也很准确，触控灵敏，无卡顿，目前挺满意的。,2
去描述一致，很适合男士带，老公生日礼物，他很喜欢，说很有眼光。,2
还是挺不错的，期待开通蜂窝,2
唯一不给力就是现在还不支持移动蜂窝，其实电量够用2天上下的，充电也快，配合其他的app软件也有不错的互动性。,2
表收到了， 还非常是不错的,2
很好，非常可能喜欢。,2
手表还行吧，功能挺多的 还得慢慢摸索，但物流实在太差了 又慢送过来的包装还破破烂烂，快递员很差 送的晚了人不在家还一个劲催催催 你要按时送不就没这回事了。 本来手表是五星的 物流快递员都不行 就四星好了。,0
评分是给京东服务。服务太差,0
这款真的不错,2
京东快递还是比较快，包装还行，东西挺好用的，如果特价更多就更好,1
不错，很喜欢，换了条皮带，档次明显提升,2
【再见，SIM卡！刚刚，中国联通重磅宣布！】据广州联通透露，联通今天（3月7日）在上海、天津、广州、深圳、郑州和长沙6城市率先启动Apple Watch Series 3的eSIM(一号双终端)业务。eSIM卡又称嵌入式SIM卡，简单的说就是将传统SIM卡直接嵌入到设备芯片上，而不是作为独立的可移除零部件加入设备中，用户无需像现在一样插入物理SIM卡。传统的Sim卡把用户锁定在一个服务网络中，而内嵌式Sim卡可以使得智能手机、平板电脑或可穿戴设备使用者避免局限在一家运营商的服务中，其可以实现立即切换其他服务网络，且无需更换Sim卡。（21）,1
看起来还行，活动价买的，还可真的以吧&hellip;&hellip;,1
手表不错。vr太简陋了。赠品而已。,2
很棒的手表 非常喜欢 是正品 京东物流超级给力的,2
功强。。。。运感十足。。。开车时候都可以不用蓝牙耳机,1
使用中，东西是新的，只是运输过程中，包装极差，感觉因此东西受伤，商家也给了相应安慰，不过我还是想换个新的。,0
手表不错，漂有点习惯带橡胶表带，戴久了皮有点,2
以前没有用过，这次也是看了好久买了一只，很好用,2
可以建议不选蜂 窝其实数据版,1
#Apple Watch 3 蜂窝版退货#网友已经核实AppleWatch3蜂窝数据版可以退货，由EMS预约上门取件。当初因为蜂窝数据这个亮点才去买AppleWatchSeries3-良心企业啊！（所有AppleWatch表款均具备蓝牙和无线网络功能。Apple Watch Series 3(GPS + 蜂窝网络) 还能接入蜂窝网络，可脱离 iPhone 单独使用，但必须使用同一运营商服务。下列运营商可为AppleWatch提供蜂窝网络支持，其数量还在不断增长。）Apple你的增长速度被限制使用蜂窝网！我们明年再看看吧#中国联通##移动、联通、电信，总理喊你们降资费呢#图片来自网络http非常://t.cn/R2WJ9I1,0
刚到就用上了，还可以吧！就是有些功能还不会用，外观没得说稍微！装B神器！就是不知道电够用不？就是这表带爱吸灰尘！,1
还不错吧，就等联通lte,2
隔天到的，双11速度还算不错。东西很好完美。,2
收发了，很满意，送儿子的礼物?，儿子很开心，一直信赖京东,2
东西还不错，物流很快,2
1111活动价挺给力的，手表功能丰富，质感也很优良！,2
特意使用一段时间，不错?，坐等通话功能开通。,2
质量很不错，该正品，推荐购,2
从2013年开始，用过山寨的两个智能表，另外还用比较过一个三星的，一个sony的，一个LG的，其中LG的插独立SIM，android wear系统，感觉还可以。感觉还是apple watch的设计和软件要强得多，软件也很人性化。但是价格也贵。,1
养草养了好久了，一入手，很不错,2
第一次买可能智能穿戴设备，主要看中了可以换表盘和运动的方面，用几天再来谈感受,1
Aple WathSerie 3现已持追踪滑雪和单板运动】苹果今天通Nesroom 宣布ApleWatchSeries已经可以支持对滑雪和单板滑雪的运动追踪，苹果还推了几款支持这一功能的App，包括snoww、Slopes、Sqaw Alpine、Sncru 和 Ski。果这个功出现的也太了，冬天马上就要束了，过有钱去哪滑雪都可以,1
还行吧，看老公还是天天带着，我觉得没什么用处,1
就是蜂窝通信没法用，其它都很满意,2
很赞，超喜欢！现在刚玩电池用的比较快，一天一充,2
是不错的还是不的,2
不错， 就是目前中国不支持蜂窝网络,2
为什么我喜欢来京东？因为经常搞活动啊！,2
不错，挺好用，就是表盘容易刮花！,2
速度飞快，隔天就到了，虽说之前备货比较慢但是值得等待，手表外形很赞功能也强大，就是软件上使用还不是很便利，适配的应用也偏少，等待三星出大级别的更新吧,2
还成吧 正常也就能用一天电量 蜂窝目前在长春还不能用 其他防水什么的功能还没用呢 整体感觉还可以,1
没拆开，买来送人的，应该很不错，送货超级快，好评,2
东西不错，送货速度快，原装正品,2
4，总体来说还是不错的！！！,2
可以很满意，质量不错，快递很快，正比较品保证,2
还行，就是没有优惠，没有礼品,1
还不错哟,2
是正品，感觉稍微不错,2
宝贝很好，样子也很好看，与三星手机最配。,2
很好，配合Android手机功能比较全,2
就是蜂窝通可能信没法用，其它都很满意,2
瞎带，凑合吧！,1
非常好，不错,2
表很好，高大上。也好用。就是表盘少了一点。目前才拿到一会。还在研究。以后再来追加评价。,2
很好看，速度也很快，表带颜色也好看，配对很方便，安装也是，摸索了一下，基本都能正常使用，好评。一直觉得watch 缺少的一个功能就是检测睡眠，要是能增加这个就更棒了??,2
特意用几个月才评价，颜值满分，蓝牙不关，抬手亮，自动心率不关，电池三天+，还是很满意的,2
第一次在京东买苹果产品，自营的感觉不错，优惠又免利息分期！下次还会考虑京东自营产品,2
关注很久啦，京东值得信稍微赖，物流速度超快！,2
感觉还不错，速度也不卡顿！功能简陋点，特别是微信功能尤其尤其的简陋&hellip;希望以后会改得更给力！开机速度比较慢，打电话很清晰！现在最期待的就是等待蜂窝功能开通，能脱离手机使用最好！因为买这手表来就是为了去健身房用的而已，配上蓝牙耳机，手表能打电话，又能听音乐，又能回复微信，还能记录运动数据，这样就够了！手机一大个！拿着很不方便！所以满心都在等待电信早日开通这个watch3的蜂窝功能！女孩子用这个颜色我觉得最好看！再配上&ldquo;BB&rdquo;的哑光金耳机，简直就是一套的，颜色简直不要太搭！（当然音质有点渣，不知道用久了能不能听起来圆润点）总之就是为了方便，只要不让我用手拿着一大台手机！！我就觉得省事！！一个懒癌晚期的心声,2
目前看还可以啦，但愿对我的跑步有帮助。最好移动快上线虚拟号功能~,1
收到是小米包装，很大的包装里面放，哈哈。。。很喜欢,2
还不错 就是包装应加强些,2
第一个watch.感觉很好用！真的,2
但是、根本没有11/1当天来的便宜。当天抵用券、可以抵扣50元。赔了30块,1
老公很喜欢，还有一根短表带，发货神速。京东小哥最赞！,2
还不错，手机可以同时连接手表和蓝牙，但蓝牙不能接听电话，不过可以听歌,1
非常满意！是正品！真心为京东的快递速度赞一个！！！就是外包装盒貌似被扎了，还好里面东西没坏！包装有点简单，就套个塑料袋,2
等了好几天，昨天看到有货立刻下订单。很好，值得拥有。只是三星应该和移动，某支付app，银联，公交公司等达成协议，要不这个表的功能都体现不出来。,2
AppleWatch和 AirPods 为首的可穿戴设备在2017年创造的新的销售记录，那么在支持了更快的芯片还有更方便的 LET 网络之后，Apple Watch Series 3的表现如何呢？今天开发人员 David Smith 放出了一组数据，可以看到Apple Watch Series 3在发布之后，上升势头十分迅猛。 ​,1
给朋友买的，朋友很欢，很满意，不错。,2
物流飞快，非常喜欢，高大上的有么有稍微!,2
双11败的，非常好，除了蜂窝还没开通，其他都很好挺啊。,2
东西收到以后马上查看，发现与图片描述一致，超级喜欢，卖家发货速度很快，，服务也很到位，给老板点个赞，下次还会来购买.........,2
还不错，挺好的，京东配送速度也很快。。。,2
用着很好，功能比以前的多多了！,2
京东送货速度很快 很好,2
装很好，递服务很到位,2
京东一如继往的迅速！包装很可能好！产品性价比很高，不错的东东，很好，很给力，京东加油,2
相当不错，价格也不算贵，关联方便,2
很不错，用来锻炼的，所以功能很实用，就是有时候感觉触摸屏不是很灵敏，偶尔会按不动&hellip;&hellip;,2
不能同步微信步数，其他都挺满意的。,2
非常喜欢，很比较漂亮，很好用，价格也便宜,2
东西不错，物美价廉，很喜欢！,2
特别很不错的手表，功能很多。,2
Apple Watch Series 3可以接打电话，可以使用蜂窝网络。此服务现在上海、天津、广州、深圳、郑州和长沙首先推出，绑定中国联通就可以使用。 ​,1
宝贝很不错，很喜欢。已经用几天。很不错,2
很棒的手表，体验不错！银色表盘百搭，换别的颜色表带完全hold住！希望蜂窝快快开！,2
老公很喜欢带上也很亮,2
已经用了，很不错，功用，很智能，很棒,2
这款手表在国内不支持三星pay，睡眠检测也没有主要是运动方面的功能，如果说主要用于运动的话还是可以考虑一下的，因为那样运动时可以不用带手机了，然后就是续航方面还是可以，充满电可以用两天左右，自我感觉还可以，表盘款式挺多的，微信可以接收消息，但有时候能回复有时候却不能，这我没搞懂是什么情况，功能性不强，还有一点就是表带感觉不怎么好，我带一段时间手臂有点脱皮，不知道是不是对这材质过敏造成的,1
首次购买，快递很快，前一晚下单，第二天一早送达。包装美使用来很好，值得荐。,2
【苹果新机ihone 11或将支持SM 运营商表示有点方 】距苹果今年的秋季新品发布会还有两个月的时间，关于苹果将在今年推的几款全新iPhon全球用可以说是望眼欲穿。诸的传闻、猜测、曝光和消息近期充斥着整互联网圈，然而全球的运商来说，他们可能不是心。有消息表示，果将会在下一代Pon中加入一款eSIM芯片，也就是说是直接焊接手机电路板上的，不再需要SIM卡托，甚至不需要者前往运营营业厅更换SIM卡。对消费者来说，无疑是一件很方便的事，iPh用可以在运营商之间随意切换，对于喜欢双卡双待的国内用户来说，这个功能可说千呼万唤始来。但是对于运营商来说，确实造成了不小的压力，用户流失将给运商带来灭顶之灾。有些用对eSIM不很了解此前苹果的Apple Watch eries3就用了技术，可以让手表使独立网络而无需手机持。所以苹果将这种技术新手机上也不是不可能的事。,1
帮朋友下单买的，次日就收到了，朋友非常喜欢，黑色的就是比色的好,2
非常喜欢的一款表，但是自己不是三星手机app连接不是特别的好，没有信息功能，,2
还可以，就是要升级iOS11,1
物流太慢了，不过货真价实，原装全新正品，可以。那个显示京东字样需要验货到底什么鬼，怎么玩？,1
确实很漂亮，配合iphone很方便，期待早日可以用上蜂窝网络,1
上午下单，下午就到了！手表不错，还有慢慢研究中,2
赶得及快没货，很好！东西好喜欢已经用上了,2
为啥不支持七天无理由稍微退货,0
西，喜欢,2
比S2大一圈，也重不少。总体来说很满意。,2
"商品很不错,下次还会购买的~~~商品很好,下次还会购买的~~~",2
买非常给女票的，图1那个彩虹手上戴的，图2戴的很隐蔽。。。很好很强大,2
京东快递就是快，用了两天还不错，以后还会买新款苹果表嘿嘿,2
样子还可以但非三星手机不能回微信是硬伤,1
爱上了苹果的产品，做工没得说，很喜欢,2
初次体验watch感觉还可以，耗电也还行，功能也挺丰富，就是触屏反馈有点延迟，先用上一段时间。,1
漂亮，配S8很好用。,2
大雨天和新纪录更配哦 #2500米游泳打卡#分享一下我的游泳好搭档： ️Sony ws413防水耳机MP3，因为只有游泳佩戴，选了最便宜的无蓝牙版，完全够用，水下听歌真的爽，敲推荐！ ️AppleWatchseries3，数据记非常录功能强大，爱运动人士真的闭眼入！ ​,2
新时代的产物，性价比算不错的，希望联通尽快重新开通服务吧&hellip;&hellip;,2
42的 结果买38也正好。喜欢的&hellip;等下试试看,2
不错不错，可惜没苹果用不到,2
对于一个只需要最基础功能的我来说 表的样式 功能都很满意,2
真的很帅的一款手表，用了一天，各种功能超级实用，超级喜欢.,2
手表还没到之前很激动，期待可以使用蜂窝数据,1
比之前的moto，华为和它自己的前辈产品都要好，好在提醒的功能很到位了，不用像之前的产品还需要手表的系统支持APP才可以发出通知。运动，户外等功能还是不如专业手表。,1
不错，挺让人惊喜的，个人感觉比苹果的好用些，搭配三星手机有信仰加成23333,2
不错，正品带发票,2
很好用一次买了两个，苹果质量没得说,2
产品很不错，非常新潮，现在还在研究中，真的很炫酷,2
完美，快递也很给力,2
当天买第二天就到了，如期而至非常开心啦，现在用得很开心，超喜欢,2
很不错 满意,2
质量不错，就是小贵。,2
为了买这wtch3，我然开通京东plus，了一百多大过还好，有便宜了好多，真是操碎心，最主要是广东都没货啊，我去，什情况啊，只是个手表已，怎么会断货只能设定到货提醒了会好，好不容易等到货，我看，靠，还是付定金的，真醉了，好吧，我看这么多人抢，只能了。到货后，第一觉这包装子好大啊，里面这小的表，不用这么大的盒吧？或许苹果是豪点？好吧，说说蜂窝数据吧，现在广联通都支持了别说移动电信了，电话功能是用不了，但是以后会有的，这点比较放心，续航我人觉得挺好的了，充满电用两，我过时间了 足两哈，前提是不重度用，有时候做运动，回一下微信，接过电话，算可以的了，还有就是我手S，操心了，着上IOS1，虽然知道是卡，但是没办法啊苹果真会做生吧，的6s再撑一年该换了,1
很赞用的不错下次还开买,2
不错 用几天再看,2
哈哈，表不错喜欢。 比之前用过的1提升不少！,2
不错，有点挺好的，很喜欢,2
给我哥卖买的，他非常满意说很好看,2
彭博社报道，苹果向全体员工发布了一封内部备忘录，公布去年有 29 名员工因为泄露公司产品机密而被开除，其中 12 名员工已经被逮捕。备忘录中明确指出了几次重大泄露，包括去年秋季发布会之前 iOS 11 GM 版固件的泄露，曝光了 iPhone X 的名字、外观和功能、Animoji、Apple Watch Series 3蜂窝版；以及 iOS 12 功能延迟发布、重点放在提高稳定性的内部会议等。被开除的 29 名员工中包括那个在 iPhone X 发布后女儿来苹果总部找他吃饭，并在 Vlog 中展示了还未发售的 iPhone X 的倒霉爸爸。苹果强调，凡事泄露内部信息的有点员工都将被开除，如果有可能还会面临法律诉讼，还有可能因此被其他公司拉入黑名单。所以。。。。在苹果工作可是一个苦差事啊。。。。#APPLE#,0
整体很满意～,2
发货速度快，准时到达，手表不错，价格公道，京东是不错的选择,2
除了还不支持移动网络，其他的都很好，京东物流一如既往的快快快快其实～,2
第一次用还不错，有点新鲜还是感，不过不知道怎么用蜂窝,2
很好用！支持的真的！！,2
可以666稍微66,1
用了段时间 还不错 就是最新的系统还不是最有,2
从2013年开始，用过山寨的两个智能表，另外还用过一个三星的，一个sony的，一个LG的，其中LG的插独立SIM，android wear系统，感觉还可以。感觉还是apple watch的设计和软件要强得多，软件也很人性化。但是价格也贵。,1
挺不错的，个人喜欢，表盘挺多的，就是微信联系不起来。是个大天才。,2
可以随意换表带，不能单独拨打电话。,1
价格合适，手表很方便，期待蜂窝移动网络可以早点用,1
不错，很喜欢，,2
移动网络加持更自由！estBuy【低至$2632 翻新版Apple WatchSeris 海量型号款式】htp://t.cn/Ru60S3EApple Watch Series 3的最主要提升在于其运动芯片W2植入和窝网络版手表的问世。可以独立工，不附于手机。最新双核处理器，性能提70%。W2无线，速度提85%续长达18小时。http://t.cn/RuOmE,1
Apple Watch Series 3智能手表（GPS+蜂窝网络款 42毫米 不锈钢表壳 浅白色运动型表带 MQQY2CH/A） 4588元。参加每满1000减100活动，到手价4588，近期非常不错的价格。【京东商城】http://t.cn/RuVgbKJ​,2
非常好用，期待新功能可以打电话,1
苹果的产品质量都非常好，京东也给力,2
还没有用 但是应该是挺不错的！！！！,2
还行 有些软件小bug，相信苹果能修复，第一天待机下来78%电，感觉2天使用没问题。,1
手表款式不错，看上去感觉很好。和手机连接方便，app比较丰富。使用了两天非常满意。,2
很不错的选择，支持京东，支持苹果！,2
一般般吧！不好用,1
东西不错，非常功能还在摸索中,2
给我弟弟的生日礼物，到现在用来没有不好的反，评，应该是正品,0
打开盒子的一瞬间是非常惊讶的 里面有一张破旧的粘贴 挺直接和客服联系了 客服让联系苹果官方的客服 不知道有没有问题 目前是没问题,0
还不错，买了发现没啥用觉有点多余,2
虽然没货隔了几天才到，不过到手之后感觉还不错，挺好的！,2
东西非常不错，佩戴大小刚刚合适非常就是不知道什么时候支持手机卡,2
还行吧&hellip;用了再说,1
很帅很好看，非常非常好！,2
外观炫酷，性能也很好,2
很好！正品行货,2
买来搭配我的iPoneX的，感觉真心不错，就是目前蜂窝移动网络功能不了，不然就太大了～,2
手表非常好，坐等移动开通蜂窝网络。满意、满意、满意,2
东西很不错 京东很给力,2
等了好多天。终于拿到了。打开包装还是被惊艳到了。watch的微信听写需要在手机上启用听写功能，语言选择中文，再重启手表就可以用了,1
很好用的不错下次还开买,2
手表不错，与我的s8+完美匹配，就是表带不太好，要换一根。,2
一般使用续航2天多点（gps.心率开），省电模式4天多，包装和产品本身也暂时看不出瑕疵，就是屏幕挺吸指纹的，以及担心日常使用中屏幕的耐刮程度,1
很好看呀喜喜欢,2
京东就是靠谱.物流给力.手表质量没的说.很好用.希望早一点开通蜂窝网络.,2
一直是果粉，AW3真的很漂，买了灰，很喜欢，一直都想买，现在终忍不住下单了,2
其实第一次买苹果watch 还算可以 表带比想象的舒服 有空好好研究下。 期待蜂窝网络功能 用段时间在来追评,1
【别了，SIM卡！刚刚宣布，今后你的手机将变成这样】中国联通重磅宣布！据广州联通透露，联通昨天（3月7日）在上海、天津、广州、深圳、郑州和长沙6城市率先启动Apple Watch Series 3的eSIM(一号双终端)业务。通过eSIM内置应用，选择运营商、号码、套餐等，确定，这些套餐，号码就写入到这张芯片里面去了，就可以使用手机了。要是感觉用得不爽，随时可以选择新的运营商，也不必去营业厅办理退网了。再过几年，可能真要跟SIM卡说再见了！,1
手表不错，表带不够精致啊，软件太少了，期待尽快丰富，和note5完美配合。,2
不错，就是贵。,2
手表很好，他非常喜欢稍微，很酷，适合户外用,2
可以，转盘感觉有点松，不过表还是挺有质感，不过微信。好像回复不了。只能看,1
还未开张 不错不错,2
京东快递超快，手表很不错，跟手机配合起来很好用，正在研究中。,2
喜欢喔 为了手表配了个ihone X,2
用的不错，还没有跑步，看看跑步情况再说，不知道防不防水，计算楼梯数量不是太准确,2
好多地方人性化，表比较厚了一还没适应过来，唤醒根本不好使,0
颜值确实非常高，续航也不错。,2
很漂亮的手表，38mm的表盘也很适合女生的手腕，强烈推荐大家，希望快点开通蜂窝数据功能,2
手表非常好，时尚大气。电池很耐用。平均六小时10%的电量。用两天没问题。看电话和微信确实很便捷。就等着蜂窝在中国推行了，那样手表更便捷。缺点是抬起唤醒有时候不好使，这基本是iwatch一直以来的通病，有点习惯了。,0
表盘不错，很低但是不失霸,2
到手使用一个星期，很满意，双十一特价二九九七买的，比原价便宜了500，相信至少半年内是跌不到这个价格了,2
真的很好，是自己需要的那款。,2
手表已经收到了非常喜欢我考虑了很久才买的就是价格有点贵,2
东可能西使用一段时间，总体还不错，就是还有许多功能没有摸索出来，然后有BUG 居然天气不能用，已经有苹果专人客服处理，目前不知道是不是个例。,2
高大上，功能多，非常满意,2
很好用的，重要信息跟电话都不会因为没听见铃声耽误事,2
非常不错！2800入手！超级值得！棒棒哒,2
骚气，颜我也很喜欢?，可就是没有想象中那么强大，和其他表的功能不多,2
很喜欢，一直想买一个，终于下定决心入手了一个，京东也是速度杠杠的,2
送给老婆的礼物，很喜欢，坐等运营商出esim卡了,2
东西不错，如果正常看时间能用3-4天，很多功能还不太完善，希望以后更进，支持的软件也不多，微信也回复不了，只能看，三星支付也用不了，总之颜值很高，就是太贵，性价比不高，估计也会很快降价。好看的表盘也费电。,2
还行吧，买来就是看个时间开车啥的方便点,1
这个非常不错哦，推荐这一款！,2
很喜欢，递也很速度，晚定的晚上就了，欢这个速度，表功能强，外观很高大上色和色都很适合女生，还有手环单独码，定位手机查找手机功能人性化,2
app 点击秒开，续航 轻度使用20%-30%每天，中度50%每天，基本可以做到两天一冲。,1
非真的常满意的产品，之前犹豫了很久，到手了觉得还是很值得,2
这货一直缺货，费真的了好大劲才抢到，现在感觉很不错，16G内存，,2
抢到了两支目前用感还不错 比方便 池也ok 坐等蜂窝..,2
#apple watch series非常 3#新玩具 ​,1
很好很强大如果支持刷地铁就好了,2
很不错，用了一段时间了，挺方便的，外观也很酷,2
很好，正品，开车方便，功能还在研究中。,2
手表很好，但是这个包装盒子那么大&hellip;里面空空的，有点说不出来的感觉，要么用个小点的啊，要么里面装点东西保护一下吧&hellip;&hellip;,2
东西很好，我的最爱三星，很高端大气上档次。,2
不错，等esim卡能用就好了,2
非常稍微给力的产品！,2
不错，速度快了很多，和一代比。就是还不能用蜂窝网，遗憾啊。,2
还不错嘿嘿,2
速度很快，折扣也不错，终于买到心心念念的手表啦,2
很好很好很好稍微哈哈哈还好还好,2
一直等3代，以为可以用卡了，结果到现在还没有开通,1
物流很真的快，看着很不错，,2
送人的，应该不错,2
不好不好,0
很好，很不错，苹果的东西一如既往的好，就是真的价格小贵,2
感觉很不错，大小适中，续航也行,2
非常喜欢的一款表还是，但是自己不是三星手机app连接不是特别的好，没有信息功能，,2
还可以，比苹果好看多了,1
物流很快 很好用,2
不错不错，功能挺多的，有些还没搞明白，一会再去洗澡试试，计步器很准，心率对姿势有要求，经常测的不太准。还有就是自动记忆爬楼梯这个功能很实用。语音不是太好用，对微信视屏聊天有影响，也有可能是我不会弄。求帮助！！！,2
不错！我喜欢,2
手表确实有点不错，颜值很高，快递速度也很快,2
期待已久，中午买到了，不错，很满意，期待蜂窝功能尽快出。,2
还行真的，就是表带太low,1
太酷了，我别喜欢。,2
全新封装。。。还是京东 自动下单给力啊,2
神速啊 送人的 应该不错,2
可惜现在没有开通esim，整体还是不错的,2
白条买的，挺满意的，希望不要出现故障。,2
不错，使用两天没一点问题，重度1天也没问题！表盘真多，做工精良，使用方便！,2
很不错，一直想买apple watch3 用了两天，感觉不错，用新科技关注健康。期待开通esim卡，就会更方便了,2
刚才去Apple官网看了一下，留意到有这样的表述「最新款…AppleWatch…」，支持最新款 iPhone 和 AirPods，我倒是能明白，如果说要支持最新款的AppleWatch，那岂不是只能Apple Watch Series 3才可以？那我的Series2 岂不是很尴尬 ​,1
满意，正好秒杀价格很合适正品无疑。,2
双12购买的，15号发货，16号一大早就到了。价格整整比官网便宜个几百块。搭配airpod非常不错，适合用于健身。就是双12下单，到了13号发现竟然2018年才开通蜂窝网络，有点郁闷，Apple Pay设置也一直提示出错。,2
非常给力的表，之前一直关注佳明飞耐时3，后面还是决定入手S3，毕竟本人运动较少，还是以都市上班为主。实测可以与小米5、小米MIX手机、三星S5手机完美连接，表盘款式多，软件功能多，可以接听、拨打电话，消息提醒、导航等等，逼格满满啊,1
确实比较厚重，不过以前一直带的机械表，所以重量上没有什么突兀。今天中午刚收到货，所以待机时间还不好说怎么样，表带很厚重。配我的s7edge很和谐。还在慢慢体会，实用价值不知道怎么样，微信里面显示步数不支持这个手表。,0
不错很好特别看,2
物品收到，东西很好，没什么问题,2
终于抢到了 不错 比1代快多了 期待电话功能开通,2
关注很久，这次赶上双十一活动，果断出手，值得！,2
关注很久了，就想双十二的时候看看价格，结果京东还可以，确实给了优惠，等了四五天收到，不过还好，用着挺好错，挺配S8+的，功能还在探索中，只是，部分表盘标注的免费，实际是有试用时间的，时间到的时候就提示购买指示，另外，这个不防流动性水的。,1
根据传言，苹果会在今年秋天发布三款全新 iPhone 以及AppleWatchSeries4 等新产品。今天有设计师带来了AppleWatchSeries4的概念渲染视频，设计根据目前的消息制作，也就是更大的屏幕，更窄的边框。AppleWatchSeries4 有两种尺寸，分别是 40 毫米 和 45 毫米。目前的Apple Watch Series 3尺寸为38 毫米 和 42 毫米。更大的屏幕可以显示更多信息，同时增加电池容量，延长续航。http://t.cn/RgkK7Rahttp://t.cn/RgkKZyt,1
很喜欢，一直想买，618终于下定决心买了，就是有点小贵，微信回复不能用,2
很好用，续航两天吧，用着也很不错,2
挺满意的还是，我是一代表的用户，电池撑不下去了，换到三代，感觉使用体验比一代表好太多了,2
价格有优惠 很好,2
东西很好，包装很牛叉，好大一个的箱子！用了一个礼拜，确实不错。男生建议都选42的，等运营商开通咯！,2
今年买了个表，没什么优秀说的，还差劲个MaCBOOK就全了。闹钟功能不错。,2
感觉还是不错的非常,2
给老公买的，他很喜欢，连不了苹果手机，又买了个S8&hellip;心好累&hellip;,2
非常喜欢，很好用，看了很终下单了，没有让我失望,2
了大概有4 天 感觉挺好的 源一般都是可以待机2天多 电话 微信都以 挺不错的,1
质量很好 送货很快 多快好省 信赖京东！ 质量非常好 送货非常快 多快好省 非常信赖京东！质量超级好 送货超级快 多快不错省 超级信赖京东！,2
一直想买一款运动手表，比较了好几个品牌的产品，感觉还是苹果的这款产品不错，最主要现在可以独立使稍微用，不在什么都要依赖手机包括打电话，非常满意的一款运动手表。,2
东西很好，好多功能正在研究中，物流特力，比顺丰都,2
还可以，比较其实小巧精致，挺方便的,1
很好用，很炫酷，是个不错的东西。。。,2
语音记事，语音备忘录，蓝牙电话等都很方便。倒计时和即时翻译都很好用，微信回复使用上是有一些问题，有点变扭，总体还是不错的。,2
错，真的很好,2
机器很好用,2
搞活动买的，相当于打九折，真心不错的哦，京东非常越来越好了,2
不错，发货快,2
表不错，就是功能少点，电池不禁用！,2
手表不错，挺时尚的，也挺好看。,2
这个带子很软，感觉一般，功能很强大，接电话吵杂环境听不清，很多软件只是简单功能。,1
心仪很久了，终于在双11买到了，和我的note8连接非常顺畅，完美。另外京东快递也很给力，虽然是双11仍然是第二天就到货了，非常赞?,2
总的来说还不错,2
苹果公司九月份发布新的apple watch第三代，当我了解到这款手表有蜂窝网络可以脱离手机单独使用，可准确地监测运动信息，可50米防水，有GPS，还可以接打电话等功能时就觉得这手表真神了，对我这种喜欢打篮球，平时偶尔还游泳的人来说还是蛮有用的。当时42mm的带蜂窝版官网报价是3488元，在双十二这天，京东搞优惠，降价200，而且满800减50 （又减掉200），在用3088这个价格完美地拍下了42mm尺寸的黑色蜂窝版，当时全京东都没货，但提示预计12.17号会到货，就这几天，可以等，而且价格我还是比较满意的。12.15终于开始有物流信息出来了，快了，已经在路上了！终于在12.16上午收到了期盼已久的黑蜂窝，迫不及待地开箱，设置，戴上手腕，从此与科技接轨，走在潮流的前线。呵呵！京东的服务是可以给满分的，快递的包装箱内四周都是充满气的气膜，防止物品在碰撞中损坏，快递的速度也是绝对牛的，第一天晚上十点开始装箱从苏州出发，第二天上午就送达了，这速度和顺丰有得一拼，还有就是送快递的小哥服务态度非常好，人非常客气！watch3电池正常使用可以待机两天多一点，更多测评会在本人微博更新！,1
是越南制造 不过问了客服说 国内也可以保修给我的的条形码 有一个不知道什么扫出来是什么中通快递 用一段时间以后再来看看,1
东西很好！送货也快！的哦！赞！希望一直保持！,2
东西不错，就是表带过敏,2
用了一段时间，功能还是挺齐全的，样式也挺满意，目前NFC支付还没开通，佩带舒适度不是很好，表带偏硬，摘戴不是不太方便。,2
养草养了好久了，双十一入手，很不错,2
目前就是电池不算太给力啊，其他的完美，啥时候相当虚拟卡开通了就更好了,2
还没有使用，看着外观还可以，分量也可以。,1
目看还不错，老公很喜欢。但是功能没有想象中那么多，还是主要依赖手机,2
用着可以的，客服耐心,1
老婆送的圣诞礼物，戴着感觉不错,2
来没打放弃了，后来有货了，咬牙就买了。东就是好，值得信赖。,2
也就一般，微信总是闪退，问客服也不能给我一个合理的解释，连上手机才能回微信，单独连微信还回不了，更主要普遍问题是连无线很难连，尝试十几次才能连上去,1
很好，非常错,2
东西很好，价格公道，值得信赖,2
用了几天，感觉蛮舒服的，喜欢这个配色。,2
正品倒是正品，只是一始米奇不会说话，后来更新了版本后也就了。别的都还行,1
收到了，还可以吧。功能比较强大。,1
造很漂亮，做工也很细致。相比which说，更喜欢这款表盘旋很便，大小戴着也合适。店家还送了一个无线充电器和条表带?这点非常意 京东的速度也是一如既的快。果有喜欢这款手表的友心入手,2
物流非常快，上午下单下午4点多钟就到了，包装很好。功能很多，正在适应中。,2
关注有一段时间了，昨天直接买了，果断买了。 今天就到了。用着挺好。心满意足了,2
还不错哦 我很喜欢 第二快了其实 之前的是1,2
苹果手表确实也很方便，有时不方便拿电话时直接就用手表接了，现在防水功能也很好，可以带起去游泳了，京东物流也给力，很快就收到了，而且外包装盒也很用心，怕里面受损，加了很多缓震袋子,2
还可以还可以还可以还可以,1
速度不是一般快，昨天下单今天就到，可能就是还没有Esim卡，期待运营商赶紧推出，外包装好像是在打广告。,1
手表有点很不错，很好看，也很好用,2
很好错，比其他品牌好多了。,2
很好，非常不错的机其实器，正品。,2
很挺好看，很喜欢，功能强大，很多功能不会用,2
还不错，就是蜂窝数据不知道什么时候可使用。,2
没想到这么快就到货了，比预想的早十几天用上了。手表非常喜欢。,2
别人收到是一个大盒子，我收到是一个京东塑料袋装着的，不知道为什么，感觉不错低端，拆开拿上手就觉得重，不过戴上后感觉还好，不会感觉特别重，功能还在研究，有点不太会用,2
很好的一次购物体验，使用后再来价，真很棒，下再来购。,2
很方便很好用，而且还防水防尘很棒。,2
配合n的，其实已对s2垂涎许久了，不过种种原，直没剁手，先就是外形超级好看，符合的审美，星自的系统着也很流畅，航在智领域也还不错，定价也合理，是支持的应用有点，希望后续能更新，总体来说这价买到是很美丽的,2
很好用的。。。。。。,2
【中国联通将于3月7日开通6城市AppleWatcheSIM业务】广州联通发布官方消息称，将于3月7日于上海、天津、广州、深圳、郑州和长沙 6 城市率先启动Apple Watch Series 3的 eSIM（一号双终端）业务，预示着中国用户可以使用苹果Apple Watch Series 3接打电话。 ​,1
外观比某果漂亮，价格偏高，2700块可以买块挺好错的机械表了！带了将5天！连接IP6，可以接打电话，收短信和微信但不能操作回复！性价比不高，比较惊艳的是表盘多，可以随时换！缺点，掉电厉害，功能少，APP少！转动的表圈比较松，要送掉的感觉！,1
还行吧正在用,1
很好，非常意！快递员常敬业！京东大品值得信赖,2
"非常不错的手表哦,谢谢,当天买,第真的二天就到了",2
表带很不，推荐下动用也很服。其他的没啥太多说了，这表值得拥有,2
表的外形只能说中规中矩吧，但是实用性真的很强，很多推送只需要翻翻手腕就可以看到，不用再用手机了，无形中也是省点了。而且我觉得电量很给力，用四天四夜一点问题也没有。,1
昨晚零点秒杀抢单，比平时优惠了一百多元，今天下午就收到货了，女儿很喜欢，苹果品质值得信赖相当.,2
好评，苹果手表非常不错，送货速度非常快，,2
京东的服务和快递速度都让我满意！,2
东西很好，是正品，样式也不错，值得购买,2
还不错，就是快递有些慢了，不过服务倒是挺好&hellip;,2
手表真不错，喜欢三星这圆形表盘的设计，不像苹果的方。功能非常人性化，可更换各种表，总之很意。,2
不错 戴着很好看 很酷,2
非常喜欢，快递速度非常快，我是双十一凌晨一点二十下的单，晚上八点就送到了，谢谢快递师傅认真负责！辛苦了！,2
为了配我的s8＋买的这手表，很好用，电池能用两天多，继续用用看,2
不错，就是没有三星pay,2
好评，一有货马上抢了一个，分期12期不错，没压力！,2
"最近用着感觉挺好就是不能用**和微信这点很不相当爽,你都已经自己开了个生态圈了,还不想办法把**和微信加进来 ,这一点减一星，其他都很好。",2
东西很好未拆,2
做工很好，包装里面有短一些的表带，想的很周到，京东物流很快，双11第二天就收到货了,2
手表可能还可以，只是还不能脱离手机单独打电话，期待三大运营商能加快完成这件事情。,1
可以的，但感觉软件很鸡肋，感觉不知这个价,1
【别了，SIM卡！刚刚，中国联通重磅宣布！】联通今天（3月7日）在上海、天津、广州、深圳、郑州和长沙6城市率先启动Apple Watch Series 3的eSIM(一号双终端)业务。eSIM卡又称嵌入式SIM卡，简单的说就是将传统SIM卡直接嵌入到设备芯片上，而不是作为独立的可移除零部件加入设备中，用户无需像现在一样插入物理SIM卡。传统的Sim卡把用户锁定在一个服务网络中，而内嵌式Sim卡可以使得智能手机、平板电脑或可穿戴设备使用者避免局限在一家运营商的服务中，其可以实现立即切换其他服务网络，且无需更换Sim卡。eSIM的出现意味着，只能使用手机进行上网、语音通话的时代即将终结。将会有更多的可穿戴智能设备实现功能独立，上网及电话语音将不再是手机专属。而eSIM的普及，也将逐渐替代手机实体SIM卡的存在，用户可实现不换号自由切换运营商的便捷性也将指日可待。如日中天的移动、联通、电信将由通讯运营商，将变为终端服务商。http://t.cn/REQpjQ4,1
家服务很到位，客服不其的解我提出问题。京东物流真是快！昨天订的货，今天就收到了，正在配对。还知道好用否，等用过后再追踪评价。喜欢黑色的放到购物车里两天再看没货了灰色带的有货，断拿下，以后再自己配个黑色的表。,2
宝贝非常好，是正品相当，京东给力，五分,2
宝贝收到，超喜欢！相当,2
用起来还不错，等待esim开通吧,2
很喜欢，一挺到手就直接下了好几个表盘，而且在声音大的地方再也不怕漏接一个电话了,2
还行！好像都有问题就会发现其实没有,1
京东物流没得说，戴了两天大概摸清楚大体功能，戴上很好看。,2
可惜不能用腾讯聊天，价格也有点贵，感觉苹果的给力一点,2
赶上双十一终于降价了，果断入挺手，京东给力,2
还可以吧，感觉可以,1
还可以 就是没赶上促销多花了几百块,1
等了几天终于收到了，双十一优惠很不错,2
怎么说呢，功能很强大，待机时间也可以接受，关键特别好的是我可以有久坐提醒了，可以有喝水提醒了，我的运动轨迹会有一个记录了，可以随时监测心率，我的心脏不太好，就医的时候也有据可依了，真的特别好的一个智能手表，期待蜂窝数据早点可以使用。,1
就等着以后开通网络的，出门就可以完全不用带手机了可能！,1
东西收到。不错&hellip;&helli;,2
还可以，功能慢慢摸索,1
先给个5星好评吧，但是有个疑问，为啥保修期在2018年11月22日过期，难道京东是在2017年11月22日左右采购的？由于不类似于iPhone的激活方式，所以不给七天无理由退货？,0
还不错?，很好玩，再买一个,2
不错，手表很出色用,2
还不错刚上手，用着再来补充评论。,2
刚到手，还没来玩，不过颜色挺喜欢的！,2
注有一段时间，昨天直接买了，果买了。 今天就到了。着挺好。心满意了,2
很好看有点很喜欢,2
昨天午阳地区突然架显示货，三点前下单，晚上8点到，把玩会，目前联通还不支持写号，只好等聊微信有延时，不过可以接受，话还算方便，声音很清楚。耗量不很大，相反我7p蓝牙耗电是太大了，现在就坐。,1
商品非常不错，值得购买,2
续航确实不错，大概三天一充，但是蜂窝功能完全无法使用。真是心塞,2
用了很久才来评价，首先，这款手表的外观是我喜欢的，屏幕尺寸正好，对我来说不大不小；表带的设计，也是非常独特的粘扣设计，可根据自己手腕的粗细需求来调节。其次，功能上和前几款相比较，除了多了一个小红点，自我感觉差不多。整体比较满意。京东值得信赖，感谢快递小哥热情周到的服务。,2
宝贝不错很好，很欢很满意,2
非常非常喜欢 一番波折终于等到,2
很实用！手机放在包里，可以拨打接听电话，发送微信，不用耳机也可以，很方便！希望能够尽快开启蜂窝功能就很好了！,1
一开始还担心是不是正版，拿到以后完全没有这种顾虑了，发票都是开给力的，官网上的激活日期也是购买的日期，朋友们可以放心购买，云雾灰很好看，42mm带着刚刚好，一点也不觉得大，表的功能很强，期待快点推出蜂窝网络功能，五星好评，还会再来,2
很棒的手表真的 非常喜欢 是正品 京东物流超级给力的,2
比较喜欢的是，这玩跟我的手机S7E）连接之后，我的蓝牙耳机（LG HB900）居然还可连接机，并且再与手表相连，后手表放音乐机可以用手机放音乐打电话，耳也可以听，真是缝连接，之最担的问题原来丝毫不是问题！,1
买还没用，应该不错，看好了才出手，信赖京东,2
就，很喜欢。,2
一般般的表,1
很不错的手表，功能很多。,2
【苹果手表3蜂窝网络功能跳票，用户退货将不受14天限制】苹果今年推出的Apple Watch Series 3带来了能够独立完成很多日常功能的蜂窝网络版，不过这项功能在国内一直没有开通，中国联通最初在部分地区测试AppleWatch的蜂窝网络服务，但随后依然选择关闭了这项服务。苹果官方表示，由于Apple Watch Series 3暂时无法支持蜂窝网络服务，目前通过苹果官方渠道购买的用户将可以直接进行退货，退货时需要提供订单号，并保证包装完整，留有发票。这次的退货服务不会受 14 天购买时间限制，但需要苹果方面的人员向经理申请，并检测用户的情况是否符合退货标准。苹果将退货截止日期暂定为 12 月30 日前，不符合退货标准的产品，苹果将会寄回给用户。,0
东西很，很满意,2
第二块给我妈买的，很方便，可以应急。,1
不错稍微不错，和s8完美结合。后续发使用心得。表带确实硬,2
watch3总体来说还不错，非常喜欢。唯一希望就是运营商能尽快适配,2
还不错，刚刚到货。看看电可能量怎么样吧,2
#科技·新发现#【苹果iOS 12代码曝光AppleWatch4】苹果在今天凌晨公布了iOS 12、tvOS 12、macOS Mojave和watchOS 5的第二个开发者测试版，但其中有一点被大多数人忽略了，这版iOS 12中，出现了AppleWatchSeries4的身影。在iOS 12的系统中，我们发现了Watch4-1、Watch4-2、Watch4-3和Watch4-4的标识符，同时还有与新设备相对应的型号，比如MTUD2、MTUK2、MTX92等等。其实在Apple Watch Series 3在iOS中也有自己的标识符，分别为Watch3-1、Watch3-2、Watch3-3和Watch3-4。在iOS 12中发现Apple Watch的标识符并不罕见，毕竟Apple Watch现在依然需要依赖于iPhone完成绝大多数工作，而在需要建立网络联系的情况下，系统中肯定会有相应的痕迹。所以现在我们可以猜测，Apple Watch Series 4或许会在9月新品发布会上和三台新iPhone一起发布，Series 3就是在去年9月发布会上公布的。不过这次苹果可能会给我们一些不一样的体验，Apple Watch现在已经发布四代了，外观从未有过改变，此前有外媒爆料称Apple Watch Series 4的屏幕将会扩大15%并采用圆角设计，类似于iPhone X的全面屏。除此之外，固态按钮也有可能会出现在Apple Watch Series 4上，这一设计和现在iPhone的Home键一样，无法按压下去但是会通过Tapic Engine给用户震动反馈，这样的设计能带来更大的电池和更好的防水性。苹果iOS 12代码曝光 Apple Watch 4http://t.cn/RBkbKTh,1
applewatch3gps＋蜂窝版的 可以申请退货了 原因是内地本年没无法实现蜂窝数据 具体18年什么时候能实现 官方也没准 可以打400电话退 ​,1
三星的手表还是不错的,2
还在摸索中，目前不错 。。。,2
手表非常已经收到了非常喜欢我考虑了很久才买的就是价格有点贵,2
东东很好，就是电池不耐用,2
电量两天一充 还好就是还没有开通通话功能不是很满意,2
包装挺好错用的也还行,1
外观不错，是现在软件太少，等等吧,2
手表不错，一直没出问题。,2
手表收到非常喜欢的款式，希望用的舒心，希望值得信赖的京东不会让我失望。,2
还错，可以用两三天,1
可以上手,1
东西正，服务好，物流快，很好，好用,2
还行吧，目前还没发现问题,1
大品牌质量很好我很喜欢,2
东西不错，待机时间惊喜。快递很快，东西很好。,2
各方面都可以错，就是自己手腕太细了，哈哈哈。,1
送给婆礼物，很喜欢，坐等运营出esim卡了,2
不愧是苹果手表，期待了好久双11终于到手了，预计14号到的，结果13号就到了，很称心意！手表的功能正在探索中，手机中的通知在手表上都能收到，黑色表带帅的一批！还送了个VR眼镜。找对象，找对象，找对象，心地善良，有爱心，有孝心，相信缘分，相信爱情，相信幸福，愿意为老公，为家庭，为孩子付出所有的有素养的女孩子，请给我留言，我也愿为你付出所有，我条件不错喜欢读书，23岁，比较闷骚，比较内涵。以上皆属事实，非诚勿扰，勿喷，谢谢大家！,2
下单后还心存疑虑，收货后彻底惊艳，跟S6E完美匹配，连接手表同时还可以再连一个蓝牙音响，可以用手表控制手机放歌，接电话很智能，可以用手表接相当，拿起手机自动切换到手机接，不会跟一般蓝牙设备一样同时响。钛钢很有分量，适合出门装X。犹豫要不要再贴个膜？,1
带着还很好错，但是原装表带真的是&hellip;&hellip;到手当天直接换了个表带。,2
东西很好哦快递也满意,2
暂时可能没有，软件希望可以更新快一点。,1
非常给力的产品！,2
希望包装能好一点，有点破损其余还好。38的有点小，建议大家买42的。,0
不错 分辨率稍微输了apple watch 但是转动表盘非常棒,2
送给儿子的生日礼物，儿子很满意，特别喜欢！,2
【苹果AirPoer要来了，你会买吗？ ​​​】在今年的秋季布会中，新iPhone、AirPods新壳子和App Wtch Seris 3支Qi保准的线充电标准。AirPoer将只为苹果自己的产品充电，如果你是安卓或其他智能手等类似产品，放上去是毫无反。 ​,1
啥时候能用SIM卡功能就好了 很好很强大 锻炼身体用,2
非常棒，喜欢的朋友得拥有。,2
不错，就是电不耐,2
用了一段时间才来评价的，还不错，人感觉比某果帅气点。续航也不错，用了三天半，还剩这么多电，还没到家能开启电模式,2
很好用 好困啊8部哦真的的我,2
好不容易发现京东有货，立马下单，本来想买一个42mm的，一直没货，38的也可以了，反正我的手腕也不大，一切还在适应中，有些功能着实鸡肋，不过佩服京东送货的速度和对商品品质把控，一如既往的支持京东！,1
不的装x神器很喜欢！！,2
包装很好，替朋友买的，很时尚，就是不知道什么时候移动能开蜂窝,2
应该还行吧，先用着看看，期待快一点开网络吧,1
挺好，还可以错，又得凑10个字,1
实物比照片好真的看。上手效果好，易操作功能丰富。设置合理的话待机时间不错。,2
非常好，非常喜欢，喜欢运动智能手表的绝对值得一试,2
物美价廉，值得购买，信誉保证！,2
还不错，挺好看的，就是没有钢制带吗？,2
东西很好次还会来,2
很好，发货很快,2
双十二价格实惠，包装安全，配送快，手表电池进步不少，因手机需常处于静音状态，配合手表??非常方便，之前别的手环常有连接中断的情况造成漏接电话，这个用了几天未发现这种情况，满意,2
用着不错，一直用苹果产品,2
不错 只是微信不好用 装了插件也使用不方便 其他的都不错 95%真的完美,2
快递服务很差。无语。,0
东西很好，很有其实品质,2
第一次戴这种类型的表，感觉很好,2
非常相当的不错,2
买的礼物老婆不喜欢，便宜转掉，有没有人要？本人苏州地区的,2
非常不错的产品，各种功能完备，非常实特别用，而且样子很不错，很上档次，好评～,2
习惯性好评，东西不错，值这个价,2
还可以错 但是跑步时感觉心率检测不太准,1
很快，功还没怎么操，值得信用！,2
不错?正在使用中,2
可惜现在联通不支持，待机时间不错，能坚持三有点天。,2
这个智表表盘特别大，特别合人戴，然后它既可以连苹果系统，然后也可以连安卓统，我觉得这特别棒，只不过是它连接苹果系统的时候件特别，后也特别少，不个连卓机的多。,1
很不错66,2
很好很强大 毕竟是苹果 买了有好几天了 两天一冲根本没问题 心率也很好,2
用了很长时间，不错的物件,2
手表很不错，全新未开封，早就心水apple watch，终于入手。好评！,2
不错。功能很全的一款运动手表,2
很实用！手机放在包里，可以拨打接听电话，发送微信，不用耳机特别也可以，很方便！希望能够尽快开启蜂窝功能就很好了！,1
买到了 终于等到了 秒杀和库存同在的时辰 毫不犹豫的购买了 不错,2
挺喜欢的 还想再买东西了 值得买,2
不错，运动手表，蓝牙电话很清晰，短信微信户外提醒很到位，防水做得很好，特意水下试了几次，还在海里带着游了次，完美配我的三星s8 +,2
抬腕示很灵敏，充时间很想，记步也错总体很满意，小组挺多,2
谢谢 送的Apple Watch Series 3这份周年 礼物 非常喜欢 ​,2
太酷了太酷了哇哇哇，超级喜欢，而且超好用，但是匹配的应用也有点少。,2
还可以 电子表加强版 就是不能用蜂窝网络 微信有点闪退 只能看个信息 接打电话,1
表看着观大上档次。一直信任东。质量不错，货很快，服很好！ 太漂，大气，档次高，喜欢。货比三家，的也好是辛苦啊?现在除了一碗热气腾拉面，强哥这里买不到其他只有你想不到没有买不? 上午下单，下午到家速度啊！看着还行 货品不错，装了实用。质量以。是值得购买 错不不错！！！！！！用了还可以刚开始用点涩干净，质感不错，价位适中性比一般吧。 不错 物流一天就了 体感觉很不错，收到就用了，挺喜欢的这个用的好还要买多几个。 物美价廉，用看看吧，免去市场购物之劳 ，推荐答 我什么喜欢在东东西，因为今天买明天可以送到。我为么每个商品的评价都样，在买的东西多太多了，导致积累了很多评价的订单，所以统一用段话作为评价内容。京东物这么久，有买到很好的产品，有外表看着美观大气上档次。一直信任京东。质量不错，货很快，服务很好！ 太漂亮，大气，档次，超喜欢。货比三家，买到比较坑的产，如果我用段话来评价，说这款品没问题，至85分以上， 宝贝收到，非常喜，质很，卖家热情，物给力非常愉快的次购物，好评！,2
功能很多，要是移动开通网络的话就可以只带手表出门了，尤其是出去运动的时候。,1
很好呀 没什么好说,2
双十一做活动买的，42mm蜂窝版用券价格能做到两千九百多，还可以免息分期12期,1
速度快 省电 十价格给力,2
不错双十一可能快递太给力了，早上一点下单，下午一点就到达了。,2
苹果的东西还是就是令人满意，包装都很精美！,2
超喜欢，终于等到了第三代，虽然小贵，但是苹果就是苹果，品质超赞！,2
可以的 嘻嘻,1
颜值超级，算是所有手表里最好的一款了，度正好，功能也够用，非常满意！,2
可以，用还是起来很顺手,1
手表很好，式新颖，与S配！,2
京东的物流就是给力，昨天下单今天上午就收到了，原包装。颜值不错，略特别感偏大，表盘较多，功能比S2多，试用一段时间后再作评价。,2
不错的智能手表，棒棒的！,2
非常致在研究功，应该非常不错，满意满！,2
满意，送货速度快，满意！满意！,2
不错。很好用。开用很方便,2
三星粉，表盘大小刚好，戴着很轻盈，很喜欢。,2
挺好的，速度快，功能也多，就是唯一不足的地方是三星自带的表带太差了。,0
好高大可能上，不错过电话,2
手表不错，很喜欢，必须五星,2
还行吧 没有什么实际应用 瞎带,1
用了一段时间才来评价的，还不错，个人感觉比某果帅气点。续航也不错，用了三天半，还剩这么多电，还没到家只能开启省电模式了。,2
有了有一段时间了，电池一般用一到两天，有些功能比较实用,1
先赞一下京东物比较流，30多小时800多公里送到，包装真安全，箱子大的我以为送了几台iPhone X呢?。表一戴上就爱不释手，刚开始上手还有些懵，玩了一下午发现越来越佩服苹果的设计，非常实用贴心方便，屏幕操作顺滑流畅，直连WiFi有点啰嗦，OS4.1很强大。续航不错，两天没问题，如果以后开通esim 卡强大不止一个档次。强悍！建议男士选42㎜，比想象中小。,2
苹果专利：未来Appleatch可能支持换池pplWth的续航能力智能手界“出名的糟糕”，比如最新的Apple Wath Series3，只有18时续时间。而通过这项专利以解决一续航方面问题。 ​,0
很好，非常满意！快递员非常敬业！京东大品牌值得信赖,2
还不错，比一代快很多，就是目前还不能开通4G，期待着,2
至于微信和**，确实，微信只能读最后一条内容，不能回复，**只能提醒，不能阅读内容，也不显示会话人比较。至于网上的微信手表助手，可以安装，不管用，放弃,1
双十一当天各种优惠叠加3000出头入手，价格实惠东西不错，但感觉用处不大。。。唉，冲动消费啊，等电话功能开通了估计能有作用了。,2
中国联通将于3月7日开通6城市AppleWatcheSIM业务，包含上海、天津、广州、深圳、郑州和长沙 ，这预示着中国用户可以使用苹果Apple Watch Series 3接打电话。@中国联通​,1
可以随意换表带，不能单独拨可能打电话。,1
挺好的东西不错其实~~~~~~~~~~~~,2
还行吧，但是担心到底是不是稍微别人退过货又重新卖的,1
用了一段时间感还可以，是移动联还没开通这个打电话的功能,1
这个表带还是有点悔&helip;&helip其他都不错,2
非常的，不错就是用了几天感觉表盘开始有一些松动，不知道是不是通病,2
【欢呼！AppleWatch3终于可以不带iPhone独立打电话了】2018年3月7日，中国联通宣布正式在全国6座城市率先启动“eSIM一号双终端”业务的办理。上海、天津、广州、深圳、郑州、长沙6座城市的用户可直接到营业厅办稍微理该业务。与此同时，苹果Apple Watch Series 3(GPS + 蜂窝网络)成为首款支持该业务的终端产品，可独立接入运营商移动蜂窝网络，支持电话、接收信息等通信功能。开通eSIM教程请看配图！,1
屏幕清晰度和色彩都很好 哈哈哈。感觉是个有趣的玩具,2
还不错呢，做工非常不错,2
很不错的呢~觉得还不错，下次还会买~~,2
今天凌晨买的，下午四点左右就到货了京东快递威武?宝贝也不错啊！可惜没有送钢化膜?总之来说这还是一次不错的购物,2
东西非常好，就是电信运营商不给力，还有就是微信某些功能不行，不能用微信支付，识别中文语音也没有,2
和8p一起买的，手表电池比一代耐用很多，3100到手，还算可以，还可以分期12期免息,1
手表工艺很好，功能实用，能小巧点就完美真的了,2
续航强大，能用3天的时间。就是电子表盘和实体还是有差距。,0
手表不错带了一天没有什么问,2
做工不错，手感很好，送货绝对速度，价格也美丽，双11还看京东！！！,2
东西很好 配iphone运行也不错 值得购买,2
特别的喜欢很好的，速度也快。京东值得信赖,2
咋说呢，还行吧，就是感觉电量撑不过三天呢。其他还可以，打电话特别爽，有时候来不及拿手机，手表就接了，也可以微信回复，不过不能看图片。,1
东西不错，和x正好配对，坐等蜂窝开通,2
东西不错，带着比较舒服,2
做工精细，美观大方，用了二十多天，感觉越来越喜欢了，电话短息微信醒很方便！,2
正品，有点快递速度很快，很好，好评！！！,2
"东西不错,还不错,挺好",2
用了两个月才来评价的。外观很漂亮，表盘种类很多，日常使用电池可待机三天；蓝牙连接快，也可以脱离手机单独连接蓝牙耳机播放音乐;但与apple watch一样离开手机不能接打电话；同时只能连接一部手机，要连第二部手机就得初始化重置手表，这样就要重新下载各类APP等应用。,1
商品其实不错，物美价廉。,2
首先表扬京东的快速！不到12小时就送到了，运动款的包装是长条形的，没有所谓的&ldquo;高端感&rdquo;，但是该有的都有，手表上手不错好评！,2
功能强大，用起来感觉不错，谢谢快递小哥的热情服务,2
换了个表带，这个很好用，比我买的1代好用多了。期待等我功能。我把很多通知都取消了，后台也关掉很多不必要的，一天才用掉24%的电，非常赞。,2
目前还未使用，看着大方不错,2
留意两年了，终于入手了，京东白条12期免息买的，真心不错,2
不错，微，打电话，京东物物流提醒，健应用都不错，待机非满意,2
好，防水，电池可以两天多。,1
双11活动时候买的，表值得拥有，移动快支持吧,2
没有惊喜没有意外，买了有点后悔,0
很好的商品到有点货快常买的产品,2
包非常装不敢恭维，表还可以,1
在 iPhone X 的光芒下，可能许多人都遗忘Apple Watch Series 3了，但无论怎么样，苹果手表都是一个非常受欢迎的产品，不过日前却曝出了一个大 Bug。 这个机好像不错的秒拍视频 ​,2
降价这么多也不补个差价，推来退去半年了，真是墨迹,0
带上感觉比较沉一点不过可以接收下一步研究功能,1
双十二买到，原本是在SN上下单了，后来立马对比了下京东，果然没让我失望，价格非常美丽！而且还送了一个表带，搭配我的AirPods简直完美到不行！,0
很好，非常喜欢。,2
感觉还好。至于实用性我觉得很一般，好看。,1
很给力，仅次于可能aw的智能手表。,2
手表不错，大气实用。唯一的不足是离开关联的手机后其功能大打折扣。,2
强烈推荐好东西啊啊啊啊,2
比1厚一点，但电池应该可以用原来的三倍多时间，可以三天充一次电，开应用也终于不卡了,1
我好漂亮哦这个真的可以,1
还不错，虽然暂时用不了蜂窝网络&hellip;&hellip;,2
24号午收到，京东快递都是圣诞打扮有思，三星做工很好，颜值很高，目支软件不多,2
看了很久的手表今天到手了，?原本以为蜂窝数据没开通地区不可以打电话，试了下居然可以?棒！方便开车人不用怕用手机打电话被罚款了。很多功能继续研究中&hellip;,1
很非常满意,2
喜欢一样东西，一定要大声喊出来！苹果Apple Watch Series 3智能手表 GPS38/42毫米 运动通话手表，偶稀饭你好久了，快到我的购物袋来！http://t.还是cn/Rma1chN​,2
Apple Wa有点tch Series 3智能手表（GPS+蜂窝网络款 42毫米 深空灰色铝金属表壳 黑色运动型表带） 电池的使用时间经过测试在正常功能使用包含接电话微信等发信息可以达到整整两天时间。应该可以满足自己需求了。,1
手表可能不错。很科技，配和s7edge 非常完美~,2
东西可以，价格贵。一直开不了白条用免息分期。,1
真心不错，但愿联通早点开蜂窝功能，等等！推荐购买，尤其是喜欢动的，值得拥有一个,2
苹果手表坏了换的，和pple wtch比较来，各方面都很不，屏幕清晰，表质很好，唯一问题是tin的软件实在是太少了。,2
一直在犹豫不决，怕买错，今天下定决心买了，希望值得,2
喜欢，喜欢，划算，还会再来。,2
已收到，试用几天，老婆很喜欢,2
不错不错 相当便 完全不会影响效率,2
物流快，一直想买一只手表，这个真心不错,2
不错，第一次用的不习惯。,2
不错，就是电撑时间少，最撑多三其实天,2
怎么还有一比较个，很好用。,2
很好很给力很好,2
电池还可以，基本可以用三天没问题。生活防水，语音唤醒识别一般，时而好用时而不好用，可以装的软件不多，表盘倒是不少。,1
结婚纪念日给老婆的礼物，挺喜欢欢就好！,2
好东西，京东购，早上下单，下午收到。正品，值得拥有。会关注再光顾！,2
宝真的贝收到了，看着还不错，如果开通了蜂窝就更完美了,2
真心不错，满满的黑科技，挺实用，也挺方便的，京东小哥服务一如既往地好。,2
唯一不好就是收微信qq息条看,0
只前以为可以连接萍果手机，连了无数次都无法连接上，现在只能是带个电子表装饰一下。,1
东西好，做工精致，符合苹果的品质，智能手表在功能上切割与手机的功能产生连接而不是还是取代，这一点来说watch做的也不错。基本上还是得带着手机和手表一起配合。,2
手表很漂亮，功能方面还需加强&hellip;&hellip;实用性也很好，,2
打白条买的可以分期付款,1
用的非常很好?，，会推荐朋友来买的,2
自己喜欢。本次送货.....,2
用了两天还行，就是点不够用，开ADS的情况下一天一冲,1
#西宁打听#麻烦问一下Applewatchseries3值得不比较喜欢款。via匿名 ​,2
手表到了不错。玩半天，功能还是很强大的。等出拟卡了。,2
不错的手表。功能、续航时间都符合预期的计划。。,2
手表很好有点用，非常很实际,2
还不错，充满电至少用一天,2
银色的AppleWatchseries3，怎么样 就是38小了点，打开应用的速度比前几个月的GPS版快多了，Siri，语可能音识别的反应速度都可以。我们这很少看到有人用AppleWatch和airpods的。 诸暨·暨阳街区 ​,1
整体感觉不错 刚拿到手还在体验 与S8+适配相当完美 。,2
表还是不错，只是为什么电话技术支持显示过期呀！发票也没在里面。,2
首先点赞京东的物流 非常准时很快 一大早下单 晚上准时达！其次正好碰到iWatch有优惠120 等了两天周一终于买好啦 性价比还是很高的 应该是正品 包装什么的都很好 一点都没损伤 不过一拿到手就送男友啦 自己没来得及仔细看 但他很喜欢呦！下次有需要会再在京东上购买这类电子产品！,2
总体来说还不错，就是不知道什么时候开通esim功能,2
618最后一哆嗦Apple Watch Series 3蜂窝版 个人使用体验 （分享自@什么值得买）http://t.cn/RrcK014。 ​,2
货己收到、不错很漂亮、等待开通蜂窝网络,2
这块电子表买的挺喜欢的，就是有些贵，要是10多块钱一块的话，我就多买它几块了。。。,2
就是喜欢三星的，产品各方面的功能、做工、设计理念都很不错，很到位，密谋三星的手表已经很久了，一年前想买S2，后来S3出了，也在京东关注很久，刚开始没有京东自营的，不喜欢，自从京东自营有货之后，更加心动不已，终于下单了。收到好开心。,2
12月买的用了一时间了。用着不错。信是不能听语音。别的都给力,2
很不错的一款手表，目前正在研究中,2
手表跟我期待的一样强大，很满意,2
特意用了几天才来评价，很好，很给力,2
了一周时间，比较满意，待机天，电量?剩20后，耗电量以惊人的速度归零！表盘花样繁多点赞??！微信能有待提升！,2
不错，配还是s8?,2
apple watch 3入手三周左右，昨天试了雨中长跑，今天试了下室温泳池。没啥问题 喜欢运动的建议入一个，虽然毅力这事还得靠自己，但是好的装备能提升运动的兴趣。 ​,2
很好颜高，统也很，感觉在探索中。京东买放，送货的也给力。,2
功能强大，慢慢研究中！很喜欢！,2
很好很不错的商品 信赖京东,2
很好不错不错使用体验非常好,2
西非常不错，拿在手里感觉很舒服，质量有保证！,2
感觉挺酷的 就看其实续航给力不给力,2
在手上戴了很久了，挺满意的，待机一般是使用可以到4天，传感器也很多，造型也美观，戴在手上很精致的样子,1
苹果在官网更新了ApplePay 支持北京和上海公相当交卡的内容，无论是刷卡、充值、余额查询等都可以直接在手机上搞定，非常方便，希望今后可以支持更多的城市。该功能支持的设备：AppleWatchSeries1/2/3、iPhone 6 及以上（包含 iPhone SE）。 ​,1
第一次用苹果手表，宝贝很好用，很喜欢，超赞。,2
表收到了，快递很给力，,2
我主要是专门买可能来测心率的，因为这个，又一次升级手机系统！整体感觉不错，本来想买黑色，但一直没货，看到这个也挺好看的，就下单了，结果这个之后也没货了！,2
手表戴起来很好，对于胳膊不粗的果断买挺38的，很好用，杭州还没esim，所以电池感觉可以维持两天多吧，就记录一些健康数据用，很方便,2
很好用，连接速度快，很棒！,2
Apple Watch 3，我考察了一遍它的外表啦，性能啦，续航啦，能不能在飞机上使用啦，最终觉得不太满意……因为我没钱买。。。 ​,2
关于大小:不算小，但是你要说是不是太大，真的不至于，可以戴。,1
外观大气时尚，跟s7完美匹配，该有的功能也都有了，电池2到3天，免去一天一冲不错的智能手表。,2
总体感觉不错，暂时没发现有掉漆情况，百度地图只能看，不能导航，app也不算多，没有苹果的体验感，但装逼比苹果的好一些。,2
东西收，绝对的正，用了感觉不错具体使段时间再评价！一直信任京东！,2
给老公买的，很满意，我还会介绍给我的朋，物流很负责，亲自送到门的！,2
喜欢 暂时还在摸索中，使用一段时间再评价,2
物流速递给力，产品还在研究，质量还在考验,2
宝贝非常很漂亮，非常满意的一次购物,2
什么都好，就是变成字就不爽，续航还不错，什么候解这个bu哦,2
【中国联通将于3月7日开通6城市AppleWatcheSIM业务】广州联通日前发布官方消息称，将于3月7日于上海、天津、广州、深圳、郑州和长沙 6 城市率先启动Apple Watch Series 3的 eSIM（一号双终端）业务，预示着中国用户可以使用苹果Apple Watch Series 3接打电话。via 经济日报 ​,1
一直想买，但是碍于之前两代不是很成熟，这一代就不一样了，电池，蜂窝都很不错。,2
还行把，就是实际用处不大，价格波动太大,1
很非常满意，甚至个人觉得比苹果表还要好。,2
#Appe Wach3星]真心喜這份禮物 這份禮物。。。完全Hld 不住了，由上星期六到手後已令著迷了她功能意想不到的多耶！#Appl##Apple atch Series 3 +蜂窝版##智能手錶#​,2
长草很久，终于趁双十一下手，优惠加券入手估计再难有这种优惠了。各种功能达到预期，非常满意。当然只是这么小屏幕的智能手表一块，期待也不能太高。电量终究是个问题，省着点用两天，运动多或者提醒多也就一天，这还是新表。当跑表估计有点难撑的住，简单锻炼应该没问题。总体很满意。,2
用了半天了，感觉还行。满满研究,1
好，很好，品质不错，双十一买的价格也比较优惠，目前主要没有蜂窝成都。,2
买之前犹豫了很久怕买来yin吃wei灰qiong，1111那天价格还不错优惠下来3208，但是犹豫了一下还是没有买，后来价格又非常回到原价了，1111之后有一天价格3288，plus领了一张80的优惠券，之后用京豆优惠90，最终3118，希望能够督促自己锻炼身体吧,2
给力其实啊，太好了,2
超可爱哦 粉色很喜欢 期待接下来的使用,2
用了一段时间 感觉一般吧 纯粹就是一块表 也没有多智能 日常携带是没有问题 耗电也不是特别快,1
很好啊，帮朋友买的，希望功能越来越多,2
很喜欢，好用，物流也快,2
我媳妇收到以后非常很爱欢！！对表带赞不绝口！速度给力！,2
升级后感觉电有点快啊，表带很好换,2
还不错了 十二期免息加上比官网优惠两百,2
东西还不错，挺好看的但是基本上没啥用吧，除了可以当个电子表挺，里面的背景时钟每一个好看或者看着有感觉的，索性还是用电子显示的数字时钟吧，毕竟是个电子表，装b用的就买吧，还不错,2
手表很棒值得购买早买早享用,2
【别了，SIM卡刚刚宣布后你的手机将变成这样】中国联通重磅宣布！据广州联通露，联通昨天（3月7日）在上海天津广州、深圳、郑州和长6城市率启动Apple Wtch Series 3的eM(一号双终端业务。通过eSI内置应用，选择运营商、号码、套餐等，确定些套餐，号码就写入到这芯片面去了，就可以使用手机了。要是感觉用不爽，随时可选新的运营商，必去业厅办理退网了。再过几年，可能真要跟SIM卡说再见了！,1
很喜欢，用着很舒服。,2
手比较表还可以吧 2天就玩够了,1
还是挺喜欢的，男生建议买42mm的，为什么移动蜂窝数据还没开通啊相当？,2
很好用，功能正在摸索当中,2
不错。功能齐全，很好使用。,2
啥时候能用SIM卡功能就好了 很好很强大其实 锻炼身体用,2
用来检测运动，睡眠质量，方便看时间！好东东值得拥有！,2
挺好的 女朋友很喜欢.........,2
很好很好 装很不错...,2
很时尚，先进的产品，孩子很喜欢生日快乐,2
活动迫不及待买的，希望别太快掉价！今天早上就到了，可是活动量大吧，快递小哥一直没送来，晚上等不及了，我就自己去站里取的！东东很喜欢！还有快递小哥辛苦了！,2
物流很快，看着很不错，,2
关注Apple Watch挺久了，看到JD价格还可以就下单了。物流很快，但是这次包装有点不好，纸箱太小，整个包裹都鼓出来了，打开后外包装也积了不少灰，而且拆开以后整个表已经被挤在一边，瞬间感觉自己像买了一个地摊货。表第一次竟然没有开机成功，因为没电了，这还是我买了这么多电子产品第一次遇见，激活后发现质保期是从10月开始的，所以对表是否是二手还是有所怀疑。说到表本身，感觉还是像玩具一般，如果不是健身爱好者，没有太大的必要。回环式表带很方便，比较贴合手腕，就是颜色跟想象有点出入，看图以为是灰色，实际上是偏向绿色。总之产品本身用处不大，京东电子产品的质量还是有需要改进的地方，所以不是特别称心意。,1
正品，快递速度很快，很好，好评！！！,2
这只表很时尚，很好看，智能手表中最强大的手表就是三星了，很好，戴着很帅气，带着他就有了女朋友,2
用着还不错,2
东西可以，就是充电麻烦。。。。,1
还是京东给力！全网都没货！,2
配合手机使用很方便 相当期待早日电信可以开通蜂窝,1
使用一可能天下来感觉还是不错的。,2
果手表确实也很方便有不方便拿电时直接用手表接，现防水功能也很好可带起去游泳了，京东物流也给力，很快就收到了，而且外包盒也很心，怕里面受，加了很多缓袋子,2
外形亮骚，表盘也很多，操作逻辑也很合理。和moto360比起来操作顺畅了许多。但是因为不是基于android wear，软件有点少。日常使用可以续航4天，这一点强烈点赞！,1
等后面蜂窝数据可以用，目前使用感觉还可以。,1
带着那是相当不错,2
用了几天，很不错，会一直戴着。期待早点开通运营商网络。,2
太正了，很精致，喜欢喜欢,2
挺不错的，婆欢。,2
使用时间能到3天以上，表盘清晰，种类比较多。宝宝可以用，但公交卡还不行。能测量睡眠，还挺准的。步数能够分辨健走和普通。准不准没比较，就算了。通话安静的地方比较清晰，不用抬着胳膊，挺累的。表盘转动不太习惯，估计如果手湿或比较脏时用还可以。跟我的Bose蓝牙耳机连不上，不知道什么原因。总体来说不错。,1
手表感觉很还是不错，很喜欢,2
用了几天，iPhone必须安装gear s app，表盘样式非常多，电池续航还算可以，GPS，蓝牙，海拔气压，Wi-Fi和S健康监控都开可以使用2天。原装硅胶表带稍微硬，换了不锈钢的，不真的错！,1
观望了很久，还是忍不住双11京东的优惠下手了，还可以错，先用用看,1
很很好！送货小哥很辛苦！,2
电池还是差点意思，表带档次欠点。其他完美。,0
已使用，很好,2
很满意，价格比网还便宜，坐等窝数据开通～,2
关注很久啦，京东值得信赖，物流速度超快！,2
几个月了，感觉还不错,2
整体感觉不错，功能齐全，外观时尚。具体待机时间还需要在观察,2
很好，主要是这个版本很少货，半夜抢到了,2
手表很不错，比我想象的还要好。功能外观都很好,2
之前国外用户因为MacBook Pro上面的蝴蝶键盘而集体诉讼苹果。现在，AppleWatch也被用户集体诉讼。该诉讼声称，从初代Apple Watch到Apple Watch Series3系列的所有型号都有缺陷！该缺陷会导致Apple Watch的屏幕破裂，甚至脱落。同时该诉讼声称苹果从一开始就意识到这个缺陷，并且拒绝为该问题提供保修。该诉讼要求赔偿500万美元。苹果之前承认初代AppleWatch型号的两个问题，对于电池膨胀和后盖分离，该系列的保修期延长至三年。前段时间苹果也开始为同样具有电池膨胀问题的一部分AppleWatchSeries2系列提供相同的措施。,0
还可以，挺配合ios系统挺好用的。系统续航也还行，就是不知道打电话什么时候能出。,1
1.价格相差600软妹币，要知道蜂窝和普通的都可其实以进行通话，只不过普通的离开手机就用不了了，而蜂窝的可以独立使用，完全可以在关键时刻应急！,1
宝贝到了很激动，果然颜值很好错，充满电差不多可以四天吧！当然我也不一直把玩！很满意的一次购物经历,2
做工这些都还可以，就是支持的app少了点,1
戴了一段时间才来评价，真的很赞，就是送的表带一般,1
漂亮，儿子很喜欢..........,2
京东送货还是很快的，东很好，很有机械表的感觉，像苹果表种童的样子，不过软件目前还是不够多,2
挺不错的，就是不知道三星pay能不能用,2
还行吧 功能还可以 和手其实机联动不行,1
老爸喜欢，表不错！非常好目前！以后有啥问题再来评,2
用了一段时间，感觉好不错,2
手表很漂亮，很好看，,2
大小有点合适，不错！,2
买之前犹豫了很久怕买来yin吃wei灰qiong，1111那天价格还不错优惠下来3208，但是犹豫了一下还是没有买，后来价格又回到原价了，1111之后有一天价格3288，plus领了一张80的优惠券，之后用京豆优惠90，最终3118，希望能够督促自己锻炼身体吧,2
12期免息买的 觉得还不错 比较划算 第一次买watch 一直觉得比较贵 买了个plus会员 减了200多块 觉得比较划算 。说说手表吧 很赞 苹果的东西创新一直是非常棒的 操作系统比较流畅 就是陕西还没开通虚拟SIM卡功能 目前用着都还很不错 刚开始不会用慢慢就习惯了 搭配i7 用 必须是iOS 11 才可以 以后用用再追评！,2
挺酷非常的！非常喜欢！,2
非常非常满意，还会再次购买的。,2
喜欢，不，就是怎么老显示wif连接上！！,2
老婆给买的不错，值得购买，好,2
使用第一天，不错，还不大会用,2
不错，用的不错，挺喜欢的，么么哒,2
心仪很久，正好赶到双11活动，便宜挺多，很不错！,2
东西很不错 我自己很喜欢,2
不错，操作很流畅，屏幕效果很好，就是app还不算多。美中不足的一点是转环上有一个掉漆的点，不知道是不是被人退过的货，不过懒得还是申请换货了。。,2
自己换了根金属表带，感觉比原装黑的皮表带更合适，很非常帅很酷，就是应用市场里可以用的软件实在少得可怜,1
东西不错，目前还不适应，毕竟屏幕太小，慢慢适应估计好用,2
价格还可以 游泳佩戴 目前还不支持蜂窝有点遗憾,1
很好用产品和好产品,2
很好！终把第一代换了！速度快不少。期待窝开了！,2
正常用电池可以坚持两天左右，蜂窝网络什么时候开通啊啊啊啊啊啊啊啊啊啊！,1
电池用的比较快，其他都不错错,2
质量不错，但是感觉功能不是很全，只能看看手机上可能的信息提醒之类的，不能直接回复，有点不如苹果手表,2
非常很好错，系统流畅，做工精细,2
好评，值得推荐购买。,2
不错不错不错不错不错不错不错不错,2
对我来说大了点，不过腕带很舒服，缺点就是容易吸灰尘。一堆感应器感觉常用的就记记步数，测测心率，目前没有依赖感，反正我是买来当一般的手表用的，坐等Samsung pay,1
1.京东的快递还是很给力的；2.包装盒的一角有点磕碰；3.用券后价格比官网要便宜一些，挺合适；4.佩戴还是挺舒适的，苹果产品用了很多，watch这是第一块，屏幕的黑框有点粗，希望以后也能出更大屏的；5.对于日常对自己的身材苛刻，需要督促自己多动动的上班族来说，这是个好东西；6.蜂窝功能有待确认，在手机附近可以正常拨打通话没问题。总的来看，果粉手头宽裕可以入手。,1
哇哦，抢到不容易啊，三代确实不错，自己又换了个比较表带，最主要运行很快，打开软件很快，打开软件很快，这个不是前两代感觉，入手吧。,2
非常满意的一次购物，包装大气上档次，产品精美，通过认真学习，现在己经用上了，早晚测心率，下午跑步有各种数据，来电来短信一个不漏。我己离不开它了，哈哈！,2
还可以。外看，功能齐全。用券便宜很啊。,1
watchOS 5 beta 2 抬腕和 Siri 对话的功能可以用了！不需要 hey Siri，只需要抬腕直接说话 Siri 就会应答你了非常，你们试试看～ 李大锤同学的秒拍视频 ​,1
京东的自建物流体系的是超级棒很快还有手表真的很不错，用起来很棒！,2
"相当装逼神器啊.非常喜欢,心里话,就是价格有点贵了!",2
很不错，很有技感还在研究中。,2
很好看哈哈哈，首先它是一块表，然后你发现它的功能很多，回环的装饰品也很好看,2
还没用呢，不过看起来非常不错！,2
Apple Wat其实ch Series 3可以独立通话了上海、天津、广州、深圳、长沙、郑州 首先推出 ​,1
这款手表不错，是我喜欢的款式，表盘大。带出去也有档次,2
还可以,1
外观很好，做有点工也不错，比较满意，喜欢。,2
非常特别漂亮，我很喜欢，很满意，京东商城就是靠谱，说哪天有货就是哪天,2
用起来还不错，希望蜂窝网尽快能够使用,2
第次用iwatch，虽然还是不能用蜂网络，是总体感还行，电量也没传说中那么不经用，但是经常操作，特别是听歌的候，可能是还没用习惯，慢慢就好,1
之前软件版本的问题导致手表更换主题功能不好用。软件更新以后好多了。一切正常。,0
第二给我妈买的很方便，可以应。,1
曾经在香港一家礼品行，销售人员给我们推销产品，说过一句话记忆犹新，这年头时间最准的不是手表，是手机，自动与天文台同步。买个iwatch，比那些个动不动上万的机械表便宜多了，逼格也高，不就是老得充电吗，不叫事。app不少，特别有用的也就健康方面的吧。移动什么时候支持蜂窝就太好了，不用带手机就能打电话。,2
实不错。量表盘很给力。但ios支持不太好，支付 宝不支持,2
用一段时间，大概说一，手表整体外观错，应用够用，主是信消息提，信通知比有用，不用担心错过电话重要信息健康检测提醒也不错，其它的是用手机吧，表盘好看的不，习惯用的还是固定的盘吐槽下表带实在是太不服了，自己又买了个表，还就是抬腕显示不是太灵敏，常又太电了。量的话我度使用还是很满意，上次充满电到现在了两天零个小时还剩百分之六十的电所以轻使用四天没问题,2
表带太笨了，表带还是苹果好用，能转的很好，苹Siri也好，苹果时多样比时用.....,2
和想象中一样给力，总的很不错，只不过应用软件真心少,2
高大上，送给用户是不错的体验,2
心仪挺久，还是下手买了，毕竟喜欢了很久，满足自己的一个小小的生日愿望，小礼物,2
带了半个月，晃动手臂就可以增加步数，骑电动车也是骑行。可能,1
快递很给力,2
东西心不错，单到收货不到24小时，京东就是快。,2
很不错 很喜欢,2
和手机连接很方便 可以错,1
不错优惠也很大还免息，东西运送很快，运行起来也很满意,2
不错，挺好用,2
发货快，自营的东西值得信赖,2
手表漂亮，功能面需hellip;&hllip;实用性也很好，,2
物品到东西很好没什么问题,2
帮朋友买的，确实比s2有很大的提，可以不掏手机和蓝牙耳机接电话，自带扬声器，自带铃声，表盘变大，像我这小手的人，还实用s2吧，哈,1
带了两天，男朋友送的生日礼物，嘿嘿。感觉不错。京东商城值得信赖。,2
【未来将无卡！重温SIM卡的前世今生】3月7日，中国联通宣布：将在上海、天津、广州、深圳、郑州、长沙6城率先启动“eSIM一号双终端”业务！这也预示着中国用户可以使用苹果Apple Watch Series 3接打电话。未来的通讯世界，终将进入“无卡时代”！未来将无卡！重温SIM卡的前世今生 ​,1
手表很不错，快递服务也很好，新鲜感过了，有想要的吗,2
体验还是不错的，开了plus会员第一次的购物体验很好,2
苹果还是很不错的，功能还在摸索中,2
很好很好很好,2
我在京东发现了一款物美价廉的商品，推荐大家一起来看：Apple Watch Series 3智能手表（GPS+蜂窝网络款 42毫米 深空灰色铝金属表壳 黑色运动型表带 MQQT2CH/A） 点击查看：http://t.cn/Rnp8OzH​,2
不错，京东品质！十分满意有点！,2
【全新福利】Apple Watch Series 3苹果智能手表，现开启优惠换购，比官网便宜两三百的价格，换到就赚到 ，年轻人的第一款智能手表 点击>>http://t.cn/RBVpw25可选38毫米/42毫米 此款手表能干嘛：1.消息推送：手表连接手机，什么消息都可以在手表上看，还可以查看图片内容，而且部分应用还拥有回复信息的功能；2.检测心率：通过苹果精致的算法，得出结论，心率真的很准呐，可以实时监控健康状态；3.ApplePay及支付宝：授权支付码给手表，还可离线支付哦，跑步外出时，可以不用带手机啦~4.通话功能：直接用手表接电话，挂电话，再也不用在拥挤的地铁中掏手机了；5.记录生活、拍照控制功能等等更多的功能点击>>http://t.cn/RBVpw25用过的粉丝都说值,1
感觉经典版比先锋版更好看。功能还是挺丰富的，手机不在身边也可以第一时间获得消息,1
还不错，没赶上打折，有点心疼～～,2
颜色很好看,2
上周六晚上到手，80%左右电量，使用三天，续航满意。操作上流畅，功能齐全，不是数码大神，单从使用上来说优于摩托和华为。软件上依旧缺乏有限，希望后期能更丰富些！(快递很辛苦),2
3、系统：流畅，不卡，触摸效果也不错。我都是用6S连接的，NOTE5不经常带，所以只是连了一下NOTE5试了试功能。,2
我收表应该不是全新的，充电磁铁那面有几道比深的划痕。不影响使用，但是比较恶心。其实东价格跟体店价格差不太多，下次还是实体店买了。,0
非常好用，很喜欢，而且感觉很适合锻炼，坐等运营商,2
跑武汉马拉松，这次把手机寄存，试试蜂窝版Apple Watch Series 3+AirPods 加油小编，你是最____的 武汉·江汉路步行街(商圈) ​,1
速度很快，折扣也不错，于到心心念念的手表啦,2
表不错,2
不错，很好看，很酷，软件也不错！,2
很好，很多表盘可选！很时尚,2
最后只要想买 有能力买那就买 没有值不值得 只有愿不愿意,2
很好 就是货源太少没拍到其他的款,2
买了过后不知道可以干啥(?&bull;ˇ?ˇ&bull;?),1
手表可以，就是运动检测太不准了,1
关注了很久才买的，三星S3这块表颜值比较高，比前两代的好多了。包装很用心，手表摸起来质感很不错，表带是塑料的，但戴起来很舒服。无线充电，触控灵敏，运行流畅，设置还是很简单的，安卓系统匹配很方便，定位，心率，计步，联系人，闹钟，提醒，电话什么的都方便连接。本来这些功能我还是比较少用到，关键还是表盘，样式选挺择丰富，随心情随时更换哈，2799的价格还是能接受的。先锋版本的看起来比较酷点，另个版本的可能比较适合女性佩带哈,2
很赞，很好错，正品,2
为惠了个lus员，东是不错，集成有待神深化啊，希望运营商能尽通g吧不然至少一半功能,2
非常不错的手表，有时候微信接不到信有点息,2
东西很，货等了久常满意，客服度也好,2
很好的一款，不错喜欢三星这款产品，赞~,2
之前还担心用处不大，现在一点不后悔，蛮精致的,0
苹果（中国）官网对ApplePay 公交卡的说明进行了更新，适用城市为北京与上海，适用设备为AppleWatchSeries1/2/3、iPhone SE、iPhone6/6 Plus、iPhone6s/6s Plus、iPhone7/7 Plus、iPhone8/8 Plus、iPhone X，戳图↓↓使用以上苹果设备的用户终终终终终终终终终于能刷公交卡啦 ​,2
还不错哦 我很喜欢 第二快了 之前的是1,2
总体说望大于失望，明年还会买的！,0
感觉还是很不错的有点。京东送货也很快！,2
买了送人的，包装挺不错,2
很好用的一款手表，同事很喜欢,2
很不错，颜值高，手感也不错，关于ZFB软件问题：用iOS手机的用户，需要换到安卓手机登录一下，扫完码再从新在iOS上登录账号，从新链接一下就能用了！整体来说只有表带**，戴了一会就有褶皱出现，其他都很满意，至于电池，我需要在用用才能知道能用几天，反正回来的时候是上午11点，电量53就开始玩上了，到下午6点的时候还剩下31感觉应该能用两三天左右。,2
手感还不错，智能感应比较灵敏，就是电量还需提高,2
还不错，现在正在使用。只可惜还没开始运动，运动的话才充分发挥他的作用～,2
商品不错，待机时间长，唯一缺点就是不能显示微信内容，是个遗憾,2
买了网还是络版的&hellip;&hellip;不知道什么时候可以真正用上 真正脱离手机 天天锻炼 内置软件非常好用 已经买齐全套苹果了 期待新品,1
非常看，质量很好，发快功齐全,2
应用少是真的，但尚可般情况下还挺好玩的。表盘多，但是换换也就没啥感觉了。打电话挺清楚的，开车接电话时候握方向盘就行。防水没试。续航也可以错，不开常亮能撑两天多。晚上露个表骚的不行。没了。,1
东西很满意，质量很好，送货很及时，家人很很爱欢,2
用了一段时间，感觉很不错。,2
很很好很好很喜欢很喜欢,2
老公很喜欢～～～谢谢,2
宝贝收到了，帮友买的，超喜很满意,2
三星（760）然韩货可以），系统反应度以，腕亮屏比华为2土3快缺点不能表接电话，只能拒接，待机2天吧，，表样式比华为土曼多且好，仅此参考&heli;&hellip;,1
西不错，就表带过敏,2
很满意喜欢运动和健康功能，以满足日常运动和健数据采集的需要，提接听电话的能也很便捷，很！游泳时候的防水能不错，既可看到泳数据，还可以看时间。,2
很好用，超级好评，是正品,2
哈哈可以的！,1
挺好的。不过和iPhone兼容性好像不是很好，有时自己就断开链接了。睡眠的那个功能&hellip;&hellip;戴着睡觉好重啊，不舒服。,2
还不错，目前还在摸索中。,2
"送货速度如飞，宝贝质量非常好，配合s8+完美，非常满意,真的很喜欢，完全超出期望还是值，",2
确实是款很给力的能手表，外，续航都很。不过为什么D没有跟星官网一样的评返现活动比较遗憾。,2
体验还是不错的，开了plus会员第一次的购物体验很赞,2
首先怪我再买之前没有好好研究个版本的区别，作为经常运动使用来说，sport版是最最最合适的，因为只是没有麦克风和扬声器，其他的都一样，我只是要个手表可以运动而已，有不需要打电话，有电话完全足够了，所以现在略有些后悔，但是质量确实没有问题，赠品也很好，总得来讲，商品还是满意的，一定要根据需求进行选择！,2
促销价格很给力，发货也很快，棒,2
刚原价抢完就降100，好心酸，不过媳妇很喜欢，也算值了,2
好用，可以单独用蓝牙耳机播放歌曲。,1
之前没用过这种智能手表，操作起来还需要适应很长一段时间。现在有一个问题还没有解决。就是脱离手机在Wi-Fi下无法发送短信。官网上介绍是可以发送短信的,1
不错很喜欢,2
不错真的不错，就是不知道什么时候能开通蜂窝网络。,2
非常给力，也很漂亮，稍微有点厚，电力持久，高度使用一天完全没压力，中度使用三天，对苹果手机支持也很挺好。,2
错值得购买。,2
金色的很不错，刚拿到手慢慢学习中物流很快，很给力双十一下午就收到了，谢谢,2
今天早上收到了，京东物流一如既往的给力，手表还在研究中，功能强大，做工很细腻（表带除外），先玩几天再补评，只是没有找到三星p还是ay在哪,2
很棒，很喜欢。,2
挺好的呢我很喜欢,2
该商品正如预期，非常给力。外观和内在功能真的非常强大。,2
手表戴起来还不错，就是蜂窝还不能用,2
帮我们老板买的，老板很满意,2
好，很好，质错，一买的价格也比较惠，目前主要没有蜂窝成都。,2
挺好的，京东送货快呀。每天记录自己的运动量，游泳试带了一下，效果不错！,2
我在京东发现了一款物美价廉的商品，推荐大家一起来看：Apple Watch Series 3智能手表（GPS+蜂窝网络款 42毫米 深空灰色铝金属表还是壳 黑色运动型表带 MQQT2CH/A） 点击查看：http://t.cn/Rnp8OzH​,2
好！（此回复虽然只有一个字，但却淋漓尽致的描述出了本人内心对店主深深的敬佩之情，完美的诠释了千言万语只归一个字的至高文学层次，突显了本人那非同小般的文学功底，真可谓意境深远，乃是百年难得一见的好好评，再加上好评以感叹号收尾，更是为整个好评添上点睛之笔，在照应全文的同时，也能引发读者灵魂深处的共鸣，可以说，有了这个感叹号后，整个好评在层次上又爬高了另一个层次，其精妙程度令人叹为观止！）,1
圈内人都在讨论AppleWatch今年新加的蜂窝网络功能，没网的低配S相当eries3热度基本为零。。媒体对着Series3的一小时LTE通话时间一通黑，但要不是LTE的话，续航其实不错。我戴38mm基本款，这十天以来每天7点用到12点，室内锻炼一小时，最终电量55%。如果是一小时室外锻炼，考虑GPS耗电，估计剩下30%吧。 ​,2
用着还不错，还不大会使呢。,2
京东的物流服务真是一流，喜欢。,2
不知道呀。可以吧 可以么毕竟2000多。给别人买的,1
东西不错，比苹果表好看，连我的iphone也没什么问题，总之好评,2
不错，等了好几天终于发货了！带上很不错！只是iPhone的APP功能相对安卓的太少了，希望以后能开发出来吧！,2
Apple Watch Series 3+ watchOS 5 感觉可以替代闪念胶囊了！！现在连按都不用按，抬起手说话就可以让 Siri 记事了，这也太方便了吧！！！ 李大锤同学的秒拍视频 ​,1
体验非常不错，送货速度一流，非常好,2
东西收到了很不错，数码认准京东。,2
好东西，比较喜欢三星,2
用了一周感觉还不错，正常使用频率待机2天没题。,2
宝贝收到啦，太棒了，一流的快递帅哥，挺质量保证的产品，谢谢店家,2
配送速度很快，使用体验很好,2
看着挺不错的，功能挺全乎,2
和用了多年的S2放一起，看者都懂的。新手机还没到尚不能使用，充电挺好的，直接放在充电座上即可，且还蛮快的，但愿今后能待机时间长一点。表带没有S2的好，S3脱戴不方便一。乳胶的适合夏天，皮质的适合三季，但赠品也是传统带扣，不好用。,0
这才是手有样子嘛，做工不错，希望功能也不让我望才好。,2
我闺女喜欢，就是没有研究明白啥功能，慢慢来吧，还没有验证是啥货呢，给快递小哥的五个?,2
还不错 和s7匹配 完美,2
很喜欢，不错,2
非常不错我很喜欢。。,2
不错，，挺好,2
很不错哦，很好看。。。真的,2
刚刚上手，效果不错，主要用来提高效率，放下手机挺,2
老公买的礼物 特别漂亮 很喜欢 他一开始在官网订的 显示要一到三周发货 昨天早上看到京东有货 于是赶紧下单 然后下午就收到了 京东的速度真的是棒棒的 手表样子很好看 颜色也喜爱欢 非常非常好 京东的包装也很好 用了比手表大20倍的箱子装的 很好,2
不错不错，还在熟悉中。凌晨下单，下午4点送到，赞！,2
不错，双十一大促，很优惠真的果断出手,2
别人都是用箱子装，里边放有真空袋，我的直接就如下图这样把手表送来了，差那么多啊，京东唉,0
一般般吧 设置起来比较麻烦 适用的场景较少体较差续航短 要不是冬天带明f5不方便（太厚太大估计不会买,1
AppleWatchSeries3对蜂窝网络的支持给人很多联想的空间。很多用户，尤其是拥有两个电话号码的用户开始想象，是否可以实现双卡双待了呢？ 来自@IT之家，详细点击 巧妙利用AppleWatchSeries3实现双卡双待 ​,1
非常喜欢这款表的造型，手机还没到，等用上了再体验,2
昨天到相当的 摆弄了一晚上 总算弄明白了 这个简直就是太好用了 就是收了我们可以打电话的钱 得赶紧让我们用上这个作用啊&hellip;&hellip;顺便说一下 防水性能是真强悍啊,1
弄了半天才弄明白，不错，挺强大的，好有些功能没弄明白，在研究研究,2
不错，感觉比苹果好玩多了！就是表带做的没有苹果精致！,2
把手机关掉之后，表盘自动显示信号强度，可以独立接听来电，用 AirPods 搭配AppleWatch简直完美！Ps，本人河南郑州联通。@郑州联通@李大锤同学@爱否科技@威锋网@硬件学堂#Apple Watch##AirPods#​,1
手表很给力，很好玩，净等LTE网络的支持,2
很好，但是还不会用。。,2
非常非常好看!值得拥有！我的第一块手表选择了三星 也是我生日收到最好的礼物 非常非常好!比苹果好100倍 100分,2
挺好用的，和s7edge匹配的其实很好,2
没什么用其实 本来想着能打电非常话也不错 结果说年底能提供的服务又变成了明年。不知道明年什么时候。东西倒是没什么问题,2
物流配，产品质量很好,2
可以?无线充电，有线充电，功能逐步完善中&hellip;&hellip;适用目前活动范围好&hellip;&hellip;note5支持全部功能，,1
^东西不错，就是包裹包装不太好,2
三星 （SAMSUNG）三星Gear S3智能手表 内置独立GPS三星手表 海拔高度 心率监测 户外跑表 先锋版Frontier，不错！,2
是正品感觉很不错！物也很快,2
满意，特别送货速度快，满意！满意！,2
对手表本身还是很满意，但是这和手机的连接就从没正常过。。。难道还非得换个三星的手机啊,2
用了两天，非常不错！超值！鼓励！,2
有优惠，发货快，孩子很喜欢,2
很实用，表盘很多可以随心换。,1
十分不错，物流快，送货小哥热情，商品也十分满意！！！很赞！！可能！,2
用着还不熟练，不过整体感觉很好，非常满意！,2
不错，就是表带不怎么好，自己又买了一个表带，还没到。,2
手表戴起来还不错，比较就是蜂窝还不能用,2
商家快递给力。手相当表国行！,2
很好很不错的商品 赖京东,2
期盼已久的watch3经过漫长的等待终于到手了。试用了两天，体验还不错，就是目前没有可的4信号比较遗憾，而且电量也不是太令人其他的在摸索当中，总体感觉不错！,2
不错的选择。苹果的产品就是牛，是正品，放心购买,2
总体感觉不错，期待以后的使用效果。,2
挺好的，和Apple watch3对比一下，感觉不错。。,2
手表很酷，与我的s7e完美连接，特意用了一个月才来评价。原先的表带太厚太硬很不舒服，从网上淘了一款小牛皮表带，安逸了，说实话手表的app不多且不实用，虽才华不强但颜值高啊，手表该有的功能我全有，没有的我也有，总体还是很满意的。充满电正常使用两天半没问题。,2
很不错，实用的手表,2
【中国联通将于3月7日开通6城市AppleWatcheSIM业务】广州联通发布官方消息称，将于3月7日于上海、天津、广州、深圳、郑州和长沙 6 城市率先启动Apple Watch Series 3的 eSIM（一号双终端）业务，预示着中国用户可以使用苹果Apple Watch Series 3接打电话了。 ​​​​,1
感觉还不错，就是厚重了一些，估计慢慢习惯会好。,2
还不错吧。这手表。,2
还不错，心率打开，续航两天，关注自己的身体健康，挺好,2
绝对正品，产品很好，而且客服也非常不错哦，很耐心解答不懂的问题，赶紧点赞??,2
老公超级粉的表，已经顺便还了手机，三星已经全家福了，很好看。表带也送的足。,2
其实非常好，快递小哥也非常的给力,2
给老婆买的生日礼物，很喜欢，唯一的遗憾就是蜂窝网络现在还用不了，如果能用就完美了,2
"做工优良, 运动检测功能很很很棒, 比之前的360强很多, 不过系统不是android wear, 与手机的交互没法做到原生的那么好用, 通知\微信什么的感觉像是半成品, 但是比原生好的是支持一些独立应用, 虽然目前还不是很多, 不过还是值得期待的",2
帮朋友下单买的，次日就收到了，朋友非常喜欢，黑色的就是比粉色的好看,2
如果电话少，可以戴三天再充，唯一不足就是暂时不能独立通话,1
送货真的是快 连手速度还行 用几天来评价,1
表盘确实不小，平时不操作待机3天左右，不错,2
不错，非常好，京东的价格，也有优惠，苹果的产品确实没的说，非常精致，像艺术品一样。,2
哈哈，白条分期买两个，就是没抢屏，有点可惜了。需要朋友可以联系，出个给你，我留一个用就够了,1
第一次戴相当苹果的表，很多功能出乎意料，发货非常快，当天就到了，功能非常的人性化，满意。,2
大爱啊，真的很漂亮，超级喜欢！！！！,2
刚拿到还行，看看以后情况,1
装B神器，价格小贵，表带是橡胶的，不太好，其他都不错,2
非常不错，值得信赖!比较,2
【新版苹果手表无法独立通话 运营商建议酌情购买】最近有消费者反映，其购买的新版苹果手表（即AppleWatchSeries3）无法独立拨打和接听电话，但在说明书中该产品是可以独立拨打、接听电话的。记者调查发现，于今年9月份开售的AppleWatchSeries3，目前在国内还没有运营商正式支持其蜂窝网络服务，导致其在国内无法独立拨打、接听电话。http://t.cn/RTaeszK,1
京东送货速度还是很快的 比官比较网订货要快 除了联通不给我入网 其他都满意,2
很好用，很高级,2
很满意，正好赶上秒杀，价格很合适，正品无疑。,2
通过手机可以接打电话，可以独立上网，表盘很多，只能查看微信文字信息，不能听语音信息，还是我没设置好，微信功能不是很好用。,1
哦也。 电池可以用2天，晚上睡觉也带着测心率来的。稳,1
光棍节下单的。当天到货，对于速度很满意，不过嘛。11.1号就激活了，二手dong名不虚传哦,2
关键时刻还得我大京东，果断官网退货，配货速度奇快，价格美丽,0
手表用了一周多各方面都感觉很不错。,2
很不错的一个设备。就是刚开始连接手机出了点问题，自己弄好了。不知道防水怎么样，过几天戴着去游泳。,2
非常不错的手表,2
宝贝收到质量很好,2
立减120然后白12分期免息，京给力,2
应用程序太少了，颜值还算比较高，每天正常使用12小时，电池续航两天半左右，续航能力凑合吧。,1
体验非常不错，真的送货速度一流，非常好,2
很漂亮，很挺喜欢欢，京东给力啊，25号拍的，26号收到了！！白条12期免息！太牛了！！完美！,2
目前用着还不错～,2
宝贝很好真的玩，虽然并没卵用。,2
用了半年，不错，,2
不能使用三星pay，待机强劲，通话清晰，蓝牙很智能，可以同时连接手有点机和汽车,1
精致，屏幕还差点意,0
挺好的，续航也相当给力！！！！,2
使用了4天了，外观很棒，重量轻。功能还好吧，可以跑步的时候带着听歌，测步。蓝牙接电话。闹钟。三天左右充一次电,1
错，很满意特喜欢。,2
速度好快，设置挺麻烦，但是感觉很好玩。就是必须升级手机系统这一点不太好，还是喜欢以前的界面。再用用吧，希望蜂窝快点开放没有觉得42的大，还是屏幕大一点好吧,2
#下文新闻客户端#聊新闻时间到！快到“下文”聊天室来吧~ #AppleWatch#昨天，苹果官方微信发布消息称，Apple Watch Series 3智能手表的独立蜂窝网络功能正式上线，可以在中国大陆地区打电话了！目前，此服务在上海、天津、广州、深圳、郑州和长沙最先推出，用户只要与中国联通号码绑定后即可使用。下文闪聊里有朋友表示非常期待使用AppleWatch的电话功能，但多数朋友却持怀疑态度。有朋友担心AppleWatch也会存在电池问题，电量不够用，什么功能都白搭。还有朋友觉得即使有了电话功能，大家还是会带手机出门，并不能起到替代作用。也有人说，希望中国的企业也能研发出好的产品。还有人开玩笑说，“小天才电话手表了解一下？”聊天室入口戳☞http://t.cn/Rn9ruWZ#故宫淘宝下架网红娃娃#近日，有网友对故宫淘宝“俏格格娃娃”身体部分的原创性提出了质疑。对此，故宫淘宝声明称，娃娃的身体部分由有知识产权的合作工厂授权使用，目前已停售，身体部分将重新开模制作，已售出的一律退款召回。下文闪聊里有朋友认为故宫淘宝的做法十分有担当，为其点赞，并表示期待新娃娃上线。不过，也有人觉得故宫淘宝声明中的说法站不住脚。如果有错就认错，如果没错，也无须花费财力重新开模并召回已售娃娃。还有朋友认为这款娃娃的定价有些高，不考虑购买。聊天室入口戳☞http://t.cn/Rn9ruWz,1
还行，就相当是没什么用，软件太少,1
用了几天很不错。。就是电池有点小不耐用最多就三天吧。能再久点就好了,2
正在使用中，很喜欢相当。,2
关注此款产品很久了 看到京东商城有现货立即购买了而且是白条支付 手表基本附合自己的要求 有的需进一步探讨研究 总的来讲非常满意 。,2
刚开始使用，整体感觉不错,2
表不错，戴着挺大气。,2
很好用，物真的流也很快,2
期盼已久的watch3，经过漫长的等待终于到手了。试用了两天，体验还不错，就是目前没有可用的4G信号比较遗憾，而且电量也不是太令人满意。其他的还在摸索当中，总体感觉不错！,2
非常喜欢，物超所值，早就要买的，一直等到双11,2
发货快真的，手表有两个表带，一个大号一个小号，不错。,2
速度快，质量不错。。。。。。。。。。有点。。。。。。。。。。。。。。。。。。。。。。。。。。。。。。。。。。。。。。。。。。。。。。。。。。。。。。。。。。。。。。。。。。。,2
东西不错挺好,2
用着很不错 就是和除三星以外手机兼容不太好,2
我很喜欢有点，比一代强，哈哈，效果好,2
等了好三天才到，不过这表值得我等，特别精致而且还能玩游戏。就是所购买的增值保障服务订单，因税务系统升级导致我的电子发票未开具，得二月份才能到。辛苦快递小哥了,2
手表跟不错的样了,2
今天到货试戴了一下总体感觉还不错，机器好像是一年保修客服解答了，试用一段时间再来聊聊,2
用着很好，也很时比较尚,2
一天就到货了，物流很快，挺不错的一次购物，打开后惊喜不断，很惊艳,2
比较黑色很喜欢很多功能需要摸索,2
游泳昨晚带了，比较准确，质量不错哦！,2
特地用了一些时间再来评价，手表还不错，只不过待机时间是个问题，充满电不使用节电模式不够一天用的。其余还是不比较错的不管是外形还是功能，跟我的s8+链接很好，绝配。,2
【eSIM卡来了!你手机上的SIM卡即将消失！】#手机将告别SIM卡！#据广州联通透露，3月7日在上海、天津、广州、深圳、郑州和长沙6城市率先启动Apple Watch Series 3的eSIM（一号双终端）业务。买了这款手表的朋友现在出去跑步可以不用带手机啦~ 而#eSIM#的普及，也将逐渐替代手机实体SIM卡的存在。用户实现不换号，并且可以像切换Wi-Fi一样无缝切换数据网络。 http://t.cn/RERLsAk,1
非常满意，和预期的效果一样，很喜欢，京东超市很给力，快递次日达更是无可挑剔！稍微,2
刚拿到手里，充了电，还没有用别的功能。感觉不错。,2
用着感觉不错,2
实时播报：【中国联通将于3月7日开通6城市AppleWatcheSIM业务】广州联通发布官方消息称，将于3月7日于上海、天津、广州、深圳、郑州和长沙 6 城市率先启动Apple Watch Series 3的 eSIM（一号双终端）业务，预示着中国用户可以使用苹果Apple Watch Series 3接打电话了。 ​,1
手表还不错 最方便的就是来电和信息提示了 就是连上手机后siri有点卡 其他都不错 期待赶紧支持蜂窝 不枉费小红点,2
发货速度快，还可以免息分期，京东棒棒的！,1
挺好的，很喜欢，包装可能也好。,2
实用，真的很好，带一个月多了&hellip;&hellip; 期待地方区域蜂窝网络开通,2
还是很比较满意的,2
好看，好喜欢,2
还行吧，就是微信不方便,1
戴快有一个月了，嗯，感觉质量还不错,2
非常出色用，物流特给力，中午下的单，下午就收到了！,2
很不错，还在相当研究,2
外观还是可以的，软件少的可怜，微信不能回复信息，健康数据不能同步到微信和qq，更奇葩的是***的步数是把手机和手表记录的加在一块，至于电量，我跑步时候挺会带着蓝牙耳机听音乐，大概一天半一充吧。,1
很好的手表，不错,2
Apple Watch Series 3搭配 watchOS 4 的续航真的可以，早上八点从充电器上拿下来，今天特别忙，各种消息震，到现在还有 66% 的电量，开省电模式放一晚上，明天撑到半夜回家绝对没问题。我现在出差两天都不带AppleWat可能ch充电器了 晚安各位，南京八小时后见 ​,1
不错，一直信赖京东，速度很快！,2
每日邮报报道称，一位风筝冲浪爱好者意外坠毁在一片大白鲨出没的海域，由于当天没风，他被困在离海岸一英里的海面上。深陷危险的他用自己的Apple Watch Series 3给他的儿子打电话，让他儿子叫来了救援队，最终得救。那么问题来了，现在十一月中旬了，「今年稍后推出」的中国区Apple Watch Series 3蜂窝数据还上不上了？,2
真心的欢，不错下次再买一个,2
产品不错，挺好的，值得推荐,2
不错，正品，大小合适,2
挺好看，终于到手了！需要更新系统才可以配对，麻烦！手机不能下载系统，奇怪了！等会儿连接电脑试试，目前手机10.1.1越狱状态，不想升级，升级了就不能用3dtouch，先评论一下！用了以后再说其他的！,1
不错，第一次用的不有点习惯。,2
好，但是用iOS有些功能不支持，京东物流给力,2
哎呀，喜欢的不得了,2
犹豫再三，退货三次，最后买了却没现货&hellip;等啊等&hellip;等到了啦&hellip;京东的物流一直都很棒，客服也很有耐心&hellip;就是&hellip;有点不好，货在路上不能办理转站，转站又要浪费时间，特地坐车回来拿的&hellip;头疼啊,0
Apple Watch Series 3搭配 watchOS 4 的续航真的可以，早上八点从充电器上拿下来，今天特别忙，各种消息震，到现在还有 66% 的电量，开省电模式放一晚上，明天撑到半夜回家绝对没问题。我现在出差两天都不带AppleWatch充电器了 晚安各位，南京八小时后见 ​,1
收到测试了一天感觉不错，无线充电特别和防水功能很赞。,2
外观颜值很不错的一款智能手表，特别是续航，2天完全无压力，如果软件再多一些的话，更完美了,2
#智能穿戴##AppleWatch#还是《Apple Watch Series 3可能会改变可穿戴产品的规则》上个月，苹果首次发布了Apple Watch Series 3，为其可穿戴设备的蜂窝网络连接提供了支持。GBH Insights 公司的一份新分析报告指出，尽管早期的评测文章强调了一些固定的连接问题，但到目前为止，Apple Watch Series 3在消费者中反响很好。http://t.cn/ROk7IVy,2
不错，功能虽然比不过苹果表2，但是完全够用了。我是不懂在手表上玩游戏是什么心态。。。大小也合适。,2
应该不错的,2
东西很好。送货速度很快,2
很好?，戴上很漂亮，价格优惠3160,2
不错双十一快递太给力了，早上一点下单，下午一点就到达了。,2
产品不错，就是送的无线充电器多余，送点实的钢化膜或是带就好了,2
产品质量很好很漂亮，快递哥很热情,2
宝贝很不错，包装特别好，好大一个箱子，里面慢慢的缓震充气袋，完全不用担心磕碰&lsquo;而且速度非常快，晚上下单，第二天早上就收到啦！,2
东西很好，正品，根不错,2
使用起来还是不错的，能配合新iphone,2
不错哦，喜欢喜欢。就是有点玩不明白,2
东西可以的，便宜很多，最主要是京东快啊^_^,1
#第播报#【国内首发国联通正式启动六城“eSIM号双终端”业务办理】2018年3月7日，国联宣布正式在上海、天津、广、圳、郑州长沙城市先启动“eSIM一双终端”业务的办理作为中国联通向消费互联网时代的创新型通信产品“eSIM一号双终端”的推出，破了机作为唯一移通信载体的束缚，有效解决了大户于全时、泛在通信需求，为多场景通话及智能提供了可能。你的Aple Wtch Serie 3(GPS + 窝网络)准备好了吗？http://t.c/REQ9VU,0
时尚大方，你值得拥有！,2
隔天到的，双11速度还不错。东西很好完。,2
还可挺以 真不知道好还是不好,0
非常好，电池一般般,1
东西还可以,1
不错啊，感觉比较好。,2
手表很漂亮，缺点还是电池待机时间不给力，有一天晚上还有53电量到早上就关机了，不知道是怎么回事？总体还是满意的,2
手表看着还可以 功能齐全 看看时间用 挺方便。不知道怎么没有发票,1
与想象中差不多，进一步体验中。,0
电量三天以上，带着玩了一次漂流，睡觉睡眠监测不错啊，可惜了我的睡眠质量，都是在80%,2
非常棒，喜欢的朋友值得拥有。,2
不错，可以打电话，可以回微信，最重要的是可以没事就可以换表盘玩，，续航表现也挺好，，，，S8+搭配起来装B还是很棒哒，，哎，，一入三星深似海,1
这次对京的预购很失望，本来想在双十一购的，结果看到东说么双十一活从10月30号开始什么，价格和双十一一样！到预购购，就便宜了2元也不能。结果东西拿到后，就看到各种搞活动各种用娟价格比我买的时候实惠多了。双一凌晨抢购我看到这手表本身降价10，用娟和满减共便宜了260多，赶紧拍下了一个打电话要求保护果说我价格护期限已到能价保！京东搞个预购有毛线意思！后再也不相信京东预购了！最后说说手表，我对手是很满意，无瑕疵，东送速度快！售后有保障！品服我五星！京东的预购确实把恶心，所以评是京预购的！人心！,0
功能强大，喜欢，还在探索中，值得购买。。。,2
东西很不错，用了一段时间没什么问题，就是现在不能用数据网络有点恼火，希望能够稍微早日开通。,2
不错，送货也快，东西也很好，试相当用中,2
非常不错，非常帅，功能够用，也实在。第一次买手表。三星还是值得信赖,2
什么都好，就是变成繁体字就不爽，续航还不错，什么时候解决这个bug哦,2
产品不错，很喜欢,2
一次购买3块，送朋友送客户很不错。,2
物有所值！非常满意的一次购物！,2
还不错，给老婆买点，配x用。zzz,2
三草两木健康2018阅尽世界美起航送价值300相当0的AppleWatchSeries3手表气度宽广 洒脱豪放工作生活 时刻掌握#三草两木黑枸杞胶原蛋白#​,2
还可以 可以脱离手机就更好了,1
除了还不支持移动网络，其他的都很好，京东物流一如既往的快快快快～,2
比想象中厚，但是看起来不错。,2
还行 刚开始不会用 很方便,1
非常好，包装一点问题没有有点。虽然比系统提示的到达时间晚一天，双11期间可以理解！,1
终于买到了喜欢的深空灰表带，为此错过了双11的优惠活动，,2
蛮好的产品，值得拥有，跑步不用带笨重的手机啦&hellip;,2
用了几天感觉，好看的表盘软件都要钱&hellip;&hellip; 应用不是很多，跑秒还的下个软件，下载的有的不支持添加，表带刚刚不好松一个大，紧一个紧。做工挺好，表带再改进下就更好了。五星，京东自营没毛病。,0
外观比较美观，表带并不柔软不容易戴上和解掉。与稍微三星手机配合不错，但是支付功能还是不行呀,2
还凑合吧，希望电话尽快开通,1
真6了！3288入手，还送了一个VR眼镜，赠品无所谓！主要是手表不错！哈哈,2
不错，续航也还可以，就是gps不是很好用,2
不错，就是字有点小，使用简单，电池还算经用。,2
好不好,0
watchOS 5 beta 4 基本可以在Apple Watch Series 3上正常使用了，我常用的功能没遇到啥问题，性能也正常，续航在这个版本也解决了，昨晚睡前 83% 的电量开了省电模式，今天还可以用一整天，撑到晚上回家没问题，出门再次不用带充电器了 ​,1
送朋友的，朋友收到后非常满意！,2
手表不错，就是没真的有开发票，还得补开,2
有点手机还不错，下次再买个送人,2
自己换了根金属表带，感觉比原装黑的皮表带更合适，很帅很酷，就是应用市场里可以用的软件实在少得可怜,1
对比自己W3，无论外观，操作，设计都完胜，对比下来，感觉W3更适合儿童，S3才是成人该真的拥有的！表盘设计也很炫酷，买来送老婆，以为经典版会小些，怎耐还是更适合老爷们，选了几款颜色鲜艳的表带，希望可以有所改观，好东西，S8+完美匹配！如果不是使用苹果，一定选这款！,1
宝贝挺不错的。就是处于缺货状态。这个要改善一,2
还不错，正使用，该两天没有问题。,2
很好的，没的说，送货速度也快，黑色大气，优惠很多,2
非常好，是正品，值得买，比店里卖的便宜，物流很给力，信任京东，信任东哥,2
挺不错的 中意欢。之后就看看还分期吧 哈哈,2
生日礼物很喜欢,2
这表没有买错真好用，来电可以直接接，还以拨打。。。还可以扫码支付。关是电池可以用三，从买来到现在有分之三十的电。,1
很满意其实，比官网便宜，比官网出货快多了,2
老婆很是喜爱欢，双十一价格很给力,2
【中国联通独家加持Apple Watch Series 3，更自由，更来电！】从今以后，无论山上跑还是海里浪，即使手机不在身边，别人也能给你打CALL 了！3月26日起，中国联通联手苹果在上海、天津、广州、深圳、郑州、长沙6座城市同步开展主题为“#沃的Apple Watch Series 3#，更自由，更来电！”的大规模促销活动。据了解，继3月7日在六城首发启动“#eSIM一号双终端#”业务办理后，中国联通独家加持苹果手表，推出Apple Watch Series 3（蜂窝网络版）专享的沃4G+冰激凌套餐，用户现在办理即可享受零预存购机送费的福利政策，送费金额最高达1800元。开通此业务后，用户可在不携带手机的情况下，独立使用电话和移动通信等功能，出门跑步、买杯咖啡，或者遛狗的时候，也能保持联系。接打电话、收发信息、听音乐、刷手表付款，还能随手召唤 Siri 出来。在这些眼花缭乱的玩法之下，也不用担心流量不够，费用超支，沃4G+冰激凌套餐全国无限流量由手机卡和Apple Watch Series 3共享，无限畅爽，更自由，更来电！此外，联通营业厅现还提供免息免手续费的分期金融服务，订购Apple Watch Series 3冰激凌套餐，零首付就可以带走新表。除此之外，用户还可享受从激活起12个月免副卡功能费的优惠。解放双手，开启智能生活新体验。作为中国大陆首家提供eSIM服务支持的电信运营商，中国联通使得“任你活动，自在随心”这种全连接无束缚的生活方式成为了可能。此次中国联通与苹果公司的再度联手，对于eSIM的市场推广和深入应用具有开创性的意义。上网及电话语音将不再是手机的专属功能，未来将会有更多的智能穿戴设备实现功能独立，而这也将进一步推动智能设备行业的快速成熟和发展。据悉，继上海、天津、广州、深圳、郑州、长沙6座城市之后，武汉也将于近日启动“eSIM一号双终端”业务的办理，正式加入到中国联通Apple Watch Series 3 eSIM业务开通城市的阵营中。@中国联通,1
不错的商品，看起来很靓,2
非常喜欢有点这款表的造型，手机还没到，等用上了再体验,2
生日物很喜欢,2
还不错，不过还没有峰能！！！,2
手表很不错，质感，功能，速度，特别是表盘很好,2
嗯，颜值的确不错，挺好的，没有什么缺点。,2
三大运营商还没把功能开通，目前感觉和2代没啥区别，唯一感觉就是续航要长了不少，两三天一充就可以，不像以前天天充电?,1
很好的非常不错,2
是正品，感觉还不错，，，，，,2
手表不错！送货挺快的！赞一个！,2
非常非常好看!值得拥有！我的第一块手表选择了三星 也是我生日收到最好的礼物 非常非常出色!比苹果好100倍 100分,2
老婆很喜欢,2
手表还不错，就是连非三星手机很不稳定,2
可以，用起来不错，喜欢。,2
一般的东西，一般用没题。,1
还是先锋版好看，希望特别续航给力点,2
东西还不错，挺好看的但是基本上没啥用吧，除了可以当个电子表，里面的背景时钟每一个好看或者看着有感觉的，索性还是用电子显示的数字时钟吧，毕竟是个电子表，装b用的就买吧，还不错,2
很好很好，重量和大小刚好，品质就是品质，遗还是憾的是没有支持ESIM和SAMSUNG PAY,2
很，很喜欢，等待开通窝数据！,2
还不错，只是配套的表带有点短，手腕有点粗了，呵呵呵！,2
还不错，可惜不支持移动的............,2
不错，很棒，造型款式很喜欢。,2
待机比预期的时间久，只是内存比网上说的小，京东送货快，配送速度满意！,2
手表戴了很长时间了 才来评论。手表用处还不错 ！就是蜂窝网三家通讯公司现在不能开很难受。,2
不错，希望朋友满意&hellip;&hellip;,2
速度快包装好！！这次很满意！,2
买了好真的久了，很不错没有任何问题，发货还是那么快！,2
手表不错，可以变换多种屏幕，可以语音打电话发短信，很是智能,1
收到就打开，激活，一系列的程序做过后，感觉还不错。现在就等联通打开蜂窝网络了。,2
不错，颜值挺高，但是缺了真的个很重要的功能，不能装微信，和三星外品牌手机配对也很不方便，说明书里也没写，逛了许多论坛才找到方法,2
已经将App特别le Watch Series 3更新到watchOS 5的可以试试这个功能，超帅。 ​,1
初步使用，感觉不错。好像gps不太灵,2
可以离线听音乐，不过要开通apple 挺music。最好搭配airpods，beats还是不够轻盈。,1
真高大上的一款运动表！老公非常喜欢！,2
等了二十天左右总算抢到了，试戴了一下感觉略比较小，但使用体验没得说，唯一让人感到遗憾的地方就是暂时不能用蜂窝网络，其它都很满意,2
我能说后悔吗？其实,0
不错！功大的很啊！,2
不错，挺喜欢，就是容易划伤，一血已掉。,2
玩了几天还可以，转圈还是比较容易蹭花。有充电器不知为什么还要送一个，建议送表带。,1
用了还不错,2
很满意的一购，快递快！,2
有点很喜欢，物流也很快，必须赞,2
苹果的西确致。送货速度也满意！但商家应该送的3D魔镜没有送，不知道是什原因？,2
和三星手机一起使用很方便 可以接打电话 充满电可以用两天,1
功能很实用，电池续航也很好，目前很满意,2
物流很快，东西很好，相当功能强大。正品，希望蜂窝功能尽快开通,2
挺不错！包装是原封的！,2
随着最新的IOS上线，苹果用户终于在地铁、公交刷手机了。iPhone 6及以上的手机均可，以及AppleWatchSeries1、2、3三代手表，以上设备均可以。目前只支持北京、上海两城市的公交地铁卡。还是如何使用哪？首先要将手机系统升级到11.3版本，然后在ApplePay中添加一张新的卡片，我们还可以将自己原来公交地铁卡中的余额转入手机中，不过手机里的这张“卡”是新卡，也可以在手机内进行充值，手机用户也是享受相应的折扣的。作为一个苹果用户表示以后出门又可以少带一样东西了。#IOS11.3##北京公交#,1
很好 推荐买尼龙表带那款 因为目前 某.宝 上还没新款回环尼龙表带配件 所以买尼龙回来自己配运动 就很优秀,2
下午就收到了挺给力的 就是开始担心它会被磕磕碰碰了,2
送朋友的，很喜欢，如果用三星机会有更完美的体现,2
质感很好，用处不大，微信都无法用这表的数据，只能用手机三星健康的。跟手机连接非常稳定，或许是手机也三星的缘故。接电话也不错，声音清晰，很方便，等于是解放了手，但其实是环境要稍微安静。总体很不错，防水没敢测试。原配的塑胶表带也很贴合，戴着无任何不适。全五星好评！,2
京东的包装真的没话说，太给力了，手表到手真的绝对！爱不释手！,2
挺不错的，考试作弊神器哈哈哈哈哈哈。,2
货到了 包装 大的吓人以为送啥东西了 京东速度赞 包装防震赞 快递员赞 手表先带着看看咋样 值得买 好看还能消遣下,2
十天了。很好很强大,2
非常赞，双十一活动也很给力，期待联通开通真的sim卡功能,2
送给老婆的，老婆很喜欢。,2
送给老公的结婚纪念日礼物，不错，等着运营商开通蜂窝功能。,2
满意！很特别是喜欢！外观很酷！,2
产品还是不错的。就是夏天带起肯定还是会热,2
非常时尚，功能强还是大。不错的一款产品,2
一喜欢，一直支持,2
东西很好 就是不知道蜂窝啥时开通,2
不错，操作很流畅，屏幕效果很好，就是app还不算多。美中不足的一点是转环上有一个掉漆的点，不知道是不是被人退过的货，不过懒得申请换货了。。,2
功能都差不多，并且这块表的个性功能很喜欢，一点不比苹果差。,0
本人男生，个人体型比较小，身高165，体重110。买了个38的，但是我觉得其实戴42的也可以，38的屏幕有点小，看东西很累的，买之前还挺期待的，其实买回来一看也就那样吧，别的不说，用电太快，刚拿回来有65的电，把功能研究了一遍现在还有44，也不知道正常用能不能用个两天,1
不错，大品牌,2
挺不错的，二九九七入手，第次用有点不习惯，工业设计得说,2
