text,norm_text
【新一代iPhone将支持eSIM: 运营商表示很慌】一份最新的报告显示，苹果可能会在下一代 iPhone 中加入一款 eSIM 芯片。这可能意味着运营商和用户之间的关系的终结。消费者可能会倾向于先购买硬件，然后再决定选择运营商。苹果已经在Apple Watch Series 3中使用了 eSIM 技术！#IT#​, 新一代iPhone将支持eSIM  运营商表示很慌 一份最新的报告显示 苹果可能会在下一代 iPhone 中加入一款 eSIM 芯片。这可能意味着运营商和用户之间的关系的终结。消费者可能会倾向于先购买硬件 然后再决定选择运营商。苹果已经在Apple Watch Series #NUM#中使用了 eSIM 技术   
我现在很纠结要不要办一张别的省份的大王卡……其实就是为了体验 eSIM 而已，平时流量也够用……我现在手里已经有四张 SIM 卡了……两张是联通光宽带的流量卡，一张我用了十多年的移动卡，还有一张是换成了日租套餐的联通卡，这个卡随时可以转成大王卡吧？真的是不想再开一张卡了[允悲]而且如果手机不离身的话 eSIM 好像用处也不是特别大？有在用 eSIM 的同学吗？你们平时独立使用Apple Watch Series 3的情况多吗？[允悲],我现在很纠结要不要办一张别的省份的大王卡。其实就是为了体验 eSIM 而已 平时流量也够用。我现在手里已经有四张 SIM 卡了。两张是联通光宽带的流量卡 一张我用了十多年的移动卡 还有一张是换成了日租套餐的联通卡 这个卡随时可以转成大王卡吧 真的是不想再开一张卡了 EMO_允悲 而且如果手机不离身的话 eSIM 好像用处也不是特别大 有在用 eSIM 的同学吗 你们平时独立使用Apple Watch Series #NUM#的情况多吗  EMO_允悲
#买个便宜货#苹果（Apple）WatchSeries3智能手表 GPS Cellular款38毫米 （分享自@买个便宜货网）￥2212http://t.cn/ReZgxbh​,苹果 Apple WatchSeries#NUM#智能手表 GPS Cellular款#NUM#毫米  分享自   #NUM#
苹果Apple Watch Series 3代 42mm 智能手表 iWatch3Nike【蜂窝网络+铝金属】黑色  全新官换  2088元 国行包邮  带保修卡 ​,苹果Apple Watch Series #NUM#代 #NUM#mm 智能手表 iWatch#NUM#Nike 蜂窝网络 铝金属 黑色 全新官换 #NUM#元 国行包邮 带保修卡  
这次来上海最大的收获之一，搞到了一张上海联通的大王卡，回去终于可以试试Apple Watch Series 3的 eSIM 了[允悲]一年了快[允悲] ​,这次来上海最大的收获之一 搞到了一张上海联通的大王卡 回去终于可以试试Apple Watch Series #NUM#的 eSIM 了 EMO_允悲 一年了快 EMO_允悲  
watchOS 5 beta 4 基本可以在Apple Watch Series 3上正常使用了，我常用的功能没遇到啥问题，性能也正常，续航在这个版本也解决了，昨晚睡前 83% 的电量开了省电模式，今天还可以用一整天，撑到晚上回家没问题，出门再次不用带充电器了[耶][doge][耶] ​,watchOS #NUM# beta #NUM# 基本可以在Apple Watch Series #NUM#上正常使用了 我常用的功能没遇到啥问题 性能也正常 续航在这个版本也解决了 昨晚睡前 #NUM#  的电量开了省电模式 今天还可以用一整天 撑到晚上回家没问题 出门再次不用带充电器了 EMO_耶 EMO_doge EMO_耶  
根据传言，苹果会在今年秋天发布三款全新 iPhone 以及AppleWatchSeries4 等新产品。今天有设计师带来了AppleWatchSeries4的概念渲染视频，设计根据目前的消息制作，也就是更大的屏幕，更窄的边框。AppleWatchSeries4 有两种尺寸，分别是 40 毫米 和 45 毫米。目前的Apple Watch Series 3尺寸为38 毫米 和 42 毫米。更大的屏幕可以显示更多信息，同时增加电池容量，延长续航。http://t.cn/RgkK7Rahttp://t.cn/RgkKZyt,根据传言 苹果会在今年秋天发布三款全新 iPhone 以及AppleWatchSeries#NUM# 等新产品。今天有设计师带来了AppleWatchSeries#NUM#的概念渲染视频 设计根据目前的消息制作 也就是更大的屏幕 更窄的边框。AppleWatchSeries#NUM# 有两种尺寸 分别是 #NUM# 毫米 和 #NUM# 毫米。目前的Apple Watch Series #NUM#尺寸为#NUM# 毫米 和 #NUM# 毫米。更大的屏幕可以显示更多信息 同时增加电池容量 延长续航。
去年我随手把一杯奶茶倒在pro上的时候觉得那是我接下来悲惨人生的隐喻 这几天我买了iphone x 和applewatchseries3打算下个月再买airpods 觉得这是我接下来上快活人生的隐喻 人的一生有很多光 光芒万丈的光 误会一场的光 现在秋季发布会是我的光 ​,去年我随手把一杯奶茶倒在pro上的时候觉得那是我接下来悲惨人生的隐喻 这几天我买了iphone x 和applewatchseries#NUM#打算下个月再买airpods 觉得这是我接下来上快活人生的隐喻 人的一生有很多光 光芒万丈的光 误会一场的光 现在秋季发布会是我的光  
Apple Watch Series 3智能手表，原价2888元，目前京东特价2699元包邮，历史新低http://t.cn/RguDnzm​,Apple Watch Series #NUM#智能手表 原价#NUM#元 目前京东特价#NUM#元包邮 历史新低
苹果（Apple）WatchSeries3智能手表 GPS+蜂窝网络38毫米表盘 运动型表带，东自营，22点特价至2999元。新版的AppleWatch3可以不连手机的情况下打电话，有了这个功能，出门运动不带手机，再也不用担心别人联系不上了。目前联通已经在部分城市，开通了服务，电信、移动估计也快了http://t.cn/RgRyuPz,苹果 Apple WatchSeries#NUM#智能手表 GPS 蜂窝网络#NUM#毫米表盘 运动型表带 东自营 #NUM#点特价至#NUM#元。新版的AppleWatch#NUM#可以不连手机的情况下打电话 有了这个功能 出门运动不带手机 再也不用担心别人联系不上了。目前联通已经在部分城市 开通了服务 电信、移动估计也快了
#买个便宜货#苹果（Apple）WatchSeries3智能手表 GPS 蜂窝网络38毫米表盘 运动型表带 ￥2999（分享自@买个便宜货网）http://t.cn/Rg8dgjX​,苹果 Apple WatchSeries#NUM#智能手表 GPS 蜂窝网络#NUM#毫米表盘 运动型表带  #NUM# 分享自  
Apple苹果Apple Watch Series 3智能手表 GPS+蜂窝网络款 粉砂色38mm表盘 ￥2888秒杀 |Apple Watch Series 3智能手表（GPS+蜂窝网络款38毫米 金色铝金属表壳 粉砂色运动型表带 MQQG2CH/A），京东商城好评率99%，现价￥2888秒杀平历史低价。AppleWatc...http://t.cn/Rgp6tfm​,Apple苹果Apple Watch Series #NUM#智能手表 GPS 蜂窝网络款 粉砂色#NUM#mm表盘  #NUM#秒杀  Apple Watch Series #NUM#智能手表 GPS 蜂窝网络款#NUM#毫米 金色铝金属表壳 粉砂色运动型表带 MQQG#NUM#CH A  京东商城好评率#NUM#  现价 #NUM#秒杀平历史低价。AppleWatc。
AppleWatchSeries4 对比Series1-3，屏占比超大果然视觉上讨喜。 ​,AppleWatchSeries#NUM# 对比Series#NUM#-#NUM# 屏占比超大果然视觉上讨喜。  
http://t.cn/RgaU2pUApple Watch Series 3 GPS+蜂窝款3188元包邮点赞抽包子 墩布挖白菜的秒拍视频 ​​​​,Watch Series #NUM# GPS 蜂窝款#NUM#元包邮点赞抽包子 墩布挖白菜的秒拍视频    
Apple发布了最新的Apple Watch Series 3的广告《Close Your Rings》 Muxia木下的秒拍视频 ​,Apple发布了最新的Apple Watch Series #NUM#的广告 Close Your Rings  Muxia木下的秒拍视频  
苹果（Apple）WatchSeries3智能手表（GPS+蜂窝网络款 42毫米 深空黑色不锈钢表壳 黑色运动型表带），某东明日0点秒杀，售价4599元，近期低价http://t.cn/RgirBSW​,苹果 Apple WatchSeries#NUM#智能手表 GPS 蜂窝网络款 #NUM#毫米 深空黑色不锈钢表壳 黑色运动型表带  某东明日#NUM#点秒杀 售价#NUM#元 近期低价
【全新福利】Apple Watch Series 3苹果智能手表，现开启优惠换购，比官网便宜两三百的价格，换到就赚到[鼓掌]，年轻人的第一款智能手表 点击>>http://t.cn/RBVpw25可选38毫米/42毫米[憧憬][星星][星星]此款手表能干嘛：1.消息推送：手表连接手机，什么消息都可以在手表上看，还可以查看图片内容，而且部分应用还拥有回复信息的功能；2.检测心率：通过苹果精致的算法，得出结论，心率真的很准呐，可以实时监控健康状态；3.ApplePay及支付宝：授权支付码给手表，还可离线支付哦，跑步外出时，可以不用带手机啦~4.通话功能：直接用手表接电话，挂电话，再也不用在拥挤的地铁中掏手机了；5.记录生活、拍照控制功能等等更多的功能点击>>http://t.cn/RBVpw25用过的粉丝都说值[偷笑], 全新福利 Apple Watch Series #NUM#苹果智能手表 现开启优惠换购 比官网便宜两三百的价格 换到就赚到 EMO_鼓掌  年轻人的第一款智能手表 点击  
【新一代iPhone将支持eSIM: 运营商表示很方】一份最新的报告显示，苹果可能会在下一代 iPhone 中加入一款 eSIM 芯片。这可能意味着运营商和用户之间的关系的终结。消费者可能会倾向于先购买硬件，然后再决定选择运营商。苹果已经在Apple Watch Series 3中使用了 eSIM 技术！ ​​​​, 新一代iPhone将支持eSIM  运营商表示很方 一份最新的报告显示 苹果可能会在下一代 iPhone 中加入一款 eSIM 芯片。这可能意味着运营商和用户之间的关系的终结。消费者可能会倾向于先购买硬件 然后再决定选择运营商。苹果已经在Apple Watch Series #NUM#中使用了 eSIM 技术     
苹果今天发布了3个Apple Watch Series 3短视频广告，主要突出介绍AppleWatch的 Activity 应用，展示了在繁忙的生活中，主角如何完成三个圆环，也就是活动、锻炼、跑步。 空格实验室的秒拍视频 ​,苹果今天发布了#NUM#个Apple Watch Series #NUM#短视频广告 主要突出介绍AppleWatch的 Activity 应用 展示了在繁忙的生活中 主角如何完成三个圆环 也就是活动、锻炼、跑步。 空格实验室的秒拍视频  
感觉苹果广告公司最近的动作有点频繁[doge]不过这个Apple Watch Series 3的广告完全撼动不了我对九月秋季新品发布会的“全面屏”版AppleWatch的期待 啊啊啊日见的秒拍视频 ​,感觉苹果广告公司最近的动作有点频繁 EMO_doge 不过这个Apple Watch Series #NUM#的广告完全撼动不了我对九月秋季新品发布会的“全面屏”版AppleWatch的期待 啊啊啊日见的秒拍视频  
AppleWatchSeries342mm美版 黑色不锈钢 蜂窝版本伙计是10号给激活了单机头2950元 ​,AppleWatchSeries#NUM#mm美版 黑色不锈钢 蜂窝版本伙计是#NUM#号给激活了单机头#NUM#元  
#苹果#推出3条AppleWatch广告，主要展示3位用户在Apple Watch Series 3上完成 Activity 健身记录圆环的生活。#药丸分享#马丁的药丸的秒拍视频 ​,推出#NUM#条AppleWatch广告 主要展示#NUM#位用户在Apple Watch Series #NUM#上完成 Activity 健身记录圆环的生活。 马丁的药丸的秒拍视频  
苹果今天在澳大利亚的 YouTube 频道分享了3段Apple Watch Series 3广告，3段广告都是 Close Your Rings（为圆满，动起来。） 系列，主要突出介绍AppleWatch的 Activity 应用。每段广告都是 16 秒钟，由不同的人出演，主角的名字分别是： Eric、 Atilla 和 Yocelin 。广告主要展示了在繁忙的生活中，主角如何完成三个圆环，也就是活动、锻炼、站立。http://t.cn/RgVYNSI,苹果今天在澳大利亚的 YouTube 频道分享了#NUM#段Apple Watch Series #NUM#广告 #NUM#段广告都是 Close Your Rings 为圆满 动起来。  系列 主要突出介绍AppleWatch的 Activity 应用。每段广告都是 #NUM# 秒钟 由不同的人出演 主角的名字分别是  Eric、 Atilla 和 Yocelin 。广告主要展示了在繁忙的生活中 主角如何完成三个圆环 也就是活动、锻炼、站立。
Apple Watch Series 3-Apple(中国)http://t.cn/RpNfiPO​,Apple Watch Series #NUM#-Apple 中国 
苹果著名分析人士预测，苹果将会在今年秋季推出3款iPhone新品，采用全新设计的AppleWatchSeries4也将在今年秋季推出。不过与以往不同的是，此次AppleWatchSeries4的屏幕尺寸相较前代将增加15%。 ​,苹果著名分析人士预测 苹果将会在今年秋季推出#NUM#款iPhone新品 采用全新设计的AppleWatchSeries#NUM#也将在今年秋季推出。不过与以往不同的是 此次AppleWatchSeries#NUM#的屏幕尺寸相较前代将增加#NUM# 。  
AppleWatchSeries4比Series3的屏占比高了很多，期待续航能再强一些，这才是最重要的[馋嘴] （图源见水印 ​,AppleWatchSeries#NUM#比Series#NUM#的屏占比高了很多 期待续航能再强一些 这才是最重要的 EMO_馋嘴  图源见水印  
苹果手表3（补图）Apple Watch Series3美国版本 黑色 蜂窝+GPS全新单机头+表带+充电线+包邮实物照片见附图2080元 ​,苹果手表#NUM# 补图 Apple Watch Series#NUM#美国版本 黑色 蜂窝 GPS全新单机头 表带 充电线 包邮实物照片见附图#NUM#元  
苹果手表3Apple Watch Series3美国版本 黑色 蜂窝+GPS全新单机头+表带+充电线+包邮实物照片见附图2080元 ​,苹果手表#NUM#Apple Watch Series#NUM#美国版本 黑色 蜂窝 GPS全新单机头 表带 充电线 包邮实物照片见附图#NUM#元  
#今日贴纸打卡#AppleWatchSeries3比初代苹果手表快太多了，可用性现在才算有！ ​,AppleWatchSeries#NUM#比初代苹果手表快太多了 可用性现在才算有   
Apple苹果WatchSeries3智能手表 GPS款38毫米 灰色 2466元包邮http://t.cn/RgA07LB​,Apple苹果WatchSeries#NUM#智能手表 GPS款#NUM#毫米 灰色 #NUM#元包邮
[视频] 180714Apple Watch Series 3. 韩国宣传片Cherry Bomb🍒[炸弹]cr:6sec_mark#NCT127[超话]#Ncity游乐园的秒拍视频 ​,EMO_视频 #NUM#Apple Watch Series #NUM#  韩国宣传片Cherry Bomb  EMO_炸弹 cr #NUM#sec_mark Ncity游乐园的秒拍视频  
产品新动态1.小米「米家石英表」正式发布，被称作是腕上的科技与美学2.AppleWatchSeries4 与前代比屏幕增大了15%3.小米第二款Android one手机小米A2 将于7月24日在西班牙发布4.LG与苹果达成协议 将为秋季的新iPhone提供OLED屏5.区块链或是HTC的“药神”，HTC即将发新机Exodus6.苹果发布新笔记本，体现了PC萧条时代的守成和平7.OPPO Find X京东首发，47秒破万台互联网大事件1.百度不服东方IC案判决将上诉 暗指今日头条背后推动2.Ofo海外业务一减再减3.京东物流搭建全球智慧供应链基础网络，十年内物流成本已降低50%4.摩拜宣布与日本富士急集团合作，将在富士山地区投入运营5.饿了么宣布上海日交易额破亿 新零售业务涨40%投融资1.美的集团持有小米近一亿股，市值接近约18.29亿元2.乐视网上半年预计亏损11.05亿元-11.1亿元3.中国移动将与小米达成战略合作，共同拓展5G、物联网等市场4.二手奢饰品商家会麦科技完成数百万天使轮融资5.美国住宅租赁营销平台Nestio已获得450万美元B轮融资,产品新动态#NUM# 小米 米家石英表 正式发布 被称作是腕上的科技与美学#NUM# AppleWatchSeries#NUM# 与前代比屏幕增大了#NUM# #NUM# 小米第二款Android one手机小米A#NUM# 将于#NUM#月#NUM#日在西班牙发布#NUM# LG与苹果达成协议 将为秋季的新iPhone提供OLED屏#NUM# 区块链或是HTC的“药神” HTC即将发新机Exodus#NUM# 苹果发布新笔记本 体现了PC萧条时代的守成和平#NUM# OPPO Find X京东首发 #NUM#秒破万台互联网大事件#NUM# 百度不服东方IC案判决将上诉 暗指今日头条背后推动#NUM# Ofo海外业务一减再减#NUM# 京东物流搭建全球智慧供应链基础网络 十年内物流成本已降低#NUM# #NUM# 摩拜宣布与日本富士急集团合作 将在富士山地区投入运营#NUM# 饿了么宣布上海日交易额破亿 新零售业务涨#NUM# 投融资#NUM# 美的集团持有小米近一亿股 市值接近约#NUM# #NUM#亿元#NUM# 乐视网上半年预计亏损#NUM# #NUM#亿元-#NUM# #NUM#亿元#NUM# 中国移动将与小米达成战略合作 共同拓展#NUM#G、物联网等市场#NUM# 二手奢饰品商家会麦科技完成数百万天使轮融资#NUM# 美国住宅租赁营销平台Nestio已获得#NUM#万美元B轮融资
近日，知名分析师郭明錤发出的一份报告称，AppleWatchSeries4将会采用全新的设计出现在今年苹果秋季发布会上。目前已知的是，改产品的尺寸将会增加15%，至于更多细节，还尚未可知。AppleWatchSeries4的改变有着历史意义，是该系列产品三年来首次出现大的改变。除了为Apple Watch Series 4即将带来巨大改变之外，郭明錤预测了该产品的尺寸，分别为39.9mm和45.2mm。Apple Watch Series 3的尺寸分别为38mm和42mm。新品可能会和iPhoneX的设计理念一样，采用圆角收边设计，通过缩小边框，实现屏幕显示面积最大化。和普通智能手表不同的是，Apple Watch Series 3目前还不能做到时刻监控心率，而AppleWatchSeries4有望改进这一功能，采用更先进的传感器，不过随之而来的就是对续航能力的考验。届时新款苹果手表是否会配备容量更高的电池，成为此次新品升级的重点关注问题之一。,近日 知名分析师郭明錤发出的一份报告称 AppleWatchSeries#NUM#将会采用全新的设计出现在今年苹果秋季发布会上。目前已知的是 改产品的尺寸将会增加#NUM#  至于更多细节 还尚未可知。AppleWatchSeries#NUM#的改变有着历史意义 是该系列产品三年来首次出现大的改变。除了为Apple Watch Series #NUM#即将带来巨大改变之外 郭明錤预测了该产品的尺寸 分别为#NUM# #NUM#mm和#NUM# #NUM#mm。Apple Watch Series #NUM#的尺寸分别为#NUM#mm和#NUM#mm。新品可能会和iPhoneX的设计理念一样 采用圆角收边设计 通过缩小边框 实现屏幕显示面积最大化。和普通智能手表不同的是 Apple Watch Series #NUM#目前还不能做到时刻监控心率 而AppleWatchSeries#NUM#有望改进这一功能 采用更先进的传感器 不过随之而来的就是对续航能力的考验。届时新款苹果手表是否会配备容量更高的电池 成为此次新品升级的重点关注问题之一。
设备名称：Apple Watch Series 3GPS Aluminum38mm (3rd gen)是否激活：已激活激活日期：2018-07-09电话支持：剩余87天保修状态：2019-07-08到期，剩余361天盒子 配件全部在[嘻嘻] ​,设备名称 Apple Watch Series #NUM#GPS Aluminum#NUM#mm  #NUM#rd gen 是否激活 已激活激活日期 #NUM#-#NUM#-#NUM#电话支持 剩余#NUM#天保修状态 #NUM#-#NUM#-#NUM#到期 剩余#NUM#天盒子 配件全部在 EMO_嘻嘻  
一份最新的报告显示，苹果可能会在下一代 iPhone 中加入一款 eSIM 芯片。这可能意味着运营商和用户之间的关系的终结。消费者可能会倾向于先购买硬件，然后再决定选择运营商。苹果已经在Apple Watch Series 3中使用了 eSIM 技术，因此，将这种芯片应用到最新款 iPhone 手机上也不是不可能。 ​,一份最新的报告显示 苹果可能会在下一代 iPhone 中加入一款 eSIM 芯片。这可能意味着运营商和用户之间的关系的终结。消费者可能会倾向于先购买硬件 然后再决定选择运营商。苹果已经在Apple Watch Series #NUM#中使用了 eSIM 技术 因此 将这种芯片应用到最新款 iPhone 手机上也不是不可能。  
【苹果新机iPhone 11或将支持eSIM 运营商表示有点方[二哈]】距离苹果今年的秋季新品发布会还有两个月的时间，关于苹果将在今年推出的几款全新iPhone全球用户可以说是望眼欲穿。诸多的传闻、猜测、曝光和消息近期充斥着整个互联网圈，然而对于全球的运营商来说，他们可能不是很开心。有消息表示，苹果将会在下一代iPhone中加入一款eSIM芯片，也就是说是直接焊接到手机电路板上的，不再需要SIM卡托，甚至不需要消费者前往运营商营业厅更换SIM卡。对于消费者来说，无疑是一件很方便的事，iPhone用户可以在运营商之间随意切换，对于喜欢双卡双待的国内用户来说，这个功能可以说是千呼万唤始出来。但是对于运营商来说，确实造成了不小的压力，用户的流失将给运营商带来灭顶之灾。可能有些用户对于eSIM不是很了解，此前苹果的Apple Watch Series 3就使用了该技术，可以让手表使用独立网络而无需手机支持。所以苹果将这种技术放在新手机上也不是不可能的事。, 苹果新机iPhone #NUM#或将支持eSIM 运营商表示有点方 EMO_二哈  距离苹果今年的秋季新品发布会还有两个月的时间 关于苹果将在今年推出的几款全新iPhone全球用户可以说是望眼欲穿。诸多的传闻、猜测、曝光和消息近期充斥着整个互联网圈 然而对于全球的运营商来说 他们可能不是很开心。有消息表示 苹果将会在下一代iPhone中加入一款eSIM芯片 也就是说是直接焊接到手机电路板上的 不再需要SIM卡托 甚至不需要消费者前往运营商营业厅更换SIM卡。对于消费者来说 无疑是一件很方便的事 iPhone用户可以在运营商之间随意切换 对于喜欢双卡双待的国内用户来说 这个功能可以说是千呼万唤始出来。但是对于运营商来说 确实造成了不小的压力 用户的流失将给运营商带来灭顶之灾。可能有些用户对于eSIM不是很了解 此前苹果的Apple Watch Series #NUM#就使用了该技术 可以让手表使用独立网络而无需手机支持。所以苹果将这种技术放在新手机上也不是不可能的事。
AppleWatchseries4 与Series3对比！越来越觉得方形表盘才智能手表明智的选择。 ​,AppleWatchseries#NUM# 与Series#NUM#对比 越来越觉得方形表盘才智能手表明智的选择。  
"苹果公司的分析师Ming-Chi Kuo已经确认了苹果公司计划在2018年推出三款全新的iPhone手机以及一对更新的AirPods。但是由于他最新的研究报告，有关即将推出的iPad和AppleWatch系列的各种细节已经曝光,Kuo再一次证实了之前声称尺寸更大的产品，尽管现在规定的确切尺寸：较小型号为1.57英寸，较大型号为1.78英寸。相比之下，目前的Apple Watch Series 3提供1.31英寸和1.54英寸型号。但总的来说，这些变化预计不会影响设备的整体尺寸。此外，值得注意的是，心率监测的重大改进据说正在进行中。#手机[超话]#",苹果公司的分析师Ming-Chi Kuo已经确认了苹果公司计划在#NUM#年推出三款全新的iPhone手机以及一对更新的AirPods。但是由于他最新的研究报告 有关即将推出的iPad和AppleWatch系列的各种细节已经曝光 Kuo再一次证实了之前声称尺寸更大的产品 尽管现在规定的确切尺寸 较小型号为#NUM# #NUM#英寸 较大型号为#NUM# #NUM#英寸。相比之下 目前的Apple Watch Series #NUM#提供#NUM# #NUM#英寸和#NUM# #NUM#英寸型号。但总的来说 这些变化预计不会影响设备的整体尺寸。此外 值得注意的是 心率监测的重大改进据说正在进行中。
【Apple Watch Series 3运动手表 GPS版 多色可选 特价仅369欧+买就送价值149欧的 BEATS X 蓝牙无线耳机】只要戴上手表，就能自由自在，走得更远！在跑步时在线听歌。GPS和高度计功能，跑多远怕多高，更重运动都有数，帮你记录下来。有防水功能，帮你记录休息、行走等作息时心律：http://t.cn/RdD6nqR​, Apple Watch Series #NUM#运动手表 GPS版 多色可选 特价仅#NUM#欧 买就送价值#NUM#欧的 BEATS X 蓝牙无线耳机 只要戴上手表 就能自由自在 走得更远 在跑步时在线听歌。GPS和高度计功能 跑多远怕多高 更重运动都有数 帮你记录下来。有防水功能 帮你记录休息、行走等作息时心律 
AppleWatchSeries4对比ApplwWatch1-3你用过哪一个？ ​,AppleWatchSeries#NUM#对比ApplwWatch#NUM#-#NUM#你用过哪一个   
AppleWatchSeries4 VSApple Watch Series 3，更大的屏幕，更高的屏占比！期待吗？ ​,AppleWatchSeries#NUM# VSApple Watch Series #NUM# 更大的屏幕 更高的屏占比 期待吗   
AppleWatchSeries4 和AppleWatchSeries1-3对比；拥有更大的显示屏，更快的处理器和更强的传感器。[doge] ​,AppleWatchSeries#NUM# 和AppleWatchSeries#NUM#-#NUM#对比 拥有更大的显示屏 更快的处理器和更强的传感器。 EMO_doge  
AppleWatchSeries4 vsSeries1-3http://t.cn/Rdgsob0​,AppleWatchSeries#NUM# vsSeries#NUM#-#NUM#
AppleWatchSeries4 vsSeries1-3[爱你],AppleWatchSeries#NUM# vsSeries#NUM#-#NUM# EMO_爱你
AppleWatchSeries4对比Series1到3，屏占比提高了以后确实好看了不少，从外观上来看我很有想买的欲望，但还是不知道买过来以后能干嘛，很担心吃灰[允悲]（图Ben Geskin） ​,AppleWatchSeries#NUM#对比Series#NUM#到#NUM# 屏占比提高了以后确实好看了不少 从外观上来看我很有想买的欲望 但还是不知道买过来以后能干嘛 很担心吃灰 EMO_允悲  图Ben Geskin   
AppleWatchSeries4对比Apple Watch Series 3，更大屏幕，更高屏占比。 ​​是不是更漂亮了呢[污] ​,AppleWatchSeries#NUM#对比Apple Watch Series #NUM# 更大屏幕 更高屏占比。   是不是更漂亮了呢 EMO_污  
AppleWatchSeries4对比Apple Watch Series 3，更大屏幕，更高屏占比。 ​,AppleWatchSeries#NUM#对比Apple Watch Series #NUM# 更大屏幕 更高屏占比。  
AppleWatchSeries4和Series3的对比图…可以说把2.5D屏幕的优势发挥到最大了。（By Ben Geskin） ​,AppleWatchSeries#NUM#和Series#NUM#的对比图。可以说把#NUM# #NUM#D屏幕的优势发挥到最大了。 By Ben Geskin   
下一代又来骗钱了，但还是非常乐意被骗的～AppleWatchSeries4 VSAppleWatchSeries3​,下一代又来骗钱了 但还是非常乐意被骗的 AppleWatchSeries#NUM# VSAppleWatchSeries#NUM# 
【Apple Watch Series 3GPS款38毫米 只要369欧 + 送价值149欧的BEATS X 入耳式蓝牙耳机】AppleWatch是一款运动手表，一个绑在手腕上的信息通讯装置。http://t.cn/RdgTBJ9BEATS X 入耳式蓝牙耳机超级小巧，可随声鞋带，长达8小时的电池使用时间，让你全天能聆听到纯正儿清澈的音质。采用Fast Fuel技术，在电量不足时，充电5分钟即可持续播放2小时。, Apple Watch Series #NUM#GPS款#NUM#毫米 只要#NUM#欧   送价值#NUM#欧的BEATS X 入耳式蓝牙耳机 AppleWatch是一款运动手表 一个绑在手腕上的信息通讯装置。 X 入耳式蓝牙耳机超级小巧 可随声鞋带 长达#NUM#小时的电池使用时间 让你全天能聆听到纯正儿清澈的音质。采用Fast Fuel技术 在电量不足时 充电#NUM#分钟即可持续播放#NUM#小时。
一份最新的报告显示，苹果可能会在下一代iPhone中加入一款eSIM芯片。传统的塑料SIM卡需要放在卡托盘上，然后推入卡槽中。如果没有它，手机就无法获得运营商服务。但是，eSIM是一种芯片，它实际上是被焊接到手机的电路板上的。除了不需要SIM卡托盘之外，eSIM甚至不需要消费者前往运营商营业厅更换SIM卡。从消费者的角度来看，这将是一个令人惊喜的消息，当然，运营商除外。只要有了eSIM，iPhone用户就可以在运营商之间随意切换，更换手机SIM卡这部分麻烦将不复存在。消费者需要做的就是注册服务并等待运营商的自动激活。如果苹果在今年秋天发布的新款iPhone中加入eSIM芯片，这可能标志着运营商和用户之间的关系的终结。消费者可能会倾向于先购买硬件，然后再决定选择哪家运营商。简单地说，运营商将开始失去控制，这必然会让他们感到担忧。值得注意的是，苹果已经在Apple Watch Series 3中使用了eSIM技术，因此，将这种芯片应用到最新款iPhone手机上也不是不可能。,一份最新的报告显示 苹果可能会在下一代iPhone中加入一款eSIM芯片。传统的塑料SIM卡需要放在卡托盘上 然后推入卡槽中。如果没有它 手机就无法获得运营商服务。但是 eSIM是一种芯片 它实际上是被焊接到手机的电路板上的。除了不需要SIM卡托盘之外 eSIM甚至不需要消费者前往运营商营业厅更换SIM卡。从消费者的角度来看 这将是一个令人惊喜的消息 当然 运营商除外。只要有了eSIM iPhone用户就可以在运营商之间随意切换 更换手机SIM卡这部分麻烦将不复存在。消费者需要做的就是注册服务并等待运营商的自动激活。如果苹果在今年秋天发布的新款iPhone中加入eSIM芯片 这可能标志着运营商和用户之间的关系的终结。消费者可能会倾向于先购买硬件 然后再决定选择哪家运营商。简单地说 运营商将开始失去控制 这必然会让他们感到担忧。值得注意的是 苹果已经在Apple Watch Series #NUM#中使用了eSIM技术 因此 将这种芯片应用到最新款iPhone手机上也不是不可能。
消息称苹果将在今年秋天发布的新款iPhone中加入eSIM芯片，这可能标志着运营商和用户之间的关系的终结。消费者可能会倾向于先购买硬件，然后再决定选择哪家运营商。简单地说，运营商将开始失去控制，这必然会让他们感到担忧。值得注意的是，苹果已经在Apple Watch Series 3中使用了eSIM技术，因此，将这种芯片应用到最新款iPhone手机上也不是不可能。,消息称苹果将在今年秋天发布的新款iPhone中加入eSIM芯片 这可能标志着运营商和用户之间的关系的终结。消费者可能会倾向于先购买硬件 然后再决定选择哪家运营商。简单地说 运营商将开始失去控制 这必然会让他们感到担忧。值得注意的是 苹果已经在Apple Watch Series #NUM#中使用了eSIM技术 因此 将这种芯片应用到最新款iPhone手机上也不是不可能。
左AppleWatchSeries3、右新款AppleWatch全面屏设计，屏幕圆角更贴合边框。#数码[超话]##APPLE[超话]#​,左AppleWatchSeries#NUM#、右新款AppleWatch全面屏设计 屏幕圆角更贴合边框。  
#新iPhone##江苏传天羽·iPhone#新一代iPhone将支持eSIM: 运营商表示很慌消费者可能会倾向于先购买硬件，然后再决定选择哪家运营商。距离苹果 2018 年秋季发布会还有两个月时间，消费者对下一代 iPhone 的热情高涨，但是对于移动运营商来说，新款 iPhone 可能会让他们感到不快。一份最新报告显示，苹果可能会在下一代 iPhone 中加入一款 eSIM 芯片。传统塑料 SIM 卡需要放在卡托盘上，然后推入卡槽中。如果没有它，手机就无法获得运营商服务。但是，eSIM 是一种芯片，它实际上是被焊接到手机的电路板上的。除了不需要 SIM 卡托盘之外，eSIM 甚至不需要消费者前往运营商营业厅更换 SIM 卡。从消费者角度来看，这将是一个令人消费的消息，当然，运营商除外。只要有了 eSIM，iPhone 用户就可以在运营商之间随意切换，更换手机 SIM 卡这部分麻烦将不复存在。消费者需要做的就是注册服务并等待运营商的自动激活。如果苹果在今年秋天发布的新款 iPhone 中加入 eSIM 芯片，这可能标志着运营商和用户之间的关系的终结。消费者可能会倾向于先购买硬件，然后再决定选择哪家运营商。简单地说，运营商将开始失去控制，这必然会让他们感到担忧。值得注意的是，苹果已经在Apple Watch Series 3中使用了 eSIM 技术，因此，将这种芯片应用到最新款 iPhone 手机上也不是不可能。,新一代iPhone将支持eSIM  运营商表示很慌消费者可能会倾向于先购买硬件 然后再决定选择哪家运营商。距离苹果 #NUM# 年秋季发布会还有两个月时间 消费者对下一代 iPhone 的热情高涨 但是对于移动运营商来说 新款 iPhone 可能会让他们感到不快。一份最新报告显示 苹果可能会在下一代 iPhone 中加入一款 eSIM 芯片。传统塑料 SIM 卡需要放在卡托盘上 然后推入卡槽中。如果没有它 手机就无法获得运营商服务。但是 eSIM 是一种芯片 它实际上是被焊接到手机的电路板上的。除了不需要 SIM 卡托盘之外 eSIM 甚至不需要消费者前往运营商营业厅更换 SIM 卡。从消费者角度来看 这将是一个令人消费的消息 当然 运营商除外。只要有了 eSIM iPhone 用户就可以在运营商之间随意切换 更换手机 SIM 卡这部分麻烦将不复存在。消费者需要做的就是注册服务并等待运营商的自动激活。如果苹果在今年秋天发布的新款 iPhone 中加入 eSIM 芯片 这可能标志着运营商和用户之间的关系的终结。消费者可能会倾向于先购买硬件 然后再决定选择哪家运营商。简单地说 运营商将开始失去控制 这必然会让他们感到担忧。值得注意的是 苹果已经在Apple Watch Series #NUM#中使用了 eSIM 技术 因此 将这种芯片应用到最新款 iPhone 手机上也不是不可能。
【新一代iPhone将支持eSIM: 运营商表示很慌】一份最新的报告显示，苹果可能会在下一代 iPhone 中加入一款 eSIM 芯片。这可能意味着运营商和用户之间的关系的终结。消费者可能会倾向于先购买硬件，然后再决定选择运营商。苹果已经在Apple Watch Series 3中使用了 eSIM 技术，因此，将这种芯片应用到最新款 iPhone 手机上也不是不可能。, 新一代iPhone将支持eSIM  运营商表示很慌 一份最新的报告显示 苹果可能会在下一代 iPhone 中加入一款 eSIM 芯片。这可能意味着运营商和用户之间的关系的终结。消费者可能会倾向于先购买硬件 然后再决定选择运营商。苹果已经在Apple Watch Series #NUM#中使用了 eSIM 技术 因此 将这种芯片应用到最新款 iPhone 手机上也不是不可能。
左AppleWatchSeries3、右新款AppleWatch全面屏设计，屏幕圆角更贴合边框，超级好看。大家感受下觉得新旧哪个好看[思考] ​,左AppleWatchSeries#NUM#、右新款AppleWatch全面屏设计 屏幕圆角更贴合边框 超级好看。大家感受下觉得新旧哪个好看 EMO_思考  
AppleWatch实现双卡双待啦每天奔波在路上的人，兜里都会揣着一个工作用的 iPhone，Apple Watch Series 3 的号码是私人的，从此不再需要揣两台 iPhone 出门了。假设你拥有一台每天需要拿出门的 iPhone。一台是跟内嵌了主卡的 iPhone，不需要拿出门，只需要接听电话就行。 ​,AppleWatch实现双卡双待啦每天奔波在路上的人 兜里都会揣着一个工作用的 iPhone Apple Watch Series #NUM# 的号码是私人的 从此不再需要揣两台 iPhone 出门了。假设你拥有一台每天需要拿出门的 iPhone。一台是跟内嵌了主卡的 iPhone 不需要拿出门 只需要接听电话就行。  
去年，LG Display 和 Samsung Display 都是苹果Apple丝芙兰Watch智能手表显示屏的供应商，两者总蛇哥师妹 共向苹果供应了 1475 万块显示屏，其中 LG 的供应量达到 70% 以上。空姐空少虽然苹果从未公开披露过AppleWatch的销量情况，每次都是含糊地吹嘘销量表现强劲，但面板供应量侧面也反应了 学姐的车AppleWatch的销量表现。当然了，苹果AppleWatch能够成为智能手表市场的领导者，主要还得益于 热舞甜心iPhone 的在全写真风格个人写真球的畅销程度，以及AppleWatch手表与自家生态气质穿搭姐 的紧密整合。不过，苹果也从竞争对手中得到了一些启示，开始将AppleWatch产品从 空姐秀 iPhone 中独立出来，所以我们看到Apple Watch Series 3中增加 LTE 模块。,去年 LG Display 和 Samsung Display 都是苹果Apple丝芙兰Watch智能手表显示屏的供应商 两者总蛇哥师妹 共向苹果供应了 #NUM# 万块显示屏 其中 LG 的供应量达到 #NUM#  以上。空姐空少虽然苹果从未公开披露过AppleWatch的销量情况 每次都是含糊地吹嘘销量表现强劲 但面板供应量侧面也反应了 学姐的车AppleWatch的销量表现。当然了 苹果AppleWatch能够成为智能手表市场的领导者 主要还得益于 热舞甜心iPhone 的在全写真风格个人写真球的畅销程度 以及AppleWatch手表与自家生态气质穿搭姐 的紧密整合。不过 苹果也从竞争对手中得到了一些启示 开始将AppleWatch产品从 空姐秀 iPhone 中独立出来 所以我们看到Apple Watch Series #NUM#中增加 LTE 模块。
苹果（Apple）WatchSeries3智能手表（GPS+蜂窝网络款38毫米 运动型表带 ） 粉砂色3066元，预计7月11日06:00开始http://t.cn/Rd8RdYQ​,苹果 Apple WatchSeries#NUM#智能手表 GPS 蜂窝网络款#NUM#毫米 运动型表带   粉砂色#NUM#元 预计#NUM#月#NUM#日#NUM# #NUM#开始
实用好物！OLEBR 2合1 苹果手表与iPhone充电座，原价$15.97，结账时使用折扣码WDLFPQPJ 后45%off 仅售 $9.9，亚马逊Prime会员或本次购物总额满$25免运费！http://t.cn/RdT2Y5P采用优质硅胶和金属经过精心打造而成，坚固耐用，底部有防滑垫，整体稳定性非常好。硅胶为防刮硅胶，边缘表面都光滑，可保护您的AppleWatch和iPhone免受刮擦。AppleWatch充电座兼容Apple Watch Series 3/Series2 /Series1 / Nike + / Hermes / Edition，同时适用于38mm和42mm的手表。iPhone充电座适用于iPhone X / 8/8 Plus，iPhone 7/7 Plus，iPhone SE，iPhone 6s / iPhone 6s plus，iPhone 6 / iPhone 6 plus，iPhone5 / 5s。,实用好物 OLEBR #NUM#合#NUM# 苹果手表与iPhone充电座 原价 #NUM# #NUM# 结账时使用折扣码WDLFPQPJ 后#NUM# off 仅售  #NUM# #NUM# 亚马逊Prime会员或本次购物总额满 #NUM#免运费  Watch Series #NUM# Series#NUM#  Series#NUM#   Nike     Hermes   Edition 同时适用于#NUM#mm和#NUM#mm的手表。iPhone充电座适用于iPhone X   #NUM# #NUM# Plus iPhone #NUM# #NUM# Plus iPhone SE iPhone #NUM#s   iPhone #NUM#s plus iPhone #NUM#   iPhone #NUM# plus iPhone#NUM#   #NUM#s。
今天戴上applewatchseries3跑10km@吴栋说跑步期待明天使用NRC[馋嘴] ​,今天戴上applewatchseries#NUM#跑#NUM#km EMO_馋嘴  
还是穷呀，applewatchseries3和ps4pro该买哪一个，好纠结 ​,还是穷呀 applewatchseries#NUM#和ps#NUM#pro该买哪一个 好纠结  
我提出了问题 “拥有Apple Watch Series 3是一种怎样的体验？” 拥有Apple Watch Series 3是一种怎样的体验？ ​,我提出了问题 “拥有Apple Watch Series #NUM#是一种怎样的体验 ” 拥有Apple Watch Series #NUM#是一种怎样的体验   
为庆祝小米上市入一枚Apple Watch Series 3Nike+以示祝贺[作揖][蜘蛛俠] ​,为庆祝小米上市入一枚Apple Watch Series #NUM#Nike 以示祝贺 EMO_作揖 EMO_蜘蛛俠  
如何评价Apple Watch Series 3(GPS + 蜂窝网络表款)？ - 爱范儿 的回答 - 知乎 如何评价Apple Watch Series 3(GPS + 蜂窝网络表款)？ ​,如何评价Apple Watch Series #NUM# GPS   蜂窝网络表款   - 爱范儿 的回答 - 知乎 如何评价Apple Watch Series #NUM# GPS   蜂窝网络表款    
@悦跑圈您好，我是悦跑圈的高级跑者，今天晚上在Apple Watch Series 3GPS 版上安装悦跑圈后，手机放在家里，只带着手表去跑步。点击开始跑步后，跑步距离一直为 0，点击结束按钮，提示未超过100米不能保存。 在同一个手表上使用 Nike Running Club ，却可以记录距离，点击结束后有轨迹数据，回到家数据也可以同步到手机上。 因此求助，怎样设置才可以让手表上的悦跑圈像 NRC 一样可以记录跑步距离和轨迹，谢谢。, 我是悦跑圈的高级跑者 今天晚上在Apple Watch Series #NUM#GPS 版上安装悦跑圈后 手机放在家里 只带着手表去跑步。点击开始跑步后 跑步距离一直为 #NUM# 点击结束按钮 提示未超过#NUM#米不能保存。 在同一个手表上使用 Nike Running Club  却可以记录距离 点击结束后有轨迹数据 回到家数据也可以同步到手机上。 因此求助 怎样设置才可以让手表上的悦跑圈像 NRC 一样可以记录跑步距离和轨迹 谢谢。
【当这些时尚品牌玩转触屏智能腕表，腕上型格迎来全新风潮】Apple Watch Series 3一经推出就是话题之作，不仅材质和性能上大幅提升，另外还加入了一个关键功能就是可以装载虚拟SIM卡。 （分享自@凤凰网科技） 当这些时尚品牌玩转触屏智能腕表，腕上型格迎来全新风潮 ​, 当这些时尚品牌玩转触屏智能腕表 腕上型格迎来全新风潮 Apple Watch Series #NUM#一经推出就是话题之作 不仅材质和性能上大幅提升 另外还加入了一个关键功能就是可以装载虚拟SIM卡。  分享自   当这些时尚品牌玩转触屏智能腕表 腕上型格迎来全新风潮  
以前花高价去专柜整了块浪琴手表，还镀金，真的怕掉漆。机械表需要一直戴手上啊，可日常还时不时接触化学试剂，然后上班在核磁共振室天天待着根本不能带。还不如整一块Apple Watch Series 3，带蜂窝网的，跑步都方便。but no money ，相机，器材，相纸已经把我掏空了[二哈] 又准备找机器改装相机了，最终目标大画幅[污]http://t.cn/RyhCNAH,以前花高价去专柜整了块浪琴手表 还镀金 真的怕掉漆。机械表需要一直戴手上啊 可日常还时不时接触化学试剂 然后上班在核磁共振室天天待着根本不能带。还不如整一块Apple Watch Series #NUM# 带蜂窝网的 跑步都方便。but no money  相机 器材 相纸已经把我掏空了 EMO_二哈 又准备找机器改装相机了 最终目标大画幅 EMO_污
『Apple Watch Series 3』http://t.cn/RdtJl72​, Apple Watch Series #NUM# 
"Buy one, get a second 50% offApple Watch Series 3http://t.cn/RdZl7kd​",Buy one  get a second #NUM#  offApple Watch Series #NUM#
Apple Watch Series 3不锈钢蜂窝 42mm 黑色 ​,Apple Watch Series #NUM#不锈钢蜂窝 #NUM#mm 黑色  
🌿三草两木健康2018阅尽世界美起航送价值3000的AppleWatchSeries3手表绚丽大气 掌控世界 分毫不失和三草两木健康一起阅尽世界美！ ​, 三草两木健康#NUM#阅尽世界美起航送价值#NUM#的AppleWatchSeries#NUM#手表绚丽大气 掌控世界 分毫不失和三草两木健康一起阅尽世界美   
 watchOS 5 Developer beta 2 已经可以使用抬手即与 Siri 对话（无需”Hey Siri”） ​,  watchOS #NUM# Developer beta #NUM# 已经可以使用抬手即与 Siri 对话 无需”Hey Siri”   
在 iPhone X 的光芒下，可能许多人都遗忘Apple Watch Series 3了，但无论怎么样，苹果手表都是一个非常受欢迎的产品，不过日前却曝出了一个大 Bug。 极客大世界的秒拍视频 ​,在 iPhone X 的光芒下 可能许多人都遗忘Apple Watch Series #NUM#了 但无论怎么样 苹果手表都是一个非常受欢迎的产品 不过日前却曝出了一个大 Bug。 极客大世界的秒拍视频  
#西宁打听#麻烦问一下Applewatchseries3值得不，比较喜欢款式。via匿名 ​,麻烦问一下Applewatchseries#NUM#值得不 比较喜欢款式。via匿名  
已经将Apple Watch Series 3更新到watchOS 5的可以试试这个功能，超帅。 ​,已经将Apple Watch Series #NUM#更新到watchOS #NUM#的可以试试这个功能 超帅。  
Apple Watch Series 3+ watchOS 5 感觉可以替代闪念胶囊了！！现在连按都不用按，抬起手说话就可以让 Siri 记事了，这也太方便了吧！！！[允悲][允悲][允悲] 李大锤同学的秒拍视频 ​,Apple Watch Series #NUM#  watchOS #NUM# 感觉可以替代闪念胶囊了！现在连按都不用按 抬起手说话就可以让 Siri 记事了 这也太方便了吧！ EMO_允悲 EMO_允悲 EMO_允悲 李大锤同学的秒拍视频  
watchOS 5 beta 2 抬腕和 Siri 对话的功能可以用了！不需要 hey Siri，只需要抬腕直接说话 Siri 就会应答你了，你们试试看～[笑而不语] 李大锤同学的秒拍视频 ​,watchOS #NUM# beta #NUM# 抬腕和 Siri 对话的功能可以用了 不需要 hey Siri 只需要抬腕直接说话 Siri 就会应答你了 你们试试看  EMO_笑而不语 李大锤同学的秒拍视频  
这款颜色的表带推荐给黑色铝壳、黑色不锈钢、银色不锈钢的AppleWatch用户。 ​,这款颜色的表带推荐给黑色铝壳、黑色不锈钢、银色不锈钢的AppleWatch用户。  
"AppleWatch,AppleWatchSeries2,Apple Watch Series 3支持的手表 ​",AppleWatch AppleWatchSeries#NUM# Apple Watch Series #NUM#支持的手表  
我有点想买Applewatchseries3，但我又怕被朋友骂，算了算了不买了，肯定会被笑死的 ​,我有点想买Applewatchseries#NUM# 但我又怕被朋友骂 算了算了不买了 肯定会被笑死的  
买了个42mm的apple watch series 3当礼物和airpod，从此告别苹果的有线耳机了 日本·东京 ​,买了个#NUM#mm的apple watch series #NUM#当礼物和airpod 从此告别苹果的有线耳机了 日本 东京  
在Apple Watch Series 3发布时，中国联通是首发蜂窝数据版的运营商，按照原计划，只要拿到这款手表，就可以正常使用蜂窝数据了，打电话、上网等等。不过日前，在苹果的官网上可以看到，中国联通版本目前的状态，与移动和电信一样，变成了“今年稍后推出”。如果用户现在拿到了蜂窝数据版的 Apple Watch Series 3，也无法使用蜂窝功能，只能够当作普通的苹果手表来使用http://t.cn/RrTuOnJ,在Apple Watch Series #NUM#发布时 中国联通是首发蜂窝数据版的运营商 按照原计划 只要拿到这款手表 就可以正常使用蜂窝数据了 打电话、上网等等。不过日前 在苹果的官网上可以看到 中国联通版本目前的状态 与移动和电信一样 变成了“今年稍后推出”。如果用户现在拿到了蜂窝数据版的 Apple Watch Series #NUM# 也无法使用蜂窝功能 只能够当作普通的苹果手表来使用
我提出了问题 “Apple Watch Series 3(GPS + 蜂窝网络表款)怎么样？”Apple Watch Series 3(GPS + 蜂窝网络表款)怎么样？ ​,我提出了问题 “Apple Watch Series #NUM# GPS   蜂窝网络表款 怎么样 ”Apple Watch Series #NUM# GPS   蜂窝网络表款 怎么样   
【出闲置】苹果笔记本15寸 Touch bar顶配低价甩还有Apple Watch series 342mm ​, 出闲置 苹果笔记本#NUM#寸 Touch bar顶配低价甩还有Apple Watch series #NUM#mm  
外国媒体证实苹果将在9月12日举办新品发布会，届时将在ApplePark，即苹果新总部大楼举行。此次发布会将带来诸多新品不只是iPhone 8还有iPhone 7S/7S Plus以及AppleWatchSeries3等新品 极客大世界的秒拍视频 ​,外国媒体证实苹果将在#NUM#月#NUM#日举办新品发布会 届时将在ApplePark 即苹果新总部大楼举行。此次发布会将带来诸多新品不只是iPhone #NUM#还有iPhone #NUM#S #NUM#S Plus以及AppleWatchSeries#NUM#等新品 极客大世界的秒拍视频  
[火焰]三草两木健康2018阅尽世界美起航贴身管家管理全在腕间Apple Watch Series3生活得心应手，商业人士必备#三草两木健康达人[超话]#​,EMO_火焰 三草两木健康#NUM#阅尽世界美起航贴身管家管理全在腕间Apple Watch Series#NUM#生活得心应手 商业人士必备  
🌿三草两木健康2018阅尽世界美起航贴身管家管理全在腕间Apple Watch Series3生活得心应手，商业人士必备 ​, 三草两木健康#NUM#阅尽世界美起航贴身管家管理全在腕间Apple Watch Series#NUM#生活得心应手 商业人士必备  
大雨天和新纪录更配哦[憧憬]#2500米游泳打卡#分享一下我的游泳好搭档：[1]️Sony ws413防水耳机MP3，因为只有游泳佩戴，选了最便宜的无蓝牙版，完全够用，水下听歌真的爽，敲推荐！[2]️AppleWatchseries3，数据记录功能强大，爱运动人士真的闭眼入！ ​,大雨天和新纪录更配哦 EMO_憧憬 分享一下我的游泳好搭档  EMO_#NUM#  Sony ws#NUM#防水耳机MP#NUM# 因为只有游泳佩戴 选了最便宜的无蓝牙版 完全够用 水下听歌真的爽 敲推荐  EMO_#NUM#  AppleWatchseries#NUM# 数据记录功能强大 爱运动人士真的闭眼入   
618最后一哆嗦Apple Watch Series 3蜂窝版 个人使用体验 （分享自@什么值得买）http://t.cn/RrcK014。 ​,#NUM#最后一哆嗦Apple Watch Series #NUM#蜂窝版 个人使用体验  分享自    
想买 Kindle Oasis3，想买AppleWatchSeries4，想买 MacBook Pro 2018…啊啊。 ​,想买 Kindle Oasis#NUM# 想买AppleWatchSeries#NUM# 想买 MacBook Pro #NUM#。啊啊。  
🌿三草两木健康2018阅尽世界美起航高速数据时代，数字记录一切Apple Watch Series3让成功更有把握 ​, 三草两木健康#NUM#阅尽世界美起航高速数据时代 数字记录一切Apple Watch Series#NUM#让成功更有把握  
#TechVulcans#据 9to5mac 报道，苹果公司又面临了一起有关Apple Watch Series 3针对陶瓷表款的诉讼，Antario 的一名男子 Dean Lubaki 起诉苹果在宣传Apple Watch Series 3Edition 时表明陶瓷表壳与蓝宝石屏幕不易被磨损，但事实是苹果官方的米兰尼斯表带由于与AppleWatch背部充电磁铁吸引从而导致手表能够被轻易刮伤，可见下图。Dean Lubaki 尽管在以及购买Applecare+ 的情况下向当地AppleStore 申请更换依旧得到拒绝，促使他无奈之下将苹果告上法庭申请退还他的Apple Watch Series 3和Applecare+ 的钱款。而在他起诉之后苹果公司的一位工作人员表示给他进行更换并附送一款配件，但他并没有选择接受。在他对 9to5mac 的申明中表示：苹果的这一宣传错误是欺骗消费者的行为，苹果自家的表带就能够轻易将陶瓷磨损是不应该的。在他先前向AppleStore 说明情况时，苹果员工对于他的态度他也不可接受。Apple Watch Series 3Edition 在中国高达 1w 的售价有小伙伴使用吗？[允悲]陶瓷版本与自家表带出现划痕的确是不应该的，苹果看来要改善米兰尼斯表带的工艺了。手拿最基础款的Series3瑟瑟发抖，表示铝合金+Ion-X 使用一个月以来并没有啥划痕[跪了],据 #NUM#to#NUM#mac 报道 苹果公司又面临了一起有关Apple Watch Series #NUM#针对陶瓷表款的诉讼 Antario 的一名男子 Dean Lubaki 起诉苹果在宣传Apple Watch Series #NUM#Edition 时表明陶瓷表壳与蓝宝石屏幕不易被磨损 但事实是苹果官方的米兰尼斯表带由于与AppleWatch背部充电磁铁吸引从而导致手表能够被轻易刮伤 可见下图。Dean Lubaki 尽管在以及购买Applecare  的情况下向当地AppleStore 申请更换依旧得到拒绝 促使他无奈之下将苹果告上法庭申请退还他的Apple Watch Series #NUM#和Applecare  的钱款。而在他起诉之后苹果公司的一位工作人员表示给他进行更换并附送一款配件 但他并没有选择接受。在他对 #NUM#to#NUM#mac 的申明中表示 苹果的这一宣传错误是欺骗消费者的行为 苹果自家的表带就能够轻易将陶瓷磨损是不应该的。在他先前向AppleStore 说明情况时 苹果员工对于他的态度他也不可接受。Apple Watch Series #NUM#Edition 在中国高达 #NUM#w 的售价有小伙伴使用吗  EMO_允悲 陶瓷版本与自家表带出现划痕的确是不应该的 苹果看来要改善米兰尼斯表带的工艺了。手拿最基础款的Series#NUM#瑟瑟发抖 表示铝合金 Ion-X 使用一个月以来并没有啥划痕 EMO_跪了
AppleWatchSeries3蜂窝+GPS美版42mm 不锈钢 白色苹果官网剩余200多天保修配图中金属表带加3000元要最后一图黑色真皮表带加110元要原装两米陶瓷头数据线加160元#17iPhone#​,AppleWatchSeries#NUM#蜂窝 GPS美版#NUM#mm 不锈钢 白色苹果官网剩余#NUM#多天保修配图中金属表带加#NUM#元要最后一图黑色真皮表带加#NUM#元要原装两米陶瓷头数据线加#NUM#元  
24日6点：【2388】Apple Watch Series 3智能手表http://t.cn/RrG2Ssx喜欢的可以蹲一下，个人觉得热爱健身的(づ｡◕‿‿◕｡)づ可以有一个，现在基本充一次电可以续航2天以前我用1的时候只有健身的时候用，现在基本都戴着了，手表可以直接接电话。http://t.cn/RTDtzY4http://t.cn/Rua1vrR​​​​,#NUM#日#NUM#点  #NUM# Apple Watch Series #NUM#智能手表
[小嘴]三草两木健康2018阅尽世界美起航小体型，大本事Apple Watch Series3目的明确才能一步到位#三草两木健康达人[超话]#​,EMO_小嘴 三草两木健康#NUM#阅尽世界美起航小体型 大本事Apple Watch Series#NUM#目的明确才能一步到位  
【求购 / 出闲置】求自行车锁跟自行车头盔🚴另外卖一个Apple Watch series 3 42mm耐克运动版本黑 有jbhifi发票 上学期末买的。价格380不刀 谢谢 ​, 求购   出闲置 求自行车锁跟自行车头盔 另外卖一个Apple Watch series #NUM# #NUM#mm耐克运动版本黑 有jbhifi发票 上学期末买的。价格#NUM#不刀 谢谢  
三草两木健康2018阅尽世界美起航有规划，有计划AppleWatchSeries3每一步都是明确 ​,三草两木健康#NUM#阅尽世界美起航有规划 有计划AppleWatchSeries#NUM#每一步都是明确  
【等了一年终于来了？彭博:苹果今年9月开售AirPower无线充电座[doge]】彭博社今日援引多位知情人士的消息称，苹果将于今年9月正式开售AirPower无线充电座。苹果工程师原计划于今年6月推出AirPower，不过最近几个月，已经加紧了对AirPower的测试，并将其作为在办公室的主充电器。彭博社:苹果今年9月开售AirPower无线充电座 ​, 等了一年终于来了 彭博 苹果今年#NUM#月开售AirPower无线充电座 EMO_doge  彭博社今日援引多位知情人士的消息称 苹果将于今年#NUM#月正式开售AirPower无线充电座。苹果工程师原计划于今年#NUM#月推出AirPower 不过最近几个月 已经加紧了对AirPower的测试 并将其作为在办公室的主充电器。彭博社 苹果今年#NUM#月开售AirPower无线充电座  
身着假supreme，带了一个20的棒球帽🧢，戴着AppleWatchseries3配回环表带，脚穿Adidas三叶草cq2624，来吃烧烤，看到了一个老外，感觉很尴尬😅 绍兴·浙江农林大学暨阳学院 ​,身着假supreme 带了一个#NUM#的棒球帽  戴着AppleWatchseries#NUM#配回环表带 脚穿Adidas三叶草cq#NUM# 来吃烧烤 看到了一个老外 感觉很尴尬  绍兴 浙江农林大学暨阳学院  
💥三草两木健康2018阅尽世界美起航关注自我每一刻，管理事业每一步Apple Watch Series3彰显成功本色#三草两木健康达人[超话]#​, 三草两木健康#NUM#阅尽世界美起航关注自我每一刻 管理事业每一步Apple Watch Series#NUM#彰显成功本色  
"#AppSo快讯#【iOS 12 beta 2 暗示新款AppleWatch将至】昨日苹果发布了 iOS 12 第二个测试版本，有媒体发现了全新的AppleWatch识别符，暗示苹果将推新款手表。全新AppleWatch识别符分别是Watch4,1、Watch4,2、Watch4,3和Watch4,4。这些数字符合现有的Apple Watch Series 3的变化，比如从Watch3,1~Watch3,4。另外还有新设备，包括 MTUD2、MTUK2 和 MTX92 等。", iOS #NUM# beta #NUM# 暗示新款AppleWatch将至 昨日苹果发布了 iOS #NUM# 第二个测试版本 有媒体发现了全新的AppleWatch识别符 暗示苹果将推新款手表。全新AppleWatch识别符分别是Watch#NUM# #NUM#、Watch#NUM# #NUM#、Watch#NUM# #NUM#和Watch#NUM# #NUM#。这些数字符合现有的Apple Watch Series #NUM#的变化 比如从Watch#NUM# #NUM# Watch#NUM# #NUM#。另外还有新设备 包括 MTUD#NUM#、MTUK#NUM# 和 MTX#NUM# 等。
iOS 12代码曝光，可能预示新款AppleWatch9月发布。猜测，AppleWatchSeries4 或许会在9月新片发布会上和三台新 iPhone 一起发布，Series3就是在去年9月发布会上公布的。不过这次苹果可能会给我们一些不一样的体验，AppleWatch现在已经发布四代了，外观从未有过改变，此前有外媒爆料称AppleWatchSeries4 的屏幕将会扩大15%并采用圆角设计，类似于 iPhone X 的全面屏。,iOS #NUM#代码曝光 可能预示新款AppleWatch#NUM#月发布。猜测 AppleWatchSeries#NUM# 或许会在#NUM#月新片发布会上和三台新 iPhone 一起发布 Series#NUM#就是在去年#NUM#月发布会上公布的。不过这次苹果可能会给我们一些不一样的体验 AppleWatch现在已经发布四代了 外观从未有过改变 此前有外媒爆料称AppleWatchSeries#NUM# 的屏幕将会扩大#NUM# 并采用圆角设计 类似于 iPhone X 的全面屏。
#TechVulcans##Apple Watch#下雨天的Apple Watch Series 3[思考] ​,Apple Watch 下雨天的Apple Watch Series #NUM# EMO_思考  
IOS12 beta 2发布后虽然亮点很少，但却暗藏玄机，在IOS中发现AppleWatch的字符串，其中包括Watch4.1、Watch4.2、Watch4.3、Watch4.4，而目前的Apple Watch series 3，它们使用的是Watch3.1至3.4，按照这样的规律来看推AppleWatchseries4的可能性非常大了。[偷笑]然而之前的曝料中，新一代的Applewatch很有可能会有些关键的调整，尤其是右侧的物理按键将改为固态型，这与iphone 7 不可压的Home键一样，另外假如真的推四代，表盘屏幕将会扩大15%，并且采用圆角设计。[喵喵],IOS#NUM# beta #NUM#发布后虽然亮点很少 但却暗藏玄机 在IOS中发现AppleWatch的字符串 其中包括Watch#NUM# #NUM#、Watch#NUM# #NUM#、Watch#NUM# #NUM#、Watch#NUM# #NUM# 而目前的Apple Watch series #NUM# 它们使用的是Watch#NUM# #NUM#至#NUM# #NUM# 按照这样的规律来看推AppleWatchseries#NUM#的可能性非常大了。 EMO_偷笑 然而之前的曝料中 新一代的Applewatch很有可能会有些关键的调整 尤其是右侧的物理按键将改为固态型 这与iphone #NUM# 不可压的Home键一样 另外假如真的推四代 表盘屏幕将会扩大#NUM#  并且采用圆角设计。 EMO_喵喵
谢谢[姚先森]送的Apple Watch Series 3这份周年[礼物]礼物[礼物]非常喜欢[爱你][爱你][爱你] ​,谢谢 EMO_姚先森 送的Apple Watch Series #NUM#这份周年 EMO_礼物 礼物 EMO_礼物 非常喜欢 EMO_爱你 EMO_爱你 EMO_爱你  
#买个便宜货#苹果（Apple）WatchSeries3智能手表 42毫米（蜂窝版） （分享自@买个便宜货网）￥2858http://t.cn/RBFYmhp​,苹果 Apple WatchSeries#NUM#智能手表 #NUM#毫米 蜂窝版   分享自   #NUM#
在 iPhone X 的光芒下，可能许多人都遗忘Apple Watch Series 3了，但无论怎么样，苹果手表都是一个非常受欢迎的产品，不过日前却曝出了一个大 Bug。 这个机好像不错的秒拍视频 ​,在 iPhone X 的光芒下 可能许多人都遗忘Apple Watch Series #NUM#了 但无论怎么样 苹果手表都是一个非常受欢迎的产品 不过日前却曝出了一个大 Bug。 这个机好像不错的秒拍视频  
京东商城Apple Watch Series 3智能手表 GPS款38毫米 铝金属表壳，日常参考价2588元，京东现秒杀价2316元包邮下单送单圈皮质表带，近期好价，喜欢可入http://t.cn/RBk0aAf​,京东商城Apple Watch Series #NUM#智能手表 GPS款#NUM#毫米 铝金属表壳 日常参考价#NUM#元 京东现秒杀价#NUM#元包邮下单送单圈皮质表带 近期好价 喜欢可入
#科技·新发现#【苹果iOS 12代码曝光AppleWatch4】苹果在今天凌晨公布了iOS 12、tvOS 12、macOS Mojave和watchOS 5的第二个开发者测试版，但其中有一点被大多数人忽略了，这版iOS 12中，出现了AppleWatchSeries4的身影。在iOS 12的系统中，我们发现了Watch4-1、Watch4-2、Watch4-3和Watch4-4的标识符，同时还有与新设备相对应的型号，比如MTUD2、MTUK2、MTX92等等。其实在Apple Watch Series 3在iOS中也有自己的标识符，分别为Watch3-1、Watch3-2、Watch3-3和Watch3-4。在iOS 12中发现Apple Watch的标识符并不罕见，毕竟Apple Watch现在依然需要依赖于iPhone完成绝大多数工作，而在需要建立网络联系的情况下，系统中肯定会有相应的痕迹。所以现在我们可以猜测，Apple Watch Series 4或许会在9月新品发布会上和三台新iPhone一起发布，Series 3就是在去年9月发布会上公布的。不过这次苹果可能会给我们一些不一样的体验，Apple Watch现在已经发布四代了，外观从未有过改变，此前有外媒爆料称Apple Watch Series 4的屏幕将会扩大15%并采用圆角设计，类似于iPhone X的全面屏。除此之外，固态按钮也有可能会出现在Apple Watch Series 4上，这一设计和现在iPhone的Home键一样，无法按压下去但是会通过Tapic Engine给用户震动反馈，这样的设计能带来更大的电池和更好的防水性。苹果iOS 12代码曝光 Apple Watch 4http://t.cn/RBkbKTh, 苹果iOS #NUM#代码曝光AppleWatch#NUM# 苹果在今天凌晨公布了iOS #NUM#、tvOS #NUM#、macOS Mojave和watchOS #NUM#的第二个开发者测试版 但其中有一点被大多数人忽略了 这版iOS #NUM#中 出现了AppleWatchSeries#NUM#的身影。在iOS #NUM#的系统中 我们发现了Watch#NUM#-#NUM#、Watch#NUM#-#NUM#、Watch#NUM#-#NUM#和Watch#NUM#-#NUM#的标识符 同时还有与新设备相对应的型号 比如MTUD#NUM#、MTUK#NUM#、MTX#NUM#等等。其实在Apple Watch Series #NUM#在iOS中也有自己的标识符 分别为Watch#NUM#-#NUM#、Watch#NUM#-#NUM#、Watch#NUM#-#NUM#和Watch#NUM#-#NUM#。在iOS #NUM#中发现Apple Watch的标识符并不罕见 毕竟Apple Watch现在依然需要依赖于iPhone完成绝大多数工作 而在需要建立网络联系的情况下 系统中肯定会有相应的痕迹。所以现在我们可以猜测 Apple Watch Series #NUM#或许会在#NUM#月新品发布会上和三台新iPhone一起发布 Series #NUM#就是在去年#NUM#月发布会上公布的。不过这次苹果可能会给我们一些不一样的体验 Apple Watch现在已经发布四代了 外观从未有过改变 此前有外媒爆料称Apple Watch Series #NUM#的屏幕将会扩大#NUM# 并采用圆角设计 类似于iPhone X的全面屏。除此之外 固态按钮也有可能会出现在Apple Watch Series #NUM#上 这一设计和现在iPhone的Home键一样 无法按压下去但是会通过Tapic Engine给用户震动反馈 这样的设计能带来更大的电池和更好的防水性。苹果iOS #NUM#代码曝光 Apple Watch #NUM#
"有媒体在 iOS 12 beta 2 中发现全新AppleWatch识别符，暗示苹果将推新款手表。全新 Apple Watch 识别符分别是 Watch4,1、Watch4,2、Watch4,3 和 Watch4,4。这些数字符合现有的 Apple Watch Series 3 的变化，比如从 Watch3,1~ Watch3,4。另外还有新设备，包括 MTUD2、MTUK2 和 MTX92 等。而新款AppleWatch很有可能被继续命名为AppleWatchSeries4，据称屏幕会较以往增加 15%。期待！",有媒体在 iOS #NUM# beta #NUM# 中发现全新AppleWatch识别符 暗示苹果将推新款手表。全新 Apple Watch 识别符分别是 Watch#NUM# #NUM#、Watch#NUM# #NUM#、Watch#NUM# #NUM# 和 Watch#NUM# #NUM#。这些数字符合现有的 Apple Watch Series #NUM# 的变化 比如从 Watch#NUM# #NUM#  Watch#NUM# #NUM#。另外还有新设备 包括 MTUD#NUM#、MTUK#NUM# 和 MTX#NUM# 等。而新款AppleWatch很有可能被继续命名为AppleWatchSeries#NUM# 据称屏幕会较以往增加 #NUM# 。期待 
【出闲置】Apple Watch Series 3Nike 黑色，JB HIFI购买 用的不多，价格399(原价499) 配件东西发票都在， ​, 出闲置 Apple Watch Series #NUM#Nike 黑色 JB HIFI购买 用的不多 价格#NUM# 原价#NUM#  配件东西发票都在   
据9to5mac报道，有人发现#iOS12#Beta 2中包含了一段苹果新品的代码，分别是Watch4.1，Watch4.2，Watch4.3和Watch4.4…也就是说今年的AppleWatchSeries4实锤了。 ​,据#NUM#to#NUM#mac报道 有人发现 Beta #NUM#中包含了一段苹果新品的代码 分别是Watch#NUM# #NUM# Watch#NUM# #NUM# Watch#NUM# #NUM#和Watch#NUM# #NUM#。也就是说今年的AppleWatchSeries#NUM#实锤了。  
"新的AppleWatchSeries4出现了？外媒9to5Mac在iOS 12 beta 2中发现了系统中引用的新Apple Watch标识符。新的Apple Watch标识符包括Watch4,1，Watch4,2，Watch4,3和Watch4,4。这些数字与Apple Watch Series 3的现有版本（Watch3,1-,3,4）相匹配。还提供了与新设备相对应的型号，其中包括MTUD2，MTUK2，MTX92等等。新款AppleWatch将于9月份发布，该系列可能会被称为AppleWatchSeries4，预计将拥有覆盖设备正面较大部分的15％的显示屏。",新的AppleWatchSeries#NUM#出现了 外媒#NUM#to#NUM#Mac 在iOS #NUM# beta #NUM#中发现了系统中引用的新Apple Watch标识符。新的Apple Watch标识符包括Watch#NUM# #NUM# Watch#NUM# #NUM# Watch#NUM# #NUM#和Watch#NUM# #NUM#。这些数字与Apple Watch Series #NUM#的现有版本 Watch#NUM# #NUM#- #NUM# #NUM# 相匹配。还提供了与新设备相对应的型号 其中包括MTUD#NUM# MTUK#NUM# MTX#NUM#等等。新款AppleWatch将于#NUM#月份发布 该系列可能会被称为AppleWatchSeries#NUM# 预计将拥有覆盖设备正面较大部分的#NUM# 的显示屏。
" iOS 12 Developer beta 2 的固件中发现了“Watch4,1”、“Watch4,2”、“Watch4,3”、“Watch4,4”的代码，这似乎就是AppleWatchSERIES4 将要到来的证据 ​",  iOS #NUM# Developer beta #NUM# 的固件中发现了“Watch#NUM# #NUM#”、“Watch#NUM# #NUM#”、“Watch#NUM# #NUM#”、“Watch#NUM# #NUM#”的代码 这似乎就是AppleWatchSERIES#NUM# 将要到来的证据  
这个礼物[礼物]我喜欢，不过APPLE WATCH SERIES 3移动版本的啥时候才可以支持蜂窝网络啊[哈哈] ​,这个礼物 EMO_礼物 我喜欢 不过APPLE WATCH SERIES #NUM#移动版本的啥时候才可以支持蜂窝网络啊 EMO_哈哈  
$279 起 多色可选 Best BuyApple Watch Series 3GPS版+Nike合作款http://t.cn/RB3y9Iq​, #NUM# 起 多色可选 Best BuyApple Watch Series #NUM#GPS版 Nike合作款
@OZ打折网Big W 有史最大的玩具Sale 打折图表6月21日-7月11日！乐高Porsche 911348刀；乐高星战千年隼75212 199刀；费雪，风火轮，Nerf，芭比，little tikes，等全部都有。ipad 6th wifi32G 449刀；Apple Watch Series 338mm 449刀/42mm 489刀；等。还有文具，童书，童装，巧克力等。 ​,W 有史最大的玩具Sale 打折图表#NUM#月#NUM#日-#NUM#月#NUM#日 乐高Porsche #NUM#刀 乐高星战千年隼#NUM# #NUM#刀 费雪 风火轮 Nerf 芭比 little tikes 等全部都有。ipad #NUM#th wifi#NUM#G #NUM#刀 Apple Watch Series #NUM#mm #NUM#刀 #NUM#mm #NUM#刀 等。还有文具 童书 童装 巧克力等。  
Apple苹果WatchSeries3智能手表GPS款 42毫米 黑色 2586元包邮http://t.cn/RBnfck0​,Apple苹果WatchSeries#NUM#智能手表GPS款 #NUM#毫米 黑色 #NUM#元包邮
[奋斗]该出手时就出手[礼物]自营苹果合辑：【京东自营】Apple iPad 平板电脑 9.7英寸秒杀价：¥2786[得]购买：http://t.cn/RBnZAtf【京东自营】Apple Watch Series 3智能手表秒杀价: ￥2888[得]抢购:http://t.cn/RBnZAtS【京东自营】[iphone]Apple iPhone X 256GB秒杀价：¥8399[得]抢购：http://t.cn/RBnZAtx【京东自营】[iphone]Apple iPhone 8 64GB秒杀价：¥4399[得]抢购：http://t.cn/RBnZAtI,EMO_奋斗 该出手时就出手 EMO_礼物 自营苹果合辑  京东自营 Apple iPad 平板电脑 #NUM# #NUM#英寸秒杀价  #NUM# EMO_得 购买  Watch Series #NUM#智能手表秒杀价   #NUM# EMO_得 抢购  iPhone X #NUM#GB秒杀价  #NUM# EMO_得 抢购  iPhone #NUM# #NUM#GB秒杀价  #NUM# EMO_得 抢购 
[火焰]京东苹果产品优惠[前进]【8399】Apple iPhone X (A1865) 256GB灰色：http://t.cn/RBnvCBQ银色：http://t.cn/RBnvCBR[前进]【2888】Apple iPad 平板电脑 2018年新款9.7英寸http://t.cn/RBnvCBH[前进]【2886】Apple Watch Series 3智能手表http://t.cn/RBnvCB8[前进]手机2680-300放券了，速领http://t.cn/RBnvCBu,EMO_火焰 京东苹果产品优惠 EMO_前进  #NUM# Apple iPhone X  A#NUM#  #NUM#GB灰色  iPad 平板电脑 #NUM#年新款#NUM# #NUM#英寸 Watch Series #NUM#智能手表
#买个便宜货#苹果（Apple）Apple Watch Series 3智能手表 GPS款 42毫米 （分享自@买个便宜货网）￥2586http://t.cn/RBESmXH​,苹果 Apple Apple Watch Series #NUM#智能手表 GPS款 #NUM#毫米  分享自   #NUM#
WithApple Watch Series 3​,WithApple Watch Series #NUM# 
#买个便宜货#Apple Watch Series 3智能手表38mm GPS版 ￥2125（分享自@买个便宜货网）http://t.cn/RBHULTe​,Apple Watch Series #NUM#智能手表#NUM#mm GPS版  #NUM# 分享自  
我上传了：【我在Apple Watch Series 3- 冲浪 -Apple截取了一段小视频】我在Apple Watch Series 3- 冲浪 -Apple截取了一段小视频（来优酷看我更多精彩视频：http://t.cn/R2bDGMN） ​,我上传了  我在Apple Watch Series #NUM#- 冲浪 -Apple截取了一段小视频 我在Apple Watch Series #NUM#- 冲浪 -Apple截取了一段小视频 来优酷看我更多精彩视频   
Nike+版 低至$319.2AppleWatchNike+Series3(GPS + Cellular)运动手表促销http://t.cn/RBYmEDm​,Nike 版 低至 #NUM# #NUM#AppleWatchNike Series#NUM# GPS   Cellular 运动手表促销
【AppleWatchNike+Series3】 促销，Nike+版低至$319.2  (GPS + Cellular)，今晚结束呦http://t.cn/RBYY5eO虽然Apple Watch Series 3的最主要提升在于其加入了蜂窝网络，但是信号不理想、耗电量大、运营商不支持都是它的硬伤。好在Apple还发布了无蜂窝网络版本，这对于不需要蜂窝网络来使用手表的用户来说可谓是更好的选择。一方面价格更便宜，另一方面其实大家日常很少很少有手机不在身边的情况。同时在硬件配置也采用了最新的双核处理器，性能提升70%。W2无线，速度提升85%。, AppleWatchNike Series#NUM#  促销 Nike 版低至 #NUM# #NUM#  GPS   Cellular  今晚结束呦 Watch Series #NUM#的最主要提升在于其加入了蜂窝网络 但是信号不理想、耗电量大、运营商不支持都是它的硬伤。好在Apple还发布了无蜂窝网络版本 这对于不需要蜂窝网络来使用手表的用户来说可谓是更好的选择。一方面价格更便宜 另一方面其实大家日常很少很少有手机不在身边的情况。同时在硬件配置也采用了最新的双核处理器 性能提升#NUM# 。W#NUM#无线 速度提升#NUM# 。
【2599元！Apple Watch Series 3智能手表京东秒杀！】Apple Watch Series 3智能手表（GPS款）预计将于6月17日0时在京东开启秒杀活动 ，限时售价2599元。 ​, #NUM#元 Apple Watch Series #NUM#智能手表京东秒杀  Apple Watch Series #NUM#智能手表 GPS款 预计将于#NUM#月#NUM#日#NUM#时在京东开启秒杀活动  限时售价#NUM#元。  
Apple苹果WatchSeries3智能手表GPS款 42毫米 黑色 2599元，应该是最近最低了吧，有全品券的还能更低http://t.cn/RBWcRox​,Apple苹果WatchSeries#NUM#智能手表GPS款 #NUM#毫米 黑色 #NUM#元 应该是最近最低了吧 有全品券的还能更低
Apple Watch Series 3智能手表（GPS款）预计将于6月17日0时在京东开启秒杀活动 ，限时售价2599元　来自@IT之家，详细点击 2599元！Apple Watch Series 3智能手表京东秒杀！ ​,Apple Watch Series #NUM#智能手表 GPS款 预计将于#NUM#月#NUM#日#NUM#时在京东开启秒杀活动  限时售价#NUM#元 来自  详细点击 #NUM#元 Apple Watch Series #NUM#智能手表京东秒杀   
【2599元！Apple Watch Series 3智能手表京东秒杀！】Apple Watch Series 3智能手表（GPS款）预计将于6月17日0时在京东开启秒杀活动，限时售价2599元……详情点击：2599元！Apple Watch Series 3智能手表京东秒杀！ ​, #NUM#元 Apple Watch Series #NUM#智能手表京东秒杀  Apple Watch Series #NUM#智能手表 GPS款 预计将于#NUM#月#NUM#日#NUM#时在京东开启秒杀活动 限时售价#NUM#元。详情点击 #NUM#元 Apple Watch Series #NUM#智能手表京东秒杀   
Apple苹果WatchSeries3智能手表GPS款 42毫米 2599http://t.cn/RBO1b9q​,Apple苹果WatchSeries#NUM#智能手表GPS款 #NUM#毫米 #NUM#
Apple苹果WatchSeries3智能手表GPS款 42毫米 黑色 2599元。应该是最近最低了吧，有全品券的还能更低。【京东商城】http://t.cn/RBO317U​,Apple苹果WatchSeries#NUM#智能手表GPS款 #NUM#毫米 黑色 #NUM#元。应该是最近最低了吧 有全品券的还能更低。 京东商城 
Apple Watch Series 3智能手表 深灰色好价2899~http://t.cn/RBOPQ9X​,Apple Watch Series #NUM#智能手表 深灰色好价#NUM# 
苹果（Apple）WatchSeries3智能手表 GPS+蜂窝网络38毫米表盘 运动型表带，2899元http://t.cn/RB0OeVt赠送皮质腕带，降￥100新低好价，同时42mm版售价￥3188也是好价，喜欢的不要错过。新版的AppleWatch3可以不连手机的情况下打电话，有了这个功能，出门运动不带手机，再也不用担心别人联系不上了。,苹果 Apple WatchSeries#NUM#智能手表 GPS 蜂窝网络#NUM#毫米表盘 运动型表带 #NUM#元
〈专卖〉苹果applewatchseries3GPS版本 国行 保修到2018年11月11日 手表盒子配件都在 ，没有质量问题，无拆修，功能一切正常，京东现在价格2488，现价1800:可以通过闲鱼和转转交易，本人重大学生，谢谢。 重庆·重庆大学城(商圈) ​, 专卖 苹果applewatchseries#NUM#GPS版本 国行 保修到#NUM#年#NUM#月#NUM#日 手表盒子配件都在  没有质量问题 无拆修 功能一切正常 京东现在价格#NUM# 现价#NUM# 可以通过闲鱼和转转交易 本人重大学生 谢谢。 重庆 重庆大学城 商圈   
【eSIM】Apple Watch Series 3，蜂窝网络服务已开通！[加油][加油]点击阅读☞☞☞ 【eSIM】Apple Watch Series 3，蜂窝网络服务已开通！ ​, eSIM Apple Watch Series #NUM# 蜂窝网络服务已开通  EMO_加油 EMO_加油 点击阅读     eSIM Apple Watch Series #NUM# 蜂窝网络服务已开通   
这个618，我们绝不玩虚的！美图手机、AppleWatchSeries3、星巴克520卡等大奖等着你，活动时间：6.16-6.20，我们这次的礼品有点多！！！你们准备好了吗？[太开心]朴尔因子护肤品牌店朴尔因子复合莓液态饮 莓果饮美容口服液含橄榄多酚烟酸VC朴尔因子 45天护肤计划 海藻+密罗木+铂金面膜逆糖化透亮祛黄 ​,这个#NUM# 我们绝不玩虚的 美图手机、AppleWatchSeries#NUM#、星巴克#NUM#卡等大奖等着你 活动时间 #NUM# #NUM#-#NUM# #NUM# 我们这次的礼品有点多！你们准备好了吗  EMO_太开心 朴尔因子护肤品牌店朴尔因子复合莓液态饮 莓果饮美容口服液含橄榄多酚烟酸VC朴尔因子 #NUM#天护肤计划 海藻 密罗木 铂金面膜逆糖化透亮祛黄  
Big W 有史最大的玩具Sale 打折图表6月21日-7月11日！乐高Porsche 911348刀；乐高星战千年隼75212 199刀；费雪，风火轮，Nerf，芭比，little tikes，等全部都有。ipad 6th wifi32G 449刀；Apple Watch Series 338mm 449刀/42mm 489刀；等。还有文具，童书，童装，巧克力等。http://t.cn/RB9M46b​,Big W 有史最大的玩具Sale 打折图表#NUM#月#NUM#日-#NUM#月#NUM#日 乐高Porsche #NUM#刀 乐高星战千年隼#NUM# #NUM#刀 费雪 风火轮 Nerf 芭比 little tikes 等全部都有。ipad #NUM#th wifi#NUM#G #NUM#刀 Apple Watch Series #NUM#mm #NUM#刀 #NUM#mm #NUM#刀 等。还有文具 童书 童装 巧克力等。
Cyberport【Apple Watch Series 3LTE38mm 太空灰 终极运动手表 [心] 87折389欧】水上运动接电话、发信息，跑步时听歌，不带手机也可以~只戴手表（LTE网络流量），轻装上阵走更远~全新双核处理器，GPS和气压高度计，运动健身健康数据全天候分析~自带呼吸App平静身心，放松助眠：http://t.cn/RBK66ED​,Cyberport Apple Watch Series #NUM#LTE#NUM#mm 太空灰 终极运动手表 EMO_心 #NUM#折#NUM#欧 水上运动接电话、发信息 跑步时听歌 不带手机也可以 只戴手表 LTE网络流量  轻装上阵走更远 全新双核处理器 GPS和气压高度计 运动健身健康数据全天候分析 自带呼吸App平静身心 放松助眠 
#剁哪编#Best Buy 现有Apple全场大促，iPhone 买一送一！Best Buy 现有苹果产品全场大促，美国境内免运费！- iPhone 8/8P/X Verizon 版本买一送一，需要签合约-AppleHomePod 立减$50- Apple Watch Series 3 立减$50- iPad mini 4 立减$100- MacBook Pro 若叠加学生折扣立减最多$300，戳这里立即购买！http://t.cn/RB6pCyC,Best Buy 现有Apple全场大促 iPhone 买一送一 Best Buy 现有苹果产品全场大促 美国境内免运费 - iPhone #NUM# #NUM#P X Verizon 版本买一送一 需要签合约-AppleHomePod 立减 #NUM#- Apple Watch Series #NUM# 立减 #NUM#- iPad mini #NUM# 立减 #NUM#- MacBook Pro 若叠加学生折扣立减最多 #NUM# 戳这里立即购买 
『一文带你玩转Apple Watch Series 3的蜂窝网络功能丨数字尾巴』一文带你玩转Apple Watch Series 3的蜂窝网络功能 ​, 一文带你玩转Apple Watch Series #NUM#的蜂窝网络功能丨数字尾巴 一文带你玩转Apple Watch Series #NUM#的蜂窝网络功能  
[飞吻]三草两木健康2018阅尽世界美起航成功的人生从自律开始点滴记录分秒必争AppleWatchSeries3手表送上手追踪你健康的每一步#三草两木健康达人[超话]#​,EMO_飞吻 三草两木健康#NUM#阅尽世界美起航成功的人生从自律开始点滴记录分秒必争AppleWatchSeries#NUM#手表送上手追踪你健康的每一步  
银色的AppleWatchseries3，怎么样[吃瓜]就是38小了点，打开应用的速度比前几个月的GPS版快多了，Siri，语音识别的反应速度都可以。我们这很少看到有人用AppleWatch和airpods的。 诸暨·暨阳街区 ​,银色的AppleWatchseries#NUM# 怎么样 EMO_吃瓜 就是#NUM#小了点 打开应用的速度比前几个月的GPS版快多了 Siri 语音识别的反应速度都可以。我们这很少看到有人用AppleWatch和airpods的。 诸暨 暨阳街区  
iPhone小助理！macys.com【Apple Watch Series 3GPS 促销】立减$50，低至$279。http://t.cn/RBGULrgSeries3采用了S3双核处理器+W2芯片，流畅度大幅提升，内建GPS/GLONASS、气压高度计，支持50m防水。AppleWatch不仅可以检测运动数据和心率，很多时候也能代替iPhone完成日常的短信、电话、查看App推送、ApplePay等功能，综合体验十分出色。,iPhone小助理 macys com Apple Watch Series #NUM#GPS 促销 立减 #NUM# 低至 #NUM#。
"想买AppleWatch的朋友, 现在有以下折扣:Apple Watch Series 3 38mm $279 / 42mm $309!!=>http://t.cn/RB4jFLFApple Watch Series 1 38mm $149 / 42mm $179=>http://t.cn/RBLmcym​",想买AppleWatch的朋友  现在有以下折扣 Apple Watch Series #NUM# #NUM#mm  #NUM#   #NUM#mm  #NUM#！   Watch Series #NUM# #NUM#mm  #NUM#   #NUM#mm  #NUM#  
Apple Watch Series 338mm $279 / 42mm $309!!http://t.cn/RB4jFLF​,Apple Watch Series #NUM#mm  #NUM#   #NUM#mm  #NUM#！
新玩具AppleWatchseries3​能不能玩好就靠你了@中国电信廊坊 ​,新玩具AppleWatchseries#NUM# 能不能玩好就靠你了  
[裙子]三草两木健康2018阅尽世界美起航送价值3000的AppleWatchSeries3手表追踪健身记录 测量体能训练数据三草两木向健康生活迈进！#三草两木健康达人[超话]#​,EMO_裙子 三草两木健康#NUM#阅尽世界美起航送价值#NUM#的AppleWatchSeries#NUM#手表追踪健身记录 测量体能训练数据三草两木向健康生活迈进   
AppleWatchSeries3苹果智能手表watch3运动手环2017新款S3AppleWatchSeries3苹果智能手表watch3运动手环2017新款S3​,AppleWatchSeries#NUM#苹果智能手表watch#NUM#运动手环#NUM#新款S#NUM#AppleWatchSeries#NUM#苹果智能手表watch#NUM#运动手环#NUM#新款S#NUM# 
每件仅需2388.00元，2人成团，立减100元/件。【京东拼购】购品质，省更多。【仅差1人】Apple Watch Series 3智能手表（GPS款38毫米 金色铝金属表壳 粉砂色运动型表带 MQKW2CH/A）http://t.cn/RBw76jE​,每件仅需#NUM# #NUM#元 #NUM#人成团 立减#NUM#元 件。 京东拼购 购品质 省更多。 仅差#NUM#人 Apple Watch Series #NUM#智能手表 GPS款#NUM#毫米 金色铝金属表壳 粉砂色运动型表带 MQKW#NUM#CH A 
苹果又被告了 这次是因为AppleWatch屏幕根据外媒获得的法庭文件，包括 Apple Watch Series 1、2、3以及初代产品都受到了影响。第一个遇到这一情况的是一个名为 Sciacca 的用户，她在2016年12月购买了一块 Apple Watch Series 2，但是在2018年3月，有天她将 Apple Watch 从充电器上拿下来时，它的屏幕毫无预兆地从机身上脱离了。这一情况后来在 Reddit、Twitter 等论坛上获得了 Apple Watch 用户的广泛讨论，似乎遇到这个问题的人不在少数。苹果也在不久前发布了声明，表示是电池膨胀导致的屏幕脱落，也就是电池膨胀之后把电池顶开了，所以将会将这一故障的免费维修期延长到3年。但是消费者们并不买账，他们表示苹果内部知道这是一个设计缺陷，但却对外否认，声称那些电池没有鼓包、屏幕却脱离机身的案例是因为消费者自身造成的意外损坏，并拒绝对这些 Apple Watch 提供免费维修，所以他们不得不付出229美元到329美元不等的维修费用，这还不包括 Edition 版本。在消费者提出的诉状中，他们表示苹果已经在美国卖出了数百万台 Apple Watch，所以这一缺陷将影响所有用户，但苹果却一直藏着掖着，不肯承认设计缺陷。这已经违反了加州的“消费者法律救济法”、“加州商业和职业准则”等法律法规，还涉嫌不当得利。提起诉讼的消费者要求苹果补偿他们因为这一缺陷遭受的所有损失。,苹果又被告了 这次是因为AppleWatch屏幕根据外媒获得的法庭文件 包括 Apple Watch Series #NUM#、#NUM#、#NUM#以及初代产品都受到了影响。第一个遇到这一情况的是一个名为 Sciacca 的用户 她在#NUM#年#NUM#月购买了一块 Apple Watch Series #NUM# 但是在#NUM#年#NUM#月 有天她将 Apple Watch 从充电器上拿下来时 它的屏幕毫无预兆地从机身上脱离了。这一情况后来在 Reddit、Twitter 等论坛上获得了 Apple Watch 用户的广泛讨论 似乎遇到这个问题的人不在少数。苹果也在不久前发布了声明 表示是电池膨胀导致的屏幕脱落 也就是电池膨胀之后把电池顶开了 所以将会将这一故障的免费维修期延长到#NUM#年。但是消费者们并不买账 他们表示苹果内部知道这是一个设计缺陷 但却对外否认 声称那些电池没有鼓包、屏幕却脱离机身的案例是因为消费者自身造成的意外损坏 并拒绝对这些 Apple Watch 提供免费维修 所以他们不得不付出#NUM#美元到#NUM#美元不等的维修费用 这还不包括 Edition 版本。在消费者提出的诉状中 他们表示苹果已经在美国卖出了数百万台 Apple Watch 所以这一缺陷将影响所有用户 但苹果却一直藏着掖着 不肯承认设计缺陷。这已经违反了加州的“消费者法律救济法”、“加州商业和职业准则”等法律法规 还涉嫌不当得利。提起诉讼的消费者要求苹果补偿他们因为这一缺陷遭受的所有损失。
我在闲鱼发布了【Apple Watch Series 3智能手表 GPS+蜂窝网络款38毫米】#退坑回血便宜出！#http://t.cn/RBPfFsY​,我在闲鱼发布了 Apple Watch Series #NUM#智能手表 GPS 蜂窝网络款#NUM#毫米 
[允悲]之前国外用户因为MacBook Pro上面的蝴蝶键盘而集体诉讼苹果。现在，AppleWatch也被用户集体诉讼。该诉讼声称，从初代Apple Watch到Apple Watch Series3系列的所有型号都有缺陷！该缺陷会导致Apple Watch的屏幕破裂，甚至脱落。同时该诉讼声称苹果从一开始就意识到这个缺陷，并且拒绝为该问题提供保修。该诉讼要求赔偿500万美元。苹果之前承认初代AppleWatch型号的两个问题，对于电池膨胀和后盖分离，该系列的保修期延长至三年。前段时间苹果也开始为同样具有电池膨胀问题的一部分AppleWatchSeries2系列提供相同的措施。,EMO_允悲 之前国外用户因为MacBook Pro上面的蝴蝶键盘而集体诉讼苹果。现在 AppleWatch也被用户集体诉讼。该诉讼声称 从初代Apple Watch到Apple Watch Series#NUM#系列的所有型号都有缺陷 该缺陷会导致Apple Watch的屏幕破裂 甚至脱落。同时该诉讼声称苹果从一开始就意识到这个缺陷 并且拒绝为该问题提供保修。该诉讼要求赔偿#NUM#万美元。苹果之前承认初代AppleWatch型号的两个问题 对于电池膨胀和后盖分离 该系列的保修期延长至三年。前段时间苹果也开始为同样具有电池膨胀问题的一部分AppleWatchSeries#NUM#系列提供相同的措施。
"AppleWatch,AppleWatchSeries2,Apple Watch Series 3支持的手表 支持的手表 ​",AppleWatch AppleWatchSeries#NUM# Apple Watch Series #NUM#支持的手表 支持的手表  
发布了头条文章：《苹果Apple Watch Series 3蜂窝版将于下周进入更多新国家和地区》  苹果Apple Watch Series 3蜂窝版将于下周进入更多新国家和地区 ​,发布了头条文章  苹果Apple Watch Series #NUM#蜂窝版将于下周进入更多新国家和地区  苹果Apple Watch Series #NUM#蜂窝版将于下周进入更多新国家和地区  
[飞吻]三草两木健康2018阅尽世界美起航送价值3000的AppleWatchSeries3手表手机留在家 APP提醒一个也不少壕礼有限！赶紧冲！冲！冲！#三草两木健康达人[超话]#​,EMO_飞吻 三草两木健康#NUM#阅尽世界美起航送价值#NUM#的AppleWatchSeries#NUM#手表手机留在家 APP提醒一个也不少壕礼有限 赶紧冲 冲 冲   
限今天【ebay全场8浙】用码【PICKDADSGIFT】http://t.cn/R1ge0bx；最高减$100，新款iPhone也参加，大部分州免tax！★【iPhone 8 64GB】$680（原价$780）http://t.cn/R1ge0bX；★【iPhone X 64GB】$876.99（原价$976.99）3,限今天 ebay全场#NUM#浙 用码 PICKDADSGIFT  #NUM# #NUM#GB  #NUM# 原价 #NUM#  X #NUM#GB  #NUM# #NUM# 原价 #NUM# #NUM# #NUM#
京东商城Apple Watch Series 3GPS+蜂窝网络款 42毫米 不锈钢表壳5388元包邮（已降449元）http://t.cn/R1gtrkG​,京东商城Apple Watch Series #NUM#GPS 蜂窝网络款 #NUM#毫米 不锈钢表壳#NUM#元包邮 已降#NUM#元 
Apple Watch SERIES 3蜂窝数据版将于6月8日在巴西、墨西哥、韩国和阿联酋发售 ​, Apple Watch SERIES #NUM#蜂窝数据版将于#NUM#月#NUM#日在巴西、墨西哥、韩国和阿联酋发售  
抽一些奖。转发，不用关注。给增田俊树和最近的自己一些些rp[方块]︎内容：1.增田俊树同款Apple Watch Series 3 NIKE+运动表盘/表带 38mm/42mm（他的是Series 2不过既然要送就送最新的是吧）2.增田俊树（曾经的）同款手机壳  iPhone7（虽然丑丑的不知道有没有人要3.增田俊树同款卫衣[并不简单]各一位。[方块]︎对象：圈内人士，不黑声优，这次没有跟风带节奏落井下石的人。对我有意见的人也请不用转了，谢谢。[方块]︎时间：今年内。啥时候拿到内定啥时候开奖[允悲][方块]︎坐标国内&日本皆可祝愿他今后工作顺利，身体健康。祝愿自己顺利拿到内定。最后谢谢这几天关心我的姑娘们，看了你们的安慰心里真的安心很多。感谢[祈祷],抽一些奖。转发 不用关注。给增田俊树和最近的自己一些些rp EMO_方块  内容 #NUM# 增田俊树同款Apple Watch Series #NUM# NIKE 运动表盘 表带 #NUM#mm #NUM#mm 他的是Series #NUM#不过既然要送就送最新的是吧 #NUM# 增田俊树 曾经的 同款手机壳 iPhone#NUM# 虽然丑丑的不知道有没有人要#NUM# 增田俊树同款卫衣 EMO_并不简单 各一位。 EMO_方块  对象 圈内人士 不黑声优 这次没有跟风带节奏落井下石的人。对我有意见的人也请不用转了 谢谢。 EMO_方块  时间 今年内。啥时候拿到内定啥时候开奖 EMO_允悲 EMO_方块  坐标国内 日本皆可祝愿他今后工作顺利 身体健康。祝愿自己顺利拿到内定。最后谢谢这几天关心我的姑娘们 看了你们的安慰心里真的安心很多。感谢 EMO_祈祷
 WWDC 大猜想：AirPower 会有个发售日期，可能就是明天。 ​,  WWDC 大猜想 AirPower 会有个发售日期 可能就是明天。  
#一号双终端#Apple Watch Series 3最高直降600元！带你开启智能生活新体验！[爱你哦]Apple Watch Series 3最高直降600元！带你开启智能生活新体验！ ​,Apple Watch Series #NUM#最高直降#NUM#元 带你开启智能生活新体验  EMO_爱你哦 Apple Watch Series #NUM#最高直降#NUM#元 带你开启智能生活新体验   
12期免息：Apple Watch Series 3智能手表 2888元（专柜价3188元）【京东商城】http://t.cn/R1Obi2Q​,#NUM#期免息 Apple Watch Series #NUM#智能手表 #NUM#元 专柜价#NUM#元  京东商城 
AppleWatchseries3这么好的硬件基础总感觉能做的事情太少太少了。另外就是很多地方用起来真的太不舒服了，感觉不符合中国人使用逻辑。 ​,AppleWatchseries#NUM#这么好的硬件基础总感觉能做的事情太少太少了。另外就是很多地方用起来真的太不舒服了 感觉不符合中国人使用逻辑。  
[彩虹]AppleWatchSeries3香港苹果手表3铝金属壳运动型表带38mm42mm ​,EMO_彩虹 AppleWatchSeries#NUM#香港苹果手表#NUM#铝金属壳运动型表带#NUM#mm#NUM#mm  
[强]🏻三草两木健康2018阅尽世界美起航不喧哗 自出彩送价值3000的Apple Watch Series3手表玩转腕间 有你优势~ ​,EMO_强  三草两木健康#NUM#阅尽世界美起航不喧哗 自出彩送价值#NUM#的Apple Watch Series#NUM#手表玩转腕间 有你优势   
【新 MacBook 和 iPad 或许不会在 WWDC 上亮相】#动点快讯#彭博社 报道称，新 Mac 和 iPad 不会在今年的苹果年度开发者大会上亮相。报道还提到了前凯基证券分析师郭明錤（是的，他已经离职了）之前的预测—— 下一代AppleWatch会用上更大屏幕 ，据称新手表的屏幕将会比Series3的大 15%。彭博社称，iOS 12 将包含新的 Digital Health（数字健康）计划、通知管理功能、具有多人游戏功能的 ARKit 2.0，以及将 iOS 应用程序与 macOS 打通的功能。WWDC 18 主题演讲将于北京时间 6 月 5 日凌晨 1 点开始。http://t.cn/R1KOLvb, 新 MacBook 和 iPad 或许不会在 WWDC 上亮相  彭博社 报道称 新 Mac 和 iPad 不会在今年的苹果年度开发者大会上亮相。报道还提到了前凯基证券分析师郭明錤 是的 他已经离职了 之前的预测—— 下一代AppleWatch会用上更大屏幕  据称新手表的屏幕将会比Series#NUM#的大 #NUM# 。彭博社称 iOS #NUM# 将包含新的 Digital Health 数字健康 计划、通知管理功能、具有多人游戏功能的 ARKit #NUM# #NUM# 以及将 iOS 应用程序与 macOS 打通的功能。WWDC #NUM# 主题演讲将于北京时间 #NUM# 月 #NUM# 日凌晨 #NUM# 点开始。
1日0点：Apple Watch Series 3蜂窝版3188元包邮http://t.cn/R1K4ECg​,#NUM#日#NUM#点 Apple Watch Series #NUM#蜂窝版#NUM#元包邮
[海浪][三草两木健康2018阅尽世界美起航]随叫随到，及时贴心！就像你的贴身助理，知进退，懂分寸！AppleWatchseries3，让一切得心应手。 ​,EMO_海浪 [三草两木健康#NUM#阅尽世界美起航]随叫随到 及时贴心 就像你的贴身助理 知进退 懂分寸 AppleWatchseries#NUM# 让一切得心应手。  
Applewatchseries3GPS42mm运动版，功能太多记不下来。带保修，保修到19年2月3号，全球联保官网现价2863元，现在仅需要1850元！ 广州·花山镇 ​,Applewatchseries#NUM#GPS#NUM#mm运动版 功能太多记不下来。带保修 保修到#NUM#年#NUM#月#NUM#号 全球联保官网现价#NUM#元 现在仅需要#NUM#元  广州 花山镇  
玩玩儿手环3先。 ​,玩玩儿手环#NUM#先。  
日常使用简评：AppleWatchseries3是不是一款适合所有人的高科技手表？Apple Watch series3从外观来看，给人的第一印象很好，满足大多数人对于颜值的要求，从功能上来看iwatch的侧重点很明确，有运动、有消息、有健康各方面的考虑，它很想将iPhone给人们的带来的便捷转移到这一款小手表上，但是可能效果并不理想，但是仍然不可否认它其实很出色。#applewatch3[超话]#http://t.cn/R1JqUn0,日常使用简评 AppleWatchseries#NUM#是不是一款适合所有人的高科技手表 Apple Watch series#NUM#从外观来看 给人的第一印象很好 满足大多数人对于颜值的要求 从功能上来看iwatch的侧重点很明确 有运动、有消息、有健康各方面的考虑 它很想将iPhone给人们的带来的便捷转移到这一款小手表上 但是可能效果并不理想 但是仍然不可否认它其实很出色。
我发表了头条文章:《将来，手表可能有更多运用 —Apple watch series 3简单开箱》 将来，手表可能有更多运用 —Apple watch series 3简单开箱  镇江·小镇江手机 ​,我发表了头条文章  将来 手表可能有更多运用 —Apple watch series #NUM#简单开箱  将来 手表可能有更多运用 —Apple watch series #NUM#简单开箱 镇江 小镇江手机  
[花痴]三草两木健康2018阅尽世界美起航送价值3000的AppleWatchSeries3手表检测身体数据 给你提供有价值指导~有了它 不只是计时工具 ​,EMO_花痴 三草两木健康#NUM#阅尽世界美起航送价值#NUM#的AppleWatchSeries#NUM#手表检测身体数据 给你提供有价值指导 有了它 不只是计时工具  
Apple Watch Series 3独立性测试报告 酷希酷玩的秒拍视频 ​,Apple Watch Series #NUM#独立性测试报告 酷希酷玩的秒拍视频  
【仅差1人】Apple Watch Series 3智能手表（GPS款 42毫米 深空灰色铝金属表壳 黑色运动型表带 MQL12CH/A）http://t.cn/R1qD9vt​, 仅差#NUM#人 Apple Watch Series #NUM#智能手表 GPS款 #NUM#毫米 深空灰色铝金属表壳 黑色运动型表带 MQL#NUM#CH A 
自从9月发布以来，支持 LTE 蜂窝网络的Apple Watch Series 3就完全主导了智能手表市场，也帮助苹果成为了世界上最大的制表商。今天研究公司 Canalys 分享了一份数据，显示AppleWatch在2018年第一季度占据全球智能手表市场59%的销售额。 ​,自从#NUM#月发布以来 支持 LTE 蜂窝网络的Apple Watch Series #NUM#就完全主导了智能手表市场 也帮助苹果成为了世界上最大的制表商。今天研究公司 Canalys 分享了一份数据 显示AppleWatch在#NUM#年第一季度占据全球智能手表市场#NUM# 的销售额。  
[火焰]三草两木健康2018阅尽世界美起航送价值3000的AppleWatchSeries3手表淡雅洒脱 个性时尚严谨与休闲完美结合壕礼有限~先到先得哦！ 三草两木黑枸杞胶原蛋 ​,EMO_火焰 三草两木健康#NUM#阅尽世界美起航送价值#NUM#的AppleWatchSeries#NUM#手表淡雅洒脱 个性时尚严谨与休闲完美结合壕礼有限 先到先得哦  三草两木黑枸杞胶原蛋  
激情黑，黑红绝佳撞色，给深邃的黑色增添激情。设计灵感来自Apple Watch Series 3！ ​,激情黑 黑红绝佳撞色 给深邃的黑色增添激情。设计灵感来自Apple Watch Series #NUM#   
Apple Watch Series 3最高直降600元！带你开启智能生活新体验！快来郑州联通营业厅，领取你的专属福利[爱]Apple Watch Series 3最高直降600元！带你开启智能生活新体验！ ​,Apple Watch Series #NUM#最高直降#NUM#元 带你开启智能生活新体验 快来郑州联通营业厅 领取你的专属福利 EMO_爱 Apple Watch Series #NUM#最高直降#NUM#元 带你开启智能生活新体验   
我正在看如何评价Apple Watch Series 3(GPS + 蜂窝网络表款)？ - 知乎， 如何评价Apple Watch Series 3(GPS + 蜂窝网络表款)？ （来自@手机百度） ​,我正在看如何评价Apple Watch Series #NUM# GPS   蜂窝网络表款   - 知乎  如何评价Apple Watch Series #NUM# GPS   蜂窝网络表款    来自    
AppleWatch三孔皮革表带AppleWatchseries3/2/1通用皮革表带AppleWatch三孔皮革表带AppleWatchseries3/2/1通用皮革表带 ​,AppleWatch三孔皮革表带AppleWatchseries#NUM# #NUM# #NUM#通用皮革表带AppleWatch三孔皮革表带AppleWatchseries#NUM# #NUM# #NUM#通用皮革表带  
#Apple Watch#Apple Watch Series 3 GPS 38mm ¥2300Apple Watch Series 3GPS 42mm ¥2500活动超值了 数量有限哦 ​, Apple Watch Apple Watch Series #NUM# GPS #NUM#mm  #NUM#Apple Watch Series #NUM#GPS #NUM#mm  #NUM#活动超值了 数量有限哦  
[花痴][三草两木健康2018阅尽世界美起航]三草两木健康重磅巨献，一表初心！送Apple Watch Series 3手表。创新功能和稳重的外表结合内外兼修，为你的每个成功喝彩！ 三草两木黑枸杞胶原蛋 ​,EMO_花痴 [三草两木健康#NUM#阅尽世界美起航]三草两木健康重磅巨献 一表初心 送Apple Watch Series #NUM#手表。创新功能和稳重的外表结合内外兼修 为你的每个成功喝彩  三草两木黑枸杞胶原蛋  
真羡慕这些地区，可以用Apple Watch Series 3蜂窝版。快出全国都能用的三网通蜂窝版吧[泪] ​,真羡慕这些地区 可以用Apple Watch Series #NUM#蜂窝版。快出全国都能用的三网通蜂窝版吧 EMO_泪  
#沃·推荐#一号双终端 唯沃先行 联通率先开通apple watch series 3eSIM移动蜂窝网络功能 立即购买http://t.cn/REu5Vx1​,一号双终端 唯沃先行 联通率先开通apple watch series #NUM#eSIM移动蜂窝网络功能 立即购买
 苹果开始销售翻新Apple Watch SERIES 3LTE 版 ​​​,  苹果开始销售翻新Apple Watch SERIES #NUM#LTE 版    
 苹果开始销售翻新Apple Watch SERIES 3LTE 版（美国） ​,  苹果开始销售翻新Apple Watch SERIES #NUM#LTE 版 美国   
[红心]有时候简约到极致也是一种奢华！三草两木健康2018阅尽世界美起航送价值3000的Apple Watch Series3手表绚丽大气 掌控世界 分毫不失和三草两木健康一起阅尽世界美！ 三草两木 Miss   soso ​,EMO_红心 有时候简约到极致也是一种奢华 三草两木健康#NUM#阅尽世界美起航送价值#NUM#的Apple Watch Series#NUM#手表绚丽大气 掌控世界 分毫不失和三草两木健康一起阅尽世界美  三草两木 Miss soso  
【苹果AppleWatch用18%的销量，赚了全行业59%的收入】自从9月发布以来，支持LTE蜂窝网络的Apple Watch Series 3就完全主导了智能手表市场，也帮助苹果成为了世界上最大的制表商。今天研究公司Canalys分享了一份数据，显示AppleWatch在2018年第一季度占据全球智能手表市场59%的销售额。Canalys的高级分析师Jason Low表示，Apple Watch Series 3成功的关键点在于它能够支持LTE蜂窝网络，让用户能够随时随地连接上网络。并且运营商也非常乐意看到Apple Watch Series 3带来的额外销量（很多市场AppleWatch在运营商渠道销售）和流量收入，所以在2018年，AppleWatch的销量每个月都在增加。（威锋网）http://t.cn/R174cWX, 苹果AppleWatch用#NUM# 的销量 赚了全行业#NUM# 的收入 自从#NUM#月发布以来 支持LTE蜂窝网络的Apple Watch Series #NUM#就完全主导了智能手表市场 也帮助苹果成为了世界上最大的制表商。今天研究公司Canalys分享了一份数据 显示AppleWatch在#NUM#年第一季度占据全球智能手表市场#NUM# 的销售额。Canalys的高级分析师Jason Low表示 Apple Watch Series #NUM#成功的关键点在于它能够支持LTE蜂窝网络 让用户能够随时随地连接上网络。并且运营商也非常乐意看到Apple Watch Series #NUM#带来的额外销量 很多市场AppleWatch在运营商渠道销售 和流量收入 所以在#NUM#年 AppleWatch的销量每个月都在增加。 威锋网 
【AppleWatch用18%的销量 赚了全行业59%的收入】自从9月发布以来，支持 LTE 蜂窝网络的Apple Watch Series 3就完全主导了智能手表市场，也帮助苹果成为了世界上最大的制表商。今天研究公司 Canalys 分享了一份数据，显示AppleWatch在2018年第一季度占据全球智能手表市场59%的销售额。 ​, AppleWatch用#NUM# 的销量 赚了全行业#NUM# 的收入 自从#NUM#月发布以来 支持 LTE 蜂窝网络的Apple Watch Series #NUM#就完全主导了智能手表市场 也帮助苹果成为了世界上最大的制表商。今天研究公司 Canalys 分享了一份数据 显示AppleWatch在#NUM#年第一季度占据全球智能手表市场#NUM# 的销售额。  
【苹果AppleWatch用18%的销量，赚了全行业59%的收入】自从9月发布以来，支持LTE蜂窝网络的Apple Watch Series 3就完全主导了智能手表市场。今天研究公司Canalys分享了一份数据，显示AppleWatch在2018年第一季度占据全球智能手表市场59%的销售额……详情点击：苹果AppleWatch用18%的销量，赚了全行业59%的收入 ​, 苹果AppleWatch用#NUM# 的销量 赚了全行业#NUM# 的收入 自从#NUM#月发布以来 支持LTE蜂窝网络的Apple Watch Series #NUM#就完全主导了智能手表市场。今天研究公司Canalys分享了一份数据 显示AppleWatch在#NUM#年第一季度占据全球智能手表市场#NUM# 的销售额。详情点击 苹果AppleWatch用#NUM# 的销量 赚了全行业#NUM# 的收入  
塞翁失米焉知非福—Apple苹果WatchSeries3智能手表蜂窝网络款入手记 （分享自@什么值得买）http://t.cn/R1744aW​,塞翁失米焉知非福—Apple苹果WatchSeries#NUM#智能手表蜂窝网络款入手记  分享自  
[樱花]三草两木健康2018阅尽世界美起航送价值3000的AppleWatchSeries3手表非凡品质 魅力尽显时刻造就你的完美人生！ 徐州·彭城路 ​,EMO_樱花 三草两木健康#NUM#阅尽世界美起航送价值#NUM#的AppleWatchSeries#NUM#手表非凡品质 魅力尽显时刻造就你的完美人生  徐州 彭城路  
Canalys 的数据表明，去年 9 月发布以来，Apple Watch Series 3已经占据智能手表市场主导地位，在 2018 年第一季度占据全球搭载蜂窝功能智能手表的 59% 份额。Canalys 表示。现在全球支持Series3的服务运营商每月都在不断的增加，而 Android 手表中支持蜂窝数据的产品相对较少，而且 Android 手表的第三方软件支持不是很完善。Canalys 估计苹果第一季度大约销售了380 万块AppleWatch手表，Tim Cook 在财报会议上透露，AppleWatch的收入在 2018 年第一季度创造了新纪录，同比增长了两位数，成为了世界上最畅销的手表。,Canalys 的数据表明 去年 #NUM# 月发布以来 Apple Watch Series #NUM#已经占据智能手表市场主导地位 在 #NUM# 年第一季度占据全球搭载蜂窝功能智能手表的 #NUM#  份额。Canalys 表示。现在全球支持Series#NUM#的服务运营商每月都在不断的增加 而 Android 手表中支持蜂窝数据的产品相对较少 而且 Android 手表的第三方软件支持不是很完善。Canalys 估计苹果第一季度大约销售了#NUM# 万块AppleWatch手表 Tim Cook 在财报会议上透露 AppleWatch的收入在 #NUM# 年第一季度创造了新纪录 同比增长了两位数 成为了世界上最畅销的手表。
Canalys 的数据表明，去年 9 月发布以来，Apple Watch Series 3已经占据智能手表市场主导地位，在 2018 年第一季度占据全球搭载蜂窝功能智能手表的 59% 份额。Canalys 表示。现在全球支持Series3的服务运营商每月都在不断的增加，而 Android 手表中支持蜂窝数据的产品相对较少，而且 Android 手表的第三方软件支持不是很完善。Canalys 估计苹果第一季度大约销售了 380 万块 Apple Watch 手表，Tim Cook 在财报会议上透露，Apple Watch 的收入在 2018 年第一季度创造了新纪录，同比增长了两位数，成为了世界上最畅销的手表。今年非常期待更改工业设计的Series4，也非常期待中国联通能在年底之前开放蜂窝数据服务[拜拜][拜拜][拜拜]谁能想到我Series3数码表冠上的红点就真的成为装饰品了呢[摊手][摊手][摊手],Canalys 的数据表明 去年 #NUM# 月发布以来 Apple Watch Series #NUM#已经占据智能手表市场主导地位 在 #NUM# 年第一季度占据全球搭载蜂窝功能智能手表的 #NUM#  份额。Canalys 表示。现在全球支持Series#NUM#的服务运营商每月都在不断的增加 而 Android 手表中支持蜂窝数据的产品相对较少 而且 Android 手表的第三方软件支持不是很完善。Canalys 估计苹果第一季度大约销售了 #NUM# 万块 Apple Watch 手表 Tim Cook 在财报会议上透露 Apple Watch 的收入在 #NUM# 年第一季度创造了新纪录 同比增长了两位数 成为了世界上最畅销的手表。今年非常期待更改工业设计的Series#NUM# 也非常期待中国联通能在年底之前开放蜂窝数据服务 EMO_拜拜 EMO_拜拜 EMO_拜拜 谁能想到我Series#NUM#数码表冠上的红点就真的成为装饰品了呢 EMO_摊手 EMO_摊手 EMO_摊手
【AppleWatch统治全球蜂窝网络型智能手表市场】分析机构Canalys公布研究数据称蜂窝网络版Apple Watch Series 3自去年 9 月发布以来已经占据59%的蜂窝网络型智能手表市场市场份额，但就目前大陆的蜂窝网络都还没支持的情况下，AppleWatchS3蜂窝版大概是2018最后悔购买的产品了吧？[摊手] ​, AppleWatch统治全球蜂窝网络型智能手表市场 分析机构Canalys公布研究数据称蜂窝网络版Apple Watch Series #NUM#自去年 #NUM# 月发布以来已经占据#NUM# 的蜂窝网络型智能手表市场市场份额 但就目前大陆的蜂窝网络都还没支持的情况下 AppleWatchS#NUM#蜂窝版大概是#NUM#最后悔购买的产品了吧  EMO_摊手  
【AppleWatch统治全球蜂窝网络型智能手表市场】蜂窝网络版Apple Watch Series 3自从去年 9 月发布以来已经统治了全球蜂窝网络型智能手表市场。根据分析机构 Canalys   今天发布最新研究数据，2018 年一季度AppleWatch占据http://t.cn/R3sOOwt​, AppleWatch统治全球蜂窝网络型智能手表市场 蜂窝网络版Apple Watch Series #NUM#自从去年 #NUM# 月发布以来已经统治了全球蜂窝网络型智能手表市场。根据分析机构 Canalys 今天发布最新研究数据 #NUM# 年一季度AppleWatch占据
【AppleWatch统治全球蜂窝网络型智能手表市场】蜂窝网络版Apple Watch Series 3自从去年 9 月发布以来已经统治了全球蜂窝网络型智能手表市场。根据分析机构 Canalys 今天发布最新研究数据，2018 年一季度AppleWatch占据了全球 59% 蜂窝网络型智能手表市场份额……http://t.cn/R3s0PTQ​, AppleWatch统治全球蜂窝网络型智能手表市场 蜂窝网络版Apple Watch Series #NUM#自从去年 #NUM# 月发布以来已经统治了全球蜂窝网络型智能手表市场。根据分析机构 Canalys 今天发布最新研究数据 #NUM# 年一季度AppleWatch占据了全球 #NUM#  蜂窝网络型智能手表市场份额。
[樱花]三草两木健康2018阅尽世界美起航送价值3000的AppleWatchSeries3手表非凡品质 魅力尽显时刻造就你的完美人生！#三草两木黑枸杞胶原蛋白#​,EMO_樱花 三草两木健康#NUM#阅尽世界美起航送价值#NUM#的AppleWatchSeries#NUM#手表非凡品质 魅力尽显时刻造就你的完美人生   
不用电信的朋友，又要价格便宜，又要保修的朋友建议购买港版。Apple watch series 3​,不用电信的朋友 又要价格便宜 又要保修的朋友建议购买港版。Apple watch series #NUM# 
5.24—5.26，专属你的鸭韵食光！#国潮来了#划重点来啦：☆新品礼盒前1000名首件半价！！！☆锁鲜爆款半价抢☆实付累积金额TOP3送Apple Watch Series 3☆转盘大奖抽不停☆大额神券整点抢☆定制周边礼品限量满额赠送大量优惠券蓄势待发！（购物先领券，优惠折上折）524 10:00 正式开抢！记得先加购物车哟→http://t.cn/R39ibzS,#NUM# #NUM#—#NUM# #NUM# 专属你的鸭韵食光  划重点来啦  新品礼盒前#NUM#名首件半价！ 锁鲜爆款半价抢 实付累积金额TOP#NUM#送Apple Watch Series #NUM# 转盘大奖抽不停 大额神券整点抢 定制周边礼品限量满额赠送大量优惠券蓄势待发  购物先领券 优惠折上折 #NUM# #NUM# #NUM# 正式开抢 记得先加购物车哟 
奖励Apple Watch Series 3苹果手表——关心你健康 记录你生活 陪伴你左右‼️#传美黑马军团武汉工作室##三草两木武汉创业中心#武汉三草两木总代，湖北武汉实力微商团队，传美黑马军团创始人梅子V信：8809274，电话：18802760070 向往的生活 ​,奖励Apple Watch Series #NUM#苹果手表——关心你健康 记录你生活 陪伴你左右！  武汉三草两木总代 湖北武汉实力微商团队 传美黑马军团创始人梅子V信 #NUM# 电话  向往的生活  
[玫瑰]三草两木健康2018阅尽世界美起航送价值3000的AppleWatchSeries3手表气度宽广 洒脱豪放工作生活 时刻掌握#三草两木黑枸杞胶原蛋白#​,EMO_玫瑰 三草两木健康#NUM#阅尽世界美起航送价值#NUM#的AppleWatchSeries#NUM#手表气度宽广 洒脱豪放工作生活 时刻掌握  
我用@悦跑圈同步了Apple Watch Series 3(42mm Cellular) 的跑步数据，跑了10.03KM，用时：00:53:50。好久没跑了[二哈] ​,我用 Watch Series #NUM# #NUM#mm Cellular  的跑步数据 跑了#NUM# #NUM#KM 用时 #NUM# #NUM# #NUM#。好久没跑了 EMO_二哈  
[飞吻]三草两木健康2018阅尽世界美起航——送价值3千的AppleWatchSeries3手表。轻巧、便携、智能；腕间魅力十足！为高端而生的倾力之作如此大手笔，确定不Pick一下？ ​,EMO_飞吻 三草两木健康#NUM#阅尽世界美起航——送价值#NUM#千的AppleWatchSeries#NUM#手表。轻巧、便携、智能 腕间魅力十足 为高端而生的倾力之作如此大手笔 确定不Pick一下   
[火焰][三草两木健康2018阅尽世界美起航]三草两木健康重磅巨献，一表初心！送Apple Watch Series 3手表。创新功能和稳重的外表结合内外兼修，王牌特供 ，狙击开门红。为你的每个成功喝彩！ 三草兩木--玲玲的秒拍视频 ​,EMO_火焰 [三草两木健康#NUM#阅尽世界美起航]三草两木健康重磅巨献 一表初心 送Apple Watch Series #NUM#手表。创新功能和稳重的外表结合内外兼修 王牌特供  狙击开门红。为你的每个成功喝彩  三草兩木--玲玲的秒拍视频  
『一文带你玩转Apple Watch Series 3的蜂窝网络功能』http://t.cn/R33BviA​, 一文带你玩转Apple Watch Series #NUM#的蜂窝网络功能 
♡奖励Apple Watch Series 3苹果手表——关心你健康 记录你生活 陪伴你左右‼️ ​, 奖励Apple Watch Series #NUM#苹果手表——关心你健康 记录你生活 陪伴你左右！   
我在闲鱼卖·Apple Watch Series 342mm#来闲鱼，发现更多闲置超值好物#http://t.cn/R3nAIo6Apple Watch Series 342mm ​,我在闲鱼卖 Apple Watch Series #NUM#mm Watch Series #NUM#mm  
Apple Watch Series 399新美版蜂窝耐克42mm来货不多，好成色仅此一个剩余保修221天1950单机配精仿表带需要原装两米陶瓷头无线充电线加160 ​,Apple Watch Series #NUM#新美版蜂窝耐克#NUM#mm来货不多 好成色仅此一个剩余保修#NUM#天#NUM#单机配精仿表带需要原装两米陶瓷头无线充电线加#NUM#  
Apple Watch Series 3用起来很流畅 ​,Apple Watch Series #NUM#用起来很流畅  
"[火焰]今日热门商品[火焰]1) Garmin fenix 3 HR 心率GPS智能腕表 Watch w/ Stainless Steel Band $324.99免运(原价$699.99)=>http://t.cn/R3Yw5yQ2) [热卖2700个] Samsung Galaxy S9+ Plus Dual Sim (FACTORY UNLOCKED) $699.99免运http://t.cn/R3Yw5yQ3) Apple Watch Series 1 大减价!! 38mm $149 / 42mm $179=>http://t.cn/R3Yw5y34) Philips Sonicare电动牙刷额外减钱! $25起, 儿童电动牙刷才 $34.95http://t.cn/R3Yw5yR5) [Lenovo eBay官网特卖] Lenovo IdeaPad 320 15.6"" AMD FX/8GB/2TB/Win10 $449.99免运(原价$749.99)=>http://t.cn/R3Yw5ye6) [Walmart 特卖-折扣$130] Hisense 49"" 智能电视 class 4K HDR Smart LED TV $219.99免运(原价$349.99,37% Off)=>http://t.cn/R3Yw5yE7) DEWALT FLEXVOLT 60V MAX Bare Tool Brushless Circular Saw 电锯$149免运,加入购物车就会看到特价=>http://t.cn/R3Yw5yH8) Zojirushi 象印保温便当 $28.99免运=>http://t.cn/R3WGz7H9) Dove go fresh Body Wash 沐浴乳4瓶 $9.49=>http://t.cn/R3Yw5yg10) Crest 3D White Luxe Glamorous White Toothpaste 美白牙膏 4条 $9.96(原价$16.99)http://t.cn/R3Yw5y1[剪刀][剪刀][剪刀][剪刀][剪刀][剪刀][剪刀][剪刀][剪刀][剪刀][剪刀][剪刀][剪刀][剪刀][剪刀][剪刀][剪刀][剪刀][剪刀][剪刀][彩虹]Amazon还有超多折扣码=>http://t.cn/Rtt3Hme[彩虹]Amazon今日特卖品=>http://t.cn/RQ6Fs3J[彩虹]更多美国好康折扣=>http://t.cn/hGkAOV[彩虹][彩虹][彩虹][彩虹][彩虹][彩虹][彩虹][彩虹][彩虹][彩虹][彩虹][彩虹][彩虹][彩虹]",EMO_火焰 今日热门商品 EMO_火焰 #NUM#  Garmin fenix #NUM# HR 心率GPS智能腕表 Watch w  Stainless Steel Band  #NUM# #NUM#免运 原价 #NUM# #NUM#    EMO_热卖#NUM#个 Samsung Galaxy S#NUM#  Plus Dual Sim  FACTORY UNLOCKED   #NUM# #NUM#免运 Apple Watch Series #NUM# 大减价！ #NUM#mm  #NUM#   #NUM#mm  #NUM#   Philips Sonicare电动牙刷额外减钱   #NUM#起  儿童电动牙刷才  #NUM# #NUM# [Lenovo eBay官网特卖] Lenovo IdeaPad #NUM# #NUM# #NUM#  AMD FX #NUM#GB #NUM#TB Win#NUM#  #NUM# #NUM#免运 原价 #NUM# #NUM#    [Walmart 特卖-折扣 #NUM#] Hisense #NUM#  智能电视 class #NUM#K HDR Smart LED TV  #NUM# #NUM#免运 原价 #NUM# #NUM# #NUM#  Off    DEWALT FLEXVOLT #NUM#V MAX Bare Tool Brushless Circular Saw 电锯 #NUM#免运 加入购物车就会看到特价   Zojirushi 象印保温便当  #NUM# #NUM#免运   Dove go fresh Body Wash 沐浴乳#NUM#瓶  #NUM# #NUM#   Crest #NUM#D White Luxe Glamorous White Toothpaste 美白牙膏 #NUM#条  #NUM# #NUM# 原价 #NUM# #NUM# 
每件仅需2456.00元，2人成团，立减81元/件。【京东拼购】购品质，省更多。【仅差1人】苹果智能手表Apple Watch Series 3三代 iwatch GPS+蜂窝网络款 原装 [GPS版]铝金属 金色+粉色运动表带38mmhttp://t.cn/R3luAcp​,每件仅需#NUM# #NUM#元 #NUM#人成团 立减#NUM#元 件。 京东拼购 购品质 省更多。 仅差#NUM#人 苹果智能手表Apple Watch Series #NUM#三代 iwatch GPS 蜂窝网络款 原装 EMO_GPS版 铝金属 金色 粉色运动表带#NUM#mm
apple watch series 3“保护套”到手！ ​,apple watch series #NUM#“保护套”到手   
[向日葵]Apple Watch Series 3苹果手表——关心你健康 记录你生活 陪伴你左右随地能CALL，不耽误当然离成功更进一步记录圆环，时刻记录你努力的点滴！重要的事，提前备注全天候的腕间管家，更便捷、更得心应手 ！在女里工作的同时，请亲爱的你不要忘了照顾好自己，时刻关心自己的健康！   ​,EMO_向日葵 Apple Watch Series #NUM#苹果手表——关心你健康 记录你生活 陪伴你左右随地能CALL 不耽误当然离成功更进一步记录圆环 时刻记录你努力的点滴 重要的事 提前备注全天候的腕间管家 更便捷、更得心应手  在女里工作的同时 请亲爱的你不要忘了照顾好自己 时刻关心自己的健康   
国行苹果手表演示机applewatchseries3国行全新未激活，激活满保修365天普通版（GPS)版 38蜂窝版 42  黑色 ​,国行苹果手表演示机applewatchseries#NUM#国行全新未激活 激活满保修#NUM#天普通版 GPS 版 #NUM#蜂窝版 #NUM# 黑色  
这三款智能手表推荐下，很纠结了，分别是withings activite、Samsung gear s3、AppleWatchSeries3​,这三款智能手表推荐下 很纠结了 分别是withings activite、Samsung gear s#NUM#、AppleWatchSeries#NUM# 
号外号外！五月超级燃爆大礼从天而降，现在买#元力棒#抽奖中不停！即日起至5月31日在活尔京东旗舰店下单购买元力棒即可参与#元力棒能量大奖#，Apple Watch Series 3、Beats X蓝牙无线耳机，还有更多运动尖货等你来拿！详情请戳：什么？叒叒叒是一波抽奖福利，戳进来给你大惊喜！ 扫描下方二维码，进入活尔京东旗舰店吧！ ​,号外号外 五月超级燃爆大礼从天而降 现在买  Apple Watch Series #NUM#、Beats X蓝牙无线耳机 还有更多运动尖货等你来拿 详情请戳 什么 叒叒叒是一波抽奖福利 戳进来给你大惊喜  扫描下方二维码 进入活尔京东旗舰店吧   
#Chainedbox##第四期积分抽奖#结果已揭晓：【一等奖】Apple Watch Series 3（42毫米/GPS款），5个名额；【二等奖】我家云1台，10个名额；【三等奖】50元京东购物卡1张，100个名额。获奖名单：http://t.cn/R3hk45c#第五期积分抽奖#将于明日上午11时开始。 ​​​​,结果已揭晓  一等奖 Apple Watch Series #NUM# #NUM#毫米 GPS款  #NUM#个名额  二等奖 我家云#NUM#台 #NUM#个名额  三等奖 #NUM#元京东购物卡#NUM#张 #NUM#个名额。获奖名单     
这次都带个原装的运动表带Apple Watch Series 3  美版第三代 蜂窝版 表头42mm 金色/1950如果需要原装数据线+180 ​,这次都带个原装的运动表带Apple Watch Series #NUM# 美版第三代 蜂窝版 表头#NUM#mm 金色 #NUM#如果需要原装数据线 #NUM#  
 不知道为什么，我的Apple Watch Series 3不再显示短信通知和体能达成目标。用来控制音乐还可以（就是和手机依然连接）。AppleWatch和 iPhone 都用最新版系统，而且不是 Beta。[疑问] ​,  不知道为什么 我的Apple Watch Series #NUM#不再显示短信通知和体能达成目标。用来控制音乐还可以 就是和手机依然连接 。AppleWatch和 iPhone 都用最新版系统 而且不是 Beta。 EMO_疑问  
#周末特价#Apple Watch Series 3  GPS 38MM运动版 白色 国行 原封 ¥2199 包邮 ​,Apple Watch Series #NUM# GPS #NUM#MM运动版 白色 国行 原封  #NUM# 包邮  
#周末特价#Apple Watch Series 3  GPS+蜂窝42MM 运动版 黑色 国行  ¥2399 包邮 ​,Apple Watch Series #NUM# GPS 蜂窝#NUM#MM 运动版 黑色 国行  #NUM# 包邮  
出售自用￼￼Apple Watch Series 3智能手表（GPS+蜂窝网络款 42毫米 金色铝金属表壳 粉砂色运动型表带 MQQU2CH/A）智能手表一枚，16g。十成新，无摩擦无磕碰，无暗点。有意请联系。 ​,出售自用  Apple Watch Series #NUM#智能手表 GPS 蜂窝网络款 #NUM#毫米 金色铝金属表壳 粉砂色运动型表带 MQQU#NUM#CH A 智能手表一枚 #NUM#g。十成新 无摩擦无磕碰 无暗点。有意请联系。  
"AppleWatchNike+Series38折, 快買!http://t.cn/R3cE7DO​",AppleWatchNike Series#NUM#折  快買 
"[Nike 特賣-折扣$72]AppleWatchNike+Series3(GPS) 42mm $287.20免運(原價$359, 20% Off)http://t.cn/R3cxTix​",[Nike 特賣-折扣 #NUM#]AppleWatchNike Series#NUM# GPS  #NUM#mm  #NUM# #NUM#免運 原價 #NUM#  #NUM#  Off 
苹果又在三个国家和一个地区开通了Apple Watch Series 3的蜂窝数据服务功能，分别是瑞典、印度、丹麦和台湾地区。 ​,苹果又在三个国家和一个地区开通了Apple Watch Series #NUM#的蜂窝数据服务功能 分别是瑞典、印度、丹麦和台湾地区。  
手慢无！Nike Store【Apple Watch Series 3普通款及Nike+版】GPS版低至$287.20，Cellular版低至$319！http://t.cn/R35wjWySeries3比前作性能提升70%，无线网速度提升85%，续航依然保持18小时。除了性能提升和功能强化，Series3加入了eSIM功能，可以更好的独立于手机工作。 ​,手慢无 Nike Store Apple Watch Series #NUM#普通款及Nike 版 GPS版低至 #NUM# #NUM# Cellular版低至 #NUM#   
今天，苹果蜂窝版Apple Watch Series 3的LTE支新增展四个地区：瑞典、印度、丹麦和中国台湾。随着今天的增加，Apple Watch Series 3现在可以在16个不同地区使用LTE蜂窝网络，她们分别是：澳大利亚，加拿大，中国，丹麦，法国，德国，印度，日本，波多黎各，瑞士，新加坡，中国香港，瑞典，英国，美国，中国台湾。据说蜂窝版确实方便，国内也已经有一批城市开通虚拟SIM卡服务，你在用吗？有什么感觉？,今天 苹果蜂窝版Apple Watch Series #NUM#的LTE支新增展四个地区 瑞典、印度、丹麦和中国台湾。随着今天的增加 Apple Watch Series #NUM#现在可以在#NUM#个不同地区使用LTE蜂窝网络 她们分别是 澳大利亚 加拿大 中国 丹麦 法国 德国 印度 日本 波多黎各 瑞士 新加坡 中国香港 瑞典 英国 美国 中国台湾。据说蜂窝版确实方便 国内也已经有一批城市开通虚拟SIM卡服务 你在用吗 有什么感觉 
Apple Watch Series 3LTE 现在登陆丹麦，瑞典，印度及台湾。[吃瓜] ​,Apple Watch Series #NUM#LTE 现在登陆丹麦 瑞典 印度及台湾。 EMO_吃瓜  
我用@悦跑圈同步了Apple Watch Series 3(42mm Cellular) 的跑步数据，跑了4.75 KM，用时：00:21:51。 ​,我用 Watch Series #NUM# #NUM#mm Cellular  的跑步数据 跑了#NUM# #NUM# KM 用时 #NUM# #NUM# #NUM#。  
Apple Watch Series 3GPS+Cellular（以下简称：LTE版A LTE版本AppleWatch3开箱初体验出门不用带手机http://t.cn/R3yFeTo​,Apple Watch Series #NUM#GPS Cellular 以下简称 LTE版A LTE版本AppleWatch#NUM#开箱初体验出门不用带手机
Apple Watch Series 3搭配 watchOS 4 的续航真的可以，早上八点从充电器上拿下来，今天特别忙，各种消息震，到现在还有 66% 的电量，开省电模式放一晚上，明天撑到半夜回家绝对没问题。我现在出差两天都不带AppleWatch充电器了[doge]晚安各位，南京八小时后见[doge] ​,Apple Watch Series #NUM#搭配 watchOS #NUM# 的续航真的可以 早上八点从充电器上拿下来 今天特别忙 各种消息震 到现在还有 #NUM#  的电量 开省电模式放一晚上 明天撑到半夜回家绝对没问题。我现在出差两天都不带AppleWatch充电器了 EMO_doge 晚安各位 南京八小时后见 EMO_doge  
苹果要求“从2018年7月开始，所有提交的 iOS App 更新包必须通过 iOS 11 的 SDK 进行构建，并且必须支持 iPhone X 的 Super Retina 屏幕”。这意味着从7月开始，如果开发者不适配 iPhone X 的屏幕和 iOS 11，他的 App 就无法在 App Store 上进行版本更新。 ​,苹果要求“从#NUM#年#NUM#月开始 所有提交的 iOS App 更新包必须通过 iOS #NUM# 的 SDK 进行构建 并且必须支持 iPhone X 的 Super Retina 屏幕”。这意味着从#NUM#月开始 如果开发者不适配 iPhone X 的屏幕和 iOS #NUM# 他的 App 就无法在 App Store 上进行版本更新。  
【来领奖！四月非农竞猜获奖通知】特等奖一位，中奖用户为陈月，手机号1517***1597。奖品为最新版Apple Watch Series 3。一等奖和二等奖名单详见下表。 ​​​​实时快讯 ​, 来领奖 四月非农竞猜获奖通知 特等奖一位 中奖用户为陈月 手机号#NUM#   #NUM#。奖品为最新版Apple Watch Series #NUM#。一等奖和二等奖名单详见下表。    实时快讯  
客户服务季又来啦！大安联每次都有大手笔！【安联客户服务季——抽奖】活动对象：五月签单的老客户活动奖项：iphone x 256Gapplewatchseries3博朗耳温枪参与形式：老客户加保新单即可获得抽奖券一张，抽奖券可累计获得，同时均可获得汇医服务卡一张~ ​,客户服务季又来啦 大安联每次都有大手笔  安联客户服务季——抽奖 活动对象 五月签单的老客户活动奖项 iphone x #NUM#Gapplewatchseries#NUM#博朗耳温枪参与形式 老客户加保新单即可获得抽奖券一张 抽奖券可累计获得 同时均可获得汇医服务卡一张   
Apple Watch Series 3china ​,Apple Watch Series #NUM#china  
Apple Watch Series 3HERMES ​,Apple Watch Series #NUM#HERMES  
Apple Watch Series 3GPS/GPS+Cellular ​,Apple Watch Series #NUM#GPS GPS Cellular  
苹果 中国大陆（简体中文）Apple Watch Series 3GPS + 蜂窝网络 -Apple（DEMO无声） UP主：Apple资讯集#bilibili#http://t.cn/RugZls3​,苹果 中国大陆 简体中文 Apple Watch Series #NUM#GPS   蜂窝网络 -Apple DEMO无声  UP主 Apple资讯集
applewatchseries3的背景音乐是🍒[炸弹]……？ ​,applewatchseries#NUM#的背景音乐是  EMO_炸弹 。   
【安联客户服务季】可不是说说而已[太开心]活动对象：五月签单的老客户活动奖项：Iphone X 256G[苹果][iphone]Apple  watch  series 3⌚️博朗耳温枪[耳朵]参与形式：老客户加保新单即可获得抽奖券一张，抽奖券可累计获得，同时均可获得汇医全球诊疗服务卡一张！Ps：新客户不要着急，五六月选择安联保险均有春季温情好礼相送[耶]！, 安联客户服务季 可不是说说而已 EMO_太开心 活动对象 五月签单的老客户活动奖项 Iphone X #NUM#G EMO_苹果 EMO_iphone Apple watch series #NUM#  博朗耳温枪 EMO_耳朵 参与形式 老客户加保新单即可获得抽奖券一张 抽奖券可累计获得 同时均可获得汇医全球诊疗服务卡一张 Ps 新客户不要着急 五六月选择安联保险均有春季温情好礼相送 EMO_耶  
#apple watch series 3#新玩具[doge] ​, apple watch series #NUM# 新玩具 EMO_doge  
38mm玫瑰金仅$289！Best Buy【Apple Watch Series 3多色可选 母亲节的健康好礼】http://t.cn/RuWZcoJ虽然Apple Watch Series 3的最主要提升在于其加入了蜂窝网络，但是信号不理想、耗电量大、运营商不支持都是它的硬伤。好在Apple还发布了无蜂窝网络版本，这对于不需要蜂窝网络来使用手表的用户来说可谓是更好的选择。,#NUM#mm玫瑰金仅 #NUM# Best Buy Apple Watch Series #NUM#多色可选 母亲节的健康好礼  Watch Series #NUM#的最主要提升在于其加入了蜂窝网络 但是信号不理想、耗电量大、运营商不支持都是它的硬伤。好在Apple还发布了无蜂窝网络版本 这对于不需要蜂窝网络来使用手表的用户来说可谓是更好的选择。
38mm玫瑰金仅$289Apple Watch Series 3多色可选 母亲节的健康好礼http://t.cn/RuO8DNU​,#NUM#mm玫瑰金仅 #NUM#Apple Watch Series #NUM#多色可选 母亲节的健康好礼
"MacBook 最高立省$500！Best Buy【一日闪购 收12吋 MacBook, 第三代AppleWatch, Beats耳机】http://t.cn/RuObFYqBest Buy 一日闪购开始啦！MacBook、Apple Watch Series 3、Beats耳机等超多热门产品都有参加！买Switch送热门游戏！还有更多戴森、大疆、Xbox等你来抢！ ​",MacBook 最高立省 #NUM# Best Buy 一日闪购 收#NUM#吋 MacBook  第三代AppleWatch  Beats耳机  Buy 一日闪购开始啦 MacBook、Apple Watch Series #NUM#、Beats耳机等超多热门产品都有参加 买Switch送热门游戏 还有更多戴森、大疆、Xbox等你来抢   
#Apple Watch 3#[星光]真心喜歡這份禮物[鼓掌][鼓掌][鼓掌][污]這份禮物。。。完全Hold 不住了，由上星期六到手後已令我著迷了，她功能有意想不到的多耶！#Apple##Apple Watch Series 3 +蜂窝版##智能手錶#​, Apple Watch #NUM#  EMO_星光 真心喜歡這份禮物 EMO_鼓掌 EMO_鼓掌 EMO_鼓掌 EMO_污 這份禮物。完全Hold 不住了 由上星期六到手後已令我著迷了 她功能有意想不到的多耶  Apple Watch Series #NUM#  蜂窝版  
最高返200元苹果Apple Watch Series 3智能手表 GPS+4G蜂窝网络款 38/42毫米 运动通话手表http://t.cn/RuNoBta​,最高返#NUM#元苹果Apple Watch Series #NUM#智能手表 GPS #NUM#G蜂窝网络款 #NUM# #NUM#毫米 运动通话手表
Apple Watch Series 3独立性测试报告 l 凰家现场-TeXhttp://t.cn/RuXHZnf​,Apple Watch Series #NUM#独立性测试报告 l 凰家现场-TeX
#Apple Watch#Apple Watch Series 3带上自由。 ​, Apple Watch Apple Watch Series #NUM#带上自由。  
移动网络加持更自由！Best Buy【低至$263.2 翻新版Apple Watch Series 3海量型号款式】http://t.cn/Ru60S3EApple Watch Series 3的最主要提升在于其运动芯片W2的植入和蜂窝网络版手表的问世。可以独立工作，不用依附于手机。最新双核处理器，性能提升70%。W2无线，速度提升85%。续航长达18小时。http://t.cn/Ru6O3mE,移动网络加持更自由 Best Buy 低至 #NUM# #NUM# 翻新版Apple Watch Series #NUM#海量型号款式  Watch Series #NUM#的最主要提升在于其运动芯片W#NUM#的植入和蜂窝网络版手表的问世。可以独立工作 不用依附于手机。最新双核处理器 性能提升#NUM# 。W#NUM#无线 速度提升#NUM# 。续航长达#NUM#小时。
发布 7 个月了，蜂窝数据版Apple Watch Series 3的网络支持还是仅有中国联通一家……话说有尾巴在等电信和移动网络服务版的Apple Watch Series 3吗？[吃瓜][得意地笑] ​,发布 #NUM# 个月了 蜂窝数据版Apple Watch Series #NUM#的网络支持还是仅有中国联通一家。话说有尾巴在等电信和移动网络服务版的Apple Watch Series #NUM#吗  EMO_吃瓜 EMO_得意地笑  
苹果公司疯了？直接向Fitbit宣战，推出了Apple Watch Series 3(同步自@新浪看点)苹果公司疯了？直接向Fitbit宣战，推出了Apple Watch Series 3​,苹果公司疯了 直接向Fitbit宣战 推出了Apple Watch Series #NUM# 同步自  苹果公司疯了 直接向Fitbit宣战 推出了Apple Watch Series #NUM# 
苹果公司疯了？直接向Fitbit宣战，推出了Apple Watch Series 3肉包科技的秒拍视频 ​,苹果公司疯了 直接向Fitbit宣战 推出了Apple Watch Series #NUM#肉包科技的秒拍视频  
我在京东发现了一款物美价廉的商品，推荐大家一起来看：Apple Watch Series 3智能手表（GPS款 42毫米 深空灰色铝金属表壳 黑色运动型表带 MQL12CH/A） 点击查看：http://t.cn/RuMmu3H​,我在京东发现了一款物美价廉的商品 推荐大家一起来看 Apple Watch Series #NUM#智能手表 GPS款 #NUM#毫米 深空灰色铝金属表壳 黑色运动型表带 MQL#NUM#CH A  点击查看 
#件件值得买#Apple Watch Series 3苹果手表3智能手表 能打电话版（GPS+蜂窝网络款38毫米 银色铝金属表壳 云雾灰色运动型表带 MQQE2CH/A） 【京东特价2888元 平常3188元】 详情点击：http://t.cn/RuIjpkR​,Apple Watch Series #NUM#苹果手表#NUM#智能手表 能打电话版 GPS 蜂窝网络款#NUM#毫米 银色铝金属表壳 云雾灰色运动型表带 MQQE#NUM#CH A   京东特价#NUM#元 平常#NUM#元  详情点击 
Apple苹果Apple Watch Series 3智能手表 GPS+蜂窝网络款 深空灰38mm ￥3099 送皮质腕带 |Apple Watch Series 3智能手表（GPS+蜂窝网络款38毫米 深空灰色铝金属表壳 灰色运动型表带 MR332CH/A），京东商城好评率100%，...http://t.cn/RuIydPY​,Apple苹果Apple Watch Series #NUM#智能手表 GPS 蜂窝网络款 深空灰#NUM#mm  #NUM# 送皮质腕带  Apple Watch Series #NUM#智能手表 GPS 蜂窝网络款#NUM#毫米 深空灰色铝金属表壳 灰色运动型表带 MR#NUM#CH A  京东商城好评率#NUM#  。
Apple Watch Series 3智能手表（GPS+蜂窝网络款 42毫米 不锈钢表壳 浅白色运动型表带 MQQY2CH/A） 4588元。参加每满1000减100活动，到手价4588，近期不错的价格。【京东商城】http://t.cn/RuVgbKJ​,Apple Watch Series #NUM#智能手表 GPS 蜂窝网络款 #NUM#毫米 不锈钢表壳 浅白色运动型表带 MQQY#NUM#CH A  #NUM#元。参加每满#NUM#减#NUM#活动 到手价#NUM# 近期不错的价格。 京东商城 
NCT 127的cherry bomb被用在applewatch上做广告了[允悲]大概是日本的apple网站上的宣传片这不是逼我买series3吗 八月造糖者的秒拍视频 ​,NCT #NUM#的cherry bomb被用在applewatch上做广告了 EMO_允悲 大概是日本的apple网站上的宣传片这不是逼我买series#NUM#吗 八月造糖者的秒拍视频  
我用「Apple Watch Series 3」的这些日子_搜狐科技_搜狐网http://t.cn/RmgXF1O​,我用 Apple Watch Series #NUM# 的这些日子_搜狐科技_搜狐网
[视频] 180417Apple官推更新Stream Apple Music without your phone. Apple Watch Series 3. The freedom of mobile connectivity.🍒[炸弹]Cherry Bomb被用于AppleWatch广告[绿心]#NCT127#Ncity游乐园的秒拍视频 ​,EMO_视频 #NUM#Apple官推更新Stream Apple Music without your phone  Apple Watch Series #NUM#  The freedom of mobile connectivity   EMO_炸弹 Cherry Bomb被用于AppleWatch广告 EMO_绿心 Ncity游乐园的秒拍视频  
关于apple watch series 3刷机报错56 请关注新浪微博 解密 ​,关于apple watch series #NUM#刷机报错#NUM# 请关注新浪微博 解密  
AppleWatch的续航能力在智能手表界“出名的糟糕”，比如最新的Apple Watch Series 3，只有18小时续航时间。而通过这项专利，可以解决一些续航方面的问题。根据苹果刚刚提交的一份关于Apple Watch新专利显示，未来苹果可能在智能手表产品上采用可更换的后壳设计，这样就可以轻松延长Apple Watch的续航时间，毕竟目前苹果智能手机最大的短板就是续航能力。苹果一直都在探索让Apple Watch智能手表变得更有用、更吸引人的方法。而现在苹果想出了一个主意就是可以更换手表的后壳。￼这项专利最初是由苹果内部人士发现，描述了一种“可穿戴电子设备的辅助设备”，它可以通过相同的插槽连接表带，然后连接到Apple Watch上。这些附件也有自己的表带，因此这就意味着它可以使用在手腕和Apple Watch之间，看起来与普通的手表没有区别。Apple Watch的续航能力在智能手表界“出名的糟糕”，比如最新的Apple Watch Series 3，只有18小时续航时间。而通过这项专利，可以解决一些续航方面的问题。在专利中苹果表示：“辅助设备通过一种内置电子线路的附件机制，在设备被用户佩戴的时候，将辅助电子设备连接到可穿戴设备上。在某些情况下，电子电路包括一个电源传输装置，可以无线传输电力，在可穿戴设备中作为充电电池使用。”当辅助电子设备与可穿戴设备结合之后，电源传输单元由一个电池和一个发射线圈组成，能够与接收线圈保持一致。这是个非常有趣的想法，但就像苹果以往的专利一样，并不一定都会被使用在实际的产品中。但至少我们已经看到苹果对Apple Watch的续航能力足够重视，并且未来将会通过各种方式来解决。#街头漫拍#,AppleWatch的续航能力在智能手表界“出名的糟糕” 比如最新的Apple Watch Series #NUM# 只有#NUM#小时续航时间。而通过这项专利 可以解决一些续航方面的问题。根据苹果刚刚提交的一份关于Apple Watch新专利显示 未来苹果可能在智能手表产品上采用可更换的后壳设计 这样就可以轻松延长Apple Watch的续航时间 毕竟目前苹果智能手机最大的短板就是续航能力。苹果一直都在探索让Apple Watch智能手表变得更有用、更吸引人的方法。而现在苹果想出了一个主意就是可以更换手表的后壳。 这项专利最初是由苹果内部人士发现 描述了一种“可穿戴电子设备的辅助设备” 它可以通过相同的插槽连接表带 然后连接到Apple Watch上。这些附件也有自己的表带 因此这就意味着它可以使用在手腕和Apple Watch之间 看起来与普通的手表没有区别。Apple Watch的续航能力在智能手表界“出名的糟糕” 比如最新的Apple Watch Series #NUM# 只有#NUM#小时续航时间。而通过这项专利 可以解决一些续航方面的问题。在专利中苹果表示 “辅助设备通过一种内置电子线路的附件机制 在设备被用户佩戴的时候 将辅助电子设备连接到可穿戴设备上。在某些情况下 电子电路包括一个电源传输装置 可以无线传输电力 在可穿戴设备中作为充电电池使用。”当辅助电子设备与可穿戴设备结合之后 电源传输单元由一个电池和一个发射线圈组成 能够与接收线圈保持一致。这是个非常有趣的想法 但就像苹果以往的专利一样 并不一定都会被使用在实际的产品中。但至少我们已经看到苹果对Apple Watch的续航能力足够重视 并且未来将会通过各种方式来解决。
"AppleWatch,AppleWatchSeries2,Apple汪春15505021939WatchSeries3支持的手表 ​",AppleWatch AppleWatchSeries#NUM# Apple汪春 WatchSeries#NUM#支持的手表  
苹果新专利：未来AppleWatch可能支持更换电池AppleWatch的续航能力在智能手表界“出名的糟糕”，比如最新的Apple Watch Series 3，只有18小时续航时间。而通过这项专利，可以解决一些续航方面的问题。苹果一直都在探索让AppleWatch智能手表变得更有用、更吸引人的方法。而现在苹果想出了一个主意就是可以更换手表的后壳。 ​,苹果新专利 未来AppleWatch可能支持更换电池AppleWatch的续航能力在智能手表界“出名的糟糕” 比如最新的Apple Watch Series #NUM# 只有#NUM#小时续航时间。而通过这项专利 可以解决一些续航方面的问题。苹果一直都在探索让AppleWatch智能手表变得更有用、更吸引人的方法。而现在苹果想出了一个主意就是可以更换手表的后壳。  
苹果新专利：未来AppleWatch可能支持更换电池AppleWatch的续航能力在智能手表界“出名的糟糕”，比如最新的Apple Watch Series 3，只有18小时续航时间。而通过这项专利，可以解决一些续航方面的问题。 ​,苹果新专利 未来AppleWatch可能支持更换电池AppleWatch的续航能力在智能手表界“出名的糟糕” 比如最新的Apple Watch Series #NUM# 只有#NUM#小时续航时间。而通过这项专利 可以解决一些续航方面的问题。  
AppleWatchSeries3美滋滋了 ​,AppleWatchSeries#NUM#美滋滋了  
【Fast Company 评选 2018 最具创新力企业 苹果高居榜首】「苹果在 2017 年表现非凡：其无线耳机 AirPods 成为在美国随处可见的产品；Apple Watch Series 3Fast Company 评选 2018 最具创新力企业 苹果高居榜首 ​, Fast Company 评选 #NUM# 最具创新力企业 苹果高居榜首  苹果在 #NUM# 年表现非凡 其无线耳机 AirPods 成为在美国随处可见的产品 Apple Watch Series #NUM#Fast Company 评选 #NUM# 最具创新力企业 苹果高居榜首  
Apple Watch Series 3+AppleMusic ＝社会摇 野桔的秒拍视频 ​,Apple Watch Series #NUM# AppleMusic  社会摇 野桔的秒拍视频  
4月iSpace 放大招iPhoneX 购配件礼包独享直降500元iPhone8/8P 购配件礼包独享直降500元红色特别版 iPhone8/8P 购配件礼包独享直降500元Apple Watch Series 3购一块直降50元，购两块直降300元MacBook 、MacBook Air参与门店优惠，额外优惠直降300元MacBook Pro参与门店优惠，额外赠送价值757元配件礼包,#NUM#月iSpace 放大招iPhoneX 购配件礼包独享直降#NUM#元iPhone#NUM# #NUM#P 购配件礼包独享直降#NUM#元红色特别版 iPhone#NUM# #NUM#P 购配件礼包独享直降#NUM#元Apple Watch Series #NUM#购一块直降#NUM#元 购两块直降#NUM#元MacBook 、MacBook Air参与门店优惠 额外优惠直降#NUM#元MacBook Pro参与门店优惠 额外赠送价值#NUM#元配件礼包
Apple Watch Series 3苹果手表 三代 42mm Series3 GPS+蜂窝款美版 全部剩余保修230天 外观成色见附图实惠价格2100元 ​,Apple Watch Series #NUM#苹果手表 三代 #NUM#mm Series#NUM# GPS 蜂窝款美版 全部剩余保修#NUM#天 外观成色见附图实惠价格#NUM#元  
发布 7 个月了，蜂窝数据版Apple Watch Series 3的网络支持还是仅有中国联通一家……话说有尾巴在等电信和移动网络服务版的Apple Watch Series 3吗？[吃瓜] ​,发布 #NUM# 个月了 蜂窝数据版Apple Watch Series #NUM#的网络支持还是仅有中国联通一家。话说有尾巴在等电信和移动网络服务版的Apple Watch Series #NUM#吗  EMO_吃瓜  
分享了 林十兄 在数字尾巴的文章《我用「Apple Watch Series 3蜂窝版」的这些日子》：▍查看时间、天气、日期，使用闹钟和计时器提醒 来自@数字尾巴​,分享了 林十兄 在数字尾巴的文章 我用 Apple Watch Series #NUM#蜂窝版 的这些日子   查看时间、天气、日期 使用闹钟和计时器提醒 来自  
series3......applewatch.....应该可以代替我那个手机的功能了[馋嘴][悲伤][馋嘴]  ​​​,series#NUM#。applewatch。应该可以代替我那个手机的功能了 EMO_馋嘴 EMO_悲伤 EMO_馋嘴    
发布了头条文章：《我用「Apple Watch Series 3蜂窝版」的这些日子》  我用「Apple Watch Series 3蜂窝版」的这些日子 ​,发布了头条文章  我用 Apple Watch Series #NUM#蜂窝版 的这些日子  我用 Apple Watch Series #NUM#蜂窝版 的这些日子  
Apple Watch Series 3曹亦文是谁？[并不简单] ​,Apple Watch Series #NUM#曹亦文是谁  EMO_并不简单  
#手机数码#蜂窝网络版Apple Watch Series 3历史最低价3199 元。可以入手了[doge] ​,蜂窝网络版Apple Watch Series #NUM#历史最低价#NUM# 元。可以入手了 EMO_doge  
Apple Watch Series 3温泉的试炼，值得看看！ 叽歪数码的秒拍视频 ​,Apple Watch Series #NUM#温泉的试炼 值得看看  叽歪数码的秒拍视频  
继Apple Watch Series 3后，华为智能手表也支持手机共享号码了(同步自@新浪看点)继Apple Watch Series 3后，华为智能手表也支持手机共享号码了 ​,继Apple Watch Series #NUM#后 华为智能手表也支持手机共享号码了 同步自  继Apple Watch Series #NUM#后 华为智能手表也支持手机共享号码了  
这个太棒了！ 全面领先！中国联通与华为联手全方位推动eSIM手表通信业务 ​,这个太棒了  全面领先 中国联通与华为联手全方位推动eSIM手表通信业务  
用安卓手机的用户有福了，华为WATCH2 Pro也支持独立通话了，不过只能在联通试点的7个城市使用[允悲]，啥时候能支持到北京啊，我还想试试我这个Apple Watch Series 3呢[摊手][摊手][摊手] ​,用安卓手机的用户有福了 华为WATCH#NUM# Pro也支持独立通话了 不过只能在联通试点的#NUM#个城市使用 EMO_允悲  啥时候能支持到北京啊 我还想试试我这个Apple Watch Series #NUM#呢 EMO_摊手 EMO_摊手 EMO_摊手  
#NCT127#Applewatchseries3的广告音乐用了cherrybomb🍒[炸弹]cr.peachmango0205 yutakoyakiprince的秒拍视频 ​,Applewatchseries#NUM#的广告音乐用了cherrybomb  EMO_炸弹 cr peachmango#NUM# yutakoyakiprince的秒拍视频  
苹果近日公布了一则声明，表示 42mm 的AppleWatchSeries2 有一定几率会因为电池鼓包而无法使用甚至是屏幕翘起的情况，而为了解决这一鼓胀，苹果将对遇到这一问题的AppleWatchSeries2 进行免费维修。只要你是在3年之内购买的，都能前往维修。具体来说， Sport、Nike +、Hermès 和 Edition 系列的 42mm 机型都在保修范围之内，Series1、Series3和所有38mm 型号不在保修范围内。,苹果近日公布了一则声明 表示 #NUM#mm 的AppleWatchSeries#NUM# 有一定几率会因为电池鼓包而无法使用甚至是屏幕翘起的情况 而为了解决这一鼓胀 苹果将对遇到这一问题的AppleWatchSeries#NUM# 进行免费维修。只要你是在#NUM#年之内购买的 都能前往维修。具体来说  Sport、Nike  、Herm s 和 Edition 系列的 #NUM#mm 机型都在保修范围之内 Series#NUM#、Series#NUM#和所有#NUM#mm 型号不在保修范围内。
我在闲鱼发布了【applewatchseries338mm】#退坑回血便宜出！#http://t.cn/Rm8MwAS​,我在闲鱼发布了 applewatchseries#NUM#mm 
京东Apple苹果Apple Watch Series 3智能手表 GPS+蜂窝网络款 42毫米3199元包邮http://t.cn/RmQTwYX​,京东Apple苹果Apple Watch Series #NUM#智能手表 GPS 蜂窝网络款 #NUM#毫米#NUM#元包邮
Apple苹果Apple Watch Series 3智能手表 42毫米3199元 直达：http://t.cn/RmHwzIG​,Apple苹果Apple Watch Series #NUM#智能手表 #NUM#毫米#NUM#元 直达 
Apple苹果Apple Watch Series 3智能手表 蜂窝网络版 灰色42mm 送硅胶运动腕带新低￥3199包邮 可6期免息|目前蜂窝网络功能已上线，平时推荐的多是38mm版本，目前京东商城灰色42mm秒杀售价￥3199包邮，新低好价，同时支持6期白条免息，喜欢的菜友不要错过�http://t.cn/RmTeyIl​,Apple苹果Apple Watch Series #NUM#智能手表 蜂窝网络版 灰色#NUM#mm 送硅胶运动腕带新低 #NUM#包邮 可#NUM#期免息 目前蜂窝网络功能已上线 平时推荐的多是#NUM#mm版本 目前京东商城灰色#NUM#mm秒杀售价 #NUM#包邮 新低好价 同时支持#NUM#期白条免息 喜欢的菜友不要错过 
#买个便宜货#苹果（Apple）WatchSeries3智能手表  LTE版 可直接打电话 42毫米表盘 （分享自@买个便宜货网）￥3199http://t.cn/RmT11hN​,苹果 Apple WatchSeries#NUM#智能手表 LTE版 可直接打电话 #NUM#毫米表盘  分享自   #NUM#
AppleWatchNike+Series3GPS $296.97 / GPS + cellular $359.97http://t.cn/RmjhxsD​,AppleWatchNike Series#NUM#GPS  #NUM# #NUM#   GPS   cellular  #NUM# #NUM#
【Apple Watch Series 3独立性测试报告#凰家现场#】打电话、在线音乐、无线听歌、小额支付、刷公交，脱离iPhone老大哥，AppleWatch能否独立生存？Erva这次在外滩轮渡为大家测试了一下，如果你也有一块Series3，会选择开通激活eSIM吗？AppleWatch最sao气的当然是表带啦～关注我和@写评测的程远并转发本条微博说出你的想法，抽送新款亮骚黄表带一条，你们觉得新Applewatch怎么样呢@微博抽奖平台@凤凰网科技#凰家评测#http://t.cn/RmlqSEH, Apple Watch Series #NUM#独立性测试报告  打电话、在线音乐、无线听歌、小额支付、刷公交 脱离iPhone老大哥 AppleWatch能否独立生存 Erva这次在外滩轮渡为大家测试了一下 如果你也有一块Series#NUM# 会选择开通激活eSIM吗 AppleWatch最sao气的当然是表带啦 关注我和  抽送新款亮骚黄表带一条 你们觉得新Applewatch怎么样呢
Nike+版 低至$297Apple Watch Series 3GPS 运动手表38/42mm 限时优惠http://t.cn/RmWeS5l​,Nike 版 低至 #NUM#Apple Watch Series #NUM#GPS 运动手表#NUM# #NUM#mm 限时优惠
跑武汉马拉松，这次把手机寄存，试试蜂窝版Apple Watch Series 3+AirPods[笑而不语]加油小编，你是最____的[doge] 武汉·江汉路步行街(商圈) ​,跑武汉马拉松 这次把手机寄存 试试蜂窝版Apple Watch Series #NUM# AirPods EMO_笑而不语 加油小编 你是最___的 EMO_doge 武汉 江汉路步行街 商圈   
买不起apple-watch-series-3，买了个小米手环 ​,买不起apple-watch-series-#NUM# 买了个小米手环  
Apple Watch Series 3独立性测试报告 | 凰家现场 UP主: 凤凰科技#bilibili#http://t.cn/RmOOjWT​,Apple Watch Series #NUM#独立性测试报告   凰家现场 UP主  凤凰科技
彭博社报道，苹果向全体员工发布了一封内部备忘录，公布去年有 29 名员工因为泄露公司产品机密而被开除，其中 12 名员工已经被逮捕。备忘录中明确指出了几次重大泄露，包括去年秋季发布会之前 iOS 11 GM 版固件的泄露，曝光了 iPhone X 的名字、外观和功能、Animoji、Apple Watch Series 3蜂窝版；以及 iOS 12 功能延迟发布、重点放在提高稳定性的内部会议等。被开除的 29 名员工中包括那个在 iPhone X 发布后女儿来苹果总部找他吃饭，并在 Vlog 中展示了还未发售的 iPhone X 的倒霉爸爸。苹果强调，凡事泄露内部信息的员工都将被开除，如果有可能还会面临法律诉讼，还有可能因此被其他公司拉入黑名单。所以。。。。在苹果工作可是一个苦差事啊。。。。#APPLE#,彭博社报道 苹果向全体员工发布了一封内部备忘录 公布去年有 #NUM# 名员工因为泄露公司产品机密而被开除 其中 #NUM# 名员工已经被逮捕。备忘录中明确指出了几次重大泄露 包括去年秋季发布会之前 iOS #NUM# GM 版固件的泄露 曝光了 iPhone X 的名字、外观和功能、Animoji、Apple Watch Series #NUM#蜂窝版 以及 iOS #NUM# 功能延迟发布、重点放在提高稳定性的内部会议等。被开除的 #NUM# 名员工中包括那个在 iPhone X 发布后女儿来苹果总部找他吃饭 并在 Vlog 中展示了还未发售的 iPhone X 的倒霉爸爸。苹果强调 凡事泄露内部信息的员工都将被开除 如果有可能还会面临法律诉讼 还有可能因此被其他公司拉入黑名单。所以。在苹果工作可是一个苦差事啊。
我想要一个apple-watch-series-3[心] ​,我想要一个apple-watch-series-#NUM# EMO_心  
你收到了吗？@空一格君@威锋网​,你收到了吗   
2018年苹果新品有哪些？1、HomePod — 2018 年春季一一2月9日已开始销售。2、三款新 iPhone — 2018 年 9 月。3、iPad Pro — 2018 年 9 月。4、廉价版的 iPad — 2018 年春季。5、Apple Watch Series 4 — 2018 年 9 月。6、AirPower 充电垫。7、下一代 AirPods — 2018 年中后期。8、iMac 和 iMac Pro — 2018 年中后期。9、MacBook 和 MacBook Pro — 2018 年 6 月。10、Mac Mini — 2018 年 6 月或 9 月。11、Mac Pro 和显示器。12、新的 iPhone SE。预计今年共14款新品将发布,#NUM#年苹果新品有哪些 #NUM#、HomePod — #NUM# 年春季一一#NUM#月#NUM#日已开始销售。#NUM#、三款新 iPhone — #NUM# 年 #NUM# 月。#NUM#、iPad Pro — #NUM# 年 #NUM# 月。#NUM#、廉价版的 iPad — #NUM# 年春季。#NUM#、Apple Watch Series #NUM# — #NUM# 年 #NUM# 月。#NUM#、AirPower 充电垫。#NUM#、下一代 AirPods — #NUM# 年中后期。#NUM#、iMac 和 iMac Pro — #NUM# 年中后期。#NUM#、MacBook 和 MacBook Pro — #NUM# 年 #NUM# 月。#NUM#、Mac Mini — #NUM# 年 #NUM# 月或 #NUM# 月。#NUM#、Mac Pro 和显示器。#NUM#、新的 iPhone SE。预计今年共#NUM#款新品将发布
Apple Watch Series 3，一天不运动不用 app 只看很少量的通知，掉电 50%。谁说可以续航三天的？！ ​,Apple Watch Series #NUM# 一天不运动不用 app 只看很少量的通知 掉电 #NUM# 。谁说可以续航三天的    
你的三件套齐了吗？立减$30 Best Buy【Apple Watch Series 3GPS 运动手表38/42mm 限时优惠】http://t.cn/RmKSnV5对于不需要蜂窝网络来使用手表的用户来说GPS 版Apple Watch Series 3 可谓是更好的选择。一方面价格更便宜，另一方面其实大家日常很少很少有手机不在身边的情况，所以买它还是很值的！http://t.cn/RmKKWmO,你的三件套齐了吗 立减 #NUM# Best Buy Apple Watch Series #NUM#GPS 运动手表#NUM# #NUM#mm 限时优惠  版Apple Watch Series #NUM# 可谓是更好的选择。一方面价格更便宜 另一方面其实大家日常很少很少有手机不在身边的情况 所以买它还是很值的 
"[今日特賣]Apple Watch Series 3(GPS),38mm $299 / 42mm $329http://t.cn/RmKPQez​",EMO_今日特賣 Apple Watch Series #NUM# GPS  #NUM#mm  #NUM#   #NUM#mm  #NUM#
这个广告看了第26遍，心跳依然加速到不行[蓝心]【视频：Apple Watch Series 3— 冲浪 — 苹果宣传片】（分享@爱奇艺）Apple Watch Series 3— 冲浪 — 苹果宣传片 ​,这个广告看了第#NUM#遍 心跳依然加速到不行 EMO_蓝心  视频 Apple Watch Series #NUM#— 冲浪 — 苹果宣传片  分享  Apple Watch Series #NUM#— 冲浪 — 苹果宣传片  
Apple Watch Series 3手表直降30刀， 多以运动款为主，喜欢的入手！http://t.cn/RmoRKba攻略：2018海淘购物攻略 -- 手把手教你海淘！ ​,Apple Watch Series #NUM#手表直降#NUM#刀  多以运动款为主 喜欢的入手  -- 手把手教你海淘   
#马嘉祺#🌱#蕲向横决马嘉祺#春游记Headwear |@MLB服饰官方微博New Era 9Forty MLB纽约洋基队可调式棒球帽Watch | Apple Watch Series 3Others | 台球 ​,春游记Headwear   Era #NUM#Forty MLB纽约洋基队可调式棒球帽Watch   Apple Watch Series #NUM#Others   台球  
“阳光照在万物上”路劲阳光城阳光大行动温暖启幕，以“阳光照在……”为主题，手机或相机拍摄阳光照在人或物或景色上的图片并针对图片内容书写走心文字阐述。特等奖：（1名）香港迪士尼乐园游；二等奖：（3名）Apple Watch Series 3智能手表；三等奖：（10名）ILIFE V5智能扫地机器人。扫码参与。 ​,“阳光照在万物上”路劲阳光城阳光大行动温暖启幕 以“阳光照在。”为主题 手机或相机拍摄阳光照在人或物或景色上的图片并针对图片内容书写走心文字阐述。特等奖  #NUM#名 香港迪士尼乐园游 二等奖  #NUM#名 Apple Watch Series #NUM#智能手表 三等奖  #NUM#名 ILIFE V#NUM#智能扫地机器人。扫码参与。  
今年欲购清单1.Apple Watch Series 32.￼￼Shure SE846-CL3.Sony NW-WM1A4.Bauerfeind P35.JUICE x adidas Consortium NMD Racer ​,今年欲购清单#NUM# Apple Watch Series #NUM#   Shure SE#NUM#-CL#NUM# Sony NW-WM#NUM#A#NUM# Bauerfeind P#NUM# JUICE x adidas Consortium NMD Racer  
几只 出完无补这次都带个原装的运动表带Apple Watch Series 3美版第三代 蜂窝版 表头42mm 金色/黑色/1950如果需要原装数据线+180 ​,几只 出完无补这次都带个原装的运动表带Apple Watch Series #NUM#美版第三代 蜂窝版 表头#NUM#mm 金色 黑色 #NUM#如果需要原装数据线 #NUM#  
喜欢一样东西，一定要大声喊出来！苹果Apple Watch Series 3智能手表 GPS38/42毫米 运动通话手表，偶稀饭你好久了，快到我的购物袋来！http://t.cn/Rma1chN​,喜欢一样东西 一定要大声喊出来 苹果Apple Watch Series #NUM#智能手表 GPS#NUM# #NUM#毫米 运动通话手表 偶稀饭你好久了 快到我的购物袋来 
某东今天做秒杀活动，#AirPods#还有AppleWatch有做活动，优惠力度¥189-202不等：AirPods ¥1099http://t.cn/RmJLK0jApple Watch Series 3 蜂窝版￥3286http://t.cn/RmJLK0Y​,某东今天做秒杀活动  还有AppleWatch有做活动 优惠力度 #NUM#-#NUM#不等 AirPods  #NUM# Watch Series #NUM# 蜂窝版 #NUM#
#第一播报#【继上海、天津、广州、深圳、郑州、长沙6座城市之后，武汉也将启动“eSIM一号双终端”业务办理】中国联通独家加持Apple Watch Series 3，更自由，更来电！无论山上跑还是海里浪，即使手机不在身边，别人也能给你打CALL ！3月26日起，中国联通联手苹果在上海、天津、广州、深圳、郑州、长沙6座城市同步开展主题为“沃的Apple Watch Series 3，更自由，更来电！”的大规模促销活动，武汉也将于近日启动“eSIM一号双终端”业务的办理。, 继上海、天津、广州、深圳、郑州、长沙#NUM#座城市之后 武汉也将启动“eSIM一号双终端”业务办理 中国联通独家加持Apple Watch Series #NUM# 更自由 更来电 无论山上跑还是海里浪 即使手机不在身边 别人也能给你打CALL  #NUM#月#NUM#日起 中国联通联手苹果在上海、天津、广州、深圳、郑州、长沙#NUM#座城市同步开展主题为“沃的Apple Watch Series #NUM# 更自由 更来电 ”的大规模促销活动 武汉也将于近日启动“eSIM一号双终端”业务的办理。
#i百联相见恨晚#要不要买AppleWatch？要啊！因为真的好用！↓↓↓[好喜欢]活动期间，Apple Watch Series 3 GPS+蜂窝网络表款 42mm 深空灰色铝金属表壳搭配灰色运动型表带 MR342CH/A，恨晚价3299元！[好爱哦]抢购请点击：http://t.cn/RmMEHyG[中国赞] ​,要不要买AppleWatch 要啊 因为真的好用     EMO_好喜欢 活动期间 Apple Watch Series #NUM# GPS 蜂窝网络表款 #NUM#mm 深空灰色铝金属表壳搭配灰色运动型表带 MR#NUM#CH A 恨晚价#NUM#元  EMO_好爱哦 抢购请点击   
Apple Watch Series 3最高直降600元！带你开启智能生活新体验！[挤眼] [挤眼] ​,Apple Watch Series #NUM#最高直降#NUM#元 带你开启智能生活新体验  EMO_挤眼 EMO_挤眼  
为什么我完全没有从AppleWatchSeries1 升级到Series3的需求？ ​,为什么我完全没有从AppleWatchSeries#NUM# 升级到Series#NUM#的需求   
#宝宝的少女心##这一刻的小时光#好高兴 收到了自己的保单 ，并且收到了平安公司赠送的苹果手表applewatchseries3[鼓掌][鼓掌][鼓掌][鼓掌] ​,好高兴 收到了自己的保单  并且收到了平安公司赠送的苹果手表applewatchseries#NUM# EMO_鼓掌 EMO_鼓掌 EMO_鼓掌 EMO_鼓掌  
Apple Watch Series 3，最高直降600元！智能生活新体验！快戳这里看看[来]Apple Watch Series 3最高直降600元！带你开启智能生活新体验！ ​,Apple Watch Series #NUM# 最高直降#NUM#元 智能生活新体验 快戳这里看看 EMO_来 Apple Watch Series #NUM#最高直降#NUM#元 带你开启智能生活新体验   
运动好伴侣！Kohl's【Apple Watch Series 338mm / 42mm 智能手表】低至$329 + 礼卡http://t.cn/Rm5bnhnApple Watch Series 3的最主要提升在于其运动芯片W2的植入和蜂窝网络版手表的问世。可以独立工作，不用依附于手机。最新双核处理器，性能提升70%。W2无线，速度提升85%。续航长达18小时。http://t.cn/Rm5GBoe,运动好伴侣 Kohl s Apple Watch Series #NUM#mm   #NUM#mm 智能手表 低至 #NUM#   礼卡 Watch Series #NUM#的最主要提升在于其运动芯片W#NUM#的植入和蜂窝网络版手表的问世。可以独立工作 不用依附于手机。最新双核处理器 性能提升#NUM# 。W#NUM#无线 速度提升#NUM# 。续航长达#NUM#小时。
[喇叭][喇叭][喇叭]出一个闲置Apple Watch Series3 灰色 Gps+蜂窝网络 铝金属表壳 42毫米的运动型表带 全新未开封还送一个皮质真皮表带 成都 ​,EMO_喇叭 EMO_喇叭 EMO_喇叭 出一个闲置Apple Watch Series#NUM# 灰色 Gps 蜂窝网络 铝金属表壳 #NUM#毫米的运动型表带 全新未开封还送一个皮质真皮表带 成都  
京东PLUS会员：苹果（Apple）WatchSeries3智能手表GPS 2686元http://t.cn/Rm5PO0y​,京东PLUS会员 苹果 Apple WatchSeries#NUM#智能手表GPS #NUM#元
Updating forApple Watch Series 3- Fall 2017 - Videos -AppleDeveloperhttp://t.cn/Rmq0uXO​,Updating forApple Watch Series #NUM#- Fall #NUM# - Videos -AppleDeveloper
AppleWatchSeries3才用了半个月，表冠的密封圈自己拧着拧着就出来了，也是醉了…… 西安·长安大学(渭水校区) ​,AppleWatchSeries#NUM#才用了半个月 表冠的密封圈自己拧着拧着就出来了 也是醉了。 西安 长安大学 渭水校区   
Apple Watch Series 3，手腕上的智能科技！更新部分设计，更加人性化的功能，只为更加方便你的生活！独有独立网络设计，让你随时随地与朋友们保持联系～无论是跑步还是游泳，都能够一键回复信息。Apple Watch Series 3特有的水下传递功能，即使是潜水时候也能轻松回信！ ​,Apple Watch Series #NUM# 手腕上的智能科技 更新部分设计 更加人性化的功能 只为更加方便你的生活 独有独立网络设计 让你随时随地与朋友们保持联系 无论是跑步还是游泳 都能够一键回复信息。Apple Watch Series #NUM#特有的水下传递功能 即使是潜水时候也能轻松回信   
4月7日#来回科技#【好货好货！】[心]美版Apple Watch Series 3【内存】8G【直径】42mm【成色】95新【售价】代理1850 零售+100支持临时出门不带手机可以支持无线听歌 虚拟sim卡，完美[doge] ​,#NUM#月#NUM#日  好货好货   EMO_心 美版Apple Watch Series #NUM# 内存 #NUM#G 直径 #NUM#mm 成色 #NUM#新 售价 代理#NUM# 零售 #NUM#支持临时出门不带手机可以支持无线听歌 虚拟sim卡 完美 EMO_doge  
Apple Watch Series 3美版蜂窝版 42MM 黑色 两个都有轻微运输痕迹其他完美 表头+表带  特价出 ​,Apple Watch Series #NUM#美版蜂窝版 #NUM#MM 黑色 两个都有轻微运输痕迹其他完美 表头 表带 特价出  
[礼物]Apple Watch Series 3最高直降600元！带你开启智能生活新体验！[礼物]Apple Watch Series 3最高直降600元！带你开启智能生活新体验！ ​,EMO_礼物 Apple Watch Series #NUM#最高直降#NUM#元 带你开启智能生活新体验  EMO_礼物 Apple Watch Series #NUM#最高直降#NUM#元 带你开启智能生活新体验   
折合1913.6元Apple苹果Apple Watch Series 3智能手表 GPS款 开箱版http://t.cn/RmLE9yz​,折合#NUM# #NUM#元Apple苹果Apple Watch Series #NUM#智能手表 GPS款 开箱版
我心仪的这款商品，到底是在国美找到了。Apple Watch Series 3智能手表（GPS+蜂窝网络款 42毫米 深空灰色铝金属表壳 灰色运动型表带 MR342CH/A）Apple Watch Series 3智能手表（GPS+蜂窝网络款 42毫米 深空灰色铝金属表壳 灰色运动型表带 MR342CH/A）果粉们的最爱，智能手表，让手表飞一会。http://t.cn/Rm2vWBdhttp://t.cn/Rm2vW13,我心仪的这款商品 到底是在国美找到了。Apple Watch Series #NUM#智能手表 GPS 蜂窝网络款 #NUM#毫米 深空灰色铝金属表壳 灰色运动型表带 MR#NUM#CH A Apple Watch Series #NUM#智能手表 GPS 蜂窝网络款 #NUM#毫米 深空灰色铝金属表壳 灰色运动型表带 MR#NUM#CH A 果粉们的最爱 智能手表 让手表飞一会。
￼￼#二手极品#Apple Watch Series 3智能手表（GPS+蜂窝网络款 42毫米 深空灰色铝金属表壳 黑色运动型表带 ）成色95新 价格2488 全套盒子配件都在 ​,   Apple Watch Series #NUM#智能手表 GPS 蜂窝网络款 #NUM#毫米 深空灰色铝金属表壳 黑色运动型表带  成色#NUM#新 价格#NUM# 全套盒子配件都在  
Airpods +AppleWatchSeries3。跑步听歌，只带手表，简直爽到爆。@TimCook​,Airpods  AppleWatchSeries#NUM#。跑步听歌 只带手表 简直爽到爆。  
突然特别想入手apple watch series 3北京·北洼路 ​,突然特别想入手apple watch series #NUM#北京 北洼路  
我发表了头条文章:《中国联通独家支持Apple Watch Series 3，更自由，更来电》 中国联通独家支持Apple Watch Series 3，更自由，更来电  长春·新莱姆顿 ​,我发表了头条文章  中国联通独家支持Apple Watch Series #NUM# 更自由 更来电  中国联通独家支持Apple Watch Series #NUM# 更自由 更来电 长春 新莱姆顿  
【欢乐砸金蛋】Ai** 砸到了Apple Watch Series 3智能手表欢乐砸金蛋 ​, 欢乐砸金蛋 Ai   砸到了Apple Watch Series #NUM#智能手表欢乐砸金蛋  
Apple Watch Series 3好厚欸，比Series1 厚多了，肉眼就看得出来那一坨厚度，不过比一代快好多，我决定了，以后隔代购买好了 [憧憬] ​,Apple Watch Series #NUM#好厚欸 比Series#NUM# 厚多了 肉眼就看得出来那一坨厚度 不过比一代快好多 我决定了 以后隔代购买好了 EMO_憧憬  
#趣问趣答#收到财经大V@玉名的提问，来看看我是怎么回答的吧~@微博汽车@微博财经，我也有个财经问题要问，请@宇辉战舰接招：汽车圈普遍认为，开越野的老司机中年油腻，那么财经圈有没有这种“约定俗成的偏见”？说说您的看法吧~[并不简单]#车若初见#你理想中的无人驾驶汽车，应该具备哪些配置？ ​,收到财经大V  来看看我是怎么回答的吧   我也有个财经问题要问 请  汽车圈普遍认为 开越野的老司机中年油腻 那么财经圈有没有这种“约定俗成的偏见” 说说您的看法吧  EMO_并不简单 你理想中的无人驾驶汽车 应该具备哪些配置   
iPhone可以刷北京上海地铁公交了#互联网资讯#用户更新iOS 11.3系统版本后，即可在iPhone 6之后发布的iPhone（包括iPhone 6），以及AppleWatchSeries1、2、3三代手表（包括运动款，不锈钢款以及 Nike+ 和 Hemes，Edition款）上使用公交地铁卡功能。在北京地区，用户可以为iPhone钱包应用中增加一卡通，实现北京地铁和公交的NFC支付。在上海地区，用户则可以实现公交、地铁、磁悬浮列车以及渡轮的NFC支付（资治通信）。,iPhone可以刷北京上海地铁公交了 用户更新iOS #NUM# #NUM#系统版本后 即可在iPhone #NUM#之后发布的iPhone 包括iPhone #NUM#  以及AppleWatchSeries#NUM#、#NUM#、#NUM#三代手表 包括运动款 不锈钢款以及 Nike  和 Hemes Edition款 上使用公交地铁卡功能。在北京地区 用户可以为iPhone钱包应用中增加一卡通 实现北京地铁和公交的NFC支付。在上海地区 用户则可以实现公交、地铁、磁悬浮列车以及渡轮的NFC支付 资治通信 。
有人要Apple Watch series 3蜂窝版吗[紧张]便宜出 东莞·广东医科大学东莞校区 ​,有人要Apple Watch series #NUM#蜂窝版吗 EMO_紧张 便宜出 东莞 广东医科大学东莞校区  
"Apple Watch Series 3智能手表（GPS款38毫米 金色铝金属表壳 粉砂色运动型表带 MQKW2CH/A）单买价： ￥2,399.00 2人团：￥2,393.90 ​",Apple Watch Series #NUM#智能手表 GPS款#NUM#毫米 金色铝金属表壳 粉砂色运动型表带 MQKW#NUM#CH A 单买价   #NUM# #NUM# #NUM# #NUM#人团  #NUM# #NUM# #NUM#  
想买Apple Watch series 3，体验蜂窝网络的朋友看看，很详细『一文读懂如何在苹果AppleWatch3上打电话 (全文)_电脑百事网』http://t.cn/RnDz0j3​,想买Apple Watch series #NUM# 体验蜂窝网络的朋友看看 很详细 一文读懂如何在苹果AppleWatch#NUM#上打电话  全文 _电脑百事网 
#趣问趣答#收到财经大V@宇辉战舰的提问：新能源汽车哪家强？答案就在头条文章里，大家快来围观吧！@微博汽车@微博财经同时我也有个问题要问财经大V@李云飞-豪七的爸比从投资角度考虑，新能源、汽车板块哪些股票可以长线持有？#cars01车闻#新能源汽车哪家强？ ​,收到财经大V  新能源汽车哪家强 答案就在头条文章里 大家快来围观吧  -豪七的爸比从投资角度考虑 新能源、汽车板块哪些股票可以长线持有  新能源汽车哪家强   
AppleWatchseries3那个冲浪的广告歌是Big Wild的invincible[喵喵][喵喵][喵喵]@Jarvis不玩了​,AppleWatchseries#NUM#那个冲浪的广告歌是Big Wild的invincible EMO_喵喵 EMO_喵喵 EMO_喵喵  
￼￼#全新秒价#Apple Watch Series 3智能手表 GPS款 42毫米 深空灰色铝金属表壳 黑色运动型表带 全新未拆封 价格2788 ​,   Apple Watch Series #NUM#智能手表 GPS款 #NUM#毫米 深空灰色铝金属表壳 黑色运动型表带 全新未拆封 价格#NUM#  
AppleWatchSeries342mmGPS+Cellular国行版本苹果手表三代，最新款，GPS+蜂窝全套配件 各项功能OK！国行版本 支持联通卡打电话 ​,AppleWatchSeries#NUM#mmGPS Cellular国行版本苹果手表三代 最新款 GPS 蜂窝全套配件 各项功能OK 国行版本 支持联通卡打电话  
￼￼#全新秒价#Apple Watch Series 3智能手表 GPS+蜂窝网络款 42毫米 深空灰色铝金属表壳 黑色运动型表带 全新未拆封 价格3088 ​,   Apple Watch Series #NUM#智能手表 GPS 蜂窝网络款 #NUM#毫米 深空灰色铝金属表壳 黑色运动型表带 全新未拆封 价格#NUM#  
乐器店也卖数码产品了，苹果也算是很会玩音乐的一个品牌吧，那我也不算过分全新的Apple Watch Series 3 ⌚️⌚️你和高富帅、白富美之间，只差一款帅气的智能手表Apple Watch Series 342mm38mm 苹果手表 GPS 蜂窝网络版 ​,乐器店也卖数码产品了 苹果也算是很会玩音乐的一个品牌吧 那我也不算过分全新的Apple Watch Series #NUM#     你和高富帅、白富美之间 只差一款帅气的智能手表Apple Watch Series #NUM#mm#NUM#mm 苹果手表 GPS 蜂窝网络版  
还有少量几只这次都带个原装的运动表带Apple Watch Series 3美版第三代 蜂窝版 12月/1月份激活表头42mm 金色/黑色/白色 1950如果需要原装数据线+180 ​,还有少量几只这次都带个原装的运动表带Apple Watch Series #NUM#美版第三代 蜂窝版 #NUM#月 #NUM#月份激活表头#NUM#mm 金色 黑色 白色 #NUM#如果需要原装数据线 #NUM#  
【eSIM来了】Apple Watch Series 3，蜂窝网络服务已开通！#联通世界，创享美好智慧生活#3月26日起，中国联通联手苹果在上海、天津、广州、深圳、郑州、长沙6座城市同步开展主题为“沃的Apple Watch Series 3，更自由，更来电！”的大规模促销活动。http://t.cn/Rn3OZA6​, eSIM来了 Apple Watch Series #NUM# 蜂窝网络服务已开通  #NUM#月#NUM#日起 中国联通联手苹果在上海、天津、广州、深圳、郑州、长沙#NUM#座城市同步开展主题为“沃的Apple Watch Series #NUM# 更自由 更来电 ”的大规模促销活动。
Apple Watch Series 3，怎么样？接打电话，没毛病，不用担心接不到电话了。开始健身运动！运动中……。 ​,Apple Watch Series #NUM# 怎么样 接打电话 没毛病 不用担心接不到电话了。开始健身运动 运动中。  
苹果（中国）官网对ApplePay 公交卡的说明进行了更新，适用城市为北京与上海，适用设备为AppleWatchSeries1/2/3、iPhone SE、iPhone6/6 Plus、iPhone6s/6s Plus、iPhone7/7 Plus、iPhone8/8 Plus、iPhone X，戳图↓↓使用以上苹果设备的用户终终终终终终终终终于能刷公交卡啦[哈哈][哈哈] ​,苹果 中国 官网对ApplePay 公交卡的说明进行了更新 适用城市为北京与上海 适用设备为AppleWatchSeries#NUM# #NUM# #NUM#、iPhone SE、iPhone#NUM# #NUM# Plus、iPhone#NUM#s #NUM#s Plus、iPhone#NUM# #NUM# Plus、iPhone#NUM# #NUM# Plus、iPhone X 戳图  使用以上苹果设备的用户终终终于能刷公交卡啦 EMO_哈哈 EMO_哈哈  
Apple Watch Series 3美版蜂窝版 42MM 黑色 屏幕右下角运输痕迹其他完美 表头+表带  特价出 ​,Apple Watch Series #NUM#美版蜂窝版 #NUM#MM 黑色 屏幕右下角运输痕迹其他完美 表头 表带 特价出  
号外！号外！苹果在官网更新了ApplePay 支持北京公交卡的内容，以后无论是刷卡、充值、余额查询等都可以直接在手机上搞定，非常方便。该功能支持的设备：AppleWatchSeries1/2/3、iPhone 6 及以上（包含 iPhone SE）。 ​小亦刚刚帮你们测试了一下，非常好用哦[鼓掌][鼓掌][鼓掌]@北京地铁@北京地铁运营一分公司,号外 号外 苹果在官网更新了ApplePay 支持北京公交卡的内容 以后无论是刷卡、充值、余额查询等都可以直接在手机上搞定 非常方便。该功能支持的设备 AppleWatchSeries#NUM# #NUM# #NUM#、iPhone #NUM# 及以上 包含 iPhone SE 。  小亦刚刚帮你们测试了一下 非常好用哦 EMO_鼓掌 EMO_鼓掌 EMO_鼓掌
Apple Watch Series 3我也跟着更新一下4.3版本。 ​,Apple Watch Series #NUM#我也跟着更新一下#NUM# #NUM#版本。  
随着最新的IOS上线，苹果用户终于在地铁、公交刷手机了。iPhone 6及以上的手机均可，以及AppleWatchSeries1、2、3三代手表，以上设备均可以。目前只支持北京、上海两城市的公交地铁卡。如何使用哪？首先要将手机系统升级到11.3版本，然后在ApplePay中添加一张新的卡片，我们还可以将自己原来公交地铁卡中的余额转入手机中，不过手机里的这张“卡”是新卡，也可以在手机内进行充值，手机用户也是享受相应的折扣的。作为一个苹果用户表示以后出门又可以少带一样东西了。#IOS11.3##北京公交#,随着最新的IOS上线 苹果用户终于在地铁、公交刷手机了。iPhone #NUM#及以上的手机均可 以及AppleWatchSeries#NUM#、#NUM#、#NUM#三代手表 以上设备均可以。目前只支持北京、上海两城市的公交地铁卡。如何使用哪 首先要将手机系统升级到#NUM# #NUM#版本 然后在ApplePay中添加一张新的卡片 我们还可以将自己原来公交地铁卡中的余额转入手机中 不过手机里的这张“卡”是新卡 也可以在手机内进行充值 手机用户也是享受相应的折扣的。作为一个苹果用户表示以后出门又可以少带一样东西了。
#网易财经#【好消息！iPhone可以刷北京的地铁公交了】 一句话，iPhone 6及以上的手机均可，以及AppleWatchSeries1、2、3三代手表(包括运动款，不锈钢款以及 Nike+ 和 Hemes，Edition款)上使用公交地铁卡功能。在北京地区，用户可以为iPhone钱包应用中增加一卡通，实现北京地铁和公交的NFC支付。在上海地区，用户则可以实现公交、地铁、磁悬浮列车以及渡轮的NFC支付。http://t.cn/RnnDsSD@网易新闻客户端#网易新闻#, 好消息 iPhone可以刷北京的地铁公交了  一句话 iPhone #NUM#及以上的手机均可 以及AppleWatchSeries#NUM#、#NUM#、#NUM#三代手表 包括运动款 不锈钢款以及 Nike  和 Hemes Edition款 上使用公交地铁卡功能。在北京地区 用户可以为iPhone钱包应用中增加一卡通 实现北京地铁和公交的NFC支付。在上海地区 用户则可以实现公交、地铁、磁悬浮列车以及渡轮的NFC支付。
【北京上海的小伙伴儿可以用iPhone/AppleWatch刷公交卡啦[憧憬]】把公交卡绑到手机上，可以直接用ApplePay 刷卡、充值、余额查询，非常方便了！支持的设备：AppleWatchSeries1/2/3、iPhone 6 及以上（包含 iPhone SE）。 ​, 北京上海的小伙伴儿可以用iPhone AppleWatch刷公交卡啦 EMO_憧憬  把公交卡绑到手机上 可以直接用ApplePay 刷卡、充值、余额查询 非常方便了 支持的设备 AppleWatchSeries#NUM# #NUM# #NUM#、iPhone #NUM# 及以上 包含 iPhone SE 。  
【iOS 11.3正式版推送！iPhone支持公交卡】对国内用户体验改善最大的一项升级，绝对是对北京、上海的地铁公交卡支持。用户更新iOS 11.3系统版本后，可以在iPhone 6之后产品以及AppleWatchSeries1、2、3三代手表上使用。如果用户决定消卡，那么可返还20元的服务费，还是非常人性化的。据说下一波深圳通、岭南通、武汉通以及苏州市民卡会一起出来。虽然相比国产厂商晚了两年，不过最终还是来了，#iPhone支持公交卡#，你们期待吗？[笑而不语], iOS #NUM# #NUM#正式版推送 iPhone支持公交卡 对国内用户体验改善最大的一项升级 绝对是对北京、上海的地铁公交卡支持。用户更新iOS #NUM# #NUM#系统版本后 可以在iPhone #NUM#之后产品以及AppleWatchSeries#NUM#、#NUM#、#NUM#三代手表上使用。如果用户决定消卡 那么可返还#NUM#元的服务费 还是非常人性化的。据说下一波深圳通、岭南通、武汉通以及苏州市民卡会一起出来。虽然相比国产厂商晚了两年 不过最终还是来了   你们期待吗  EMO_笑而不语
#生活服务#苹果在官网更新了 Apple Pay 支持北京和上海公交卡的内容，无论是刷卡、充值、余额查询等都可以直接在手机上搞定，非常方便，希望今后可以支持更多的城市。该功能支持的设备：Apple Watch Series 1/2/3、iPhone 6 及以上（包含 iPhone SE）。 ​​​via@威锋网​,苹果在官网更新了 Apple Pay 支持北京和上海公交卡的内容 无论是刷卡、充值、余额查询等都可以直接在手机上搞定 非常方便 希望今后可以支持更多的城市。该功能支持的设备 Apple Watch Series #NUM# #NUM# #NUM#、iPhone #NUM# 及以上 包含 iPhone SE 。    via  
#达人推荐科技#苹果在官网更新了ApplePay 支持北京和上海公交卡的内容，无论是刷卡、充值、余额查询等都可以直接在手机上搞定，非常方便，希望今后可以支持更多的城市。#ios11.3正式版#来了来了！ ​该功能支持的设备：AppleWatchSeries1/2/3、iPhone 6 及以上（包含 iPhone SE） ​,苹果在官网更新了ApplePay 支持北京和上海公交卡的内容 无论是刷卡、充值、余额查询等都可以直接在手机上搞定 非常方便 希望今后可以支持更多的城市。 来了来了   该功能支持的设备 AppleWatchSeries#NUM# #NUM# #NUM#、iPhone #NUM# 及以上 包含 iPhone SE   
苹果在官网更新了ApplePay 支持北京和上海公交卡的内容，无论是刷卡、充值、余额查询等都可以直接在手机上搞定，非常方便，希望今后可以支持更多的城市。该功能支持的设备：AppleWatchSeries1/2/3、iPhone 6 及以上（包含 iPhone SE）。 ​,苹果在官网更新了ApplePay 支持北京和上海公交卡的内容 无论是刷卡、充值、余额查询等都可以直接在手机上搞定 非常方便 希望今后可以支持更多的城市。该功能支持的设备 AppleWatchSeries#NUM# #NUM# #NUM#、iPhone #NUM# 及以上 包含 iPhone SE 。  
Apple Watch Series 3and AirPods ​,Apple Watch Series #NUM#and AirPods  
#趣问趣答#@天狼50陈浩问我“30万级别家用SUV怎么选？需要考虑哪些因素？”。    我的回答：30万家用SUV，这个级别大部分人是正在进行第一次消费升级，之前开十来万二十万价位的三厢轿车，随着年龄的增长、家庭成员的增加，根本需求发生变化，一家人在一起舒舒服的出行变成最大刚需。    首先要考虑的因素就是空间，包括乘坐空间、储物空间，后备厢装载空间。大部分家庭只有这一台车，而且很可能要长时间使用，空间当然越大越好。    其次舒适性，驾驶员的感受并不重要，驾驶乐趣靠边站，最好每位乘员都感觉舒服，怎么舒服，除了刚才说的空间大，还要悬架舒适，不能颠；隔音好，不能跑起来呼呼作响；动力总成匹配以平顺为第一导向，明显顿挫和突兀的输出是不能接受的。    最后是买完之后的事情，要稳定省心，经济省油，最好还有很高的保值率。保值率怎么查呢，直接上各大二手车网站看价格就可以，另外也可以查销量数据，销量高的车保值率不会低。    我也来个问题，@玉名2018年，投资哪类豪华汽车品牌相对保值？[doge]    各位也可以参加这个活动向我提问，提问格式：#趣问趣答#提问内容 并@微博汽车@微博财经@胡正阳-,“#NUM#万级别家用SUV怎么选 需要考虑哪些因素 ”。 我的回答 #NUM#万家用SUV 这个级别大部分人是正在进行第一次消费升级 之前开十来万二十万价位的三厢轿车 随着年龄的增长、家庭成员的增加 根本需求发生变化 一家人在一起舒舒服的出行变成最大刚需。 首先要考虑的因素就是空间 包括乘坐空间、储物空间 后备厢装载空间。大部分家庭只有这一台车 而且很可能要长时间使用 空间当然越大越好。 其次舒适性 驾驶员的感受并不重要 驾驶乐趣靠边站 最好每位乘员都感觉舒服 怎么舒服 除了刚才说的空间大 还要悬架舒适 不能颠 隔音好 不能跑起来呼呼作响 动力总成匹配以平顺为第一导向 明显顿挫和突兀的输出是不能接受的。 最后是买完之后的事情 要稳定省心 经济省油 最好还有很高的保值率。保值率怎么查呢 直接上各大二手车网站看价格就可以 另外也可以查销量数据 销量高的车保值率不会低。 我也来个问题   投资哪类豪华汽车品牌相对保值  EMO_doge 各位也可以参加这个活动向我提问 提问格式  提问内容 并 -
6S 现在版本是9版本的 ，因为买了AppleWatchSeries3， 想升级IOS11版本， 请问升级11.1正式版 ，还是等11.3正式版？还是有什么稳定 又不是很熬电的版本？ 求大神指导 谢谢@Apple频道​,#NUM#S 现在版本是#NUM#版本的  因为买了AppleWatchSeries#NUM#  想升级IOS#NUM#版本  请问升级#NUM# #NUM#正式版  还是等#NUM# #NUM#正式版 还是有什么稳定 又不是很熬电的版本  求大神指导 谢谢  
Biohoney 麦卢卡蜂蜜 MGO100+ 500gNZ$33.95[微笑]DELL 戴尔 XPS 15 9560 15.6英寸笔记本电脑 （i7-7700HQ、8GB、256GB SSD、GTX1050）$1129.99[微笑]Apple苹果Apple Watch Series 3智能手表 GPS款 42mm 太空灰合金表盘运动表带$329[微笑]BY TERRY 泰利 遮天鹅绒 光彩无暇 防晒粉底液 SPF1535ml N1 Fair Beige£40.5,Biohoney 麦卢卡蜂蜜 MGO#NUM#  #NUM#gNZ #NUM# #NUM# EMO_微笑 DELL 戴尔 XPS #NUM# #NUM# #NUM# #NUM#英寸笔记本电脑  i#NUM#-#NUM#HQ、#NUM#GB、#NUM#GB SSD、GTX#NUM#  #NUM# #NUM# EMO_微笑 Apple苹果Apple Watch Series #NUM#智能手表 GPS款 #NUM#mm 太空灰合金表盘运动表带 #NUM# EMO_微笑 BY TERRY 泰利 遮天鹅绒 光彩无暇 防晒粉底液 SPF#NUM#ml N#NUM# Fair Beige #NUM# #NUM#
#什么值得买#Apple苹果Apple Watch Series 3智能手表 GPS款 42mm 太空灰合金表盘运动表带 $329（约￥2150）（分享自@什么值得买）http://t.cn/RnRIWHh​,Apple苹果Apple Watch Series #NUM#智能手表 GPS款 #NUM#mm 太空灰合金表盘运动表带  #NUM# 约 #NUM#  分享自  
#沃服务#【Apple Watch Series 3联通通信服务线上开通指南】eSIM一号双终端来了，能够独立打电话的苹果第三代智能手表Apple Watch Series 3(GPS + 蜂窝网络)成为首款支持该业务的终端产品。那么问题来了，购买了此款手表的你怎么开通手表通信服务？其实，只需通过iPhone即可自助开通，请看小沃整理的开通指南。, Apple Watch Series #NUM#联通通信服务线上开通指南 eSIM一号双终端来了 能够独立打电话的苹果第三代智能手表Apple Watch Series #NUM# GPS   蜂窝网络 成为首款支持该业务的终端产品。那么问题来了 购买了此款手表的你怎么开通手表通信服务 其实 只需通过iPhone即可自助开通 请看小沃整理的开通指南。
【eSIM】Apple Watch Series 3，蜂窝网络服务已开通！ ​​​​, eSIM Apple Watch Series #NUM# 蜂窝网络服务已开通     
"【eSIM】Apple Watch Series 3, 蜂窝网络服务已开通！更实用更好玩功能来袭，错过了Apple Watch Series 3这样高能的产品,真的会觉得错过了一个世纪！http://t.cn/RnQ5EgE​", eSIM Apple Watch Series #NUM#  蜂窝网络服务已开通 更实用更好玩功能来袭 错过了Apple Watch Series #NUM#这样高能的产品 真的会觉得错过了一个世纪 
【Apple Watch Series 3联通通信服务线上开通指南】eSIM一号双终端来了，能够独立打电话的苹果第三代智能手表Apple Watch Series 3(GPS + 蜂窝网络)成为首款支持该业务的终端产品。那么问题来了，购买了此款手表的你怎么开通手表通信服务？其实，只需通过iPhone即可自助开通，请看小U整理的开通指南。 ​, Apple Watch Series #NUM#联通通信服务线上开通指南 eSIM一号双终端来了 能够独立打电话的苹果第三代智能手表Apple Watch Series #NUM# GPS   蜂窝网络 成为首款支持该业务的终端产品。那么问题来了 购买了此款手表的你怎么开通手表通信服务 其实 只需通过iPhone即可自助开通 请看小U整理的开通指南。  
种草了Applewatchseries3，不过还得再观望观望，毕竟蜂窝数据这一项还没有普及，等适用了以后，果断入手一只 ​,种草了Applewatchseries#NUM# 不过还得再观望观望 毕竟蜂窝数据这一项还没有普及 等适用了以后 果断入手一只  
时刻在线，Apple Watch Series 3蜂窝版体验锋潮_姜唯的秒拍视频（使用#秒拍#录制） ​,时刻在线 Apple Watch Series #NUM#蜂窝版体验锋潮_姜唯的秒拍视频 使用 录制   
发布了头条文章：《Apple Watch Series 3， 蜂窝网络服务已开通。》Apple Watch Series 3， 蜂窝网络服务已开通。 ​,发布了头条文章  Apple Watch Series #NUM#  蜂窝网络服务已开通。 Apple Watch Series #NUM#  蜂窝网络服务已开通。  
【中国联通独家加持Apple Watch Series 3，更自由，更来电！】从今以后，无论山上跑还是海里浪，即使手机不在身边，别人也能给你打CALL 了！3月26日起，中国联通联手苹果在上海、天津、广州、深圳、郑州、长沙6座城市同步开展主题为“#沃的Apple Watch Series 3#，更自由，更来电！”的大规模促销活动。据了解，继3月7日在六城首发启动“#eSIM一号双终端#”业务办理后，中国联通独家加持苹果手表，推出Apple Watch Series 3（蜂窝网络版）专享的沃4G+冰激凌套餐，用户现在办理即可享受零预存购机送费的福利政策，送费金额最高达1800元。开通此业务后，用户可在不携带手机的情况下，独立使用电话和移动通信等功能，出门跑步、买杯咖啡，或者遛狗的时候，也能保持联系。接打电话、收发信息、听音乐、刷手表付款，还能随手召唤 Siri 出来。在这些眼花缭乱的玩法之下，也不用担心流量不够，费用超支，沃4G+冰激凌套餐全国无限流量由手机卡和Apple Watch Series 3共享，无限畅爽，更自由，更来电！此外，联通营业厅现还提供免息免手续费的分期金融服务，订购Apple Watch Series 3冰激凌套餐，零首付就可以带走新表。除此之外，用户还可享受从激活起12个月免副卡功能费的优惠。解放双手，开启智能生活新体验。作为中国大陆首家提供eSIM服务支持的电信运营商，中国联通使得“任你活动，自在随心”这种全连接无束缚的生活方式成为了可能。此次中国联通与苹果公司的再度联手，对于eSIM的市场推广和深入应用具有开创性的意义。上网及电话语音将不再是手机的专属功能，未来将会有更多的智能穿戴设备实现功能独立，而这也将进一步推动智能设备行业的快速成熟和发展。据悉，继上海、天津、广州、深圳、郑州、长沙6座城市之后，武汉也将于近日启动“eSIM一号双终端”业务的办理，正式加入到中国联通Apple Watch Series 3 eSIM业务开通城市的阵营中。@中国联通, 中国联通独家加持Apple Watch Series #NUM# 更自由 更来电  从今以后 无论山上跑还是海里浪 即使手机不在身边 别人也能给你打CALL 了 #NUM#月#NUM#日起 中国联通联手苹果在上海、天津、广州、深圳、郑州、长沙#NUM#座城市同步开展主题为“ 沃的Apple Watch Series #NUM# ”业务办理后 中国联通独家加持苹果手表 推出Apple Watch Series #NUM# 蜂窝网络版 专享的沃#NUM#G 冰激凌套餐 用户现在办理即可享受零预存购机送费的福利政策 送费金额最高达#NUM#元。开通此业务后 用户可在不携带手机的情况下 独立使用电话和移动通信等功能 出门跑步、买杯咖啡 或者遛狗的时候 也能保持联系。接打电话、收发信息、听音乐、刷手表付款 还能随手召唤 Siri 出来。在这些眼花缭乱的玩法之下 也不用担心流量不够 费用超支 沃#NUM#G 冰激凌套餐全国无限流量由手机卡和Apple Watch Series #NUM#共享 无限畅爽 更自由 更来电 此外 联通营业厅现还提供免息免手续费的分期金融服务 订购Apple Watch Series #NUM#冰激凌套餐 零首付就可以带走新表。除此之外 用户还可享受从激活起#NUM#个月免副卡功能费的优惠。解放双手 开启智能生活新体验。作为中国大陆首家提供eSIM服务支持的电信运营商 中国联通使得“任你活动 自在随心”这种全连接无束缚的生活方式成为了可能。此次中国联通与苹果公司的再度联手 对于eSIM的市场推广和深入应用具有开创性的意义。上网及电话语音将不再是手机的专属功能 未来将会有更多的智能穿戴设备实现功能独立 而这也将进一步推动智能设备行业的快速成熟和发展。据悉 继上海、天津、广州、深圳、郑州、长沙#NUM#座城市之后 武汉也将于近日启动“eSIM一号双终端”业务的办理 正式加入到中国联通Apple Watch Series #NUM# eSIM业务开通城市的阵营中。
#沃分享#一卡双终端，唯沃先行！联通率先实现Apple Watch Series 3，之所以说它牛，根本原因就在这一点：它能独立使用蜂窝网络哦~！更多详细请咨询http://t.cn/REudn7l#沃的百分努力，只为您10分满意。#​,一卡双终端 唯沃先行 联通率先实现Apple Watch Series #NUM# 之所以说它牛 根本原因就在这一点 它能独立使用蜂窝网络哦  更多详细请咨询
纠结了半天 终于还是忍痛拿给苹果修我的applewatch了。。早知道买applecare+了，谁知道表盘那么脆啊 往墙上一靠就碎了。修理费可以买全新的一个series1了。不想加钱买series3，也不想买fitbit versa 觉得还是applewatch好。那三个圈圈我很喜欢。下一个表我是一定会买applecare+了。心在滴血。。 ​,纠结了半天 终于还是忍痛拿给苹果修我的applewatch了。。早知道买applecare 了 谁知道表盘那么脆啊 往墙上一靠就碎了。修理费可以买全新的一个series#NUM#了。不想加钱买series#NUM# 也不想买fitbit versa 觉得还是applewatch好。那三个圈圈我很喜欢。下一个表我是一定会买applecare 了。心在滴血。。  
以往的AppleWatch都需要借助手机网络，最多可以算的上是手机的附属品。但最新的Apple Watch Series 3却通过独立蜂窝网络的设计让手表拥有了自己的“独立灵魂”。只要绑定联通，就可以用手机独立完成支付，通话等等行为，让你的办公生活更加轻松！ ​,以往的AppleWatch都需要借助手机网络 最多可以算的上是手机的附属品。但最新的Apple Watch Series #NUM#却通过独立蜂窝网络的设计让手表拥有了自己的“独立灵魂”。只要绑定联通 就可以用手机独立完成支付 通话等等行为 让你的办公生活更加轻松   
快夏天了，想买块苹果表。。。applewatch2代series2怎么样？还是3代GPS版更划算？[并不简单][并不简单] 青岛·黄岛街区 ​,快夏天了 想买块苹果表。applewatch#NUM#代series#NUM#怎么样 还是#NUM#代GPS版更划算  EMO_并不简单 EMO_并不简单 青岛 黄岛街区  
采用独立蜂窝网络科技设的新款Apple Watch Series 3可不止是一枚简单的手表。独立的网络设计也就意味着这只手表从此可以摆脱以往的手机桎梏，只要凭借一只手表，就可以实现打电话，付款，收缴电邮等等功能，从此，你就真的拥有一只可以随身携带的手机啦！ ​,采用独立蜂窝网络科技设的新款Apple Watch Series #NUM#可不止是一枚简单的手表。独立的网络设计也就意味着这只手表从此可以摆脱以往的手机桎梏 只要凭借一只手表 就可以实现打电话 付款 收缴电邮等等功能 从此 你就真的拥有一只可以随身携带的手机啦   
苹果已经发布了 18 款 iPhone 手机，能用过 8 款以上的就应该算铁杆果粉了～ ​,苹果已经发布了 #NUM# 款 iPhone 手机 能用过 #NUM# 款以上的就应该算铁杆果粉了   
#买个便宜货#苹果（Apple）WatchSeries3智能手表 LTE版38毫米表盘 运动型表带 ￥3088（分享自@买个便宜货网）http://t.cn/RnOaMpH​,苹果 Apple WatchSeries#NUM#智能手表 LTE版#NUM#毫米表盘 运动型表带  #NUM# 分享自  
@所有宝宝您有一份“单飞”礼包待领取[偷乐][偷乐]3月26日，下周一起↓↓↓联通新、老用户在指定营业厅内购买Apple Watch Series 3手表并开通一号双终端业务的最高可享200元手表直降优惠！还可享分期！0首付、0利息、0手续费，每月最低仅需133元！如此炫酷的操作[笑哈哈]速度走一波！不知道去哪买？点击http://t.cn/RnObsCE查看可办理的营业厅地址哦~,“单飞”礼包待领取 EMO_偷乐 EMO_偷乐 #NUM#月#NUM#日 下周一起   联通新、老用户在指定营业厅内购买Apple Watch Series #NUM#手表并开通一号双终端业务的最高可享#NUM#元手表直降优惠 还可享分期 #NUM#首付、#NUM#利息、#NUM#手续费 每月最低仅需#NUM#元 如此炫酷的操作 EMO_笑哈哈 速度走一波 不知道去哪买 点击
我在闲鱼卖·Apple Watch Series 3全新#来闲鱼，发现更多闲置超值好物#http://t.cn/Rn0TTbo​,我在闲鱼卖 Apple Watch Series #NUM#全新
经历了不小的曲折，中国联通3月 7 日正式在 6 城开启Apple Watch Series 3的 eSIM 业务办理。那么这篇文章将全面的告诉想要入手的小伙伴，蜂窝网络版AppleWatch3怎么玩～[笑而不语]我发布了头条文章： 一文带你玩转Apple Watch Series 3的蜂窝网络功能 ​,经历了不小的曲折 中国联通#NUM#月 #NUM# 日正式在 #NUM# 城开启Apple Watch Series #NUM#的 eSIM 业务办理。那么这篇文章将全面的告诉想要入手的小伙伴 蜂窝网络版AppleWatch#NUM#怎么玩  EMO_笑而不语 我发布了头条文章  一文带你玩转Apple Watch Series #NUM#的蜂窝网络功能  
我在京东发现了一款物美价廉的商品，推荐大家一起来看：Apple Watch Series 3智能手表（GPS+蜂窝网络款 42毫米 深空灰色铝金属表壳 黑色运动型表带 MQQT2CH/A） 点击查看：http://t.cn/Rnp8OzH​,我在京东发现了一款物美价廉的商品 推荐大家一起来看 Apple Watch Series #NUM#智能手表 GPS 蜂窝网络款 #NUM#毫米 深空灰色铝金属表壳 黑色运动型表带 MQQT#NUM#CH A  点击查看 
对运动控来讲，第一次如此期待一款数码产品，急等北京移动的网络开放[委屈]『Apple Watch Series 3目前支持记录哪些运动？ - 知乎』Apple Watch Series 3目前支持记录哪些运动？ - 知乎 ​,对运动控来讲 第一次如此期待一款数码产品 急等北京移动的网络开放 EMO_委屈  Apple Watch Series #NUM#目前支持记录哪些运动  - 知乎 Apple Watch Series #NUM#目前支持记录哪些运动  - 知乎  
【苹果的AirPower要来了，你会买吗？ [思考]​​​】​在今年的秋季发布会中，新iPhone、AirPods新壳子和Apple Watch Series 3都支持Qi保准的无线充电标准。AirPower将只能为苹果自己的产品充电，如果你是安卓或者其他智能手表等类似产品，放上去也是毫无反应。[doge] ​, 苹果的AirPower要来了 你会买吗  EMO_思考      在今年的秋季发布会中 新iPhone、AirPods新壳子和Apple Watch Series #NUM#都支持Qi保准的无线充电标准。AirPower将只能为苹果自己的产品充电 如果你是安卓或者其他智能手表等类似产品 放上去也是毫无反应。 EMO_doge  
Apple Watch Series 3智能手表 42mm GPS + 蜂窝网络 金色铝金属表壳 粉砂色运动型表带 MQQU2CH/AApple。 （分享自@亚马逊）http://t.cn/RnCCXoo​,Apple Watch Series #NUM#智能手表 #NUM#mm GPS   蜂窝网络 金色铝金属表壳 粉砂色运动型表带 MQQU#NUM#CH AApple。  分享自  
#下文新闻客户端#聊新闻时间到！快到“下文”聊天室来吧~[污]#AppleWatch#昨天，苹果官方微信发布消息称，Apple Watch Series 3智能手表的独立蜂窝网络功能正式上线，可以在中国大陆地区打电话了！目前，此服务在上海、天津、广州、深圳、郑州和长沙最先推出，用户只要与中国联通号码绑定后即可使用。下文闪聊里有朋友表示非常期待使用AppleWatch的电话功能，但多数朋友却持怀疑态度。有朋友担心AppleWatch也会存在电池问题，电量不够用，什么功能都白搭。还有朋友觉得即使有了电话功能，大家还是会带手机出门，并不能起到替代作用。也有人说，希望中国的企业也能研发出好的产品。还有人开玩笑说，“小天才电话手表了解一下？”聊天室入口戳☞http://t.cn/Rn9ruWZ#故宫淘宝下架网红娃娃#近日，有网友对故宫淘宝“俏格格娃娃”身体部分的原创性提出了质疑。对此，故宫淘宝声明称，娃娃的身体部分由有知识产权的合作工厂授权使用，目前已停售，身体部分将重新开模制作，已售出的一律退款召回。下文闪聊里有朋友认为故宫淘宝的做法十分有担当，为其点赞，并表示期待新娃娃上线。不过，也有人觉得故宫淘宝声明中的说法站不住脚。如果有错就认错，如果没错，也无须花费财力重新开模并召回已售娃娃。还有朋友认为这款娃娃的定价有些高，不考虑购买。聊天室入口戳☞http://t.cn/Rn9ruWz,昨天 苹果官方微信发布消息称 Apple Watch Series #NUM#智能手表的独立蜂窝网络功能正式上线 可以在中国大陆地区打电话了 目前 此服务在上海、天津、广州、深圳、郑州和长沙最先推出 用户只要与中国联通号码绑定后即可使用。下文闪聊里有朋友表示非常期待使用AppleWatch的电话功能 但多数朋友却持怀疑态度。有朋友担心AppleWatch也会存在电池问题 电量不够用 什么功能都白搭。还有朋友觉得即使有了电话功能 大家还是会带手机出门 并不能起到替代作用。也有人说 希望中国的企业也能研发出好的产品。还有人开玩笑说 “小天才电话手表了解一下 ”聊天室入口戳 
有了Apple Watch Series 3，出门不带 iPhone 也没关系!看，你的手表来电了 ​,有了Apple Watch Series #NUM# 出门不带 iPhone 也没关系 看 你的手表来电了  
//分享网易新闻:《一文带你玩转Apple Watch Series 3的蜂窝网络功能》 一文带你玩转Apple Watch Series 3的蜂窝网络功能@网易新闻客户端#网易新闻#​,  分享网易新闻  一文带你玩转Apple Watch Series #NUM#的蜂窝网络功能  一文带你玩转Apple Watch Series #NUM#的蜂窝网络功能  
如何正确使用Apple Watch Series 3http://t.cn/RnK2zJl​,如何正确使用Apple Watch Series #NUM#
#Apple Watch series3#Apple Watch Series 3如此让人来电，以后忘记带iPhone[iphone]也不用急[憧憬][憧憬]是因为它能独立使用蜂窝网络。此服务现在上海、天津、广州、深圳、郑州和长沙首先推出，绑定@中国联通就可以用了 于孟辉MervynYu的秒拍视频 ​, Apple Watch series#NUM# Apple Watch Series #NUM#如此让人来电 以后忘记带iPhone EMO_iphone 也不用急 EMO_憧憬 EMO_憧憬 是因为它能独立使用蜂窝网络。此服务现在上海、天津、广州、深圳、郑州和长沙首先推出 绑定 于孟辉MervynYu的秒拍视频  
今日苹果官方公众号发文称，只要绑定中国联通“eSIM一号双终端”业务，来电时两个终端（iPhone和Apple Watch Series 3）将同时震动，任意终端均可拨出电话，不需携带手机亦可随时保持互联。此服务现在上海、天津、广州、深圳、郑州和长沙首先推出。还要啥iPhone啊！ ​,今日苹果官方公众号发文称 只要绑定中国联通“eSIM一号双终端”业务 来电时两个终端 iPhone和Apple Watch Series #NUM# 将同时震动 任意终端均可拨出电话 不需携带手机亦可随时保持互联。此服务现在上海、天津、广州、深圳、郑州和长沙首先推出。还要啥iPhone啊   
在3月初的时候，中国联通宣布在上海、天津、广州、深圳、郑州、长沙6座城市率先启动“eSIM一号双终端”业务的办理。苹果Apple Watch Series 3成为首款支持该业务的终端产品，就是说出门不用带手机 ，AppleWatch可与手机共享号码。符合要求的6座城市的用户可以到联通营业厅去办理下，去体验下不带手机出门的日子。详情：http://t.cn/RnS8Ihm,在#NUM#月初的时候 中国联通宣布在上海、天津、广州、深圳、郑州、长沙#NUM#座城市率先启动“eSIM一号双终端”业务的办理。苹果Apple Watch Series #NUM#成为首款支持该业务的终端产品 就是说出门不用带手机  AppleWatch可与手机共享号码。符合要求的#NUM#座城市的用户可以到联通营业厅去办理下 去体验下不带手机出门的日子。详情 
AppleWatchSeries3可以打电话了，目前只支持中国联通，而且只支持部分地区使用 ​,AppleWatchSeries#NUM#可以打电话了 目前只支持中国联通 而且只支持部分地区使用  
#搞科技吧#嘿，你的手表来电话了。苹果Apple Watch Series 3​,嘿 你的手表来电话了。苹果Apple Watch Series #NUM# 
Apple Watch Series 3主推功能之一：支持e-SIM卡，可以独立通话。 ​,Apple Watch Series #NUM#主推功能之一 支持e-SIM卡 可以独立通话。  
【不用带 iPhone 苹果手表也能打电话】苹果Apple Watch Series 3成为首款支持 eSIM 一号双终端的产品，苹果在广告中表示，从此不管是在山里跑还是在海里浪，就算手机不在身边也能打电话，怎么感觉有一种“儿童电话手表”的既视感。 ​, 不用带 iPhone 苹果手表也能打电话 苹果Apple Watch Series #NUM#成为首款支持 eSIM 一号双终端的产品 苹果在广告中表示 从此不管是在山里跑还是在海里浪 就算手机不在身边也能打电话 怎么感觉有一种“儿童电话手表”的既视感。  
限Plus会员，Apple苹果Apple Watch Series 3智能手表 蜂窝网络版 灰色42mm 送硅胶运动腕带￥3288包邮 可6期免息|目前蜂窝网络功能已上线，平时推荐的多是38mm版本，目前京东商城灰色42mm，PLUS会员售价￥3288包邮，同时赠送硅胶运动腕带，同时支持6期白条免息，喜http://t.cn/RnSLdg3​,限Plus会员 Apple苹果Apple Watch Series #NUM#智能手表 蜂窝网络版 灰色#NUM#mm 送硅胶运动腕带 #NUM#包邮 可#NUM#期免息 目前蜂窝网络功能已上线 平时推荐的多是#NUM#mm版本 目前京东商城灰色#NUM#mm PLUS会员售价 #NUM#包邮 同时赠送硅胶运动腕带 同时支持#NUM#期白条免息 喜
【不用带iPhone了】苹果Apple Watch Series 3成为首款支持该业务的终端产品，可独立接入运营商移动蜂窝网络。通过与iPhone共享号码，支持电话、接收信息等通信功能。通俗地说，就是给主号码来电时两个终端将同时震动，任意终端均可拨出电话，不需携带手机亦可随时保持互联。 ​, 不用带iPhone了 苹果Apple Watch Series #NUM#成为首款支持该业务的终端产品 可独立接入运营商移动蜂窝网络。通过与iPhone共享号码 支持电话、接收信息等通信功能。通俗地说 就是给主号码来电时两个终端将同时震动 任意终端均可拨出电话 不需携带手机亦可随时保持互联。  
【中国联通eSIM首发AppleWatch3能打电话了】将 Apple Watch3 绑定@中国联通就能实现独立通话啦[憧憬] 这项服务现在上海、天津、广州、深圳、郑州、长沙6城市推出[鼓掌] 解放双手，自由通话，你的Apple Watch Series 3准备好了吗？[笑而不语] ​, 中国联通eSIM首发AppleWatch#NUM#能打电话了 将 Apple Watch#NUM# 绑定 EMO_憧憬 这项服务现在上海、天津、广州、深圳、郑州、长沙#NUM#城市推出 EMO_鼓掌 解放双手 自由通话 你的Apple Watch Series #NUM#准备好了吗  EMO_笑而不语  
Apple Watch Series 3可以独立通话了上海、天津、广州、深圳、长沙、郑州 首先推出 ​,Apple Watch Series #NUM#可以独立通话了上海、天津、广州、深圳、长沙、郑州 首先推出  
看，你的手表来电了。Apple Watch Series 3如此让人来电，是因为它能独立使用蜂窝网络。此服务现在上海、天津、广州、深圳、郑州和长沙首先推出，绑定中国联通就可以用了。 ​,看 你的手表来电了。Apple Watch Series #NUM#如此让人来电 是因为它能独立使用蜂窝网络。此服务现在上海、天津、广州、深圳、郑州和长沙首先推出 绑定中国联通就可以用了。  
Apple Watch Series 3可以接打电话，可以使用蜂窝网络。此服务现在上海、天津、广州、深圳、郑州和长沙首先推出，绑定中国联通就可以使用。 ​,Apple Watch Series #NUM#可以接打电话 可以使用蜂窝网络。此服务现在上海、天津、广州、深圳、郑州和长沙首先推出 绑定中国联通就可以使用。  
#豆花说#Apple Watch Series 3蜂窝版非国行在国内是没办法使用eSIM这个功能的，同理国行拿出去用也同样不行[允悲] ​​​,Apple Watch Series #NUM#蜂窝版非国行在国内是没办法使用eSIM这个功能的 同理国行拿出去用也同样不行 EMO_允悲    
Apple Watch series 342mm蜂窝版[挤眼]内置sim卡芯片，不再错过任何来电[喵喵] 上海·复地中环天地 ​,Apple Watch series #NUM#mm蜂窝版 EMO_挤眼 内置sim卡芯片 不再错过任何来电 EMO_喵喵 上海 复地中环天地  
"#新媒访谈#【你好，eSIM】3月7日,中国联通正式宣布在全国6座城市率先启动“eSIM一号双终端”业务的办理，用户通过iPhone自助开通Apple Watch Series 3手表通信服务，即可独立接入移动蜂窝网络，体验一号双终端服务。可是什么是eSIM，它跟SIM的区别是什么呢？今天请到联通研究院两位专家来跟大伙儿聊一聊eSIM。http://t.cn/RnfsxVO", 你好 eSIM #NUM#月#NUM#日 中国联通正式宣布在全国#NUM#座城市率先启动“eSIM一号双终端”业务的办理 用户通过iPhone自助开通Apple Watch Series #NUM#手表通信服务 即可独立接入移动蜂窝网络 体验一号双终端服务。可是什么是eSIM 它跟SIM的区别是什么呢 今天请到联通研究院两位专家来跟大伙儿聊一聊eSIM。
史诗级别的全场折扣！Nintendo Switch $246，Bose QC25 $144，Solo3全色系$144，各种游戏机史低！【eBay 电子产品全场8.5折 超级优惠活动】http://t.cn/RnMMhgZApple Watch Series 3低至$279.65！Cellular版38mm只要$324.99，42mm版只要$354.99！Xbox One X主机+额外一只手柄，只要$409.99！最新8代处理器i7-8700K处理器只要$280.49！还有更多神价商品，快戳这里http://t.cn/RnMMhgZ,史诗级别的全场折扣 Nintendo Switch  #NUM# Bose QC#NUM#  #NUM# Solo#NUM#全色系 #NUM# 各种游戏机史低  eBay 电子产品全场#NUM# #NUM#折 超级优惠活动  Watch Series #NUM#低至 #NUM# #NUM# Cellular版#NUM#mm只要 #NUM# #NUM# #NUM#mm版只要 #NUM# #NUM# Xbox One X主机 额外一只手柄 只要 #NUM# #NUM# 最新#NUM#代处理器i#NUM#-#NUM#K处理器只要 #NUM# #NUM# 还有更多神价商品 快戳这里
#eSIM一卡双终端#点这里☛一招教你开通Apple Watch Series 3独立通话功能！http://t.cn/RnG6MhN​,点这里 一招教你开通Apple Watch Series #NUM#独立通话功能 
"【你好，eSIM】3月7日,中国联通正式宣布在全国6座城市率先启动“eSIM一号双终端”业务的办理，用户通过iPhone自助开通Apple Watch Series 3手表通信服务，即可独立接入移动蜂窝网络，体验一号双终端服务。 ​", 你好 eSIM #NUM#月#NUM#日 中国联通正式宣布在全国#NUM#座城市率先启动“eSIM一号双终端”业务的办理 用户通过iPhone自助开通Apple Watch Series #NUM#手表通信服务 即可独立接入移动蜂窝网络 体验一号双终端服务。  
想问问北京联通什么时候开通Apple Watch Series 3蜂窝数据服务？虽然我知道没啥鸟用，但我这块表买了大半年了，至今还没用上Series3最大的卖点功能，心情不是很好。 ​,想问问北京联通什么时候开通Apple Watch Series #NUM#蜂窝数据服务 虽然我知道没啥鸟用 但我这块表买了大半年了 至今还没用上Series#NUM#最大的卖点功能 心情不是很好。  
 知名AppleWatch软件 Pedometer++ 开发商分享了AppleWatch使用资料：目前最流行的AppleWatch机型是Series3（其中 LTE 版约50%），42/38mm 对比约60:40。O ​​​​,  知名AppleWatch软件 Pedometer   开发商分享了AppleWatch使用资料 目前最流行的AppleWatch机型是Series#NUM# 其中 LTE 版约#NUM#   #NUM# #NUM#mm 对比约#NUM# #NUM#。O    
【部分国产手机无需SIM，通过APP就可享受全球网络-腾讯网】 IT时报记者 ?吴雨欣 2018年3月7日，中国联通宣布正式在全国6座城市率先启动“eSIM一号双终端”业务的办理，苹果Apple Watch Series 3(GPS + 蜂窝网络)成为首款支持该业务的终端产品，可独立接入运...http://t.cn/Rn5FRQ8​, 部分国产手机无需SIM 通过APP就可享受全球网络-腾讯网  IT时报记者  吴雨欣 #NUM#年#NUM#月#NUM#日 中国联通宣布正式在全国#NUM#座城市率先启动“eSIM一号双终端”业务的办理 苹果Apple Watch Series #NUM# GPS   蜂窝网络 成为首款支持该业务的终端产品 可独立接入运。
Apple Watch Series 3智能手表（GPS 蜂窝网络款38毫米 深空黑米兰尼斯表带 MR222CH/A） 5699元http://t.cn/RntWrOa​,Apple Watch Series #NUM#智能手表 GPS 蜂窝网络款#NUM#毫米 深空黑米兰尼斯表带 MR#NUM#CH A  #NUM#元
#沃·活动#一号双终端，唯沃先行。联通率先开通Apple Watch Series 3eSIM移动蜂窝网络功能。详情点击：http://t.cn/REu5Vx1​,一号双终端 唯沃先行。联通率先开通Apple Watch Series #NUM#eSIM移动蜂窝网络功能。详情点击 
中国电信 CHA 2018年3月7日，中国联通宣布正式在全国6座城市率先启动“eSIM一号双终端”业务的办理，苹果Apple Watch Series 3(GPS + 蜂窝网络)成为首款支持该业务的终端产品，可独立接入运营商移动蜂窝网络，支持电话、接收信息等通信功能。AppleWatch“扔”掉了SIM卡 eSIM国内首次商用 ​,中国电信 CHA #NUM#年#NUM#月#NUM#日 中国联通宣布正式在全国#NUM#座城市率先启动“eSIM一号双终端”业务的办理 苹果Apple Watch Series #NUM# GPS   蜂窝网络 成为首款支持该业务的终端产品 可独立接入运营商移动蜂窝网络 支持电话、接收信息等通信功能。AppleWatch“扔”掉了SIM卡 eSIM国内首次商用  
AppleWatchseries3在哪里，在哪里见过你。[白眼][笑而不语] ​,AppleWatchseries#NUM#在哪里 在哪里见过你。 EMO_白眼 EMO_笑而不语  
刚才去Apple官网看了一下，留意到有这样的表述「最新款…AppleWatch…」，支持最新款 iPhone 和 AirPods，我倒是能明白，如果说要支持最新款的AppleWatch，那岂不是只能Apple Watch Series 3才可以？那我的Series2 岂不是很尴尬[吃瓜] ​,刚才去Apple官网看了一下 留意到有这样的表述 最新款。AppleWatch。  支持最新款 iPhone 和 AirPods 我倒是能明白 如果说要支持最新款的AppleWatch 那岂不是只能Apple Watch Series #NUM#才可以 那我的Series#NUM# 岂不是很尴尬 EMO_吃瓜  
Apple Watch Series 3智能手表（GPS+蜂窝网络款38毫米 深空黑米兰尼斯表带 MR222CH/A） 5699元。某东明日0点秒杀，售价5699元，近期低价。【京东商城】http://t.cn/RnGYSek​,Apple Watch Series #NUM#智能手表 GPS 蜂窝网络款#NUM#毫米 深空黑米兰尼斯表带 MR#NUM#CH A  #NUM#元。某东明日#NUM#点秒杀 售价#NUM#元 近期低价。 京东商城 
Apple Watch Series 3现可追踪滑雪和单板滑雪健身活动http://t.cn/REay9og​,Apple Watch Series #NUM#现可追踪滑雪和单板滑雪健身活动
#eSIM一卡双终端#速来围观！一招教你开通Apple Watch Series 3独立通话功能！[耶]http://t.cn/RnG6MhN​,速来围观 一招教你开通Apple Watch Series #NUM#独立通话功能  EMO_耶
315这天发现被淘宝闲鱼上的骗子诈骗了！没想到315这天发生这么巧的事情，价值2500元的苹果手表就这样被一个长期活跃于淘宝闲鱼平台上的实名骗子诈骗没了。事情是这样的：我微博幸运中奖了一台全新的苹果手表Apple Watch Series 3，由于自己是安卓用户用不上，于是想放在闲鱼上 ​​​​,#NUM#这天发现被淘宝闲鱼上的骗子诈骗了 没想到#NUM#这天发生这么巧的事情 价值#NUM#元的苹果手表就这样被一个长期活跃于淘宝闲鱼平台上的实名骗子诈骗没了。事情是这样的 我微博幸运中奖了一台全新的苹果手表Apple Watch Series #NUM# 由于自己是安卓用户用不上 于是想放在闲鱼上    
3286元 16点开始：苹果（Apple）WatchSeries3智能手表 42毫米 （GPS 蜂窝网络 运动型表带 ） 黑色http://t.cn/RnLfxkE​,#NUM#元 #NUM#点开始 苹果 Apple WatchSeries#NUM#智能手表 #NUM#毫米  GPS 蜂窝网络 运动型表带   黑色
AppleWatch和 AirPods 为首的可穿戴设备在2017年创造的新的销售记录，那么在支持了更快的芯片还有更方便的 LET 网络之后，Apple Watch Series 3的表现如何呢？今天开发人员 David Smith 放出了一组数据，可以看到Apple Watch Series 3在发布之后，上升势头十分迅猛。 ​,AppleWatch和 AirPods 为首的可穿戴设备在#NUM#年创造的新的销售记录 那么在支持了更快的芯片还有更方便的 LET 网络之后 Apple Watch Series #NUM#的表现如何呢 今天开发人员 David Smith 放出了一组数据 可以看到Apple Watch Series #NUM#在发布之后 上升势头十分迅猛。  
#江苏传天羽·Apple Watch#第一代产品“退场” Apple Watch 3份额大涨发布三年之后，第一代Apple Watch已经快被淘汰了。Apple Watch 和 AirPods 为首的可穿戴设备在2017年创造的新的销售记录，那么在支持更快的芯片还有更方便的 LTE 网络后， Apple Watch Series 3 表现如何呢？今天开发人员 David Smith 放出一组数据，可以看到 Apple Watch Series 3 在发布后，上升势头十分迅猛。David Smith 是 Pedometer++ 的应用开发者，这一应用也是美国市场最受欢迎的计步器 App 之一。在去年 Apple Watch Series 3 上市后，他一直通过后台来追踪新型号产品的使用情况。截至目前，Apple Watch Series 3 已经成为最受欢迎的产品，占据了33%的份额，超越其他三款旧产品。Smith 还指出，第一代 Apple Watch 的使用量一直在稳定下降，这意味着第一代产品有不少升级到 Apple Watch Series 3。同时他也认为 Series 3 是第一款能够完全满足日常使用的 Apple Watch，因为它足够快而且方便。不管是打开应用、切换表盘、使用 Siri 还是追踪锻炼都毫无压力，切换到 LTE 网络时更是让我们能够完全独立于 iPhone 使用。作为一个开发人员，Smith 还希望苹果停止对第一代产品适配 watchOS 5 ，因为适配第一代产品实在让他感到厌烦，并不值得花时间。并且放弃一代产品也不会对用户造成困扰，因为现在这款产品的份额一直在下降，现在只有不到25%的用户在使用这款产品。这些仍在使用AppleWatchSeries0 的用户，也不是因为它的体验有多好，现在他们要么在等待Series4 ，要么已经准备放弃AppleWatch这款产品了。, 江苏传天羽 Apple Watch 第一代产品“退场” Apple Watch #NUM#份额大涨发布三年之后 第一代Apple Watch已经快被淘汰了。Apple Watch 和 AirPods 为首的可穿戴设备在#NUM#年创造的新的销售记录 那么在支持更快的芯片还有更方便的 LTE 网络后  Apple Watch Series #NUM# 表现如何呢 今天开发人员 David Smith 放出一组数据 可以看到 Apple Watch Series #NUM# 在发布后 上升势头十分迅猛。David Smith 是 Pedometer   的应用开发者 这一应用也是美国市场最受欢迎的计步器 App 之一。在去年 Apple Watch Series #NUM# 上市后 他一直通过后台来追踪新型号产品的使用情况。截至目前 Apple Watch Series #NUM# 已经成为最受欢迎的产品 占据了#NUM# 的份额 超越其他三款旧产品。Smith 还指出 第一代 Apple Watch 的使用量一直在稳定下降 这意味着第一代产品有不少升级到 Apple Watch Series #NUM#。同时他也认为 Series #NUM# 是第一款能够完全满足日常使用的 Apple Watch 因为它足够快而且方便。不管是打开应用、切换表盘、使用 Siri 还是追踪锻炼都毫无压力 切换到 LTE 网络时更是让我们能够完全独立于 iPhone 使用。作为一个开发人员 Smith 还希望苹果停止对第一代产品适配 watchOS #NUM#  因为适配第一代产品实在让他感到厌烦 并不值得花时间。并且放弃一代产品也不会对用户造成困扰 因为现在这款产品的份额一直在下降 现在只有不到#NUM# 的用户在使用这款产品。这些仍在使用AppleWatchSeries#NUM# 的用户 也不是因为它的体验有多好 现在他们要么在等待Series#NUM#  要么已经准备放弃AppleWatch这款产品了。
"#沃攻略#【Apple Watch Series 3联通通信服务线上开通指南】eSIM一号双终端来了，能够独立打电话的苹果第三代智能手表Apple Watch Series 3(GPS + 蜂窝网络)成为首款支持该业务的终端产品。购买了此款手表的你怎么开通手表通信服务,请看开通指南。 ​", Apple Watch Series #NUM#联通通信服务线上开通指南 eSIM一号双终端来了 能够独立打电话的苹果第三代智能手表Apple Watch Series #NUM# GPS   蜂窝网络 成为首款支持该业务的终端产品。购买了此款手表的你怎么开通手表通信服务 请看开通指南。  
#eSIM一卡双终端#Apple Watch Series 3可以独立打电话了！开通指南看这里[来]http://t.cn/Rn2ccYI​,Apple Watch Series #NUM#可以独立打电话了 开通指南看这里 EMO_来
AppleWatchSeries3[并不简单]这个有没有人用过？怎么样[二哈]准备买一个皮一下[二哈][二哈][二哈] ​,AppleWatchSeries#NUM# EMO_并不简单 这个有没有人用过 怎么样 EMO_二哈 准备买一个皮一下 EMO_二哈 EMO_二哈 EMO_二哈  
《Apple Watch Series 3评测：它能做哪些事？_手机网易网》去年评测AppleWatchSeries2的时候，我提了这样一个问题：AppleWatch有了…http://t.cn/RnA2MwH​, Apple Watch Series #NUM#评测 它能做哪些事 _手机网易网 去年评测AppleWatchSeries#NUM#的时候 我提了这样一个问题 AppleWatch有了。
上周的时候，中国联通重新恢复了针对Apple Watch Series 3的eSIM（一号双终端）业务　来自@IT之家，详细点击 苹果AppleWatch3蜂窝网络功能有这些疑惑？一一为你解开 ​,上周的时候 中国联通重新恢复了针对Apple Watch Series #NUM#的eSIM 一号双终端 业务 来自  详细点击 苹果AppleWatch#NUM#蜂窝网络功能有这些疑惑 一一为你解开  
【苹果AppleWatch3蜂窝网络功能有这些疑惑？一一为你解开】上周的时候，中国联通重新恢复了针对Apple Watch Series 3的eSIM（一号双终端）业务……详情点击：苹果AppleWatch3蜂窝网络功能有这些疑惑？一一为你解开 ​, 苹果AppleWatch#NUM#蜂窝网络功能有这些疑惑 一一为你解开 上周的时候 中国联通重新恢复了针对Apple Watch Series #NUM#的eSIM 一号双终端 业务。详情点击 苹果AppleWatch#NUM#蜂窝网络功能有这些疑惑 一一为你解开  
今天拍了两款新机的开箱视频，只是开箱而已，不过都要等到下周才能发布。周末再详细体验Apple Watch Series 3蜂窝数据版吧。 ​,今天拍了两款新机的开箱视频 只是开箱而已 不过都要等到下周才能发布。周末再详细体验Apple Watch Series #NUM#蜂窝数据版吧。  
秒杀！Apple Watch Series 3GPS 蜂窝网络款智能手表 京东自营 9.4折 ￥2988。http://t.cn/RnwCDUp​,秒杀 Apple Watch Series #NUM#GPS 蜂窝网络款智能手表 京东自营 #NUM# #NUM#折  #NUM#。
国外有开发者通过其开发的APP记录AppleWatch设备情况，据其统计Apple Watch Series 3自从去年发布以来份额持续上升，目前已经是占比最高的AppleWatch，与之相对应的AppleWatchSeries2 和AppleWatch第一代份额下降了。 ​​​​,国外有开发者通过其开发的APP记录AppleWatch设备情况 据其统计Apple Watch Series #NUM#自从去年发布以来份额持续上升 目前已经是占比最高的AppleWatch 与之相对应的AppleWatchSeries#NUM# 和AppleWatch第一代份额下降了。    
#小胖说数码#国外有开发者通过其开发的APP记录AppleWatch设备情况，据其统计Apple Watch Series 3自从去年发布以来份额持续上升，目前已经是占比最高的AppleWatch，与之相对应的AppleWatchSeries2 和AppleWatch第一代份额下降了。 ​​​[摊手][摊手][摊手] ​,国外有开发者通过其开发的APP记录AppleWatch设备情况 据其统计Apple Watch Series #NUM#自从去年发布以来份额持续上升 目前已经是占比最高的AppleWatch 与之相对应的AppleWatchSeries#NUM# 和AppleWatch第一代份额下降了。     EMO_摊手 EMO_摊手 EMO_摊手  
【别了，SIM卡！刚刚，中国联通重磅宣布！】据广州联通透露，联通今天（3月7日）在上海、天津、广州、深圳、郑州和长沙6城市率先启动Apple Watch Series 3的eSIM(一号双终端)业务别了，SIM卡！刚刚，中国联通重磅宣布！ ​, 别了 SIM卡 刚刚 中国联通重磅宣布  据广州联通透露 联通今天 #NUM#月#NUM#日 在上海、天津、广州、深圳、郑州和长沙#NUM#城市率先启动Apple Watch Series #NUM#的eSIM 一号双终端 业务别了 SIM卡 刚刚 中国联通重磅宣布   
【eSIM要革谁的命？】3月7日，中国联通正式宣布在国内首发Apple Watch Series 3的eSIM和LTE功能，并在上海、天津、广州、深圳、郑州、长沙等6座城市，启动“eSIM一号双终端”eSIM要革谁的命？ ​, eSIM要革谁的命  #NUM#月#NUM#日 中国联通正式宣布在国内首发Apple Watch Series #NUM#的eSIM和LTE功能 并在上海、天津、广州、深圳、郑州、长沙等#NUM#座城市 启动“eSIM一号双终端”eSIM要革谁的命   
#Apple Watch Series 3#•芯片升级，siri会说话了•虚拟SIM卡•watchOS4 引导健身功能变化 ​, Apple Watch Series #NUM#  芯片升级 siri会说话了 虚拟SIM卡 watchOS#NUM# 引导健身功能变化  
AppleWatch应用 Pedometer++ 的开发者根据自己 app 的使用情况展示了不同型号AppleWatch的用户数量变化图。从最开始的初代AppleWatch到最新的Series3目前一共有四款AppleWatch，初代AppleWatch被称为Series0。图表中可以看出Series3的上升速度非常快，已经超过了Series2 成为这款 app 用户数量最多的设备。非常有趣的是在 17 年 12 月末Series3的用户数有一次大幅提升，伴随着Series2 和Series0 的大幅下跌，看来Apple Watch Series 3是圣诞节非常受欢迎的礼物了。你们现在戴着哪款AppleWatch呢？[doge],AppleWatch应用 Pedometer   的开发者根据自己 app 的使用情况展示了不同型号AppleWatch的用户数量变化图。从最开始的初代AppleWatch到最新的Series#NUM#目前一共有四款AppleWatch 初代AppleWatch被称为Series#NUM#。图表中可以看出Series#NUM#的上升速度非常快 已经超过了Series#NUM# 成为这款 app 用户数量最多的设备。非常有趣的是在 #NUM# 年 #NUM# 月末Series#NUM#的用户数有一次大幅提升 伴随着Series#NUM# 和Series#NUM# 的大幅下跌 看来Apple Watch Series #NUM#是圣诞节非常受欢迎的礼物了。你们现在戴着哪款AppleWatch呢  EMO_doge
随着第一代AppleWatch的使用率下降，Apple Watch Series 3的采用也在快速增长。#美剧迷玩数码#​,随着第一代AppleWatch的使用率下降 Apple Watch Series #NUM#的采用也在快速增长。  
Apple Watch Series 3-Apple(中国)这yay爱阿姨V有 v 呀owusau goth?04http://t.cn/RpNfiPO​,Apple Watch Series #NUM#-Apple 中国 这yay爱阿姨V有 v 呀owusau goth #NUM#
[吃瓜]入了一个Apple Watch Series 3灰色玩一个月出二手有兴趣的可以预定，42的。价格到时候早说。 ​,EMO_吃瓜 入了一个Apple Watch Series #NUM#灰色玩一个月出二手有兴趣的可以预定 #NUM#的。价格到时候早说。  
【欢呼！AppleWatch3终于可以不带iPhone独立打电话了】2018年3月7日，中国联通宣布正式在全国6座城市率先启动“eSIM一号双终端”业务的办理。上海、天津、广州、深圳、郑州、长沙6座城市的用户可直接到营业厅办理该业务。与此同时，苹果Apple Watch Series 3(GPS + 蜂窝网络)成为首款支持该业务的终端产品，可独立接入运营商移动蜂窝网络，支持电话、接收信息等通信功能。开通eSIM教程请看配图！, 欢呼 AppleWatch#NUM#终于可以不带iPhone独立打电话了 #NUM#年#NUM#月#NUM#日 中国联通宣布正式在全国#NUM#座城市率先启动“eSIM一号双终端”业务的办理。上海、天津、广州、深圳、郑州、长沙#NUM#座城市的用户可直接到营业厅办理该业务。与此同时 苹果Apple Watch Series #NUM# GPS   蜂窝网络 成为首款支持该业务的终端产品 可独立接入运营商移动蜂窝网络 支持电话、接收信息等通信功能。开通eSIM教程请看配图 
这个胖子要减肥了在此做个记录目标70g 加油[鼓掌]减到70g奖励自己一块Apple Watch Series 3没有什么事是想做做不到的忘记所有，从新开始[太开心] ​,这个胖子要减肥了在此做个记录目标#NUM#g 加油 EMO_鼓掌 减到#NUM#g奖励自己一块Apple Watch Series #NUM#没有什么事是想做做不到的忘记所有 从新开始 EMO_太开心  
如果你还在为如何变得更时尚而苦恼，那么不妨和我一起来看看这几款单品，让你秒变潮人，走在时尚前端。@尤物一姐#尤物热聊中#尤物志 秒变时尚潮人，驾驭今年流行色有它们就够！ ​,如果你还在为如何变得更时尚而苦恼 那么不妨和我一起来看看这几款单品 让你秒变潮人 走在时尚前端。 尤物志 秒变时尚潮人 驾驭今年流行色有它们就够   
un！This is a beautifulApple Watch Series 3.连顺丰速运包装的盒子都这么漂亮 更别说Apple Watch Series 3.盒子就更漂亮了.今晚徐家汇跑起来 上海·衡山路 ​,un This is a beautifulApple Watch Series #NUM# 连顺丰速运包装的盒子都这么漂亮 更别说Apple Watch Series #NUM# 盒子就更漂亮了 今晚徐家汇跑起来 上海 衡山路  
Apple Watch Series 3评测：不带手机出门的一小时，它能做哪些事？Apple Watch Series 3评测：不带手机出门的一小时，它能做哪些事？ ​,Apple Watch Series #NUM#评测 不带手机出门的一小时 它能做哪些事 Apple Watch Series #NUM#评测 不带手机出门的一小时 它能做哪些事   
苹果手表第三代产品Apple Watch Series 3(GPS +蜂窝网络)为首款支持中国联通“eSIM一号双终端”业务的终端产品，用户只需通过iPhone自助开通中国联通这项业务，即可独立接入运营商移动蜂窝网络，支持电话、接收信息等通信功能。#每日图集#​,苹果手表第三代产品Apple Watch Series #NUM# GPS  蜂窝网络 为首款支持中国联通“eSIM一号双终端”业务的终端产品 用户只需通过iPhone自助开通中国联通这项业务 即可独立接入运营商移动蜂窝网络 支持电话、接收信息等通信功能。  
【一图看懂苹果AppleWatch3如何开通联通eSIM卡】苹果手表第三代产品Apple Watch Series 3 (GPS +蜂窝网络)为首款支持中国联通“eSIM一号双终端”业务的终端产品，用户只需通过iPhone自助开通中国联通这项业务，即可独立接入运营商移动蜂窝网络，支持电话、接收信息等通信功能。#每日图集#​, 一图看懂苹果AppleWatch#NUM#如何开通联通eSIM卡 苹果手表第三代产品Apple Watch Series #NUM#  GPS  蜂窝网络 为首款支持中国联通“eSIM一号双终端”业务的终端产品 用户只需通过iPhone自助开通中国联通这项业务 即可独立接入运营商移动蜂窝网络 支持电话、接收信息等通信功能。  
3月 7 日，中国联通宣布正式在全国 6 座城市率先启动“eSIM 一号双终端”业务的办理。苹果Apple Watch Series 3(GPS + 蜂窝网络)成为首款支持该业务的终端产品，可独立接入运营商移动蜂窝网络，支持电话、接收信息等通信功能。购买了此款手表的你怎么开通手表通信服务？http://t.cn/Rn7TQj4​,#NUM#月 #NUM# 日 中国联通宣布正式在全国 #NUM# 座城市率先启动“eSIM 一号双终端”业务的办理。苹果Apple Watch Series #NUM# GPS   蜂窝网络 成为首款支持该业务的终端产品 可独立接入运营商移动蜂窝网络 支持电话、接收信息等通信功能。购买了此款手表的你怎么开通手表通信服务 
【一图看懂苹果AppleWatch3如何开通联通eSIM卡】苹果Apple Watch Series 3为首款支持中国联通“eSIM一号双终端”业务的终端产品。用户只需通过iPhone自助开通中国联通这项业务，即可独立接入运营商移动蜂窝网络。中国联通官方整理出了一份开通指南……详情点击：一图看懂苹果AppleWatch3如何开通联通eSIM卡 ​, 一图看懂苹果AppleWatch#NUM#如何开通联通eSIM卡 苹果Apple Watch Series #NUM#为首款支持中国联通“eSIM一号双终端”业务的终端产品。用户只需通过iPhone自助开通中国联通这项业务 即可独立接入运营商移动蜂窝网络。中国联通官方整理出了一份开通指南。详情点击 一图看懂苹果AppleWatch#NUM#如何开通联通eSIM卡  
中国联通表示，将加快新技术引入，推动网络智能化升级。2018年进行5G规模试验，2019年预商用，2020年正式商用。当日，中国联通在北京召开政企客户新产品发布会，会上披露了该时间进度。在此之前，中国联通已经向工信部递交申请，计划在北京、天津、上海、深圳、杭州、南京、雄安7城市进行5G试验。 ​,中国联通表示 将加快新技术引入 推动网络智能化升级。#NUM#年进行#NUM#G规模试验 #NUM#年预商用 #NUM#年正式商用。当日 中国联通在北京召开政企客户新产品发布会 会上披露了该时间进度。在此之前 中国联通已经向工信部递交申请 计划在北京、天津、上海、深圳、杭州、南京、雄安#NUM#城市进行#NUM#G试验。  
applewatchseries3等北京能用了，我也…… ​,applewatchseries#NUM#等北京能用了 我也。  
别了，SIM卡！今后你的手机将变这样http://t.cn/REskqIa据广州联通透露，联通3月7日在上海、天津、广州、深圳、郑州和长沙6城市率先启动Apple Watch Series 3的eSIM一号双终端业务。6城市的用户办理业务后可支持在全国漫游使用，且无新增漫游费用。 ​,别了 SIM卡 今后你的手机将变这样 Watch Series #NUM#的eSIM一号双终端业务。#NUM#城市的用户办理业务后可支持在全国漫游使用 且无新增漫游费用。  
你有没有想过　SIM卡有一天会变“没有”？　　中国联通重磅宣布！据广州联通透露，联通3月7日在上海、天津、广州、深圳、郑州和长沙6城市率先启动Apple Watch Series 3的eSIM一号双终端业务。6城市的用户办理业务后可支持在全国漫游使用，且无新增漫游费用。 ​,你有没有想过 SIM卡有一天会变“没有”  中国联通重磅宣布 据广州联通透露 联通#NUM#月#NUM#日在上海、天津、广州、深圳、郑州和长沙#NUM#城市率先启动Apple Watch Series #NUM#的eSIM一号双终端业务。#NUM#城市的用户办理业务后可支持在全国漫游使用 且无新增漫游费用。  
￼￼#全新秒价#Apple Watch Series 3智能手表（GPS+蜂窝网络款 42毫米 深空灰色铝金属表壳 黑色运动型表带 ）价格3088 ​,   Apple Watch Series #NUM#智能手表 GPS 蜂窝网络款 #NUM#毫米 深空灰色铝金属表壳 黑色运动型表带  价格#NUM#  
每件仅需2989.18元，2人成团，立减98.82元/件。【京东拼购】购品质，省更多。Apple Watch Series 3智能手表（GPS+蜂窝网络款38毫米 深空灰色铝金属表壳 黑色运动型表带...@京东http://t.cn/REFMHlS​,每件仅需#NUM# #NUM#元 #NUM#人成团 立减#NUM# #NUM#元 件。 京东拼购 购品质 省更多。Apple Watch Series #NUM#智能手表 GPS 蜂窝网络款#NUM#毫米 深空灰色铝金属表壳 黑色运动型表带。
#沃·分享#Apple Watch Series 3之所以不可或缺，根本原因就在这一点：它能独立使用蜂窝网络。这就像是给AppleWatch配了张手机卡，所以不用带手机，也能打电话、听在线音乐、用社交 app 什么的~时刻保持联络。这个功能就像是你攒在银行里的存款，不是分分秒秒都要用，但用的时候， 你得有！[good] ​,Apple Watch Series #NUM#之所以不可或缺 根本原因就在这一点 它能独立使用蜂窝网络。这就像是给AppleWatch配了张手机卡 所以不用带手机 也能打电话、听在线音乐、用社交 app 什么的 时刻保持联络。这个功能就像是你攒在银行里的存款 不是分分秒秒都要用 但用的时候  你得有  EMO_good  
 蓝鸟上正在流行一项调查：你们认为苹果过去几年推出的最好的产品分别是哪五个？我的答案是：1. iPhone X2. AirPods3. HomePod4. MacBook5.Apple Watch SERIES 3​,  蓝鸟上正在流行一项调查 你们认为苹果过去几年推出的最好的产品分别是哪五个 我的答案是 #NUM#  iPhone X#NUM#  AirPods#NUM#  HomePod#NUM#  MacBook#NUM# Apple Watch SERIES #NUM# 
【别了，SIM卡！今后你的手机将变成这样！】中国联通重磅宣布！据广州联通透露，联通今天（3月7日）在长沙、上海、天津、广州、深圳、郑州6城市率先启动Apple Watch Series 3的eSIM(一号双终端)业务。别了，SIM卡！今后你的手机将变成这样！ ​, 别了 SIM卡 今后你的手机将变成这样  中国联通重磅宣布 据广州联通透露 联通今天 #NUM#月#NUM#日 在长沙、上海、天津、广州、深圳、郑州#NUM#城市率先启动Apple Watch Series #NUM#的eSIM 一号双终端 业务。别了 SIM卡 今后你的手机将变成这样   
我觉得过去几年Apple推出的最棒的5个产品是1. Apple Watch Series 32. AirPods3. HomePod4. iPhone X5. iMac Pro ​,我觉得过去几年Apple推出的最棒的#NUM#个产品是#NUM#  Apple Watch Series #NUM#  AirPods#NUM#  HomePod#NUM#  iPhone X#NUM#  iMac Pro  
#aron&apple#AppleWatchEditionSeries3​,AppleWatchEditionSeries#NUM# 
你们认为苹果过去几年推出的最好的产品分别是哪五个？我自己的答案是：1、iPhone X2、iPad Pro 10.5 + iOS 11 + Smart Keyboard3、AirPods4、MacBook 125、Apple Watch Series 3​,你们认为苹果过去几年推出的最好的产品分别是哪五个 我自己的答案是 #NUM#、iPhone X#NUM#、iPad Pro #NUM# #NUM#   iOS #NUM#   Smart Keyboard#NUM#、AirPods#NUM#、MacBook #NUM#、Apple Watch Series #NUM# 
【未来将无卡！重温SIM卡的前世今生】3月7日，中国联通宣布：将在上海、天津、广州、深圳、郑州、长沙6城率先启动“eSIM一号双终端”业务！这也预示着中国用户可以使用苹果Apple Watch Series 3接打电话。未来的通讯世界，终将进入“无卡时代”！未来将无卡！重温SIM卡的前世今生 ​, 未来将无卡 重温SIM卡的前世今生 #NUM#月#NUM#日 中国联通宣布 将在上海、天津、广州、深圳、郑州、长沙#NUM#城率先启动“eSIM一号双终端”业务 这也预示着中国用户可以使用苹果Apple Watch Series #NUM#接打电话。未来的通讯世界 终将进入“无卡时代” 未来将无卡 重温SIM卡的前世今生  
【别了，SIM卡！刚刚，中国联通重磅宣布！[并不简单]】你有没有想过SIM卡有一天会变“没有”？据广州联通透露，联通今天（3月7日）在上海、天津、广州、深圳、郑州和长沙6城市率先启动Apple Watch Series 3的eSIM(一号双终端)业务。[吃瓜]eSIM卡又称嵌入式SIM卡，用户无需像现在一样插入物理SIM卡。目前，苹果，三星、华为等科技巨头已经在为eSIM研发相应的智能产品。在全球范围内，eSIM卡的市场渗透率在2022年将达到50%。[太开心]再过几年，可能真要跟SIM卡说再见了！（via：中国经济网）#连云港身边事#, 别了 SIM卡 刚刚 中国联通重磅宣布  EMO_并不简单  你有没有想过SIM卡有一天会变“没有” 据广州联通透露 联通今天 #NUM#月#NUM#日 在上海、天津、广州、深圳、郑州和长沙#NUM#城市率先启动Apple Watch Series #NUM#的eSIM 一号双终端 业务。 EMO_吃瓜 eSIM卡又称嵌入式SIM卡 用户无需像现在一样插入物理SIM卡。目前 苹果 三星、华为等科技巨头已经在为eSIM研发相应的智能产品。在全球范围内 eSIM卡的市场渗透率在#NUM#年将达到#NUM# 。 EMO_太开心 再过几年 可能真要跟SIM卡说再见了  via 中国经济网 
苹果手表。AppleWatchseries338mm粉色表带，3月8号激活。成色全新。 江阴·青果路 江阴顾凯磊的秒拍视频 ​,苹果手表。AppleWatchseries#NUM#mm粉色表带 #NUM#月#NUM#号激活。成色全新。 江阴 青果路 江阴顾凯磊的秒拍视频  
苹果手表。AppleWatchseries338mm粉色表带，3月8号激活。成色全新。 江阴·青果路 ​,苹果手表。AppleWatchseries#NUM#mm粉色表带 #NUM#月#NUM#号激活。成色全新。 江阴 青果路  
#郑州生活#【别了，SIM卡！刚刚，中国联通重磅宣布！[并不简单]】你有没有想过SIM卡有一天会变“没有”？据广州联通透露，联通今天（3月7日）在上海、天津、广州、深圳、郑州和长沙6城市率先启动Apple Watch Series 3的eSIM(一号双终端)业务。[吃瓜]eSIM卡又称嵌入式SIM卡，用户无需像现在一样插入物理SIM卡。目前，苹果，三星、华为等科技巨头已经在为eSIM研发相应的智能产品。在全球范围内，eSIM卡的市场渗透率在2022年将达到50%。[太开心]再过几年，可能真要跟SIM卡说再见了！（中国经济网、新浪河南）, 别了 SIM卡 刚刚 中国联通重磅宣布  EMO_并不简单  你有没有想过SIM卡有一天会变“没有” 据广州联通透露 联通今天 #NUM#月#NUM#日 在上海、天津、广州、深圳、郑州和长沙#NUM#城市率先启动Apple Watch Series #NUM#的eSIM 一号双终端 业务。 EMO_吃瓜 eSIM卡又称嵌入式SIM卡 用户无需像现在一样插入物理SIM卡。目前 苹果 三星、华为等科技巨头已经在为eSIM研发相应的智能产品。在全球范围内 eSIM卡的市场渗透率在#NUM#年将达到#NUM# 。 EMO_太开心 再过几年 可能真要跟SIM卡说再见了  中国经济网、新浪河南 
据广州联通透露，联通3月7日在上海、天津、广州、深圳、郑州和长沙6城市率先启动Apple Watch Series 3的eSIM一号双终端业务。6城市的用户办理业务后可支持在全国漫游使用，且无新增漫游费用。 别了，SIM卡！刚刚，中国联通宣布今后你的手机将变成这样！ ​,据广州联通透露 联通#NUM#月#NUM#日在上海、天津、广州、深圳、郑州和长沙#NUM#城市率先启动Apple Watch Series #NUM#的eSIM一号双终端业务。#NUM#城市的用户办理业务后可支持在全国漫游使用 且无新增漫游费用。 别了 SIM卡 刚刚 中国联通宣布今后你的手机将变成这样   
#别了！SIM卡！#每个人的手机里都躺着一张SIM卡，这些年来，它一直在变小。你有没有想过，SIM卡有一天会变“没有”？据广州联通透露，3月7日在上海、天津、广州、深圳、郑州和长沙6城市率先启动Apple Watch Series 3的eSIM(一号双终端)业务。简单的说就是将传统SIM卡直接嵌入到设备芯片上，而不是作为独立的可移除零部件加入设备中，用户无需像现在一样插入物理SIM卡。eSIM的出现意味着，只能使用手机进行上网、语音通话的时代即将终结，用户可实现不换号自由切换运营商的便捷性也将指日可待。eSIM技术必将取代SIM卡只是时间问题！（图文via网络）,每个人的手机里都躺着一张SIM卡 这些年来 它一直在变小。你有没有想过 SIM卡有一天会变“没有” 据广州联通透露 #NUM#月#NUM#日在上海、天津、广州、深圳、郑州和长沙#NUM#城市率先启动Apple Watch Series #NUM#的eSIM 一号双终端 业务。简单的说就是将传统SIM卡直接嵌入到设备芯片上 而不是作为独立的可移除零部件加入设备中 用户无需像现在一样插入物理SIM卡。eSIM的出现意味着 只能使用手机进行上网、语音通话的时代即将终结 用户可实现不换号自由切换运营商的便捷性也将指日可待。eSIM技术必将取代SIM卡只是时间问题  图文via网络 
【别了，SIM卡！刚刚，中国联通重磅宣布！】据广州联通透露，联通近日在上海、天津、广州、深圳、郑州和长沙6城市率先启动Apple Watch Series 3的eSIM一号双终端业务。6城市的用户办理业务后可支持在全国漫游使用，且无新增漫游费用。 ​, 别了 SIM卡 刚刚 中国联通重磅宣布  据广州联通透露 联通近日在上海、天津、广州、深圳、郑州和长沙#NUM#城市率先启动Apple Watch Series #NUM#的eSIM一号双终端业务。#NUM#城市的用户办理业务后可支持在全国漫游使用 且无新增漫游费用。  
3月7日，中国联通宣布：将在上海、天津、广州、深圳、郑州、长沙6城率先启动“eSIM一号双终端”业务！这也预示着中国用户可以使用苹果Apple Watch Series 3接打电话。未来的通讯世界，终将进入“无卡时代”！未来将无卡！重温SIM卡的前世今生 ​,#NUM#月#NUM#日 中国联通宣布 将在上海、天津、广州、深圳、郑州、长沙#NUM#城率先启动“eSIM一号双终端”业务 这也预示着中国用户可以使用苹果Apple Watch Series #NUM#接打电话。未来的通讯世界 终将进入“无卡时代” 未来将无卡 重温SIM卡的前世今生  
【别了，SIM卡！刚刚，中国联通重磅宣布！】据广州联通透露，联通3月7日在上海、天津、广州、深圳、郑州和长沙6城市率先启动Apple Watch Series 3的eSIM一号双终端业务。6城市的用户办理业务后可支持在全国漫游使用，且无新增漫游费用。（人民日报） ​, 别了 SIM卡 刚刚 中国联通重磅宣布  据广州联通透露 联通#NUM#月#NUM#日在上海、天津、广州、深圳、郑州和长沙#NUM#城市率先启动Apple Watch Series #NUM#的eSIM一号双终端业务。#NUM#城市的用户办理业务后可支持在全国漫游使用 且无新增漫游费用。 人民日报   
#长沙身边事#【未来将无卡！长沙等6城将率先启动】3月7日，中国联通宣布：将在上海、天津、广州、深圳、郑州、长沙6城率先启动“eSIM一号双终端”业务！这也预示着中国用户可以使用苹果Apple Watch Series 3接打电话。未来的通讯世界，终将进入“无卡时代”！ 未来将无卡！重温SIM卡的前世今生 ​, 未来将无卡 长沙等#NUM#城将率先启动 #NUM#月#NUM#日 中国联通宣布 将在上海、天津、广州、深圳、郑州、长沙#NUM#城率先启动“eSIM一号双终端”业务 这也预示着中国用户可以使用苹果Apple Watch Series #NUM#接打电话。未来的通讯世界 终将进入“无卡时代”  未来将无卡 重温SIM卡的前世今生  
对于Apple Watch Series 3蜂窝数据版的用户来说，这几天最鸡动的事情莫过于中国联通在 6 城率先开启「eSIM 一号双终端」业务的办理。而就在这几天，互联网专家@刘兴亮撰写了一篇名为《SIM 卡的即将倒掉》的文章，他认为 eSIM 卡时代的序幕已经开启。那么，大家又是怎么看呢？ 武汉·首义路街区 ​,对于Apple Watch Series #NUM#蜂窝数据版的用户来说 这几天最鸡动的事情莫过于中国联通在 #NUM# 城率先开启 eSIM 一号双终端 业务的办理。而就在这几天 互联网专家  SIM 卡的即将倒掉 的文章 他认为 eSIM 卡时代的序幕已经开启。那么 大家又是怎么看呢  武汉 首义路街区  
#广式生活#【别了！SIM卡！[并不简单]】你有没有想过SIM卡有一天会变“没有”？广州联通已在广州等6座城市率先启动Apple Watch Series 3的eSIM(一号双终端)业务。[吃瓜]eSIM卡又称嵌入式SIM卡，用户无需像现在一样插入物理SIM卡。目前，苹果，三星、华为等科技巨头已经在为eSIM研发相应的智能产品[太开心], 别了 SIM卡  EMO_并不简单  你有没有想过SIM卡有一天会变“没有” 广州联通已在广州等#NUM#座城市率先启动Apple Watch Series #NUM#的eSIM 一号双终端 业务。 EMO_吃瓜 eSIM卡又称嵌入式SIM卡 用户无需像现在一样插入物理SIM卡。目前 苹果 三星、华为等科技巨头已经在为eSIM研发相应的智能产品 EMO_太开心
对于Apple Watch Series 3蜂窝数据版的用户来说，这几天最鸡动的事情莫过于中国联通在 6 城率先开启「eSIM 一号双终端」业务的办理。而就在这几天，互联网专家@刘兴亮撰写了一篇名为《SIM 卡的即将倒掉》的文章，他认为 eSIM 卡时代的序幕已经开启。那么，大家又是怎么看呢？论 SIM 卡的即将倒掉 ​,对于Apple Watch Series #NUM#蜂窝数据版的用户来说 这几天最鸡动的事情莫过于中国联通在 #NUM# 城率先开启 eSIM 一号双终端 业务的办理。而就在这几天 互联网专家  SIM 卡的即将倒掉 的文章 他认为 eSIM 卡时代的序幕已经开启。那么 大家又是怎么看呢 论 SIM 卡的即将倒掉  
#民生资讯#别了，SIM卡！取代它的是什么？每个人的手机里都躺着一张SIM卡，这些年来它一直在变小，你有没有想过SIM卡有一天会变“没有”？中国联通重磅宣布！据广州联通透露，联通3月7日在上海、天津、广州、深圳、郑州和长沙6城市率先启动Apple Watch Series 3 的eSIM(一号双终端)业务。http://t.cn/RE3Y6RW,别了 SIM卡 取代它的是什么 每个人的手机里都躺着一张SIM卡 这些年来它一直在变小 你有没有想过SIM卡有一天会变“没有” 中国联通重磅宣布 据广州联通透露 联通#NUM#月#NUM#日在上海、天津、广州、深圳、郑州和长沙#NUM#城市率先启动Apple Watch Series #NUM# 的eSIM 一号双终端 业务。
#天津资讯#【未来天津将无卡！重温SIM卡的前世今生】3月7日，中国联通宣布：将在上海、天津、广州、深圳、郑州、长沙6城率先启动“eSIM一号双终端”业务！这也预示着中国用户可以使用苹果Apple Watch Series 3接打电话。未来的通讯世界，终将进入“无卡时代”！未来将无卡！重温SIM卡的前世今生 ​, 未来天津将无卡 重温SIM卡的前世今生 #NUM#月#NUM#日 中国联通宣布 将在上海、天津、广州、深圳、郑州、长沙#NUM#城率先启动“eSIM一号双终端”业务 这也预示着中国用户可以使用苹果Apple Watch Series #NUM#接打电话。未来的通讯世界 终将进入“无卡时代” 未来将无卡 重温SIM卡的前世今生  
别了，SIM卡！刚刚，中国联通重磅宣布！每个人的手机里都躺着一张SIM卡，这些年来它一直在变小。你有没有想过SIM卡有一天会变“没有”？中国联通重磅宣布！据广州联通透露，联通今天（3月7日）在上海、天津、广州、深圳、郑州和长沙6城市率先启动Apple Watch Series 3 的eSIM(一号双终端)业务。http://t.cn/RE3xHy2,别了 SIM卡 刚刚 中国联通重磅宣布 每个人的手机里都躺着一张SIM卡 这些年来它一直在变小。你有没有想过SIM卡有一天会变“没有” 中国联通重磅宣布 据广州联通透露 联通今天 #NUM#月#NUM#日 在上海、天津、广州、深圳、郑州和长沙#NUM#城市率先启动Apple Watch Series #NUM# 的eSIM 一号双终端 业务。
【未来将无卡！重温SIM卡的前世今生】3月7日，中国联通宣布：将在上海、天津、广州、深圳、郑州、长沙6城率先启动“eSIM一号双终端”业务！这也预示着中国用户可以使用苹果Apple Watch Series 3接打电话。未来的通讯世界，终将进入“无卡时代”[并不简单]！你怎么看？未来将无卡！重温SIM卡的前世今生 ​, 未来将无卡 重温SIM卡的前世今生 #NUM#月#NUM#日 中国联通宣布 将在上海、天津、广州、深圳、郑州、长沙#NUM#城率先启动“eSIM一号双终端”业务 这也预示着中国用户可以使用苹果Apple Watch Series #NUM#接打电话。未来的通讯世界 终将进入“无卡时代” EMO_并不简单  你怎么看 未来将无卡 重温SIM卡的前世今生  
【中国联通昨日发布重磅宣布，你手机上的SIM卡即将消失！】据广州联通透露，3月7日，中国联通在上海、天津、广州、深圳、郑州和长沙6城市率先启动Apple Watch Series 3的eSIM(一号双终端)业务，接下来，还会在在上海、天津、郑州、长沙继续推出这项创新业务。这意味着，未来的通讯世界，或将进入“无卡时代”。什么是eSIM卡？eSIM卡相比SIM卡好在哪里？eSIM什么时候将会取代SIM卡？O中国联通昨日发布重磅宣布，你手机上的SIM卡... 再过几年，可能真要跟SIM卡说再见了！你期待吗？, 中国联通昨日发布重磅宣布 你手机上的SIM卡即将消失  据广州联通透露 #NUM#月#NUM#日 中国联通在上海、天津、广州、深圳、郑州和长沙#NUM#城市率先启动Apple Watch Series #NUM#的eSIM 一号双终端 业务 接下来 还会在在上海、天津、郑州、长沙继续推出这项创新业务。这意味着 未来的通讯世界 或将进入“无卡时代”。什么是eSIM卡 eSIM卡相比SIM卡好在哪里 eSIM什么时候将会取代SIM卡 O中国联通昨日发布重磅宣布 你手机上的SIM卡。 再过几年 可能真要跟SIM卡说再见了 你期待吗 
【联通在首批6城市推出一卡双终端业务 跟传统SIM卡说再见】图片来源：东方IC据广州联通透露，联通今天（3月7日）在上海、天津、广州、深圳、郑州和长沙6城市率先启动Apple Watch Series 3的eSIM(一号双终端)业务。…http://t.cn/RE3U6fx​, 联通在首批#NUM#城市推出一卡双终端业务 跟传统SIM卡说再见 图片来源 东方IC据广州联通透露 联通今天 #NUM#月#NUM#日 在上海、天津、广州、深圳、郑州和长沙#NUM#城市率先启动Apple Watch Series #NUM#的eSIM 一号双终端 业务。
【别了，SIM卡！刚刚，中国联通重磅宣布！】你有没有想过SIM卡有一天会变“没有”？据广州联通透露，联通今天（3月7日）在上海、天津、广州、深圳、郑州和长沙6城市率先启动Apple Watch Series 3的eSIM(一号双终端)业务。eSIM卡又称嵌入式SIM卡，用户无需像现在一样插入物理SIM卡。目 ​​​​, 别了 SIM卡 刚刚 中国联通重磅宣布  你有没有想过SIM卡有一天会变“没有” 据广州联通透露 联通今天 #NUM#月#NUM#日 在上海、天津、广州、深圳、郑州和长沙#NUM#城市率先启动Apple Watch Series #NUM#的eSIM 一号双终端 业务。eSIM卡又称嵌入式SIM卡 用户无需像现在一样插入物理SIM卡。目    
【未来将无卡！重温SIM卡的前世今生】3月7日，中国联通宣布：将在上海、天津、广州、深圳、郑州、长沙6城率先启动“eSIM一号双终端”业务！这也预示着中国用户可以使用苹果Apple Watch Series 3接打电话。[太开心]再过几年，可能真要跟SIM卡说再见了！未来将无卡！重温SIM卡的前世今生 ​, 未来将无卡 重温SIM卡的前世今生 #NUM#月#NUM#日 中国联通宣布 将在上海、天津、广州、深圳、郑州、长沙#NUM#城率先启动“eSIM一号双终端”业务 这也预示着中国用户可以使用苹果Apple Watch Series #NUM#接打电话。 EMO_太开心 再过几年 可能真要跟SIM卡说再见了 未来将无卡 重温SIM卡的前世今生  
【中国联通昨日发布重磅宣布，你手机上的SIM卡即将消失！】据广州联通透露，3月7日，中国联通在上海、天津、广州、深圳、郑州和长沙6城市率先启动Apple Watch Series 3的eSIM(一号双终端)业务，接下来，还会在在上海、天津、郑州、长沙继续推出这项创新业务。无独有偶，目前，苹果，三星、华为等科技巨头已经在为eSIM研发相应的智能产品，在全球范围内，eSIM卡的市场渗透率在2022年将达到50%。这意味着，未来的通讯世界，或将进入“无卡时代”。什么是eSIM卡？eSIM卡相比SIM卡好在哪里？eSIM什么时候将会取代SIM卡？http://t.cn/RE37kvU再过几年，可能真要跟SIM卡说再见了！你期待吗？, 中国联通昨日发布重磅宣布 你手机上的SIM卡即将消失  据广州联通透露 #NUM#月#NUM#日 中国联通在上海、天津、广州、深圳、郑州和长沙#NUM#城市率先启动Apple Watch Series #NUM#的eSIM 一号双终端 业务 接下来 还会在在上海、天津、郑州、长沙继续推出这项创新业务。无独有偶 目前 苹果 三星、华为等科技巨头已经在为eSIM研发相应的智能产品 在全球范围内 eSIM卡的市场渗透率在#NUM#年将达到#NUM# 。这意味着 未来的通讯世界 或将进入“无卡时代”。什么是eSIM卡 eSIM卡相比SIM卡好在哪里 eSIM什么时候将会取代SIM卡 
【自由电话，解放双手：你准备好了吗？】3月7日开始，中国联通已在上海、天津、广州、深圳、郑州、长沙6城市率先启动“eSIM一号双终端”业务办理。你的Apple Watch Series 3准备好了吗？ ​, 自由电话 解放双手 你准备好了吗  #NUM#月#NUM#日开始 中国联通已在上海、天津、广州、深圳、郑州、长沙#NUM#城市率先启动“eSIM一号双终端”业务办理。你的Apple Watch Series #NUM#准备好了吗   
【未来将无卡！重温SIM卡的前世今生】3月7日，中国联通宣布：将在上海、天津、广州、深圳、郑州、长沙6城率先启动“eSIM一号双终端”业务！这也预示着中国用户可以使用苹果Apple Watch Series 3接打电话。未来的通讯世界，终将进入“无卡时代”！未来将无卡！重温SIM卡的前世今生 ​​​ 未来将无卡！重温SIM卡的前世今生 ​, 未来将无卡 重温SIM卡的前世今生 #NUM#月#NUM#日 中国联通宣布 将在上海、天津、广州、深圳、郑州、长沙#NUM#城率先启动“eSIM一号双终端”业务 这也预示着中国用户可以使用苹果Apple Watch Series #NUM#接打电话。未来的通讯世界 终将进入“无卡时代” 未来将无卡 重温SIM卡的前世今生     未来将无卡 重温SIM卡的前世今生  
【未来将无卡】3月7日，中国联通宣布：将在上海、天津、广州、深圳、郑州、长沙6城率先启动“eSIM一号双终端”业务！预示着中国用户可以使用苹果Apple Watch Series 3接打电话。未来的通讯世界，终将进入“无卡时代”！[思考][思考] ​, 未来将无卡 #NUM#月#NUM#日 中国联通宣布 将在上海、天津、广州、深圳、郑州、长沙#NUM#城率先启动“eSIM一号双终端”业务 预示着中国用户可以使用苹果Apple Watch Series #NUM#接打电话。未来的通讯世界 终将进入“无卡时代”  EMO_思考 EMO_思考  
别了，SIM卡！刚刚，中国联通重磅宣布！[并不简单]】你有没有想过SIM卡有一天会变“没有”？据广州联通透露，联通今天（3月7日）在上海、天津、广州、深圳、郑州和长沙6城市率先启动Apple Watch Series 3的eSIM(一号双终端)业务。[吃瓜]eSIM卡又称嵌入式SIM卡，用户无需像现在一样插入物理SIM卡。目前，苹果，三星、华为等科技巨头已经在为eSIM研发相应的智能产品。在全球范围内，eSIM卡的市场渗透率在2022年将达到50%。[太开心]再过几年，可能真要跟SIM卡说再见了！你的手机迎来新的变革,别了 SIM卡 刚刚 中国联通重磅宣布  EMO_并不简单  你有没有想过SIM卡有一天会变“没有” 据广州联通透露 联通今天 #NUM#月#NUM#日 在上海、天津、广州、深圳、郑州和长沙#NUM#城市率先启动Apple Watch Series #NUM#的eSIM 一号双终端 业务。 EMO_吃瓜 eSIM卡又称嵌入式SIM卡 用户无需像现在一样插入物理SIM卡。目前 苹果 三星、华为等科技巨头已经在为eSIM研发相应的智能产品。在全球范围内 eSIM卡的市场渗透率在#NUM#年将达到#NUM# 。 EMO_太开心 再过几年 可能真要跟SIM卡说再见了 你的手机迎来新的变革
中国联通开通“一号双终端”的业务，Apple Watch Series 3终于可以“独立”使用了，但是这种“独立”是有局限性的，还是得依附在一台iPhone手机上，只是可以不用同时带手机“随身”，对于健身和运动一族是“福音”！ ​,中国联通开通“一号双终端”的业务 Apple Watch Series #NUM#终于可以“独立”使用了 但是这种“独立”是有局限性的 还是得依附在一台iPhone手机上 只是可以不用同时带手机“随身” 对于健身和运动一族是“福音”   
【别了，SIM卡！刚刚，中国联通重磅宣布！[并不简单]】你有没有想过SIM卡有一天会变“没有”？据广州联通透露，联通3月7日在上海、天津、广州、深圳、郑州和长沙6城市率先启动Apple Watch Series 3的eSIM(一号双终端)业务。[吃瓜]eSIM卡又称嵌入式SIM卡，用户无需像现在一样插入物理SIM卡。目前，苹果，三星、华为等科技巨头已经在为eSIM研发相应的智能产品。在全球范围内，eSIM卡的市场渗透率在2022年将达到50%。[太开心]再过几年，可能真要跟SIM卡说再见了！（中国经济网）, 别了 SIM卡 刚刚 中国联通重磅宣布  EMO_并不简单  你有没有想过SIM卡有一天会变“没有” 据广州联通透露 联通#NUM#月#NUM#日在上海、天津、广州、深圳、郑州和长沙#NUM#城市率先启动Apple Watch Series #NUM#的eSIM 一号双终端 业务。 EMO_吃瓜 eSIM卡又称嵌入式SIM卡 用户无需像现在一样插入物理SIM卡。目前 苹果 三星、华为等科技巨头已经在为eSIM研发相应的智能产品。在全球范围内 eSIM卡的市场渗透率在#NUM#年将达到#NUM# 。 EMO_太开心 再过几年 可能真要跟SIM卡说再见了  中国经济网 
#羲和日报#联通3月7日在上海、天津、广州、深圳、郑州和长沙6城市率先启动Apple Watch Series 3的eSIM业务。eSIM卡又称嵌入式SIM卡，就是将传统SIM卡直接嵌入到设备芯片上，用户无需像现在一样插入物理SIM卡。看来不久之后就要和sim卡说再见了[爱你][爱你](图文来自中国青年报)@中国青年报​,联通#NUM#月#NUM#日在上海、天津、广州、深圳、郑州和长沙#NUM#城市率先启动Apple Watch Series #NUM#的eSIM业务。eSIM卡又称嵌入式SIM卡 就是将传统SIM卡直接嵌入到设备芯片上 用户无需像现在一样插入物理SIM卡。看来不久之后就要和sim卡说再见了 EMO_爱你 EMO_爱你  图文来自中国青年报   
【打电话上网不用手机？别了，SIM卡】3月7日联通在上海、天津、广州、深圳、郑州和长沙6城市率先启动Apple Watch Series 3的eSIM(一号双终端)业务。这意味着，上网及电话语音将不再是手机专属。打电话上网不用手机？别了，SIM卡 ​​​, 打电话上网不用手机 别了 SIM卡 #NUM#月#NUM#日联通在上海、天津、广州、深圳、郑州和长沙#NUM#城市率先启动Apple Watch Series #NUM#的eSIM 一号双终端 业务。这意味着 上网及电话语音将不再是手机专属。打电话上网不用手机 别了 SIM卡    
【@天津联通开启eSIM一号双终端业务】#天津生活#继2018年2月13日，@中国联通独家获得eSIM一号双终端业务试点批复之后，天津联通作为首批eSIM一号双终端业务开通城市之一，昨天（3月7日）起正式启动业务受理。备受用户欢迎的苹果eSIM智能手表Apple Watch Series 3，成为首款支持该业务的终端产品。 ​,    继#NUM#年#NUM#月#NUM#日   天津联通作为首批eSIM一号双终端业务开通城市之一 昨天 #NUM#月#NUM#日 起正式启动业务受理。备受用户欢迎的苹果eSIM智能手表Apple Watch Series #NUM# 成为首款支持该业务的终端产品。  
【别了，SIM卡！刚刚宣布，今后你的手机将变成这样】中国联通重磅宣布！据广州联通透露，联通昨天（3月7日）在上海、天津、广州、深圳、郑州和长沙6城市率先启动Apple Watch Series 3的eSIM(一号双终端)业务。通过eSIM内置应用，选择运营商、号码、套餐等，确定，这些套餐，号码就写入到这张芯片里面去了，就可以使用手机了。要是感觉用得不爽，随时可以选择新的运营商，也不必去营业厅办理退网了。再过几年，可能真要跟SIM卡说再见了！, 别了 SIM卡 刚刚宣布 今后你的手机将变成这样 中国联通重磅宣布 据广州联通透露 联通昨天 #NUM#月#NUM#日 在上海、天津、广州、深圳、郑州和长沙#NUM#城市率先启动Apple Watch Series #NUM#的eSIM 一号双终端 业务。通过eSIM内置应用 选择运营商、号码、套餐等 确定 这些套餐 号码就写入到这张芯片里面去了 就可以使用手机了。要是感觉用得不爽 随时可以选择新的运营商 也不必去营业厅办理退网了。再过几年 可能真要跟SIM卡说再见了 
Apple Watch series 3国行满保全新蜂窝版单机到货。价格美丽 需要联系 ​,Apple Watch series #NUM#国行满保全新蜂窝版单机到货。价格美丽 需要联系  
分享视频：Apple Watch Series 3+AppleMusichttp://t.cn/REnfeTi(via@即刻)被手机耽误的广告公司. ​,分享视频 Apple Watch Series #NUM# AppleMusic  
[据知名统计公司IDC称，2017年第四季度，可穿戴设备的出货量增长从3520万台增至3790万台，增长7．7％。]从统计图中可见：1、Apple Watch首次在本季度中独占鳌头。在Series 3的引领下，苹果公司从去年10月到12月共出货800万部，抢占了21％的市场份额。与苹果2016年第四季度14．4％的份额相比，同比增长了58％。2、第二名是Fitbit，它在第四季度销售了540万部可穿戴设备，出货量下降17．3％，致使该公司的市场份额从2016年的18．5％下降到2017年的14．2％。3、小米的销量从第二降至第三，销售490万部，占市场份额的13％。最大的同比增幅来自华为。该公司可穿戴设备交付量增加了一倍，达到160万部，份额达到了4．3％，在Q4榜单上排名第五，仅次于Garmin的6．5％。总体来看：1、2017年，苹果在可穿戴设备市场的份额为15．3％，高于2016年的10．8％。小米排名第二，2017年市场份额为13．6％，较同期相比虽略有下降，但基本持平。2、而对于Fitbit来说，今年是艰难的一年，从2017年开始，Fitbit从第一名跌至第三名，出货量同比下降了32％，市场份额也从2016年的21．5％降至13．3％。3、2017年第四名是Garmin，市场份额为5．4％。其次是Fossil，交付量由2016年的210万增加到490万，增加了133％。市场份额从2％飙升至4．3％。【据IDC判断，未来5年内，可穿戴智能设备持续保持强劲的发展势头。】转观国内，2014年国内智能穿戴设备发展苗头初现，经过2015、2016年的大浪淘沙，至2017年，留下了一批真正具备实力的公司（涵盖技术研发、产品供应商）。云镶科技作为其中的佼佼者，成立3年来，不断保持强劲发展势头，取得了骄人的成绩（智能手环、智能体脂秤销量大幅度增长，累计销售额超过6千万，实现大面积盈利）。大时代大变革，云镶科技将继续保持敢为人先、勇于创新的拼搏精神，不断优化产品性能，挖掘用户需求数据，努力为广大用户提供专业的健康管理服务。部分数据来源：可穿戴设备网,[据知名统计公司IDC称 #NUM#年第四季度 可穿戴设备的出货量增长从#NUM#万台增至#NUM#万台 增长#NUM# #NUM# 。]从统计图中可见 #NUM#、Apple Watch首次在本季度中独占鳌头。在Series #NUM#的引领下 苹果公司从去年#NUM#月到#NUM#月共出货#NUM#万部 抢占了#NUM# 的市场份额。与苹果#NUM#年第四季度#NUM# #NUM# 的份额相比 同比增长了#NUM# 。#NUM#、第二名是Fitbit 它在第四季度销售了#NUM#万部可穿戴设备 出货量下降#NUM# #NUM#  致使该公司的市场份额从#NUM#年的#NUM# #NUM# 下降到#NUM#年的#NUM# #NUM# 。#NUM#、小米的销量从第二降至第三 销售#NUM#万部 占市场份额的#NUM# 。最大的同比增幅来自华为。该公司可穿戴设备交付量增加了一倍 达到#NUM#万部 份额达到了#NUM# #NUM#  在Q#NUM#榜单上排名第五 仅次于Garmin的#NUM# #NUM# 。总体来看 #NUM#、#NUM#年 苹果在可穿戴设备市场的份额为#NUM# #NUM#  高于#NUM#年的#NUM# #NUM# 。小米排名第二 #NUM#年市场份额为#NUM# #NUM#  较同期相比虽略有下降 但基本持平。#NUM#、而对于Fitbit来说 今年是艰难的一年 从#NUM#年开始 Fitbit从第一名跌至第三名 出货量同比下降了#NUM#  市场份额也从#NUM#年的#NUM# #NUM# 降至#NUM# #NUM# 。#NUM#、#NUM#年第四名是Garmin 市场份额为#NUM# #NUM# 。其次是Fossil 交付量由#NUM#年的#NUM#万增加到#NUM#万 增加了#NUM# 。市场份额从#NUM# 飙升至#NUM# #NUM# 。 据IDC判断 未来#NUM#年内 可穿戴智能设备持续保持强劲的发展势头。 转观国内 #NUM#年国内智能穿戴设备发展苗头初现 经过#NUM#、#NUM#年的大浪淘沙 至#NUM#年 留下了一批真正具备实力的公司 涵盖技术研发、产品供应商 。云镶科技作为其中的佼佼者 成立#NUM#年来 不断保持强劲发展势头 取得了骄人的成绩 智能手环、智能体脂秤销量大幅度增长 累计销售额超过#NUM#千万 实现大面积盈利 。大时代大变革 云镶科技将继续保持敢为人先、勇于创新的拼搏精神 不断优化产品性能 挖掘用户需求数据 努力为广大用户提供专业的健康管理服务。部分数据来源 可穿戴设备网
【别了，SIM卡！】@民生周刊杂志SIM卡一直在变小，但你有没有想过，有一天它会变没？3月7日，中国联通在上海、天津、广州、深圳、郑州和长沙6城市率先启动Apple Watch Series 3的eSIM(一号双终端)业务。eSIM卡又称嵌入式SIM卡，简单的说就是将传统SIM卡直接嵌入到设备芯片上，用户无需像现在一样插入物理SIM卡。再过几年，可能真要跟SIM卡说再见了！http://t.cn/REn5eh5, 别了 SIM卡    但你有没有想过 有一天它会变没 #NUM#月#NUM#日 中国联通在上海、天津、广州、深圳、郑州和长沙#NUM#城市率先启动Apple Watch Series #NUM#的eSIM 一号双终端 业务。eSIM卡又称嵌入式SIM卡 简单的说就是将传统SIM卡直接嵌入到设备芯片上 用户无需像现在一样插入物理SIM卡。再过几年 可能真要跟SIM卡说再见了 
【别了，SIM卡！中国联通重磅宣布！】据广州联通透露，联通今天在上海、天津、广州、深圳、郑州和长沙6城市率先启动Apple Watch Series 3的eSIM（一号双终端）业务。http://t.cn/REn2Hrn​, 别了 SIM卡 中国联通重磅宣布  据广州联通透露 联通今天在上海、天津、广州、深圳、郑州和长沙#NUM#城市率先启动Apple Watch Series #NUM#的eSIM 一号双终端 业务。
每个人的手机里，都躺着一张SIM卡，这些年来，它一直在变小。你有没有想过，SIM卡有一天会变“没有”？中国联通重磅宣布！据广州联通透露，联通（3月7日）在上海、天津、广州、深圳、郑州和长沙6城市率先启动Apple Watch Series 3的eSIM(一号双终端)业务。http://t.cn/REnZNsl​,每个人的手机里 都躺着一张SIM卡 这些年来 它一直在变小。你有没有想过 SIM卡有一天会变“没有” 中国联通重磅宣布 据广州联通透露 联通 #NUM#月#NUM#日 在上海、天津、广州、深圳、郑州和长沙#NUM#城市率先启动Apple Watch Series #NUM#的eSIM 一号双终端 业务。
【再见，SIM卡！刚刚，中国联通重磅宣布！】每个人的手机里，都躺着一张SIM卡。但是这几年来，它一直在变小：你有没有想过：SIM卡有一天会变“没有”？据广州联通透露，联通昨天（3月7日）在上海、天津、广州、深圳、郑州和长沙6城市率先启动Apple Watch Series 3的eSIM（一号双终端）业务。http://t.cn/REnPlUp, 再见 SIM卡 刚刚 中国联通重磅宣布  每个人的手机里 都躺着一张SIM卡。但是这几年来 它一直在变小 你有没有想过 SIM卡有一天会变“没有” 据广州联通透露 联通昨天 #NUM#月#NUM#日 在上海、天津、广州、深圳、郑州和长沙#NUM#城市率先启动Apple Watch Series #NUM#的eSIM 一号双终端 业务。
爱范儿:AppleWatch终于能打电话了，请收好这份超全的使用指南 相信有很多人跟我一样，当初选择多花六百块钱购入支持蜂窝网络版本的Apple Watch Series 3，就是为了那多... - 雪球 （分享自@雪球） 打电话之前，先做这些准备 ​,爱范儿 AppleWatch终于能打电话了 请收好这份超全的使用指南 相信有很多人跟我一样 当初选择多花六百块钱购入支持蜂窝网络版本的Apple Watch Series #NUM# 就是为了那多。 - 雪球  分享自   打电话之前 先做这些准备  
【别了，SIM卡！刚刚，中国联通重磅宣布！】（分享自@凤凰网）据广州联通透露，联通今天（3月7日）在上海、天津、广州、深圳、郑州和长沙6城市率先启动Apple Watch Series 3的eSIM(一号双终端)业务。【评议】这是在抢市场份额！ 别了，SIM卡！刚刚，中国联通重磅宣布！ ​, 别了 SIM卡 刚刚 中国联通重磅宣布   分享自  据广州联通透露 联通今天 #NUM#月#NUM#日 在上海、天津、广州、深圳、郑州和长沙#NUM#城市率先启动Apple Watch Series #NUM#的eSIM 一号双终端 业务。 评议 这是在抢市场份额  别了 SIM卡 刚刚 中国联通重磅宣布   
把手机关掉之后，表盘自动显示信号强度，可以独立接听来电，用 AirPods 搭配AppleWatch简直完美！Ps，本人河南郑州联通。@郑州联通@李大锤同学@爱否科技@威锋网@硬件学堂#Apple Watch##AirPods#​,把手机关掉之后 表盘自动显示信号强度 可以独立接听来电 用 AirPods 搭配AppleWatch简直完美 Ps 本人河南郑州联通。  Apple Watch  
【别了SIM卡！联通宣布6市启动革命性业务】手机SIM卡这些年来一直在变小。你有没有想过，SIM卡有一天会变“没有”？今天，中国联通重磅宣布，在6城市率先启动Apple Watch Series 3的eSIM(一号双终端)业务。它的普及，将替代手机实体SIM卡，不换号自由切换运营商也将指日可待。http://t.cn/RE8L7Mw​​​, 别了SIM卡 联通宣布#NUM#市启动革命性业务 手机SIM卡这些年来一直在变小。你有没有想过 SIM卡有一天会变“没有” 今天 中国联通重磅宣布 在#NUM#城市率先启动Apple Watch Series #NUM#的eSIM 一号双终端 业务。它的普及 将替代手机实体SIM卡 不换号自由切换运营商也将指日可待。
我在闲鱼卖·Apple Watch Series 3#我在闲鱼卖·Apple Watch Series 3#来闲鱼，发现更多闲置超值好物#http://t.cn/REEb7hr​,我在闲鱼卖 Apple Watch Series #NUM# 我在闲鱼卖 Apple Watch Series #NUM#
【#别了SIM卡#！中国联通重磅宣布这个消息】据广州联通透露，联通在上海、天津、广州、深圳、郑州和长沙6城市率先启动Apple Watch Series 3的eSIM(一号双终端)业务。而eSIM的普及，将逐渐替代手机实体SIM卡的存在，用户可实现不换号自由切换运营商的便捷性也将指日可待。#有了红周刊，炒股变简单#​,   中国联通重磅宣布这个消息 据广州联通透露 联通在上海、天津、广州、深圳、郑州和长沙#NUM#城市率先启动Apple Watch Series #NUM#的eSIM 一号双终端 业务。而eSIM的普及 将逐渐替代手机实体SIM卡的存在 用户可实现不换号自由切换运营商的便捷性也将指日可待。  
【中国联通重磅宣布！别了，SIM卡！】联通3月7日在上海、天津、广州、深圳、郑州和长沙6城市率先启动Apple Watch Series 3的eSIM(一号双终端)业务，eSIM卡又称嵌入式SIM卡，简单的说就是将传统SIM卡直接嵌入到设备芯片上，而不是作为独立的可移除零部件加入设备中，用户无需像现在一样插入物理SIM卡。传统的Sim卡把用户锁定在一个服务网络中，而内嵌式Sim卡可以使得智能手机、平板电脑或可穿戴设备使用者避免局限在一家运营商的服务中，其可以实现立即切换其他服务网络，且无需更换Sim卡。, 中国联通重磅宣布 别了 SIM卡  联通#NUM#月#NUM#日在上海、天津、广州、深圳、郑州和长沙#NUM#城市率先启动Apple Watch Series #NUM#的eSIM 一号双终端 业务 eSIM卡又称嵌入式SIM卡 简单的说就是将传统SIM卡直接嵌入到设备芯片上 而不是作为独立的可移除零部件加入设备中 用户无需像现在一样插入物理SIM卡。传统的Sim卡把用户锁定在一个服务网络中 而内嵌式Sim卡可以使得智能手机、平板电脑或可穿戴设备使用者避免局限在一家运营商的服务中 其可以实现立即切换其他服务网络 且无需更换Sim卡。
联通今天在上海、天津、广州、深圳、郑州和长沙 6 城市率先启动Apple Watch Series 3的 eSIM ( 一号双终端 ) 业务。eSIM 卡又称嵌入式 SIM 卡，简单的说就是将传统 SIM 卡直接嵌入到设备芯片上，而不是作为独立的可移除零部件加入设备中，用户无需像现在一样插入物理 SIM 卡。 ​,联通今天在上海、天津、广州、深圳、郑州和长沙 #NUM# 城市率先启动Apple Watch Series #NUM#的 eSIM   一号双终端   业务。eSIM 卡又称嵌入式 SIM 卡 简单的说就是将传统 SIM 卡直接嵌入到设备芯片上 而不是作为独立的可移除零部件加入设备中 用户无需像现在一样插入物理 SIM 卡。  
别了SIM卡！刚刚中国联通重磅宣布这个消息据广州联通透露，联通在上海、天津、广州、深圳、郑州和长沙6城市率先启动Apple Watch Series 3的eSIM(一号双终端)业务。而eSIM的普及，将逐渐替代手机实体SIM卡的存在，用户可实现不换号自由切换运营商的便捷性也将指日可待。 ​​​,别了SIM卡 刚刚中国联通重磅宣布这个消息据广州联通透露 联通在上海、天津、广州、深圳、郑州和长沙#NUM#城市率先启动Apple Watch Series #NUM#的eSIM 一号双终端 业务。而eSIM的普及 将逐渐替代手机实体SIM卡的存在 用户可实现不换号自由切换运营商的便捷性也将指日可待。    
中国联通作为eSIM领域全球领先的运营商也是国内唯一推出eSIM业务的运营商而郑州有幸成为了全国首批同时也是全河南目前唯一的试点城市，联系电话15637116880 Apple Watch Series 3可以打电... Apple Watch Series 3可以打电话了！“eSIM一号双终端”业务郑州正式启动！http://t.cn/RosFMiB​,中国联通作为eSIM领域全球领先的运营商也是国内唯一推出eSIM业务的运营商而郑州有幸成为了全国首批同时也是全河南目前唯一的试点城市 联系电话 Apple Watch Series #NUM#可以打电。 Apple Watch Series #NUM#可以打电话了 “eSIM一号双终端”业务郑州正式启动 
【从今天开始，可以用Apple Watch Series 3上网打电话了】前不久，中国联通宣布获得 eSIM 服务运营资格，并于3月 7 日在上海、天津、广州、深圳等 6 个城市作为试点先行开放，从今天开始，大陆地区的Apple Watch Series 3用户终于可以用手表打电话了。 ​, 从今天开始 可以用Apple Watch Series #NUM#上网打电话了 前不久 中国联通宣布获得 eSIM 服务运营资格 并于#NUM#月 #NUM# 日在上海、天津、广州、深圳等 #NUM# 个城市作为试点先行开放 从今天开始 大陆地区的Apple Watch Series #NUM#用户终于可以用手表打电话了。  
【别了，SIM卡！中国联通这样宣布…】每个人的手机里，都躺着一张SIM卡。这些年来，它一直在变小…你有没有想过，SIM卡有一天会变“没有”？据广州联通透露，联通今天（3月7日）在上海、天津、广州、深圳、郑州和长沙6城市率先启动Apple Watch Series 3的eSIM(一号双终端)业务。别了，SIM卡！刚刚，中国联通重磅宣布！ ​, 别了 SIM卡 中国联通这样宣布。 每个人的手机里 都躺着一张SIM卡。这些年来 它一直在变小。你有没有想过 SIM卡有一天会变“没有” 据广州联通透露 联通今天 #NUM#月#NUM#日 在上海、天津、广州、深圳、郑州和长沙#NUM#城市率先启动Apple Watch Series #NUM#的eSIM 一号双终端 业务。别了 SIM卡 刚刚 中国联通重磅宣布   
苹果Apple Watch Series 3智能手表 GPS款 粉砂色/灰色 运动型表带 2688元 平常2888元http://t.cn/RER5KT2​,苹果Apple Watch Series #NUM#智能手表 GPS款 粉砂色 灰色 运动型表带 #NUM#元 平常#NUM#元
【eSIM卡来了!你手机上的SIM卡即将消失！】#手机将告别SIM卡！#据广州联通透露，3月7日在上海、天津、广州、深圳、郑州和长沙6城市率先启动Apple Watch Series 3的eSIM（一号双终端）业务。买了这款手表的朋友现在出去跑步可以不用带手机啦~ [笑而不语]而#eSIM#的普及，也将逐渐替代手机实体SIM卡的存在。用户实现不换号，并且可以像切换Wi-Fi一样无缝切换数据网络。[憧憬]http://t.cn/RERLsAk, eSIM卡来了 你手机上的SIM卡即将消失   据广州联通透露 #NUM#月#NUM#日在上海、天津、广州、深圳、郑州和长沙#NUM#城市率先启动Apple Watch Series #NUM#的eSIM 一号双终端 业务。买了这款手表的朋友现在出去跑步可以不用带手机啦  EMO_笑而不语 而 的普及 也将逐渐替代手机实体SIM卡的存在。用户实现不换号 并且可以像切换Wi-Fi一样无缝切换数据网络。 EMO_憧憬
#长沙身边事#【别了SIM卡！刚刚 中国联通重磅宣布！[并不简单]】你有没有想过SIM卡有一天会变“没有”？据广州联通透露，联通今天（3月7日）在上海、天津、广州、深圳、郑州和长沙6城市率先启动Apple Watch Series 3的eSIM(一号双终端)业务。[吃瓜]eSIM卡又称嵌入式SIM卡，用户无需像现在一样插入物理SIM卡。目前，苹果，三星、华为等科技巨头已经在为eSIM研发相应的智能产品。在全球范围内，eSIM卡的市场渗透率在2022年将达到50%。[太开心]再过几年，可能真要跟SIM卡说再见了！（中国经济网）http://t.cn/RE8haFD, 别了SIM卡 刚刚 中国联通重磅宣布  EMO_并不简单  你有没有想过SIM卡有一天会变“没有” 据广州联通透露 联通今天 #NUM#月#NUM#日 在上海、天津、广州、深圳、郑州和长沙#NUM#城市率先启动Apple Watch Series #NUM#的eSIM 一号双终端 业务。 EMO_吃瓜 eSIM卡又称嵌入式SIM卡 用户无需像现在一样插入物理SIM卡。目前 苹果 三星、华为等科技巨头已经在为eSIM研发相应的智能产品。在全球范围内 eSIM卡的市场渗透率在#NUM#年将达到#NUM# 。 EMO_太开心 再过几年 可能真要跟SIM卡说再见了  中国经济网 
【从今天开始，你终于可以用Apple Watch Series 3上网打电话了】前不久，中国联通宣布获得 eSIM 服务运营资格，并于3月 7 日在上海、天津、广州、深圳等 6 个城市作为试点先行开放，从今天开始，大陆地区的Apple Watch Series 3用户终于可以用手表打电话了。 | 全文：http://t.cn/RERzoVB​, 从今天开始 你终于可以用Apple Watch Series #NUM#上网打电话了 前不久 中国联通宣布获得 eSIM 服务运营资格 并于#NUM#月 #NUM# 日在上海、天津、广州、深圳等 #NUM# 个城市作为试点先行开放 从今天开始 大陆地区的Apple Watch Series #NUM#用户终于可以用手表打电话了。   全文 
从今天开始，你终于可以用Apple Watch Series 3上网打电话了http://t.cn/RERzoVB​,从今天开始 你终于可以用Apple Watch Series #NUM#上网打电话了
#再见，SIM卡#【别了，SIM卡！中国联通这样宣布…】每个人的手机里，都躺着一张SIM卡。这些年来，它一直在变小…你有没有想过，SIM卡有一天会变“没有”？据广州联通透露，联通今天（3月7日）在上海、天津、广州、深圳、郑州和长沙6城市率先启动Apple Watch Series 3的eSIM(一号双终端)业务。http://t.cn/RE8SWFr​, 别了 SIM卡 中国联通这样宣布。 每个人的手机里 都躺着一张SIM卡。这些年来 它一直在变小。你有没有想过 SIM卡有一天会变“没有” 据广州联通透露 联通今天 #NUM#月#NUM#日 在上海、天津、广州、深圳、郑州和长沙#NUM#城市率先启动Apple Watch Series #NUM#的eSIM 一号双终端 业务。
【别了，SIM卡！联通重磅宣布，郑州等6城同时启动】3月7日上午，中国联通于上海、天津、广州、深圳、郑州和长沙6城市率先启动Apple Watch Series 3的eSIM（一号双终端）业务。Apple Watch Series 3于去年9月份正式发布，中国联通是苹果AppleWatch3在中国地区唯一的首发合作运营商 ，当时售卖的AppleWatch3已经是蜂窝网络版，只是由于国内通信技术的限制，蜂窝功能暂未开启。eSIM的商用，预示着以上6个城市用户将可以率先使用苹果Apple Watch Series 3接打电话。, 别了 SIM卡 联通重磅宣布 郑州等#NUM#城同时启动 #NUM#月#NUM#日上午 中国联通于上海、天津、广州、深圳、郑州和长沙#NUM#城市率先启动Apple Watch Series #NUM#的eSIM 一号双终端 业务。Apple Watch Series #NUM#于去年#NUM#月份正式发布 中国联通是苹果AppleWatch#NUM#在中国地区唯一的首发合作运营商  当时售卖的AppleWatch#NUM#已经是蜂窝网络版 只是由于国内通信技术的限制 蜂窝功能暂未开启。eSIM的商用 预示着以上#NUM#个城市用户将可以率先使用苹果Apple Watch Series #NUM#接打电话。
【中国联通的一号双终端服务要来了！eSim】通过该服务正式告别实体 SIM 卡。据广州联通透露，联通今天（3月7日）在上海、天津、广州、深圳、郑州和长沙6城市率先启动Apple Watch Series 3的eSIM(一号双终端)业务。eSIM卡又称嵌入式SIM卡，用户无需像现在一样插入物理SIM卡。在全球范围内，eSIM卡的市场渗透率在2022年将达到50%。（via：中国经济网）, 中国联通的一号双终端服务要来了 eSim 通过该服务正式告别实体 SIM 卡。据广州联通透露 联通今天 #NUM#月#NUM#日 在上海、天津、广州、深圳、郑州和长沙#NUM#城市率先启动Apple Watch Series #NUM#的eSIM 一号双终端 业务。eSIM卡又称嵌入式SIM卡 用户无需像现在一样插入物理SIM卡。在全球范围内 eSIM卡的市场渗透率在#NUM#年将达到#NUM# 。 via 中国经济网 
2018年冬季奥运会或许已经结束了，但雪上运动爱好者的乐趣才刚刚开始——至少是对于AppleWatch用户而言。在本周，苹果宣布旗下Apple Watch Series 3通过应用升级获得了追踪雪上运动的能力。 滑雪爱好者的福音AppleWatch现可追踪雪上运动 ​,#NUM#年冬季奥运会或许已经结束了 但雪上运动爱好者的乐趣才刚刚开始——至少是对于AppleWatch用户而言。在本周 苹果宣布旗下Apple Watch Series #NUM#通过应用升级获得了追踪雪上运动的能力。 滑雪爱好者的福音AppleWatch现可追踪雪上运动  
12期白条免息！Apple Watch Series 3智能手表 2988元 送表带（原价3188元）http://t.cn/RE89enx​,#NUM#期白条免息 Apple Watch Series #NUM#智能手表 #NUM#元 送表带 原价#NUM#元 
【该来的终于来了！一文读懂如何在苹果AppleWatch上打电话】相信有很多人跟我一样，当初选择多花六百块钱购入支持蜂窝网络版本的Apple Watch Series 3，就是为了那多出来的蜂窝网络功能，好让我可以抛开iPhone单独使用手表……详情点击：http://t.cn/RE89BMl​, 该来的终于来了 一文读懂如何在苹果AppleWatch上打电话 相信有很多人跟我一样 当初选择多花六百块钱购入支持蜂窝网络版本的Apple Watch Series #NUM# 就是为了那多出来的蜂窝网络功能 好让我可以抛开iPhone单独使用手表。详情点击 
苹果Apple Watch Series 3智能手表 LTE版 可直接打电话 42毫米表盘3299元 平常3488元 【京东商城】 >> 京东自营，AppleWatch3黑色款，特价至3288元，持平历史最低价。新版的AppleWatch3不用手http://t.cn/RE8KUgG​,苹果Apple Watch Series #NUM#智能手表 LTE版 可直接打电话 #NUM#毫米表盘#NUM#元 平常#NUM#元  京东商城     京东自营 AppleWatch#NUM#黑色款 特价至#NUM#元 持平历史最低价。新版的AppleWatch#NUM#不用手
【从今天开始，你终于可以用Apple Watch Series 3上网打电话了】经过简单体验，AppleWatch无论是听歌还是打电话都表现良好，网络速度很稳定。 从今天开始，你终于可以用Apple Watch Series 3上网打电话了 ​, 从今天开始 你终于可以用Apple Watch Series #NUM#上网打电话了 经过简单体验 AppleWatch无论是听歌还是打电话都表现良好 网络速度很稳定。 从今天开始 你终于可以用Apple Watch Series #NUM#上网打电话了  
#买个便宜货#苹果（Apple）WatchSeries3智能手表  LTE版 可直接打电话 42毫米表盘 ￥3299（分享自@买个便宜货网）http://t.cn/RE8o4US​,苹果 Apple WatchSeries#NUM#智能手表 LTE版 可直接打电话 #NUM#毫米表盘  #NUM# 分享自  
【别了，SIM卡！运营商的末日要来了？】每个人的手机里，都躺着一张SIM卡。这些年来，它一直在变小。你有没有想过，SIM卡有一天会变“没有”？中国联通重磅宣布！据广州联通透露，联通今天（3月7日）在上海、天津、广州、深圳、郑州和长沙6城市率先启动Apple Watch Series 3的eSIM(一号双终端)业务。一场通讯业的革命或将来临！http://t.cn/RE8SOVK, 别了 SIM卡 运营商的末日要来了  每个人的手机里 都躺着一张SIM卡。这些年来 它一直在变小。你有没有想过 SIM卡有一天会变“没有” 中国联通重磅宣布 据广州联通透露 联通今天 #NUM#月#NUM#日 在上海、天津、广州、深圳、郑州和长沙#NUM#城市率先启动Apple Watch Series #NUM#的eSIM 一号双终端 业务。一场通讯业的革命或将来临 
别了 SIM卡！刚刚 中国联通重磅宣布！你有没有想过 SIM卡有一天会变“没有”？据广州联通透露，联通今天(3月7日)在上海、天津、广州、深圳、郑州和长沙6城市率先启动Apple Watch Series 3的eSIM(一号双终端)业务。 别了 SIM卡！刚刚 中国联通重磅宣布！ ​,别了 SIM卡 刚刚 中国联通重磅宣布 你有没有想过 SIM卡有一天会变“没有” 据广州联通透露 联通今天 #NUM#月#NUM#日 在上海、天津、广州、深圳、郑州和长沙#NUM#城市率先启动Apple Watch Series #NUM#的eSIM 一号双终端 业务。 别了 SIM卡 刚刚 中国联通重磅宣布   
联通 eSIM 一号多终端Apple Watch Series 3开通流程，该服务将于3月7号正式上线，首批支持上海、天津、广州、深圳、长沙、郑州、武汉七座城市。（注：之前是六座，武汉是新加的） ​​​​,联通 eSIM 一号多终端Apple Watch Series #NUM#开通流程 该服务将于#NUM#月#NUM#号正式上线 首批支持上海、天津、广州、深圳、长沙、郑州、武汉七座城市。 注 之前是六座 武汉是新加的     
【别了SIM卡！刚刚中国联通重磅宣布这个消息】据广州联通透露，联通在上海、天津、广州、深圳、郑州和长沙6城市率先启动Apple Watch Series 3的eSIM(一号双终端)业务。而eSIM的普及，将逐渐替代手机实体SIM卡的存在，用户可实现不换号自由切换运营商的便捷性也将指日可待。别了SIM卡！刚刚中国联通重磅宣布这个消息 ​, 别了SIM卡 刚刚中国联通重磅宣布这个消息 据广州联通透露 联通在上海、天津、广州、深圳、郑州和长沙#NUM#城市率先启动Apple Watch Series #NUM#的eSIM 一号双终端 业务。而eSIM的普及 将逐渐替代手机实体SIM卡的存在 用户可实现不换号自由切换运营商的便捷性也将指日可待。别了SIM卡 刚刚中国联通重磅宣布这个消息  
#别了，SIM卡#【别了，SIM卡！刚刚，中国联通重磅宣布！】你有没有想过，SIM卡有一天会变“没有”？中国联通重磅宣布！据广州联通透露，联通今天（3月7日）在上海、天津、广州、深圳、郑州和长沙6城市率先启动Apple Watch Series 3的eSIM(一号双终端)业务。http://t.cn/RE8MNui​, 别了 SIM卡 刚刚 中国联通重磅宣布  你有没有想过 SIM卡有一天会变“没有” 中国联通重磅宣布 据广州联通透露 联通今天 #NUM#月#NUM#日 在上海、天津、广州、深圳、郑州和长沙#NUM#城市率先启动Apple Watch Series #NUM#的eSIM 一号双终端 业务。
【别了，SIM卡。中国联通启动一项重磅业务】据广州联通透露，联通今天在上海、天津、广州、深圳、郑州和长沙6城市率先启动Apple Watch Series 3的eSIM（一号双终端）业务。什么是eSIM？eSIM卡又称嵌入式SIM卡，简单的说就是将传统SIM卡直接嵌入到设备芯片上，而不是作为独立的可移除零部件加入设备中，用户无需像现在一样插入物理SIM卡。传统的Sim卡把用户锁定在一个服务网络中，而内嵌式Sim卡可以使得智能手机、平板电脑或可穿戴设备使用者避免局限在一家运营商的服务中，其可以实现立即切换其他服务网络，且无需更换Sim卡。@中国联通, 别了 SIM卡。中国联通启动一项重磅业务 据广州联通透露 联通今天在上海、天津、广州、深圳、郑州和长沙#NUM#城市率先启动Apple Watch Series #NUM#的eSIM 一号双终端 业务。什么是eSIM eSIM卡又称嵌入式SIM卡 简单的说就是将传统SIM卡直接嵌入到设备芯片上 而不是作为独立的可移除零部件加入设备中 用户无需像现在一样插入物理SIM卡。传统的Sim卡把用户锁定在一个服务网络中 而内嵌式Sim卡可以使得智能手机、平板电脑或可穿戴设备使用者避免局限在一家运营商的服务中 其可以实现立即切换其他服务网络 且无需更换Sim卡。
#ZEALER中国淘宝店#“更自由，更来电”--Apple Watch Series 3现已登录“ZEALER 中国”淘宝店！¥2?79 起，现在下单，还有60元店铺优惠券领取。女神节，我们来点不一样的～[太开心]ZEALER全新正品 苹果Apple Watch Series 3顺丰包邮 ​,“更自由 更来电”--Apple Watch Series #NUM#现已登录“ZEALER 中国”淘宝店  #NUM# #NUM# 起 现在下单 还有#NUM#元店铺优惠券领取。女神节 我们来点不一样的  EMO_太开心 ZEALER全新正品 苹果Apple Watch Series #NUM#顺丰包邮  
告别，手机SIM卡细心的你一定已经发现，近年来SIM卡越来越小。但你绝对没想到，今天，SIM卡从手机里消失了。据广州联通透露，联通今天在上海，天津，广州，深圳，郑州和长沙六个城市率先启动Apple Watch Series 3的eSIM（一号双终端）业务。他将被嵌入手机内部，不再占用大量空间，而且运营商随便切换，今天看不惯移动了，换联通，联通也不合适，换电信，还有各种运营商。简单方便，无需再去营业厅，网上办理即可。http://t.cn/RyXBhZk,告别 手机SIM卡细心的你一定已经发现 近年来SIM卡越来越小。但你绝对没想到 今天 SIM卡从手机里消失了。据广州联通透露 联通今天在上海 天津 广州 深圳 郑州和长沙六个城市率先启动Apple Watch Series #NUM#的eSIM 一号双终端 业务。他将被嵌入手机内部 不再占用大量空间 而且运营商随便切换 今天看不惯移动了 换联通 联通也不合适 换电信 还有各种运营商。简单方便 无需再去营业厅 网上办理即可。
所在城市还不能申请Apple Watch Series 3一号双终端功能。[允悲] ​,所在城市还不能申请Apple Watch Series #NUM#一号双终端功能。 EMO_允悲  
"【别了SIM卡！联通宣布6市启动革命性业务】手机SIM卡这些年来一直在变小。你有没有想过，SIM卡有一天会变“没有”？今天，中国联通重磅宣布，在6城市率先启动Apple Watch Series 3的eSIM(一号双终端)业务。它的普及，将替代手机实体SIM卡，不换号自由切换运营商也将指日可待。SIM卡终究变""没有""？是的！6市率先使用芯片设备 ​", 别了SIM卡 联通宣布#NUM#市启动革命性业务 手机SIM卡这些年来一直在变小。你有没有想过 SIM卡有一天会变“没有” 今天 中国联通重磅宣布 在#NUM#城市率先启动Apple Watch Series #NUM#的eSIM 一号双终端 业务。它的普及 将替代手机实体SIM卡 不换号自由切换运营商也将指日可待。SIM卡终究变 没有  是的 #NUM#市率先使用芯片设备  
#沃•分享#“eSIM一号双终端”业务的开通，广大郑州果粉有福了，能够独立打电话的苹果表终于来了——苹果公司的第三代智能手表产品Apple Watch Series 3(GPS + 蜂窝网络)成为首款支持该业务的终端产品。 ​,“eSIM一号双终端”业务的开通 广大郑州果粉有福了 能够独立打电话的苹果表终于来了——苹果公司的第三代智能手表产品Apple Watch Series #NUM# GPS   蜂窝网络 成为首款支持该业务的终端产品。  
￼￼Apple Watch Series 3智能手表（GPS+蜂窝网络款38毫米 深空灰色铝金属表壳 黑色运动型表带 MQQF2CH/A）2988元 12期白条免息，存入P2P的收益。 ​,  Apple Watch Series #NUM#智能手表 GPS 蜂窝网络款#NUM#毫米 深空灰色铝金属表壳 黑色运动型表带 MQQF#NUM#CH A #NUM#元 #NUM#期白条免息 存入P#NUM#P的收益。  
再见，SIM卡！据广州联通透露，联通今天（3月7日）在上海、天津、广州、深圳、郑州和长沙6城市率先启动Apple Watch Series 3的eSIM(一号双终端)业务。eSIM卡又称嵌入式SIM卡，简单的说就是将传统SIM卡直接嵌入到设备芯片上，而不是作为独立的可移除零部件加入设备中，用户无需像现在一样插入物理SIM卡。传统的Sim卡把用户锁定在一个服务网络中，而内嵌式Sim卡可以使得智能手机、平板电脑或可穿戴设备使用者避免局限在一家运营商的服务中，其可以实现立即切换其他服务网络，且无需更换Sim卡。,再见 SIM卡 据广州联通透露 联通今天 #NUM#月#NUM#日 在上海、天津、广州、深圳、郑州和长沙#NUM#城市率先启动Apple Watch Series #NUM#的eSIM 一号双终端 业务。eSIM卡又称嵌入式SIM卡 简单的说就是将传统SIM卡直接嵌入到设备芯片上 而不是作为独立的可移除零部件加入设备中 用户无需像现在一样插入物理SIM卡。传统的Sim卡把用户锁定在一个服务网络中 而内嵌式Sim卡可以使得智能手机、平板电脑或可穿戴设备使用者避免局限在一家运营商的服务中 其可以实现立即切换其他服务网络 且无需更换Sim卡。
据广州联通透露，联通今天（3月7日）在长沙、上海、天津、广州、深圳、郑州6城市率先启动Apple Watch Series 3的eSIM(一号双终端)业务。 ​,据广州联通透露 联通今天 #NUM#月#NUM#日 在长沙、上海、天津、广州、深圳、郑州#NUM#城市率先启动Apple Watch Series #NUM#的eSIM 一号双终端 业务。  
【苹果手表正式支持中国联通“一号双终端”：6大城市率先开通】3月7日，中国联通举办了“一号双终端，唯沃先行”首发仪式，正式宣布联通国内首发Apple Watch Series 3的eSIM和LTE功能。即日起，在上海、天津、广州、深圳、郑州、长沙6座城市，同时拥有联通卡手机和Apple Watch Series 3的用户，可以去当地的联通营业厅开通“一号双终端”业务。据联通介绍，用户开通该业务只需要添加一个eSIM附属智能设备，让手机和手表共享同一个电话号码和流量套餐即可。http://t.cn/REQEkeM, 苹果手表正式支持中国联通“一号双终端” #NUM#大城市率先开通 #NUM#月#NUM#日 中国联通举办了“一号双终端 唯沃先行”首发仪式 正式宣布联通国内首发Apple Watch Series #NUM#的eSIM和LTE功能。即日起 在上海、天津、广州、深圳、郑州、长沙#NUM#座城市 同时拥有联通卡手机和Apple Watch Series #NUM#的用户 可以去当地的联通营业厅开通“一号双终端”业务。据联通介绍 用户开通该业务只需要添加一个eSIM附属智能设备 让手机和手表共享同一个电话号码和流量套餐即可。
【别了，SIM卡！联通在首批6城市推出一卡双终端业务】据广州联通透露，联通今天在上海、天津、广州、深圳、郑州和长沙6城市率先启动Apple Watch Series 3的eSIM(一号双终端)业务。eSIM卡又称嵌入式SIM卡，简单的说就是将传统SIM卡直接嵌入到设备芯片上，而不是作为独立的可移除零部件加入设备中，用户无需像现在一样插入物理SIM卡。eSIM的出现意味着，只能使用手机进行上网、语音通话的时代即将终结。将会有更多的可穿戴智能设备实现功能独立，上网及电话语音将不再是手机专属。（中国经济网）, 别了 SIM卡 联通在首批#NUM#城市推出一卡双终端业务 据广州联通透露 联通今天在上海、天津、广州、深圳、郑州和长沙#NUM#城市率先启动Apple Watch Series #NUM#的eSIM 一号双终端 业务。eSIM卡又称嵌入式SIM卡 简单的说就是将传统SIM卡直接嵌入到设备芯片上 而不是作为独立的可移除零部件加入设备中 用户无需像现在一样插入物理SIM卡。eSIM的出现意味着 只能使用手机进行上网、语音通话的时代即将终结。将会有更多的可穿戴智能设备实现功能独立 上网及电话语音将不再是手机专属。 中国经济网 
『再见SIM卡，eSIM开始办理』今天，@中国联通宣布eSIM一号双端业务正式开始办理！上海、天津、广州、深圳、郑州、长沙六所城市率先启动业务办理。AppleWatchSeries3（GPS+蜂窝网络版）可以正式使用蜂窝网络服务，保持联络，无需手机在手。 ​, 再见SIM卡 eSIM开始办理 今天   上海、天津、广州、深圳、郑州、长沙六所城市率先启动业务办理。AppleWatchSeries#NUM# GPS 蜂窝网络版 可以正式使用蜂窝网络服务 保持联络 无需手机在手。  
据广州联通透露，联通今天在上海、天津、广州、深圳、郑州和长沙6城市率先启动Apple Watch Series 3的eSIM业务。eSIM卡又称嵌入式SIM卡，就是将传统SIM卡直接嵌入到设备芯片上，无需像现在一样插入物理SIM卡。再过几年，可能真要跟SIM卡说再见了！ ​​​​,据广州联通透露 联通今天在上海、天津、广州、深圳、郑州和长沙#NUM#城市率先启动Apple Watch Series #NUM#的eSIM业务。eSIM卡又称嵌入式SIM卡 就是将传统SIM卡直接嵌入到设备芯片上 无需像现在一样插入物理SIM卡。再过几年 可能真要跟SIM卡说再见了     
#第一播报#【国内首发！中国联通正式启动六城“eSIM一号双终端”业务办理】2018年3月7日，中国联通宣布正式在上海、天津、广州、深圳、郑州、长沙6座城市率先启动“eSIM一号双终端”业务的办理。作为中国联通面向消费互联网时代的创新型通信产品，“eSIM一号双终端”的推出，打破了手机作为唯一移动通信载体的束缚，有效解决了广大用户对于全时、泛在通信的痛点需求，为多场景通话及智能应用提供了可能。你的Apple Watch Series 3(GPS + 蜂窝网络)准备好了吗？http://t.cn/REQ9V8U, 国内首发 中国联通正式启动六城“eSIM一号双终端”业务办理 #NUM#年#NUM#月#NUM#日 中国联通宣布正式在上海、天津、广州、深圳、郑州、长沙#NUM#座城市率先启动“eSIM一号双终端”业务的办理。作为中国联通面向消费互联网时代的创新型通信产品 “eSIM一号双终端”的推出 打破了手机作为唯一移动通信载体的束缚 有效解决了广大用户对于全时、泛在通信的痛点需求 为多场景通话及智能应用提供了可能。你的Apple Watch Series #NUM# GPS   蜂窝网络 准备好了吗 
【再见，SIM卡！刚刚，中国联通重磅宣布！】据广州联通透露，联通今天（3月7日）在上海、天津、广州、深圳、郑州和长沙6城市率先启动Apple Watch Series 3的eSIM(一号双终端)业务。eSIM卡又称嵌入式SIM卡，简单的说就是将传统SIM卡直接嵌入到设备芯片上，而不是作为独立的可移除零部件加入设备中，用户无需像现在一样插入物理SIM卡。传统的Sim卡把用户锁定在一个服务网络中，而内嵌式Sim卡可以使得智能手机、平板电脑或可穿戴设备使用者避免局限在一家运营商的服务中，其可以实现立即切换其他服务网络，且无需更换Sim卡。（21）, 再见 SIM卡 刚刚 中国联通重磅宣布  据广州联通透露 联通今天 #NUM#月#NUM#日 在上海、天津、广州、深圳、郑州和长沙#NUM#城市率先启动Apple Watch Series #NUM#的eSIM 一号双终端 业务。eSIM卡又称嵌入式SIM卡 简单的说就是将传统SIM卡直接嵌入到设备芯片上 而不是作为独立的可移除零部件加入设备中 用户无需像现在一样插入物理SIM卡。传统的Sim卡把用户锁定在一个服务网络中 而内嵌式Sim卡可以使得智能手机、平板电脑或可穿戴设备使用者避免局限在一家运营商的服务中 其可以实现立即切换其他服务网络 且无需更换Sim卡。 #NUM# 
4:AppleWatchSeries338mm苹果手表三代 GPS版本已激活在保两百多天玫瑰金 单机头 1680元（附送表带）有意私询 ​,#NUM# AppleWatchSeries#NUM#mm苹果手表三代 GPS版本已激活在保两百多天玫瑰金 单机头 #NUM#元 附送表带 有意私询  
3:AppleWatchSeries342mm苹果手表三代 GPS版本已激活在保两百多天黑色 单机头 1950元其他配件另算有意私询 ​,#NUM# AppleWatchSeries#NUM#mm苹果手表三代 GPS版本已激活在保两百多天黑色 单机头 #NUM#元其他配件另算有意私询  
联通3月7日在上海、天津、广州、深圳、郑州和长沙6城市率先启动Apple Watch Series 3的eSIM（一号双终端）业务。  手机将告别SIM卡 中国联通宣布在6城市率先试点 ​,联通#NUM#月#NUM#日在上海、天津、广州、深圳、郑州和长沙#NUM#城市率先启动Apple Watch Series #NUM#的eSIM 一号双终端 业务。 手机将告别SIM卡 中国联通宣布在#NUM#城市率先试点  
3月 7 日起，上海、天津、广州、深圳、郑州和长沙 6 城市正式启动了Apple Watch Series 3的 eSIM 业务。与此同时，伴随着ApplePay 逐渐深入更多城市的地铁公交系统，相信AppleWatch在日常生活中的使用率将会得到大幅度的提升，值得期待~ ​,#NUM#月 #NUM# 日起 上海、天津、广州、深圳、郑州和长沙 #NUM# 城市正式启动了Apple Watch Series #NUM#的 eSIM 业务。与此同时 伴随着ApplePay 逐渐深入更多城市的地铁公交系统 相信AppleWatch在日常生活中的使用率将会得到大幅度的提升 值得期待   
手机将告别SIM卡 中国联通宣布在6城市率先试点广州联通透露，联通今天（3月7日）在上海、天津、广州、深圳、郑州和长沙6城市率先启动Apple Watch Series 3 的eSIM（一号双终端）业务。什么是eSIM？eSIM卡又称嵌入式SIM卡，简单的说就是将传统SIM卡直接嵌入到设备芯片上，而不是作为独立的可移除零部件加入设备中，用户无需像现在一样插入物理SIM卡。eSIM的普及，也将逐渐替代手机实体SIM卡的存在，用户可实现不换号自由切换运营商的便捷性也将指日可待。如日中天的移动、联通、电信将由通讯运营商，将变为终端服务商。,手机将告别SIM卡 中国联通宣布在#NUM#城市率先试点广州联通透露 联通今天 #NUM#月#NUM#日 在上海、天津、广州、深圳、郑州和长沙#NUM#城市率先启动Apple Watch Series #NUM# 的eSIM 一号双终端 业务。什么是eSIM eSIM卡又称嵌入式SIM卡 简单的说就是将传统SIM卡直接嵌入到设备芯片上 而不是作为独立的可移除零部件加入设备中 用户无需像现在一样插入物理SIM卡。eSIM的普及 也将逐渐替代手机实体SIM卡的存在 用户可实现不换号自由切换运营商的便捷性也将指日可待。如日中天的移动、联通、电信将由通讯运营商 将变为终端服务商。
Apple Watch Series 3蜂窝网络终于可以用啦！前提是……Apple Watch Series 3蜂窝网络终于可以用啦！前提是…… ​,Apple Watch Series #NUM#蜂窝网络终于可以用啦 前提是。Apple Watch Series #NUM#蜂窝网络终于可以用啦 前提是。  
【别了，SIM卡！刚刚，中国联通重磅宣布！】联通今天（3月7日）在上海、天津、广州、深圳、郑州和长沙6城市率先启动Apple Watch Series 3的eSIM(一号双终端)业务。eSIM卡又称嵌入式SIM卡，简单的说就是将传统SIM卡直接嵌入到设备芯片上，而不是作为独立的可移除零部件加入设备中，用户无需像现在一样插入物理SIM卡。传统的Sim卡把用户锁定在一个服务网络中，而内嵌式Sim卡可以使得智能手机、平板电脑或可穿戴设备使用者避免局限在一家运营商的服务中，其可以实现立即切换其他服务网络，且无需更换Sim卡。eSIM的出现意味着，只能使用手机进行上网、语音通话的时代即将终结。将会有更多的可穿戴智能设备实现功能独立，上网及电话语音将不再是手机专属。而eSIM的普及，也将逐渐替代手机实体SIM卡的存在，用户可实现不换号自由切换运营商的便捷性也将指日可待。如日中天的移动、联通、电信将由通讯运营商，将变为终端服务商。http://t.cn/REQpjQ4, 别了 SIM卡 刚刚 中国联通重磅宣布  联通今天 #NUM#月#NUM#日 在上海、天津、广州、深圳、郑州和长沙#NUM#城市率先启动Apple Watch Series #NUM#的eSIM 一号双终端 业务。eSIM卡又称嵌入式SIM卡 简单的说就是将传统SIM卡直接嵌入到设备芯片上 而不是作为独立的可移除零部件加入设备中 用户无需像现在一样插入物理SIM卡。传统的Sim卡把用户锁定在一个服务网络中 而内嵌式Sim卡可以使得智能手机、平板电脑或可穿戴设备使用者避免局限在一家运营商的服务中 其可以实现立即切换其他服务网络 且无需更换Sim卡。eSIM的出现意味着 只能使用手机进行上网、语音通话的时代即将终结。将会有更多的可穿戴智能设备实现功能独立 上网及电话语音将不再是手机专属。而eSIM的普及 也将逐渐替代手机实体SIM卡的存在 用户可实现不换号自由切换运营商的便捷性也将指日可待。如日中天的移动、联通、电信将由通讯运营商 将变为终端服务商。
Apple苹果Apple Watch Series 3智能手表 蜂窝网络版 黑色38mm 送硅胶运动腕带新低￥2988包邮 可12期免息|目前蜂窝网络功能已上线，目前京东商城黑色38mm售价￥2988包邮，同时赠送硅胶运动腕带，同时支持12期白条免息，喜欢的菜友不要错过。苹果正式发布Ahttp://t.cn/REQCgAY​,Apple苹果Apple Watch Series #NUM#智能手表 蜂窝网络版 黑色#NUM#mm 送硅胶运动腕带新低 #NUM#包邮 可#NUM#期免息 目前蜂窝网络功能已上线 目前京东商城黑色#NUM#mm售价 #NUM#包邮 同时赠送硅胶运动腕带 同时支持#NUM#期白条免息 喜欢的菜友不要错过。苹果正式发布A
#郑州生活#【别了，SIM卡！刚刚，中国联通重磅宣布！[并不简单]】你有没有想过SIM卡有一天会变“没有”？据广州联通透露，联通今天（3月7日）在上海、天津、广州、深圳、郑州和长沙6城市率先启动Apple Watch Series 3的eSIM(一号双终端)业务。[吃瓜]eSIM卡又称嵌入式SIM卡，用户无需像现在一样插入物理SIM卡。目前，苹果，三星、华为等科技巨头已经在为eSIM研发相应的智能产品。在全球范围内，eSIM卡的市场渗透率在2022年将达到50%。[太开心]再过几年，可能真要跟SIM卡说再见了！, 别了 SIM卡 刚刚 中国联通重磅宣布  EMO_并不简单  你有没有想过SIM卡有一天会变“没有” 据广州联通透露 联通今天 #NUM#月#NUM#日 在上海、天津、广州、深圳、郑州和长沙#NUM#城市率先启动Apple Watch Series #NUM#的eSIM 一号双终端 业务。 EMO_吃瓜 eSIM卡又称嵌入式SIM卡 用户无需像现在一样插入物理SIM卡。目前 苹果 三星、华为等科技巨头已经在为eSIM研发相应的智能产品。在全球范围内 eSIM卡的市场渗透率在#NUM#年将达到#NUM# 。 EMO_太开心 再过几年 可能真要跟SIM卡说再见了 
#组装生活#据广州联通透露，联通今天（3月7日）在上海、天津、广州、深圳、郑州和长沙6城市率先启动Apple Watch Series 3的eSIM业务。物理SIM卡慢慢要退出历史舞台了吗？在全球范围内，预计eSIM卡的市场渗透率在2022年将达到50%。[太开心]再过几年，可能真要跟SIM卡说再见了！ 淄博·山东理工大学 ​,据广州联通透露 联通今天 #NUM#月#NUM#日 在上海、天津、广州、深圳、郑州和长沙#NUM#城市率先启动Apple Watch Series #NUM#的eSIM业务。物理SIM卡慢慢要退出历史舞台了吗 在全球范围内 预计eSIM卡的市场渗透率在#NUM#年将达到#NUM# 。 EMO_太开心 再过几年 可能真要跟SIM卡说再见了  淄博 山东理工大学  
【你的AppleWatch蜂窝网络版可以打电话啦！】Apple Watch Series 3GPS+蜂窝网络版 低至2988元， 享京东白条12期免息！http://t.cn/REQSDuL​, 你的AppleWatch蜂窝网络版可以打电话啦  Apple Watch Series #NUM#GPS 蜂窝网络版 低至#NUM#元  享京东白条#NUM#期免息 
【别了，SIM卡！刚刚，中国联通重磅宣布！】你有没有想过SIM卡有一天会变“没有”？据广州联通透露，联通今天（3月7日）在上海、天津、广州、深圳、郑州和长沙6城市率先启动Apple Watch Series 3的eSIM(一号双终端)业务。[吃瓜]eSIM卡又称嵌入式SIM卡，用户无需像现在一样插入物理SIM卡。（中国经济网）http://t.cn/R2V9AM8, 别了 SIM卡 刚刚 中国联通重磅宣布  你有没有想过SIM卡有一天会变“没有” 据广州联通透露 联通今天 #NUM#月#NUM#日 在上海、天津、广州、深圳、郑州和长沙#NUM#城市率先启动Apple Watch Series #NUM#的eSIM 一号双终端 业务。 EMO_吃瓜 eSIM卡又称嵌入式SIM卡 用户无需像现在一样插入物理SIM卡。 中国经济网 
Apple Watch Series 3美版第三代 蜂窝版 12月/1月份激活表头38mm 金色/黑色1600表头42mm 金色/1850如果需要原装数据线+180 ​,Apple Watch Series #NUM#美版第三代 蜂窝版 #NUM#月 #NUM#月份激活表头#NUM#mm 金色 黑色#NUM#表头#NUM#mm 金色 #NUM#如果需要原装数据线 #NUM#  
[挖鼻]Apple Watch series 3支持蜂窝网络了 ​,EMO_挖鼻 Apple Watch series #NUM#支持蜂窝网络了  
你有没有想过，SIM卡有一天会变“没有”？据广州联通透露，联通今天在上海、天津、广州、深圳、郑州和长沙6城市率先启动Apple Watch Series 3的eSIM业务。eSIM卡又称嵌入式SIM卡，就是将传统SIM卡直接嵌入到设备芯片上，无需像现在一样插入物理SIM卡。再过几年，可能真要跟SIM卡说再见了！ ​,你有没有想过 SIM卡有一天会变“没有” 据广州联通透露 联通今天在上海、天津、广州、深圳、郑州和长沙#NUM#城市率先启动Apple Watch Series #NUM#的eSIM业务。eSIM卡又称嵌入式SIM卡 就是将传统SIM卡直接嵌入到设备芯片上 无需像现在一样插入物理SIM卡。再过几年 可能真要跟SIM卡说再见了   
【别了，SIM卡！刚刚，中国联通重磅宣布！】你有没有想过，SIM卡有一天会变“没有”？据广州联通透露，联通今天（3月7日）在上海、天津、广州、深圳、郑州和长沙6城市率先启动Apple Watch Series 3的eSIM(一号双终端)业务。eSIM卡又称嵌入式SIM卡，简单的说就是将传统SIM卡直接嵌入到设备芯片上，而不是作为独立的可移除零部件加入设备中，用户无需像现在一样插入物理SIM卡。, 别了 SIM卡 刚刚 中国联通重磅宣布  你有没有想过 SIM卡有一天会变“没有” 据广州联通透露 联通今天 #NUM#月#NUM#日 在上海、天津、广州、深圳、郑州和长沙#NUM#城市率先启动Apple Watch Series #NUM#的eSIM 一号双终端 业务。eSIM卡又称嵌入式SIM卡 简单的说就是将传统SIM卡直接嵌入到设备芯片上 而不是作为独立的可移除零部件加入设备中 用户无需像现在一样插入物理SIM卡。
Apple Watch Series 3中国联通 eSIM业务 短信、电话以及绿色应用初步测试如下：1.手表可以接打 这个问题不大 如果出现只能打不能接情况可以多等一下 后台系统可能还没完事 或者联系联通客服解决2.在短信问题上   如果只有手表联网 iPhone关闭蓝牙和Wi-Fi、蜂窝数据 手表不会有任何提醒 也无法发送短信 如果想要接收和发送短信必须iPhone处在开机且联网状态 原理应该是通过iMessage功能实现（但是有点延迟）3.绿色应用在iPhone开机和联网状态下能够收到消息 也能正常回复消息 而在只有手表联网下 手表不会收到消息提醒 只有手动加载消息列表才能看到消息 但好处是能正常回复消息4.手表联网状态下 iPhone也在联网状态下 iPhone上的应用提醒在手表上也能得到提醒总结：开通eSIM业务后能够大胆“独立”使用手表 但这种“独立”建立在 iPhone 开机并且联网（Wi-Fi和数据）,Apple Watch Series #NUM#中国联通 eSIM业务 短信、电话以及绿色应用初步测试如下 #NUM# 手表可以接打 这个问题不大 如果出现只能打不能接情况可以多等一下 后台系统可能还没完事 或者联系联通客服解决#NUM# 在短信问题上 如果只有手表联网 iPhone关闭蓝牙和Wi-Fi、蜂窝数据 手表不会有任何提醒 也无法发送短信 如果想要接收和发送短信必须iPhone处在开机且联网状态 原理应该是通过iMessage功能实现 但是有点延迟 #NUM# 绿色应用在iPhone开机和联网状态下能够收到消息 也能正常回复消息 而在只有手表联网下 手表不会收到消息提醒 只有手动加载消息列表才能看到消息 但好处是能正常回复消息#NUM# 手表联网状态下 iPhone也在联网状态下 iPhone上的应用提醒在手表上也能得到提醒总结 开通eSIM业务后能够大胆“独立”使用手表 但这种“独立”建立在 iPhone 开机并且联网 Wi-Fi和数据 
时间：2018年3月7日9:00地标：上海联通陆家嘴营业厅联通率先开通Apple Watch Series 3eSIM移动蜂窝网络功能自此以后 解开束缚Apple Watch Series 3单飞！！！#上海首发发布会##一号双终端 唯沃先行#上海·中国联通陆家嘴营业厅 ​,时间 #NUM#年#NUM#月#NUM#日#NUM# #NUM#地标 上海联通陆家嘴营业厅联通率先开通Apple Watch Series #NUM#eSIM移动蜂窝网络功能自此以后 解开束缚Apple Watch Series #NUM#单飞！ 一号双终端 唯沃先行 上海 中国联通陆家嘴营业厅  
别了 SIM卡！刚刚 中国联通重磅宣布！9 来源：中国经济网 2018-03-07 08:03:40中性意见反馈你有没有想过 SIM卡有一天会变“没有”？据广州联通透露，联通今天(3月7日)在上海、天津、广州、深圳、郑州和长沙6城市率先启动Apple Watch Series 3的eSIM(一号双终端)业务。 ​,别了 SIM卡 刚刚 中国联通重磅宣布 #NUM# 来源 中国经济网 #NUM#-#NUM#-#NUM# #NUM# #NUM# #NUM#中性意见反馈你有没有想过 SIM卡有一天会变“没有” 据广州联通透露 联通今天 #NUM#月#NUM#日 在上海、天津、广州、深圳、郑州和长沙#NUM#城市率先启动Apple Watch Series #NUM#的eSIM 一号双终端 业务。  
来，已经开通了Apple Watch Series 3蜂窝数据功能的同学来说说使用体验？ ​,来 已经开通了Apple Watch Series #NUM#蜂窝数据功能的同学来说说使用体验   
【别了，SIM卡！刚刚，中国联通重磅宣布！】每个人的手机里都躺着一张SIM卡，这些年来它一直在变小，你有没有想过SIM卡有一天会变“没有”？据广州联通透露，联通今天（3月7日）在上海、天津、广州、深圳、郑州和长沙6城市率先启动Apple Watch Series 3的eSIM(一号双终端)业务。别了，SIM卡！刚刚，中国联通重磅宣布！ ​, 别了 SIM卡 刚刚 中国联通重磅宣布  每个人的手机里都躺着一张SIM卡 这些年来它一直在变小 你有没有想过SIM卡有一天会变“没有” 据广州联通透露 联通今天 #NUM#月#NUM#日 在上海、天津、广州、深圳、郑州和长沙#NUM#城市率先启动Apple Watch Series #NUM#的eSIM 一号双终端 业务。别了 SIM卡 刚刚 中国联通重磅宣布   
中国联通用户可以使用苹果Apple Watch Series 3接打电话了。@中国移动你什么时候开通esim[笑而不语] ​,中国联通用户可以使用苹果Apple Watch Series #NUM#接打电话了。 EMO_笑而不语  
广州联通前几天发通知说从今天起可在上海、天津、广州、深圳、郑州和长沙 6 城市办理Apple Watch Series 3的 eSIM 业务，有打算去办理的小伙伴吗？记得跟大家分享一下。 ​,广州联通前几天发通知说从今天起可在上海、天津、广州、深圳、郑州和长沙 #NUM# 城市办理Apple Watch Series #NUM#的 eSIM 业务 有打算去办理的小伙伴吗 记得跟大家分享一下。  
Apple Watch Series 3蜂窝数据已经可以在上海、深圳、广州、武汉、郑州、长沙、天津办理了，在用这几个归属地城市联通号的同学可以办理试试看[doge]有办理成功的吗？来分享一下？[doge] ​,Apple Watch Series #NUM#蜂窝数据已经可以在上海、深圳、广州、武汉、郑州、长沙、天津办理了 在用这几个归属地城市联通号的同学可以办理试试看 EMO_doge 有办理成功的吗 来分享一下  EMO_doge  
闲鱼神贴·Apple Watch Series 3苹果手表#闲鱼神贴·Apple Watch Series 3 苹果手表#来闲鱼，发现更多闲置超值好物#http://t.cn/REHNyxg​,闲鱼神贴 Apple Watch Series #NUM#苹果手表 闲鱼神贴 Apple Watch Series #NUM# 苹果手表
3月7日起，2018年12月31日24：00前在郑州联通自有营业厅办理“eSIM一号双终端”业务的用户可享受免13个月（含办理当月）业务月功能费和开通费。二、购买AppleWatchSeries3同时开通eSIM“一号双终端”业务的用户，可享受直降180元的优惠。 ​,#NUM#月#NUM#日起 #NUM#年#NUM#月#NUM#日#NUM# #NUM#前在郑州联通自有营业厅办理“eSIM一号双终端”业务的用户可享受免#NUM#个月 含办理当月 业务月功能费和开通费。二、购买AppleWatchSeries#NUM#同时开通eSIM“一号双终端”业务的用户 可享受直降#NUM#元的优惠。  
5:AppleWatchSeries338mm黑色 Nike表带1580元 具体私询 ​,#NUM# AppleWatchSeries#NUM#mm黑色 Nike表带#NUM#元 具体私询  
【AppleWatch销量翻番，Q4卖出800万支】根据IDC机构的调查数据显示，苹果最新一代Apple Watch Series 3智能手表的销量持续飙高，截止2017年第四季度的全球出货量总计达800万台，继续领跑全球销量最高的可穿戴设备。 从IDC显示的数据中看出，2017年第四季度Apple Watch Series 3占全球智能手表出货量的61%，而其余的智能手表份额只能沾到个位数百分比甚至更低。http://t.cn/REWL4Xt, AppleWatch销量翻番 Q#NUM#卖出#NUM#万支 根据IDC机构的调查数据显示 苹果最新一代Apple Watch Series #NUM#智能手表的销量持续飙高 截止#NUM#年第四季度的全球出货量总计达#NUM#万台 继续领跑全球销量最高的可穿戴设备。 从IDC显示的数据中看出 #NUM#年第四季度Apple Watch Series #NUM#占全球智能手表出货量的#NUM#  而其余的智能手表份额只能沾到个位数百分比甚至更低。
【smart fortwo特别版上市 售价18.6888万】3月1日，smart fortwo黑耀炎特别版正式上市。新车官方指导售价为18.6888万元，全国限量50台。同时官方还为购买该车的客户带来了由Apple watch series 3智能手表的专属限量礼包。 ​, smart fortwo特别版上市 售价#NUM# #NUM#万 #NUM#月#NUM#日 smart fortwo黑耀炎特别版正式上市。新车官方指导售价为#NUM# #NUM#万元 全国限量#NUM#台。同时官方还为购买该车的客户带来了由Apple watch series #NUM#智能手表的专属限量礼包。  
终于来了！我期待已久的applewatchseries3入手的时间越来越近了！合肥赶紧纳入试运行啊！http://t.cn/REWgNX8​,终于来了 我期待已久的applewatchseries#NUM#入手的时间越来越近了 合肥赶紧纳入试运行啊 
根据IDC机构的调查数据显示，苹果最新一代Apple Watch Series 3智能手表的销量持续飙高，截止2017年第四季度的全球出货量总计达800万台，继续领跑全球销量最高的可穿戴设备。AppleWatch销量翻番 Q4卖出800万支 ​,根据IDC机构的调查数据显示 苹果最新一代Apple Watch Series #NUM#智能手表的销量持续飙高 截止#NUM#年第四季度的全球出货量总计达#NUM#万台 继续领跑全球销量最高的可穿戴设备。AppleWatch销量翻番 Q#NUM#卖出#NUM#万支  
【联通将于3月7日试点AppleWatcheSIM业务】3月4日，广州联通发布官方消息称，将于3月7日于上海、天津、广州、深圳、郑州和长沙6个城市率先启动Apple Watch Series 3的eSIM（一号双终端）业务，预示着中国用户可以使用苹果Apple Watch Series 3接打电话。 ​, 联通将于#NUM#月#NUM#日试点AppleWatcheSIM业务 #NUM#月#NUM#日 广州联通发布官方消息称 将于#NUM#月#NUM#日于上海、天津、广州、深圳、郑州和长沙#NUM#个城市率先启动Apple Watch Series #NUM#的eSIM 一号双终端 业务 预示着中国用户可以使用苹果Apple Watch Series #NUM#接打电话。  
#eSIM卡#《中国联通抢到eSIM首发权：iPhone+AppleWatch，可实现一号双终端》 今天上午（3月4日），中国联通-广州联通正式宣布：将于3月7日于上海、天津、广州、深圳、郑州和长沙 6 城市率先启动Apple Watch Series 3的 eSIM（一号双终端）业务。该消息的发布，也就预示着中国用户终于可以在Apple Watch Series 3上面开通eSIM卡功能，不仅可以独立开通新的手机号码，同时也可以开通一号双终端业务，从而实现手机+手表共用一个号码接打电话，共享一个移动套餐。#AppleWatch#http://t.cn/REWWewZ, 中国联通抢到eSIM首发权 iPhone AppleWatch 可实现一号双终端  今天上午 #NUM#月#NUM#日  中国联通-广州联通正式宣布 将于#NUM#月#NUM#日于上海、天津、广州、深圳、郑州和长沙 #NUM# 城市率先启动Apple Watch Series #NUM#的 eSIM 一号双终端 业务。该消息的发布 也就预示着中国用户终于可以在Apple Watch Series #NUM#上面开通eSIM卡功能 不仅可以独立开通新的手机号码 同时也可以开通一号双终端业务 从而实现手机 手表共用一个号码接打电话 共享一个移动套餐。
购买Apple Watch Series 3的联通用户看过来，联通eSIM 一号多终端将于3月7日开通。首批地址：上海、深圳、广州、武汉、长沙、郑州、天津 ​,购买Apple Watch Series #NUM#的联通用户看过来 联通eSIM 一号多终端将于#NUM#月#NUM#日开通。首批地址 上海、深圳、广州、武汉、长沙、郑州、天津  
联通将于3月7日于上海、天津、广州、深圳、郑州和长沙6城市率先启动Apple Watch Series 3的eSIM业务，预示着以上6个城市用户将可以率先使用苹果Apple Watch Series 3接打电话。苹果将于今年9月份发布这款产品。一度蜜点评eSIM卡是一种进步，但携号转网才是我们真正渴望的。 ​,联通将于#NUM#月#NUM#日于上海、天津、广州、深圳、郑州和长沙#NUM#城市率先启动Apple Watch Series #NUM#的eSIM业务 预示着以上#NUM#个城市用户将可以率先使用苹果Apple Watch Series #NUM#接打电话。苹果将于今年#NUM#月份发布这款产品。一度蜜点评eSIM卡是一种进步 但携号转网才是我们真正渴望的。  
#数码闲谈#广州联通将于 3 月 7 日于上海、天津、广州、深圳、郑州和长沙 6 城市率先启动 Apple Watch Series 3 的 eSIM（一号双终端）业务，也就是说，苹果 Apple Watch Series 3 可以接打电话了。eSIM业务才能让智能手表发挥更好用途。 ​,广州联通将于 #NUM# 月 #NUM# 日于上海、天津、广州、深圳、郑州和长沙 #NUM# 城市率先启动 Apple Watch Series #NUM# 的 eSIM 一号双终端 业务 也就是说 苹果 Apple Watch Series #NUM# 可以接打电话了。eSIM业务才能让智能手表发挥更好用途。  
广州联通将于3月7日在上海、天津、广州等6城市率先启动AppleWatchSeries3的eSIM（一号双终端）业务，预示中国用户可以使用苹果AppleWatchSeries3接打电话。 泰安·粥店街区 ​,广州联通将于#NUM#月#NUM#日在上海、天津、广州等#NUM#城市率先启动AppleWatchSeries#NUM#的eSIM 一号双终端 业务 预示中国用户可以使用苹果AppleWatchSeries#NUM#接打电话。 泰安 粥店街区  
广州联通的通知，Apple Watch Series 3蜂窝数据 eSIM 服务将在3月 7 日正式开启业务受理，首发 6 座城市分别是上海、天津、广州、深圳、郑州、长沙。 ​,广州联通的通知 Apple Watch Series #NUM#蜂窝数据 eSIM 服务将在#NUM#月 #NUM# 日正式开启业务受理 首发 #NUM# 座城市分别是上海、天津、广州、深圳、郑州、长沙。  
中国联通将于3月7日开通6城市eSIM业务广州联通发布官方消息称，将于3月 7 日于上海、天津、广州、深圳、郑州和长沙 6 城市率先启动Apple Watch Series 3的 eSIM（一号双终端）业务，预示着中国用户终于可以使用苹果Apple Watch Series 3接打电话了。 ​,中国联通将于#NUM#月#NUM#日开通#NUM#城市eSIM业务广州联通发布官方消息称 将于#NUM#月 #NUM# 日于上海、天津、广州、深圳、郑州和长沙 #NUM# 城市率先启动Apple Watch Series #NUM#的 eSIM 一号双终端 业务 预示着中国用户终于可以使用苹果Apple Watch Series #NUM#接打电话了。  
联通将于3月7日试点AppleWatcheSIM业务。Apple Watch Series 3于今年9月份正式发布，可实现独立拨打电话、接听电话的功能，蜂窝网络版支持支持蜂窝数据，能够脱离iPhone直接使用。 ​,联通将于#NUM#月#NUM#日试点AppleWatcheSIM业务。Apple Watch Series #NUM#于今年#NUM#月份正式发布 可实现独立拨打电话、接听电话的功能 蜂窝网络版支持支持蜂窝数据 能够脱离iPhone直接使用。  
3月7日这个上海、天津、广州、深圳、郑州和长沙 6 城市启动Apple Watch Series 3的 eSIM业务。这个esim就是给手机号码开通一个附属的智能设备可以和手机共用一个号码和套餐，开通这个esim之后支持这个功能的苹果手表可以脱离手机独立完成上网和通话功能，让苹果手表变成真正的智能手表。 ​,#NUM#月#NUM#日这个上海、天津、广州、深圳、郑州和长沙 #NUM# 城市启动Apple Watch Series #NUM#的 eSIM业务。这个esim就是给手机号码开通一个附属的智能设备可以和手机共用一个号码和套餐 开通这个esim之后支持这个功能的苹果手表可以脱离手机独立完成上网和通话功能 让苹果手表变成真正的智能手表。  
等了半年，广州联通官方发布eSIM卡来了，3月 7 日于上海、天津、广州、深圳、郑州和长沙 6 城市开始受理Apple Watch Series 3的 eSIM业务。然而，再等半年，等AppleWatchSeries4发布（万一不兼容就GG了） ​,等了半年 广州联通官方发布eSIM卡来了 #NUM#月 #NUM# 日于上海、天津、广州、深圳、郑州和长沙 #NUM# 城市开始受理Apple Watch Series #NUM#的 eSIM业务。然而 再等半年 等AppleWatchSeries#NUM#发布 万一不兼容就GG了   
等待许久，eSIM 卡来了。广州联通官方发布消息称，3月 7 日于上海、天津、广州、深圳、郑州和长沙 6 城市率先启动Apple Watch Series 3的 eSIM（一号双终端）业务，其他城市就... ​,等待许久 eSIM 卡来了。广州联通官方发布消息称 #NUM#月 #NUM# 日于上海、天津、广州、深圳、郑州和长沙 #NUM# 城市率先启动Apple Watch Series #NUM#的 eSIM 一号双终端 业务 其他城市就。  
当手表有了手机的功能！会发生什么事！你会放弃手机只带一个手表吗？毕竟手机比手表大很多的说！Apple Watch Series 3可开通独立蜂窝移动通信功能啦！目前只有联通可以受理哦！ ​​​​3月7日，郑州首发！敬请期待！ ​,当手表有了手机的功能 会发生什么事 你会放弃手机只带一个手表吗 毕竟手机比手表大很多的说 Apple Watch Series #NUM#可开通独立蜂窝移动通信功能啦 目前只有联通可以受理哦     #NUM#月#NUM#日 郑州首发 敬请期待   
中国联通将于3月7日开通6城市AppleWatcheSIM业务，包含上海、天津、广州、深圳、郑州和长沙 ，这预示着中国用户可以使用苹果Apple Watch Series 3接打电话。@中国联通​,中国联通将于#NUM#月#NUM#日开通#NUM#城市AppleWatcheSIM业务 包含上海、天津、广州、深圳、郑州和长沙  这预示着中国用户可以使用苹果Apple Watch Series #NUM#接打电话。  
广州联通的通知，Apple Watch Series 3蜂窝数据 eSIM 服务将在3月 7 日正式开启业务受理，首发 6 座城市分别是上海、天津、广州、深圳、郑州、长沙。重庆，成都，没搞……[允悲][允悲][允悲] ​,广州联通的通知 Apple Watch Series #NUM#蜂窝数据 eSIM 服务将在#NUM#月 #NUM# 日正式开启业务受理 首发 #NUM# 座城市分别是上海、天津、广州、深圳、郑州、长沙。重庆 成都 没搞。 EMO_允悲 EMO_允悲 EMO_允悲  
【中国联通将于3月7日开通6城市AppleWatcheSIM业务】广州联通日前发布官方消息称，将于3月7日于上海、天津、广州、深圳、郑州和长沙 6 城市率先启动Apple Watch Series 3的 eSIM（一号双终端）业务，预示着中国用户可以使用苹果Apple Watch Series 3接打电话。via 经济日报 ​, 中国联通将于#NUM#月#NUM#日开通#NUM#城市AppleWatcheSIM业务 广州联通日前发布官方消息称 将于#NUM#月#NUM#日于上海、天津、广州、深圳、郑州和长沙 #NUM# 城市率先启动Apple Watch Series #NUM#的 eSIM 一号双终端 业务 预示着中国用户可以使用苹果Apple Watch Series #NUM#接打电话。via 经济日报  
【中国联通将于3月7日开通6城市AppleWatcheSIM业务】广州联通发布官方消息称，将于3月7日于上海、天津、广州、深圳、郑州和长沙 6 城市率先启动Apple Watch Series 3的 eSIM（一号双终端）业务，预示着中国用户可以使用苹果Apple Watch Series 3接打电话。 ​, 中国联通将于#NUM#月#NUM#日开通#NUM#城市AppleWatcheSIM业务 广州联通发布官方消息称 将于#NUM#月#NUM#日于上海、天津、广州、深圳、郑州和长沙 #NUM# 城市率先启动Apple Watch Series #NUM#的 eSIM 一号双终端 业务 预示着中国用户可以使用苹果Apple Watch Series #NUM#接打电话。  
【中国联通将于3月7日开通6城市AppleWatcheSIM业务】广州联通日前发布官方消息称，将于3月7日于上海、天津、广州、深圳、郑州和长沙 6 城市率先启动Apple Watch Series 3的 eSIM（一号双终端）业务，预示着中国用户可以使用苹果Apple Watch Series 3接打电话。中国联通eSIM广州、深圳3月7日同步首发，AppleWatch能打电话了！ ​, 中国联通将于#NUM#月#NUM#日开通#NUM#城市AppleWatcheSIM业务 广州联通日前发布官方消息称 将于#NUM#月#NUM#日于上海、天津、广州、深圳、郑州和长沙 #NUM# 城市率先启动Apple Watch Series #NUM#的 eSIM 一号双终端 业务 预示着中国用户可以使用苹果Apple Watch Series #NUM#接打电话。中国联通eSIM广州、深圳#NUM#月#NUM#日同步首发 AppleWatch能打电话了   
心心念念的 eSIM 卡终于来了！3月 7 日起，上海、天津、广州、深圳、郑州和长沙 6 城市正式启动了Apple Watch Series 3的 eSIM（一号双终端）业务。[二哈] ​,心心念念的 eSIM 卡终于来了 #NUM#月 #NUM# 日起 上海、天津、广州、深圳、郑州和长沙 #NUM# 城市正式启动了Apple Watch Series #NUM#的 eSIM 一号双终端 业务。 EMO_二哈  
广州联通发布官方消息称，将于3月 7 日于上海、天津、广州、深圳、郑州和长沙 6 城市率先启动Apple Watch Series 3的 eSIM（一号双终端）业务，预示着中国用户终于可以使用苹果Apple Watch Series 3接打电话了。 ​,广州联通发布官方消息称 将于#NUM#月 #NUM# 日于上海、天津、广州、深圳、郑州和长沙 #NUM# 城市率先启动Apple Watch Series #NUM#的 eSIM 一号双终端 业务 预示着中国用户终于可以使用苹果Apple Watch Series #NUM#接打电话了。  
【中国联通将于3月7日开通6城市AppleWatcheSIM业务】广州联通发布官方消息称，将于3月 7 日于上海、天津、广州、深圳、郑州和长沙 6 城市率先启动Apple Watch Series 3的 eSIM（一号双终端）业务，预示着中国用户终于可以使用苹果AppleWa...http://t.cn/RE0xp4a​, 中国联通将于#NUM#月#NUM#日开通#NUM#城市AppleWatcheSIM业务 广州联通发布官方消息称 将于#NUM#月 #NUM# 日于上海、天津、广州、深圳、郑州和长沙 #NUM# 城市率先启动Apple Watch Series #NUM#的 eSIM 一号双终端 业务 预示着中国用户终于可以使用苹果AppleWa。
【中国联通将于3月7日开通6城市AppleWatcheSIM业务】广州联通发布官方消息称，将于3月 7 日于上海、天津、广州、深圳、郑州和长沙 6 城市率先启动Apple Watch Series 3的 eSIM（一号双终端）业务，预示着中国用户终于可以使用苹果Apple Watch Series 3接打电话了。Apple Watch Series 3 自去年发布以来，虽然可以在国内购买，但国内三大运营商一直没有为其开通 eSIM 业务。其中中国联通在首发时曾承诺将为 Apple Watch 提供 eSIM 一号双终端业务，但一直拖到 3 月份才正式到来。虽然目前全国只有 6 个城市的用户可参与，但也传达了一个积极的信号，希望中国移动和中国电信也尽快开通此类业务，让更多的苹果用户能够尽快用上这一便利的功能。, 中国联通将于#NUM#月#NUM#日开通#NUM#城市AppleWatcheSIM业务 广州联通发布官方消息称 将于#NUM#月 #NUM# 日于上海、天津、广州、深圳、郑州和长沙 #NUM# 城市率先启动Apple Watch Series #NUM#的 eSIM 一号双终端 业务 预示着中国用户终于可以使用苹果Apple Watch Series #NUM#接打电话了。Apple Watch Series #NUM# 自去年发布以来 虽然可以在国内购买 但国内三大运营商一直没有为其开通 eSIM 业务。其中中国联通在首发时曾承诺将为 Apple Watch 提供 eSIM 一号双终端业务 但一直拖到 #NUM# 月份才正式到来。虽然目前全国只有 #NUM# 个城市的用户可参与 但也传达了一个积极的信号 希望中国移动和中国电信也尽快开通此类业务 让更多的苹果用户能够尽快用上这一便利的功能。
中国联通(香港) CHU 联通将于3月7日于上海、天津、广州、深圳、郑州和长沙6城市率先启动Apple Watch Series 3的eSIM（一号双终端）业务联通将于3月7日试点AppleWatcheSIM业务 ​,中国联通 香港  CHU 联通将于#NUM#月#NUM#日于上海、天津、广州、深圳、郑州和长沙#NUM#城市率先启动Apple Watch Series #NUM#的eSIM 一号双终端 业务联通将于#NUM#月#NUM#日试点AppleWatcheSIM业务  
Apple Watch Series 3蜂窝数据 eSIM 服务将在3月 7 日正式开启业务受理，能办理业务的城市分别是上海、天津、广州、深圳、郑州、长沙，目前仅6个城市可以，北京居然没在首发名单，是不是有点神奇[偷乐] ​,Apple Watch Series #NUM#蜂窝数据 eSIM 服务将在#NUM#月 #NUM# 日正式开启业务受理 能办理业务的城市分别是上海、天津、广州、深圳、郑州、长沙 目前仅#NUM#个城市可以 北京居然没在首发名单 是不是有点神奇 EMO_偷乐  
【中国联通将于3月7日开通6城市AppleWatcheSIM业务】广州联通发布官方消息称，将于3月7日于上海、天津、广州、深圳、郑州和长沙 6 城市率先启动Apple Watch Series 3的 eSIM（一号双终端）业务，预示着中国用户可以使用苹果Apple Watch Series 3接打电话了。 ​​​​, 中国联通将于#NUM#月#NUM#日开通#NUM#城市AppleWatcheSIM业务 广州联通发布官方消息称 将于#NUM#月#NUM#日于上海、天津、广州、深圳、郑州和长沙 #NUM# 城市率先启动Apple Watch Series #NUM#的 eSIM 一号双终端 业务 预示着中国用户可以使用苹果Apple Watch Series #NUM#接打电话了。    
实时播报：【中国联通将于3月7日开通6城市AppleWatcheSIM业务】广州联通发布官方消息称，将于3月7日于上海、天津、广州、深圳、郑州和长沙 6 城市率先启动Apple Watch Series 3的 eSIM（一号双终端）业务，预示着中国用户可以使用苹果Apple Watch Series 3接打电话了。 ​,实时播报  中国联通将于#NUM#月#NUM#日开通#NUM#城市AppleWatcheSIM业务 广州联通发布官方消息称 将于#NUM#月#NUM#日于上海、天津、广州、深圳、郑州和长沙 #NUM# 城市率先启动Apple Watch Series #NUM#的 eSIM 一号双终端 业务 预示着中国用户可以使用苹果Apple Watch Series #NUM#接打电话了。  
广州联通的通知，Apple Watch Series 3蜂窝数据 eSIM 服务将在3月 7 日正式开启业务受理，首发 6 座城市分别是上海、天津、广州、深圳、郑州、长沙。在北京的我现在完全不想说话，就很生气[拜拜] ​,广州联通的通知 Apple Watch Series #NUM#蜂窝数据 eSIM 服务将在#NUM#月 #NUM# 日正式开启业务受理 首发 #NUM# 座城市分别是上海、天津、广州、深圳、郑州、长沙。在北京的我现在完全不想说话 就很生气 EMO_拜拜  
#沃•分享#以后出门估计连手机都不用带了，带快表就行了！Apple Watch Series 3可开通独立蜂窝移动通信功能啦！目前只有联通可以受理哦！ ​,以后出门估计连手机都不用带了 带快表就行了 Apple Watch Series #NUM#可开通独立蜂窝移动通信功能啦 目前只有联通可以受理哦   
Apple Watch series 3esim业务办理详细内容已经上线 扫码可查询是否能够办理@威锋网@中国联通@李大锤同学​,Apple Watch series #NUM#esim业务办理详细内容已经上线 扫码可查询是否能够办理  
Apple Watch Series 3的屏幕亮度真的比 iPhone 7 Plus 亮太多！棒！ ​,Apple Watch Series #NUM#的屏幕亮度真的比 iPhone #NUM# Plus 亮太多 棒   
#apple watch蜂窝##欢喜闹元宵#@中国移动我亲爱的中国移动！对于Apple Watch Series 3的蜂窝数据支持，请不要让联通的“首发”“独占时间”超过一周好嘛，移动用户们要等到花谢了，加油！相信你们！ ​, apple watch蜂窝  对于Apple Watch Series #NUM#的蜂窝数据支持 请不要让联通的“首发”“独占时间”超过一周好嘛 移动用户们要等到花谢了 加油 相信你们   
#我们不一样#Apple Watch Series 3可以打电话了！只要办理一张eSIM卡，开通独立蜂窝移动通信功能，就可实现拨打/接听电话、发送/接收信息等功能啦！目前只有联通可办理哦！[喵喵]想要体验一下吗？3月7日（星期三） 到郑州联通中原路营业厅等你！[haha] ​,Apple Watch Series #NUM#可以打电话了 只要办理一张eSIM卡 开通独立蜂窝移动通信功能 就可实现拨打 接听电话、发送 接收信息等功能啦 目前只有联通可办理哦  EMO_喵喵 想要体验一下吗 #NUM#月#NUM#日 星期三  到郑州联通中原路营业厅等你  EMO_haha  
"Apple Watch Series 3获小幅更新：为冬日运动提供便利根据昨天发布的更新公告，苹果为 Slopes, Squaw Alpine, Snocru, snoww 和 Ski Tracks 五款应用程序进行更新，充分利用 GPS 和高度计让这些软件为这些滑雪运动爱好者提供更多的信息。这意味着 Apple Watch 不仅会追踪滑雪过程中所有的垂直高度和水平距离，而且还追踪当天的滑行总距离、滑雪平均速度和最快速度，用户滑雪时间以及卡路里消耗等等。此外，这些新功能还意味着你的滑雪运动会更精准的统计到每日运动环中。用户还能将这些健身信息同步至 iPhone 端的健康应用中，其中 Slopes 和 snoww 应用还能通过 Siri 进行触发，方便用户通过语音命令方式进行追踪。",Apple Watch Series #NUM#获小幅更新 为冬日运动提供便利根据昨天发布的更新公告 苹果为 Slopes  Squaw Alpine  Snocru  snoww 和 Ski Tracks 五款应用程序进行更新 充分利用 GPS 和高度计让这些软件为这些滑雪运动爱好者提供更多的信息。这意味着 Apple Watch 不仅会追踪滑雪过程中所有的垂直高度和水平距离 而且还追踪当天的滑行总距离、滑雪平均速度和最快速度 用户滑雪时间以及卡路里消耗等等。此外 这些新功能还意味着你的滑雪运动会更精准的统计到每日运动环中。用户还能将这些健身信息同步至 iPhone 端的健康应用中 其中 Slopes 和 snoww 应用还能通过 Siri 进行触发 方便用户通过语音命令方式进行追踪。
发布了头条文章：《Apple Watch Series 3帮助苹果在上一季度称霸可穿戴设备市场》Apple Watch Series 3帮助苹果在上一季度称霸可穿戴设备市场 ​,发布了头条文章  Apple Watch Series #NUM#帮助苹果在上一季度称霸可穿戴设备市场 Apple Watch Series #NUM#帮助苹果在上一季度称霸可穿戴设备市场  
#行业动态#IDC：2017年第四季度可穿戴设备市场增长7.7%，苹果市场份额第一市场调研公司IDC发布报告称，2017年第四季度共有3790万件可穿戴设备出货，同比上涨7.7％。由于Apple Watch Series 3的销售强劲，以及Fitbit的假期季度相对较弱，苹果全球出货量为800万台，Fitbit达到540万部，小米为490万部。整个 2017 年AppleWatch的总销量为 1770 万支，这次小米第二，为 1570 万支。Github遇史上最大规模DDoS攻击；上汽蔚来获上海首批无人驾驶测试号牌；华为P20细节曝光：双后置摄像头 | 雷锋早报苹果在2017年可穿戴设备市场的地位比2016年有了很大的提升，当时苹果发货量不及龙头Fitbit的一半，并且比小米少了500万。当时，小米的可穿戴设备出货量增长速度远远超过苹果公司，但在2017年情况发生了逆转。,IDC #NUM#年第四季度可穿戴设备市场增长#NUM# #NUM#  苹果市场份额第一市场调研公司IDC发布报告称 #NUM#年第四季度共有#NUM#万件可穿戴设备出货 同比上涨#NUM# #NUM# 。由于Apple Watch Series #NUM#的销售强劲 以及Fitbit的假期季度相对较弱 苹果全球出货量为#NUM#万台 Fitbit达到#NUM#万部 小米为#NUM#万部。整个 #NUM# 年AppleWatch的总销量为 #NUM# 万支 这次小米第二 为 #NUM# 万支。Github遇史上最大规模DDoS攻击 上汽蔚来获上海首批无人驾驶测试号牌 华为P#NUM#细节曝光 双后置摄像头   雷锋早报苹果在#NUM#年可穿戴设备市场的地位比#NUM#年有了很大的提升 当时苹果发货量不及龙头Fitbit的一半 并且比小米少了#NUM#万。当时 小米的可穿戴设备出货量增长速度远远超过苹果公司 但在#NUM#年情况发生了逆转。
smart fortwo黑耀炎特别版正式上市。新车官方指导售价为18.6888万元，全国限量50台。同时官方还为购买该车的客户带来了由Apple watch series 3智能手表的专属限量礼包。新车将搭载一台0.9T涡轮增压三缸发动机，其最大功率为90马力（66千瓦），在传动方面，与之匹配的将是6速双离合变速箱。#新车集结#​,smart fortwo黑耀炎特别版正式上市。新车官方指导售价为#NUM# #NUM#万元 全国限量#NUM#台。同时官方还为购买该车的客户带来了由Apple watch series #NUM#智能手表的专属限量礼包。新车将搭载一台#NUM# #NUM#T涡轮增压三缸发动机 其最大功率为#NUM#马力 #NUM#千瓦  在传动方面 与之匹配的将是#NUM#速双离合变速箱。  
据分析师称，AppleWatch继续成为全球最受欢迎的智能手表。IDC估计，上个季度全球Apple Watch的出货量总计达800万台，这也是该时期最畅销的可穿戴设备。这家研究公司表示，上个季度出货的每5件可穿戴设备中就有一件是苹果手表，这是因为去年9月推出的Apple Watch Series 3新系列的实力。根据IDC的数据，比较而言，Fitbit报告上季销售540万件可穿戴设备，小米则出货490万件。据估计，41％的智能手表出货量来自小型供应商，分为其他类别。可穿戴设备市场包括Fitbit和小米等几款廉价的健身追踪器，Apple Watch的起价为329美元，适用于Series 1的机型，所以它的确是苹果和橙子的比较。出于这个原因，MacRumors还向IDC提供了智能手表的特定数据，它将智能手表定义为可本机运行第三方应用的可穿戴设备。数据显示，上个季度Apple Watch占全球智能手表出货量的61％，没有任何一家竞争对手即将到货。根据IDC的数据，三星的市场份额仅为8.4％，尽管该季度包含了利润丰厚的假日购物季。从前景来看，2017年出货的1770万台苹果手表比去年所有智能手表的总和还要多。三星，Garmin，Fossil和Continental Wireless主要销售中国的儿童手表，去年累计出货量达到1560万个智能手表。IDC高级研究分析师Jitesh Ubrani表示：“消费者的偏好已经转向了更复杂的设备，并转向了知名品牌，”就像Apple Watch一样。 “这是由于2016年以来可穿戴设备市场的平均销售价格出现了健康的两位数增长。”苹果并没有像iPhone，iPad和Mac那样突破Apple Watch的销售。相反，它将可穿戴设备与Apple TV，AirPods，Beats，iPods，配件以及即将推出的HomePods一起归入“其他产品”类别。在上个月的收益电话会上，苹果首席执行官蒂姆库克表示，苹果手表在2017年第四季度创下了有史以来的最佳季度，收入和销售量连续第四个季度增长超过50％，强劲的两位数苹果追踪的每个地理区域的增长。库克补充说，苹果Watch系列3型号的销量也是去年同期系列2型号的两倍以上。苹果分析师密切关注苹果公司的财报和其他线索以估计苹果手表的销售额，与IDC的总计相似。 Creative Strategies的Ben Bajarin估计去年苹果手表的出货量总计达到了1740万部，而Asymco的Horace Dediu则达到了1770万部。据IDC的Francisco Jeronimo称，苹果手表的出货量在上季度首次超过所有瑞士手表品牌，换句话说，苹果现在是全球最大的手表制造商。消息来自MacRumors#美剧迷玩数码#,据分析师称 AppleWatch继续成为全球最受欢迎的智能手表。IDC估计 上个季度全球Apple Watch的出货量总计达#NUM#万台 这也是该时期最畅销的可穿戴设备。这家研究公司表示 上个季度出货的每#NUM#件可穿戴设备中就有一件是苹果手表 这是因为去年#NUM#月推出的Apple Watch Series #NUM#新系列的实力。根据IDC的数据 比较而言 Fitbit报告上季销售#NUM#万件可穿戴设备 小米则出货#NUM#万件。据估计 #NUM# 的智能手表出货量来自小型供应商 分为其他类别。可穿戴设备市场包括Fitbit和小米等几款廉价的健身追踪器 Apple Watch的起价为#NUM#美元 适用于Series #NUM#的机型 所以它的确是苹果和橙子的比较。出于这个原因 MacRumors还向IDC提供了智能手表的特定数据 它将智能手表定义为可本机运行第三方应用的可穿戴设备。数据显示 上个季度Apple Watch占全球智能手表出货量的#NUM#  没有任何一家竞争对手即将到货。根据IDC的数据 三星的市场份额仅为#NUM# #NUM#  尽管该季度包含了利润丰厚的假日购物季。从前景来看 #NUM#年出货的#NUM#万台苹果手表比去年所有智能手表的总和还要多。三星 Garmin Fossil和Continental Wireless主要销售中国的儿童手表 去年累计出货量达到#NUM#万个智能手表。IDC高级研究分析师Jitesh Ubrani表示 “消费者的偏好已经转向了更复杂的设备 并转向了知名品牌 ”就像Apple Watch一样。 “这是由于#NUM#年以来可穿戴设备市场的平均销售价格出现了健康的两位数增长。”苹果并没有像iPhone iPad和Mac那样突破Apple Watch的销售。相反 它将可穿戴设备与Apple TV AirPods Beats iPods 配件以及即将推出的HomePods一起归入“其他产品”类别。在上个月的收益电话会上 苹果首席执行官蒂姆库克表示 苹果手表在#NUM#年第四季度创下了有史以来的最佳季度 收入和销售量连续第四个季度增长超过#NUM#  强劲的两位数苹果追踪的每个地理区域的增长。库克补充说 苹果Watch系列#NUM#型号的销量也是去年同期系列#NUM#型号的两倍以上。苹果分析师密切关注苹果公司的财报和其他线索以估计苹果手表的销售额 与IDC的总计相似。 Creative Strategies的Ben Bajarin估计去年苹果手表的出货量总计达到了#NUM#万部 而Asymco的Horace Dediu则达到了#NUM#万部。据IDC的Francisco Jeronimo称 苹果手表的出货量在上季度首次超过所有瑞士手表品牌 换句话说 苹果现在是全球最大的手表制造商。消息来自MacRumors
Apple Watch Series 3gets skiing and snowboarding workout trackinghttp://t.cn/REX083z好吧，我是不会因为在这个去买新手表的 ​,Apple Watch Series #NUM#gets skiing and snowboarding workout tracking  
AppleWatchseries3运动记录，配合airpods真是健身好帮手 ​,AppleWatchseries#NUM#运动记录 配合airpods真是健身好帮手  
"苹果在美国官网放出了AppleWatech的最新消息，苹果表示Series3将独家支持滑雪运动。另外，AppleWatch还对五款运动记录的APP（Slopes, Squaw Alpine, Snocru, snoww，Ski Tracks）进行更新，充分利用GPS和高度计为滑雪运动爱好者提供更多信息。 ​",苹果在美国官网放出了AppleWatech的最新消息 苹果表示Series#NUM#将独家支持滑雪运动。另外 AppleWatch还对五款运动记录的APP Slopes  Squaw Alpine  Snocru  snoww Ski Tracks 进行更新 充分利用GPS和高度计为滑雪运动爱好者提供更多信息。  
港版的Apple Watch Series 3蜂窝版能使用大陆联通的服务吗？@中国联通​,港版的Apple Watch Series #NUM#蜂窝版能使用大陆联通的服务吗   
Apple Watch Series 3功能升级，支持滑雪运动数据追踪(同步自@新浪看点)Apple Watch Series 3功能升级，支持滑雪运动数据追踪 ​,Apple Watch Series #NUM#功能升级 支持滑雪运动数据追踪 同步自  Apple Watch Series #NUM#功能升级 支持滑雪运动数据追踪  
#全球ict洞察#【Apple Watch Series 3现在可以跟踪滑雪活动】苹果表示，应用程序更新后，Apple Watch Series 3增加了跟踪滑雪运动功能。现在用户可以记录跑步数据、查看垂直升降数据和其他统计数据，主动向AppleWatchActivity应用程序提供卡路里测量。开发人员正在利用Apple Watch Series 3中内置的GPS和高度表及watchOS 4.2中自定义锻炼API来启用特定指标的跟踪。（www.telecompaper.com）, Apple Watch Series #NUM#现在可以跟踪滑雪活动 苹果表示 应用程序更新后 Apple Watch Series #NUM#增加了跟踪滑雪运动功能。现在用户可以记录跑步数据、查看垂直升降数据和其他统计数据 主动向AppleWatchActivity应用程序提供卡路里测量。开发人员正在利用Apple Watch Series #NUM#中内置的GPS和高度表及watchOS #NUM# #NUM#中自定义锻炼API来启用特定指标的跟踪。 
据媒体报道，一位50岁的美国律师被AppleWatch救了一命。他在刚花费数千美元体验（美国医疗机构就是第二税务局！）没有发现问题后，AppleWatch在他睡觉心率达到121次时叫醒了他。他又去医院进行了血液检测，发现某种酶超标，反应了心肌梗死发生过或正在发生，进一步的测试发现他体内有四条堵塞的动脉，需要插入四个支架来矫正。如果那天那位律师一直在睡觉，他可能就会在睡梦中死去。事后，该律师说：“我之前总是戴着好看的瑞士手表，而我转到AppleWatch的唯一原因是，它可以设置闹钟和定时器，这让我在工作时能专心工作。但没想到它竟救了我的命，我觉得每个50岁以上的男人都应该至少佩戴一款类似AppleWatch的设备。”,据媒体报道 一位#NUM#岁的美国律师被AppleWatch救了一命。他在刚花费数千美元体验 美国医疗机构就是第二税务局  没有发现问题后 AppleWatch在他睡觉心率达到#NUM#次时叫醒了他。他又去医院进行了血液检测 发现某种酶超标 反应了心肌梗死发生过或正在发生 进一步的测试发现他体内有四条堵塞的动脉 需要插入四个支架来矫正。如果那天那位律师一直在睡觉 他可能就会在睡梦中死去。事后 该律师说 “我之前总是戴着好看的瑞士手表 而我转到AppleWatch的唯一原因是 它可以设置闹钟和定时器 这让我在工作时能专心工作。但没想到它竟救了我的命 我觉得每个#NUM#岁以上的男人都应该至少佩戴一款类似AppleWatch的设备。”
发布了头条文章：《Apple Watch Series 3今日获得小幅更新》Apple Watch Series 3今日获得小幅更新 ​,发布了头条文章  Apple Watch Series #NUM#今日获得小幅更新 Apple Watch Series #NUM#今日获得小幅更新  
【苹果为Apple Watch Series 3带来滑雪运动数据监测功能】早些时候苹果为AppleWatch的第三方滑雪运动应用加入了数据记录功能支持。几款第三方滑雪数据追踪应用，在 App Store 更新后，用户可以通过Apple Watch Series 3追踪滑雪运动的各项数据。http://t.cn/REJ1Koe​, 苹果为Apple Watch Series #NUM#带来滑雪运动数据监测功能 早些时候苹果为AppleWatch的第三方滑雪运动应用加入了数据记录功能支持。几款第三方滑雪数据追踪应用 在 App Store 更新后 用户可以通过Apple Watch Series #NUM#追踪滑雪运动的各项数据。
【苹果watchOS 4.2更新：Series3独家支持滑雪运动】苹果昨日在美国官网放出了AppleWatch的新消息，苹果表示Series3将独家支持滑雪运动……详情点击：苹果watchOS 4.2更新：Series3独家支持滑雪运动 ​, 苹果watchOS #NUM# #NUM#更新 Series#NUM#独家支持滑雪运动 苹果昨日在美国官网放出了AppleWatch的新消息 苹果表示Series#NUM#将独家支持滑雪运动。详情点击 苹果watchOS #NUM# #NUM#更新 Series#NUM#独家支持滑雪运动  
Apple Watch Series 3— Surf —Apple食尚社的秒拍视频 ​,Apple Watch Series #NUM#— Surf —Apple食尚社的秒拍视频  
//分享网易新闻:《苹果美国官网首次上架官翻AppleWatch：Series3不到1800元》 苹果美国官网首次上架官翻AppleWatch：Series3不到1800元@网易新闻客户端#网易新闻##daydaycode##stormzhange#​,  分享网易新闻  苹果美国官网首次上架官翻AppleWatch Series#NUM#不到#NUM#元  苹果美国官网首次上架官翻AppleWatch Series#NUM#不到#NUM#元  
Apple Watch SERIES 3的运动现在已支持滑雪和单板滑雪 ​, Apple Watch SERIES #NUM#的运动现在已支持滑雪和单板滑雪  
【Apple Watch Series 3现已支持追踪滑雪和单板运动】苹果今天通过 Newsroom 宣布AppleWatchSeries已经可以支持对滑雪和单板滑雪的运动追踪，苹果还推荐了几款支持这一功能的 App，包括 snoww、Slopes、Squaw Alpine、Snocru 和 Ski。苹果这个功能出现的也太晚了，冬天马上就要结束了，不过有钱人去哪滑雪都可以。,  Apple Watch Series #NUM#现已支持追踪滑雪和单板运动 苹果今天通过 Newsroom 宣布AppleWatchSeries已经可以支持对滑雪和单板滑雪的运动追踪 苹果还推荐了几款支持这一功能的 App 包括 snoww、Slopes、Squaw Alpine、Snocru 和 Ski。苹果这个功能出现的也太晚了 冬天马上就要结束了 不过有钱人去哪滑雪都可以。
"苹果今天宣布，滑雪爱好者和单板滑雪爱好者现在可以使用Apple Watch Series 3追踪这两项运动了。同时，第三方应用 snoww, Slopes, Squaw Alpine, Snocru  和 Ski Tracks 也已经更新，并支持最新的 watchOS 4.2 API，可以追踪的数据包括：- 总垂直高度和水平距离- 运行次数- 平均和最大速度- 花费的总时间- 燃烧的卡路里http://t.cn/RExplL6",苹果今天宣布 滑雪爱好者和单板滑雪爱好者现在可以使用Apple Watch Series #NUM#追踪这两项运动了。同时 第三方应用 snoww  Slopes  Squaw Alpine  Snocru 和 Ski Tracks 也已经更新 并支持最新的 watchOS #NUM# #NUM# API 可以追踪的数据包括 - 总垂直高度和水平距离- 运行次数- 平均和最大速度- 花费的总时间- 燃烧的卡路里
我在闲鱼发布了【AppleWatchSeries3苹果手表】#退坑回血便宜出！#http://t.cn/RExAUu9​,我在闲鱼发布了 AppleWatchSeries#NUM#苹果手表 
#苹果官翻Apple Watch开售#美国的苹果官网首次上架了官翻版AppleWatch，Series1、Series2、Series3。[吃惊]Series1起售价格209美元，Series3起售价格279美元，差不多算是打了个6折，如果你有海淘经验的话，可以考虑在美国官网下单。[允悲]不管怎么说，作为自用品性价比还是很高的。（穷人的微笑emmm.....）, 苹果官翻Apple Watch开售 美国的苹果官网首次上架了官翻版AppleWatch Series#NUM#、Series#NUM#、Series#NUM#。 EMO_吃惊 Series#NUM#起售价格#NUM#美元 Series#NUM#起售价格#NUM#美元 差不多算是打了个#NUM#折 如果你有海淘经验的话 可以考虑在美国官网下单。 EMO_允悲 不管怎么说 作为自用品性价比还是很高的。 穷人的微笑emmm。 
精品二手手表Apple WATCH SERIES 3客户送礼，拆封未使用38mm 运动灰 蜂窝板捡便宜的来 [钱]2199 银川·万达 ​,精品二手手表Apple WATCH SERIES #NUM#客户送礼 拆封未使用#NUM#mm 运动灰 蜂窝板捡便宜的来 EMO_钱 #NUM# 银川 万达  
【苹果美国官网首次上架官翻AppleWatch：Series3不到1800元】今天苹果的美国官网上架了AppleWatch的官翻版，据IT之家了解这是苹果官网首次上架AppleWatch类翻新产品，销售的款式有Series1、Series2、Series3这三种型号……详情点击：苹果美国官网首次上架官翻AppleWatch：Series3不到1800元 ​, 苹果美国官网首次上架官翻AppleWatch Series#NUM#不到#NUM#元 今天苹果的美国官网上架了AppleWatch的官翻版 据IT之家了解这是苹果官网首次上架AppleWatch类翻新产品 销售的款式有Series#NUM#、Series#NUM#、Series#NUM#这三种型号。详情点击 苹果美国官网首次上架官翻AppleWatch Series#NUM#不到#NUM#元  
【【IT之家评测室】苹果Apple Watch Series 3米兰尼斯版开箱图赏：风华绝“带”】最近IT之家小编就从刺客老大办公室“顺”走了一个未拆封的米兰尼斯款AppleWatch3（深空黑色不锈钢表壳），并用相机留下了这款手表的倩影。现在，大家不妨品鉴一番开箱美图吧~……详情点击：【IT之家评测室】苹果Apple Watch Series 3米兰尼斯版开箱图赏：风华绝“带” ​,  IT之家评测室 苹果Apple Watch Series #NUM#米兰尼斯版开箱图赏 风华绝“带” 最近IT之家小编就从刺客老大办公室“顺”走了一个未拆封的米兰尼斯款AppleWatch#NUM# 深空黑色不锈钢表壳  并用相机留下了这款手表的倩影。现在 大家不妨品鉴一番开箱美图吧 。详情点击  IT之家评测室 苹果Apple Watch Series #NUM#米兰尼斯版开箱图赏 风华绝“带”  
 刚刚发现在运动时，可以在AppleWatch上左右划动就可以在体能训练和音频运用中转移。调整音量就更容易了（我用AppleWatch来调整 AirPods 音量）。 ​,  刚刚发现在运动时 可以在AppleWatch上左右划动就可以在体能训练和音频运用中转移。调整音量就更容易了 我用AppleWatch来调整 AirPods 音量 。  
洗澡的时候放到你不喜欢的歌cr._Grav ​,洗澡的时候放到你不喜欢的歌cr _Grav  
Apple Watch Series 3- 到了晚上7点，续航似乎有点夸张。 ​,Apple Watch Series #NUM#- 到了晚上#NUM#点 续航似乎有点夸张。  
 新加坡营运商星和看来也会支持Apple Watch Series 3LTE 版，但 M1 似乎兴趣不大。这在我年底升级 iPhone 时会成为考虑因素。 ​,  新加坡营运商星和看来也会支持Apple Watch Series #NUM#LTE 版 但 M#NUM# 似乎兴趣不大。这在我年底升级 iPhone 时会成为考虑因素。  
被apple watch series 3种草了 2018年的蜂窝网络服务来了吗 ​,被apple watch series #NUM#种草了 #NUM#年的蜂窝网络服务来了吗  
Apple Watch Series 3+AppleMusic - 摇摆 -Apple更多精彩，尽在优酷视频！Apple Watch Series 3+AppleMusic - 摇摆 -Apple​,Apple Watch Series #NUM# AppleMusic - 摇摆 -Apple更多精彩 尽在优酷视频 Apple Watch Series #NUM# AppleMusic - 摇摆 -Apple 
研究机构和瑞士表业联合会的数据显示，2017年四季度苹果智能手表AppleWatch的出货量首次超过瑞士手表的出口量。市场研究机构Canalys公布的数据显示，得益于去年正式上市的Apple Watch Series 3的出色表现，AppleWatch去年的出货量同比增长54%达到了1800万块，其中四季度出货量达到800万块，同比增长32%。而整个瑞士手表行业去年四季度的出口量为680万块，首次被苹果超越。不过，去年全年瑞士手表的出口量仍高于AppleWatch的出货量。,研究机构和瑞士表业联合会的数据显示 #NUM#年四季度苹果智能手表AppleWatch的出货量首次超过瑞士手表的出口量。市场研究机构Canalys公布的数据显示 得益于去年正式上市的Apple Watch Series #NUM#的出色表现 AppleWatch去年的出货量同比增长#NUM# 达到了#NUM#万块 其中四季度出货量达到#NUM#万块 同比增长#NUM# 。而整个瑞士手表行业去年四季度的出口量为#NUM#万块 首次被苹果超越。不过 去年全年瑞士手表的出口量仍高于AppleWatch的出货量。
VLOG 012: HomePod 开箱大概是国内首个 HomePod 开箱了[doge]总之这个 Siri 智能音箱还是挺不错的，只是拍完以后大概知道为啥之前没人做开箱了[允悲] 李大锤同学的秒拍视频 ​,VLOG #NUM#  HomePod 开箱大概是国内首个 HomePod 开箱了 EMO_doge 总之这个 Siri 智能音箱还是挺不错的 只是拍完以后大概知道为啥之前没人做开箱了 EMO_允悲 李大锤同学的秒拍视频  
Canalys：AppleWatch去年出货量同比增长54% 达到1800万块据国外媒体报道，市场研究机构Canalys公布的数据显示，AppleWatch去年出货量同比增长了54%，达到了1800万块，超出了预期。Canalys在报告中表示，AppleWatch去年的出货量同比增长54%达到1800万块，主要还是得益于Apple Watch Series 3，其在去年的销量接近900万块。 ​,Canalys AppleWatch去年出货量同比增长#NUM#  达到#NUM#万块据国外媒体报道 市场研究机构Canalys公布的数据显示 AppleWatch去年出货量同比增长了#NUM#  达到了#NUM#万块 超出了预期。Canalys在报告中表示 AppleWatch去年的出货量同比增长#NUM# 达到#NUM#万块 主要还是得益于Apple Watch Series #NUM# 其在去年的销量接近#NUM#万块。  
//分享网易新闻:《苹果在美开售官翻版Apple Watch Series 3智能手表》 苹果在美开售官翻版Apple Watch Series 3智能手表@网易新闻客户端#网易新闻#​,  分享网易新闻  苹果在美开售官翻版Apple Watch Series #NUM#智能手表  苹果在美开售官翻版Apple Watch Series #NUM#智能手表  
上季度AppleWatch销量超过瑞士钟表总和 根据市场研究机构Canalys发布的最新数据报告，AppleWatch在2017年的销量达到了1800万部，比2016年增加了54%；其中，在2017年第四季度，AppleWatch的销量为800万部，比2016年同期增加了32%。在1800万的总销量中，Apple Watch Series 3占比为48%；其中无LTE蜂窝网络版本为35% ​,上季度AppleWatch销量超过瑞士钟表总和 根据市场研究机构Canalys发布的最新数据报告 AppleWatch在#NUM#年的销量达到了#NUM#万部 比#NUM#年增加了#NUM#  其中 在#NUM#年第四季度 AppleWatch的销量为#NUM#万部 比#NUM#年同期增加了#NUM# 。在#NUM#万的总销量中 Apple Watch Series #NUM#占比为#NUM#  其中无LTE蜂窝网络版本为#NUM#   
对于手里的黑狗6，我在想测评方式是不是应该稍作修改，比如以后的视频 VLOG都通过黑狗6来录制这样更能体现他的主要性能，但是这样的测评你们喜欢吗？顺路说一句，2018第一篇测评自己像采用视频的方式，目前准备的产品有switch/applewatchseries3你们更期待哪一款？ ​,对于手里的黑狗#NUM# 我在想测评方式是不是应该稍作修改 比如以后的视频 VLOG都通过黑狗#NUM#来录制这样更能体现他的主要性能 但是这样的测评你们喜欢吗 顺路说一句 #NUM#第一篇测评自己像采用视频的方式 目前准备的产品有switch applewatchseries#NUM#你们更期待哪一款   
Apple Watch Series 3​​​[烟火] ​,Apple Watch Series #NUM#    EMO_烟火  
中国联通获 eSIM 一号双终端业务试点资格，六城首发Apple Watch Series 32018 年 2 月 13 日，中国联通独家获得 eSIM 一号双终端业务试点批复，并将于春节后在上海、天津、广州、深圳、郑州、长沙 6 城市正式启动、受理这项业务。备受用户欢迎的苹果 eSIM 智能手表 Apple Watch 3 成为首款支持该业务的终端产品。（来源：搜狐科技）http://t.cn/RitOdb5,中国联通获 eSIM 一号双终端业务试点资格 六城首发Apple Watch Series #NUM# 年 #NUM# 月 #NUM# 日 中国联通独家获得 eSIM 一号双终端业务试点批复 并将于春节后在上海、天津、广州、深圳、郑州、长沙 #NUM# 城市正式启动、受理这项业务。备受用户欢迎的苹果 eSIM 智能手表 Apple Watch #NUM# 成为首款支持该业务的终端产品。 来源 搜狐科技 
【AppleWatchS3能用4G了！联通抢先推出一号双终端业务】2月13日，中国联通对外宣布独家获得eSIM一号双终端业务试点批复，并将于春节后在上海、天津、广州、深圳、郑州、长沙六城市正式启动，受理这项业务。备受关注的苹果eSIM智能手表Apple Watch Series 3将成为首款支持该业务的终端产品，用户开通服务后，无需携带手机，用手表就能使用原电话号码和套餐。http://t.cn/RRN0aID, AppleWatchS#NUM#能用#NUM#G了 联通抢先推出一号双终端业务 #NUM#月#NUM#日 中国联通对外宣布独家获得eSIM一号双终端业务试点批复 并将于春节后在上海、天津、广州、深圳、郑州、长沙六城市正式启动 受理这项业务。备受关注的苹果eSIM智能手表Apple Watch Series #NUM#将成为首款支持该业务的终端产品 用户开通服务后 无需携带手机 用手表就能使用原电话号码和套餐。
去年 9 月随新款iPhone一同发布的Apple Watch Series 3，首次加入了可独立使用的 LTE 版本。与前代产品相比，新款智能手表配备了更快速的双核 S3处理器和苹果定制的 W2 芯片(Wi-Fi 提速 85%) 漯河·体育场 ​,去年 #NUM# 月随新款iPhone一同发布的Apple Watch Series #NUM# 首次加入了可独立使用的 LTE 版本。与前代产品相比 新款智能手表配备了更快速的双核 S#NUM#处理器和苹果定制的 W#NUM# 芯片 Wi-Fi 提速 #NUM#   漯河 体育场  
联通开放 eSIM 开户服务了，不过目前仅支持 HUAWEIWatch2 跟 Ticwatch S，并不支持蜂窝版Apple Watch Series 3[费解]另资费分10元跟20元，个人觉得还是挺划算的，就等支持苹果表3了[吃瓜] ​,联通开放 eSIM 开户服务了 不过目前仅支持 HUAWEIWatch#NUM# 跟 Ticwatch S 并不支持蜂窝版Apple Watch Series #NUM# EMO_费解 另资费分#NUM#元跟#NUM#元 个人觉得还是挺划算的 就等支持苹果表#NUM#了 EMO_吃瓜  
[iFixit拆解]Apple Watch Series 3拆解和对比（LTE VS GPS） 官方中文翻译 iFixit中国#哔哩哔哩#http://t.cn/RRDh1Gi​,EMO_iFixit拆解 Apple Watch Series #NUM#拆解和对比 LTE VS GPS  官方中文翻译 iFixit中国
Apple Watch Series 3的蜂窝通话功能跳票结束~可惜没有重庆。[生病] ​,Apple Watch Series #NUM#的蜂窝通话功能跳票结束 可惜没有重庆。 EMO_生病  
Apple Watch Series 3的 Siri 体验：用不同说法打开软件，可能比其他方式来得快捷。 林泰前的秒拍视频 ​, Apple Watch Series #NUM#的 Siri 体验 用不同说法打开软件 可能比其他方式来得快捷。 林泰前的秒拍视频  
从美国时间2月10日起，美国运营商T－Mobile推出情人节优惠活动，从T－Mobile购买1只Apple Watch Series 3，即可获得用半价购买第二只AppleWatch3的优惠资格。 ​,从美国时间#NUM#月#NUM#日起 美国运营商T-Mobile推出情人节优惠活动 从T-Mobile购买#NUM#只Apple Watch Series #NUM# 即可获得用半价购买第二只AppleWatch#NUM#的优惠资格。  
Apple Watch Series 3LTE 版评测：随时在线Apple Watch Series 3LTE 版评测：随时在线 ​,Apple Watch Series #NUM#LTE 版评测 随时在线Apple Watch Series #NUM#LTE 版评测 随时在线  
我在闲鱼卖·applewatchseries3#来闲鱼，发现更多闲置超值好物#http://t.cn/RR6Xxtt​,我在闲鱼卖 applewatchseries#NUM#
Apple Watch Series 3的 Siri 体验：显示健身内容，控制音乐播放。 林泰前的秒拍视频 ​, Apple Watch Series #NUM#的 Siri 体验 显示健身内容 控制音乐播放。 林泰前的秒拍视频  
Apple Watch Series 3的 Siri 体验：速度算快，还能说话。（音乐来自 iPhone） 林泰前的秒拍视频 ​, Apple Watch Series #NUM#的 Siri 体验 速度算快 还能说话。 音乐来自 iPhone  林泰前的秒拍视频  
【苹果智能手表出货量首次超过瑞士手表出口量】据外媒报道，得益于去年上市的Apple Watch Series 3的出色表现，AppleWatch去年的出货量同比增长54%达到了1800万块，其中四季度出货量达到800万块，同比增长32%。而整个瑞士手表行业去年四季度的出口量为680万块，首次被苹果超越。@财经网​, 苹果智能手表出货量首次超过瑞士手表出口量 据外媒报道 得益于去年上市的Apple Watch Series #NUM#的出色表现 AppleWatch去年的出货量同比增长#NUM# 达到了#NUM#万块 其中四季度出货量达到#NUM#万块 同比增长#NUM# 。而整个瑞士手表行业去年四季度的出口量为#NUM#万块 首次被苹果超越。  
【苹果智能手表出货量首次超过瑞士手表出口量】据外媒报道，得益于去年上市的Apple Watch Series 3的出色表现，AppleWatch去年的出货量同比增长54%达到了1800万块，其中四季度出货量达到800万块，同比增长32%。而整个瑞士手表行业去年四季度的出口量为680万块，首次被苹果超越。苹果智能手表出货量首次超过瑞士手表出口量 ​, 苹果智能手表出货量首次超过瑞士手表出口量 据外媒报道 得益于去年上市的Apple Watch Series #NUM#的出色表现 AppleWatch去年的出货量同比增长#NUM# 达到了#NUM#万块 其中四季度出货量达到#NUM#万块 同比增长#NUM# 。而整个瑞士手表行业去年四季度的出口量为#NUM#万块 首次被苹果超越。苹果智能手表出货量首次超过瑞士手表出口量  
【苹果智能手表出货量首次超过瑞士手表出口量】研究机构和瑞士表业联合会的数据显示，2017年四季度苹果智能手表AppleWatch的出货量首次超过瑞士手表的出口量。市场研究机构Canalys上周公布的数据显示，得益于去年9月12日发布9月22日正式上市的Apple Watch Series 3的出色表现，Apple Watch去年的出货量同比增长54%达到了1800万块，其中四季度出货量达到800万块，同比增长32%。而整个瑞士手表行业去年四季度的出口量为680万块，首次被苹果超越。不过，去年全年瑞士手表的出口量仍高于AppleWatch的出货量。（新浪）, 苹果智能手表出货量首次超过瑞士手表出口量 研究机构和瑞士表业联合会的数据显示 #NUM#年四季度苹果智能手表AppleWatch的出货量首次超过瑞士手表的出口量。市场研究机构Canalys上周公布的数据显示 得益于去年#NUM#月#NUM#日发布#NUM#月#NUM#日正式上市的Apple Watch Series #NUM#的出色表现 Apple Watch去年的出货量同比增长#NUM# 达到了#NUM#万块 其中四季度出货量达到#NUM#万块 同比增长#NUM# 。而整个瑞士手表行业去年四季度的出口量为#NUM#万块 首次被苹果超越。不过 去年全年瑞士手表的出口量仍高于AppleWatch的出货量。 新浪 
#科技速报#【苹果智能手表出货量首次超过瑞士手表出口量】据国外媒体报道，研究机构和瑞士表业联合会的数据显示，2017年四季度苹果智能手表AppleWatch的出货量首次超过瑞士手表的出口量。市场研究机构Canalys上周公布的数据显示，得益于去年9月12日发布9月22日正式上市的Apple Watch Series 3的出色表现，Apple Watch去年的出货量同比增长54%达到了1800万块，其中四季度出货量达到800万块，同比增长32%。http://t.cn/RR6hLZ5, 苹果智能手表出货量首次超过瑞士手表出口量 据国外媒体报道 研究机构和瑞士表业联合会的数据显示 #NUM#年四季度苹果智能手表AppleWatch的出货量首次超过瑞士手表的出口量。市场研究机构Canalys上周公布的数据显示 得益于去年#NUM#月#NUM#日发布#NUM#月#NUM#日正式上市的Apple Watch Series #NUM#的出色表现 Apple Watch去年的出货量同比增长#NUM# 达到了#NUM#万块 其中四季度出货量达到#NUM#万块 同比增长#NUM# 。
"Apple Watch series 3get ,HK$2888#苹果手表#​",Apple Watch series #NUM#get  HK #NUM#  
Apple苹果WatchSeries3智能手表 GPS款38毫米 粉砂色 2386元http://t.cn/RRiuhOi​,Apple苹果WatchSeries#NUM#智能手表 GPS款#NUM#毫米 粉砂色 #NUM#元
这是篇来自高中生对Apple Watch Series 3的「消费者报告」。在他看来，Apple Watch Series 3拥有更流畅的系统、更快的速度、更好的性能、更多的用处、更多的功能、更长的续航等优势。那么大家对这块来自苹果的智能手表，评价又是什么呢：26 个获奖名额，高达 25419 元的奖品 ​,这是篇来自高中生对Apple Watch Series #NUM#的 消费者报告 。在他看来 Apple Watch Series #NUM#拥有更流畅的系统、更快的速度、更好的性能、更多的用处、更多的功能、更长的续航等优势。那么大家对这块来自苹果的智能手表 评价又是什么呢 #NUM# 个获奖名额 高达 #NUM# 元的奖品  
"#互联网#【苹果已成全球最大手表厂商】据外媒报道,苹果3系列智能手表(Apple Watch Series 3)销量一路领先,使得苹果有望击败“表界大佬”瑞士手表,坐上世界头把交椅,成为最大手表制造商。在整个智能手表市场疲软情况下,苹果手表2017年出货量达到1800万部,与2016年同比增长了54%。据IDC分析师Francisco Jeronimo称,苹果手表在2017年最后三个月销售额高达883亿美元,比整个瑞士制表业还多。", 苹果已成全球最大手表厂商 据外媒报道 苹果#NUM#系列智能手表 Apple Watch Series #NUM# 销量一路领先 使得苹果有望击败“表界大佬”瑞士手表 坐上世界头把交椅 成为最大手表制造商。在整个智能手表市场疲软情况下 苹果手表#NUM#年出货量达到#NUM#万部 与#NUM#年同比增长了#NUM# 。据IDC分析师Francisco Jeronimo称 苹果手表在#NUM#年最后三个月销售额高达#NUM#亿美元 比整个瑞士制表业还多。
感觉倒霉的不是瑞士表，而是日本石英表。。。//AppleWatch爆发：上季销量超越整个瑞士钟表业总和| 在1800万的总销量中，Apple Watch Series 3占比为48%；其中无LTE蜂窝网络版本为35%，而LTE蜂窝网络版本为13%——在美国市场，前者的售价为329美元，后者的售价为399美元。AppleWatch爆发：上季销量超越整个瑞士钟表业总和 ​,感觉倒霉的不是瑞士表 而是日本石英表。  AppleWatch爆发 上季销量超越整个瑞士钟表业总和  在#NUM#万的总销量中 Apple Watch Series #NUM#占比为#NUM#  其中无LTE蜂窝网络版本为#NUM#  而LTE蜂窝网络版本为#NUM# ——在美国市场 前者的售价为#NUM#美元 后者的售价为#NUM#美元。AppleWatch爆发 上季销量超越整个瑞士钟表业总和  
【AppleWatch3蜂窝版再次跳票：苹果支持退款】自Apple Watch Series 3发布以来， 人们一直在期待着蜂窝版本的推出。之前苹果中国官网上曾经提及，Apple Watch Series 3蜂窝版本将在2017年年底推出。不过现在，苹果决定再次跳票，在2018年推出。目前，苹果同意对已购买Apple Watch Series 3蜂窝版的用户进行退货，且不受14天购买时间的限制。只要用户从正规渠道购买蜂窝版本的AppleWatch3，就可以直接退款。http://t.cn/RTYpvon, AppleWatch#NUM#蜂窝版再次跳票 苹果支持退款 自Apple Watch Series #NUM#发布以来  人们一直在期待着蜂窝版本的推出。之前苹果中国官网上曾经提及 Apple Watch Series #NUM#蜂窝版本将在#NUM#年年底推出。不过现在 苹果决定再次跳票 在#NUM#年推出。目前 苹果同意对已购买Apple Watch Series #NUM#蜂窝版的用户进行退货 且不受#NUM#天购买时间的限制。只要用户从正规渠道购买蜂窝版本的AppleWatch#NUM# 就可以直接退款。
【苹果手表3蜂窝网络功能跳票，用户退货将不受14天限制】苹果今年推出的Apple Watch Series 3带来了能够独立完成很多日常功能的蜂窝网络版，不过这项功能在国内一直没有开通，中国联通最初在部分地区测试AppleWatch的蜂窝网络服务，但随后依然选择关闭了这项服务。苹果官方表示，由于Apple Watch Series 3暂时无法支持蜂窝网络服务，目前通过苹果官方渠道购买的用户将可以直接进行退货，退货时需要提供订单号，并保证包装完整，留有发票。这次的退货服务不会受 14 天购买时间限制，但需要苹果方面的人员向经理申请，并检测用户的情况是否符合退货标准。苹果将退货截止日期暂定为 12 月30 日前，不符合退货标准的产品，苹果将会寄回给用户。, 苹果手表#NUM#蜂窝网络功能跳票 用户退货将不受#NUM#天限制 苹果今年推出的Apple Watch Series #NUM#带来了能够独立完成很多日常功能的蜂窝网络版 不过这项功能在国内一直没有开通 中国联通最初在部分地区测试AppleWatch的蜂窝网络服务 但随后依然选择关闭了这项服务。苹果官方表示 由于Apple Watch Series #NUM#暂时无法支持蜂窝网络服务 目前通过苹果官方渠道购买的用户将可以直接进行退货 退货时需要提供订单号 并保证包装完整 留有发票。这次的退货服务不会受 #NUM# 天购买时间限制 但需要苹果方面的人员向经理申请 并检测用户的情况是否符合退货标准。苹果将退货截止日期暂定为 #NUM# 月#NUM# 日前 不符合退货标准的产品 苹果将会寄回给用户。
#Apple Watch 3 蜂窝版退货#网友已经核实AppleWatch3蜂窝数据版可以退货，由EMS预约上门取件。当初因为蜂窝数据这个亮点才去买AppleWatchSeries3-良心企业啊！（所有AppleWatch表款均具备蓝牙和无线网络功能。Apple Watch Series 3(GPS + 蜂窝网络) 还能接入蜂窝网络，可脱离 iPhone 单独使用，但必须使用同一运营商服务。下列运营商可为AppleWatch提供蜂窝网络支持，其数量还在不断增长。）Apple你的增长速度被限制使用蜂窝网！我们明年再看看吧#中国联通##移动、联通、电信，总理喊你们降资费呢#图片来自网络http://t.cn/R2WJ9I1, Apple Watch #NUM# 蜂窝版退货 网友已经核实AppleWatch#NUM#蜂窝数据版可以退货 由EMS预约上门取件。当初因为蜂窝数据这个亮点才去买AppleWatchSeries#NUM#-良心企业啊  所有AppleWatch表款均具备蓝牙和无线网络功能。Apple Watch Series #NUM# GPS   蜂窝网络  还能接入蜂窝网络 可脱离 iPhone 单独使用 但必须使用同一运营商服务。下列运营商可为AppleWatch提供蜂窝网络支持 其数量还在不断增长。 Apple你的增长速度被限制使用蜂窝网 我们明年再看看吧 图片来自网络
【新版苹果手表无法独立通话 运营商建议酌情购买】最近有消费者反映，其购买的新版苹果手表（即AppleWatchSeries3）无法独立拨打和接听电话，但在说明书中该产品是可以独立拨打、接听电话的。记者调查发现，于今年9月份开售的AppleWatchSeries3，目前在国内还没有运营商正式支持其蜂窝网络服务，导致其在国内无法独立拨打、接听电话。http://t.cn/RTaeszK, 新版苹果手表无法独立通话 运营商建议酌情购买 最近有消费者反映 其购买的新版苹果手表 即AppleWatchSeries#NUM# 无法独立拨打和接听电话 但在说明书中该产品是可以独立拨打、接听电话的。记者调查发现 于今年#NUM#月份开售的AppleWatchSeries#NUM# 目前在国内还没有运营商正式支持其蜂窝网络服务 导致其在国内无法独立拨打、接听电话。
每日邮报报道称，一位风筝冲浪爱好者意外坠毁在一片大白鲨出没的海域，由于当天没风，他被困在离海岸一英里的海面上。深陷危险的他用自己的Apple Watch Series 3给他的儿子打电话，让他儿子叫来了救援队，最终得救。那么问题来了，现在十一月中旬了，「今年稍后推出」的中国区Apple Watch Series 3蜂窝数据还上不上了？[微笑],每日邮报报道称 一位风筝冲浪爱好者意外坠毁在一片大白鲨出没的海域 由于当天没风 他被困在离海岸一英里的海面上。深陷危险的他用自己的Apple Watch Series #NUM#给他的儿子打电话 让他儿子叫来了救援队 最终得救。那么问题来了 现在十一月中旬了  今年稍后推出 的中国区Apple Watch Series #NUM#蜂窝数据还上不上了  EMO_微笑
【苹果确认 GPS 版Apple Watch Series 3存在“边缘条纹”问题】苹果最近向授权经销商和 Genius Bar 天才吧发送了一份内部备忘录，确认部分Apple Watch Series 3存在“边缘条纹（edge strips）”问题。MacRumors 报道称 在备忘录中，苹果描述道只有 GPS 版Apple Watch Series 3收到影响，蜂窝数据版没有出现问题。http://t.cn/Rlv4IqG, 苹果确认 GPS 版Apple Watch Series #NUM#存在“边缘条纹”问题 苹果最近向授权经销商和 Genius Bar 天才吧发送了一份内部备忘录 确认部分Apple Watch Series #NUM#存在“边缘条纹 edge strips ”问题。MacRumors 报道称 在备忘录中 苹果描述道只有 GPS 版Apple Watch Series #NUM#收到影响 蜂窝数据版没有出现问题。
99.9新AppleWatch3Series42MM（GPS+蜂窝网络）国行版 深空灰色配黑色运动表带，10月10日激活，官网可查，官方标配齐全，没有发票，因为在代理店买的，功能一切正常，没有碰磕和划痕，没有任何瑕疵，没有暗病，仅激活用了几天而已，一切完好无损，3249转让！@闲置数码@闲置数码转让@闲置数码机器人http://t.cn/RyNaF3x,#NUM# #NUM#新AppleWatch#NUM#Series#NUM#MM GPS 蜂窝网络 国行版 深空灰色配黑色运动表带 #NUM#月#NUM#日激活 官网可查 官方标配齐全 没有发票 因为在代理店买的 功能一切正常 没有碰磕和划痕 没有任何瑕疵 没有暗病 仅激活用了几天而已 一切完好无损 #NUM#转让 
#硅谷快讯#【Apple Watch Series 3在中国遭遇LTE挫折】在中国的新运营商计划用户中，Apple Watch Series 3的蜂窝功能在去年 9 月推出仅一周后就被“突然中断……没有解释”。《华尔街日报》今天发表的一份新报告研究了苹果手表在中国面临的 LTE 挫折，预计未来几个月将面临持续的问题。http://t.cn/RWz7POg, Apple Watch Series #NUM#在中国遭遇LTE挫折 在中国的新运营商计划用户中 Apple Watch Series #NUM#的蜂窝功能在去年 #NUM# 月推出仅一周后就被“突然中断。没有解释”。 华尔街日报 今天发表的一份新报告研究了苹果手表在中国面临的 LTE 挫折 预计未来几个月将面临持续的问题。
【Apple Watch Series 3在中国遭遇LTE挫折】那些在试验阶段没有订阅Apple Watch Series 3LTE服务的用户，估计要再等几个月才能体验这款手表的新功能了。 在中国的新运营商计划用户中，Apple Watch Series 3的蜂窝功能在今年 9 月推出仅一周后就被“突然中断……没有解释”。《华尔街日报》今天发表的一份新报告研究了苹果手表在中国面临的 LTE 挫折，预计未来几个月将面临持续的问题。 原文：http://t.cn/RWhxVmZ, Apple Watch Series #NUM#在中国遭遇LTE挫折 那些在试验阶段没有订阅Apple Watch Series #NUM#LTE服务的用户 估计要再等几个月才能体验这款手表的新功能了。 在中国的新运营商计划用户中 Apple Watch Series #NUM#的蜂窝功能在今年 #NUM# 月推出仅一周后就被“突然中断。没有解释”。 华尔街日报 今天发表的一份新报告研究了苹果手表在中国面临的 LTE 挫折 预计未来几个月将面临持续的问题。 原文 
【这样的iPhone X照片你以前肯定没见过】我们或许在网上已经看到了很多关于 iPhone X 的照片，比如说在发布会现场的，比如说在地铁中出现的（不知道真假），但是这样一组关于 iPhone X 的照片，也许你真的还是第一次见到。 有网友在 Reddit 论坛分享了多张 iPhone X 的照片，据称这些照片是由一名不愿透露姓名的朋友拍摄的。这位朋友之所以不愿透露姓名，是因为他很可能是一位苹果员工，而这位朋友是在 9 月份 iPhone X 发布会召开前的史蒂夫·乔布斯剧院体验区拍摄了这些照片的，这里陈列了 iPhone X 和Apple Watch Series 3等即将发布的新产品。 原文：http://t.cn/RWvEU7n, 这样的iPhone X照片你以前肯定没见过 我们或许在网上已经看到了很多关于 iPhone X 的照片 比如说在发布会现场的 比如说在地铁中出现的 不知道真假  但是这样一组关于 iPhone X 的照片 也许你真的还是第一次见到。 有网友在 Reddit 论坛分享了多张 iPhone X 的照片 据称这些照片是由一名不愿透露姓名的朋友拍摄的。这位朋友之所以不愿透露姓名 是因为他很可能是一位苹果员工 而这位朋友是在 #NUM# 月份 iPhone X 发布会召开前的史蒂夫 乔布斯剧院体验区拍摄了这些照片的 这里陈列了 iPhone X 和Apple Watch Series #NUM#等即将发布的新产品。 原文 
【这样的 iPhone X 的照片你一定没看过】有网友在 Reddit 论坛分享了多张照片，据称是由一名不愿透露姓名的朋友拍摄的。之所以不愿透露姓名，是因为这个朋友很可能是名苹果员工，而拍摄的这些照片是 9 月份 iPhone X 发布会召开前的史蒂夫乔布斯剧院体验区，其中陈列了 iPhone X 和Apple Watch Series 3等即将发布的产品。与我们通过媒体的镜头看到的照片有所不同，在今天这些照片里看不到拥挤的媒体记者，只有产品静静地摆在那里。让我们换个视角重新看一次吧。http://t.cn/ROsE7Rl, 这样的 iPhone X 的照片你一定没看过 有网友在 Reddit 论坛分享了多张照片 据称是由一名不愿透露姓名的朋友拍摄的。之所以不愿透露姓名 是因为这个朋友很可能是名苹果员工 而拍摄的这些照片是 #NUM# 月份 iPhone X 发布会召开前的史蒂夫乔布斯剧院体验区 其中陈列了 iPhone X 和Apple Watch Series #NUM#等即将发布的产品。与我们通过媒体的镜头看到的照片有所不同 在今天这些照片里看不到拥挤的媒体记者 只有产品静静地摆在那里。让我们换个视角重新看一次吧。
#智能穿戴##AppleWatch#《Apple Watch Series 3可能会改变可穿戴产品的规则》上个月，苹果首次发布了Apple Watch Series 3，为其可穿戴设备的蜂窝网络连接提供了支持。GBH Insights 公司的一份新分析报告指出，尽管早期的评测文章强调了一些固定的连接问题，但到目前为止，Apple Watch Series 3在消费者中反响很好。http://t.cn/ROk7IVy, Apple Watch Series #NUM#可能会改变可穿戴产品的规则 上个月 苹果首次发布了Apple Watch Series #NUM# 为其可穿戴设备的蜂窝网络连接提供了支持。GBH Insights 公司的一份新分析报告指出 尽管早期的评测文章强调了一些固定的连接问题 但到目前为止 Apple Watch Series #NUM#在消费者中反响很好。
上个月，除了 iPhone X、iPhone 8 和 8 Plus 外，苹果还发布了Apple Watch Series 3，新版AppleWatch增加了蜂窝移动网络支持，这意味着AppleWatch可以脱离 iPhone，接听和拨打电话。今天来自，GBH Insights 的分析师 Daniel Ives 认为，Apple Watch Series 3自发布以来，已经获得了不小的成功。Daniel Ives 认为，Apple Watch Series 3发布不久，但在消费者中已经获得了很高的评价，Series3可能将成为自苹果进入可穿戴设备市场后，真正的“游戏改变者”。http://t.cn/RODGm0g,上个月 除了 iPhone X、iPhone #NUM# 和 #NUM# Plus 外 苹果还发布了Apple Watch Series #NUM# 新版AppleWatch增加了蜂窝移动网络支持 这意味着AppleWatch可以脱离 iPhone 接听和拨打电话。今天来自 GBH Insights 的分析师 Daniel Ives 认为 Apple Watch Series #NUM#自发布以来 已经获得了不小的成功。Daniel Ives 认为 Apple Watch Series #NUM#发布不久 但在消费者中已经获得了很高的评价 Series#NUM#可能将成为自苹果进入可穿戴设备市场后 真正的“游戏改变者”。
#柒記#\nAppleWatch都出第三代了，外观上还是没怎么变，Apple Watch Series 3可以说基本达到了大众对于AppleWatch的预期。经过三代的摸索，AppleWatch已经开始成熟了。\n\n从2015入手AppleWatchSport38mm开始，经历了AppleWatchSeries2 Sport Nike+ 42mm，这一次选择了Apple Watch Series 342m...全文：http://t.cn/ROmSy0M?, nAppleWatch都出第三代了 外观上还是没怎么变 Apple Watch Series #NUM#可以说基本达到了大众对于AppleWatch的预期。经过三代的摸索 AppleWatch已经开始成熟了。 n n从#NUM#入手AppleWatchSport#NUM#mm开始 经历了AppleWatchSeries#NUM# Sport Nike  #NUM#mm 这一次选择了Apple Watch Series #NUM#m。全文 
苹果今天带来了 watchOS 4.1 和 tvOS 11.1 第三个开发者测试版。距离 watchOS 4.1 与第二个开发者测试版相隔一周的时间，tvOS 11.1 与第二个测试版相隔一周半的时间。watchOS 4.1 为 LTE 版Apple Watch Series 3加入了AppleMusic 内容播放支持，并且提供了全新 Radio 应用，可以收听 Beats 1 以及其他AppleMusic 广播。同时，watchOS 4.1 中还加入了对全新 Unicode 10 Emoji 的支持。tvOS 11.1 主要是 Bug 修复和性能改进，并没有带来设计的变化和新功能。http://t.cn/ROmO9PY,苹果今天带来了 watchOS #NUM# #NUM# 和 tvOS #NUM# #NUM# 第三个开发者测试版。距离 watchOS #NUM# #NUM# 与第二个开发者测试版相隔一周的时间 tvOS #NUM# #NUM# 与第二个测试版相隔一周半的时间。watchOS #NUM# #NUM# 为 LTE 版Apple Watch Series #NUM#加入了AppleMusic 内容播放支持 并且提供了全新 Radio 应用 可以收听 Beats #NUM# 以及其他AppleMusic 广播。同时 watchOS #NUM# #NUM# 中还加入了对全新 Unicode #NUM# Emoji 的支持。tvOS #NUM# #NUM# 主要是 Bug 修复和性能改进 并没有带来设计的变化和新功能。
Apple Watch Series 3银色 云雾灰表带42mm 本人身高180+，无论手腕多细，也要考虑整体协调性，38mm实在是小表带尺寸 现在就换上了附送的小号表带，我手腕大致量过才16cm左右，大号的只能戴最后一个孔……[跪了]这就是为什么我说我上肢力量基础贼鸡儿差本来一直心心念自己的黑色，最后选择了银色，原因是银色更好搭配各种表带。而且之前我执着于黑色肯定是我常年穿黑色黑惯了，黑色显瘦嘛[吃瓜]，但以后就是个五颜六色的我了。又正好遇上黑色没货了，果断不等了辛苦我3年的iPhone6被拖出来进行匹配图片均为原图#applewatch3#,Apple Watch Series #NUM#银色 云雾灰表带#NUM#mm 本人身高#NUM#  无论手腕多细 也要考虑整体协调性 #NUM#mm实在是小表带尺寸 现在就换上了附送的小号表带 我手腕大致量过才#NUM#cm左右 大号的只能戴最后一个孔。 EMO_跪了 这就是为什么我说我上肢力量基础贼鸡儿差本来一直心心念自己的黑色 最后选择了银色 原因是银色更好搭配各种表带。而且之前我执着于黑色肯定是我常年穿黑色黑惯了 黑色显瘦嘛 EMO_吃瓜  但以后就是个五颜六色的我了。又正好遇上黑色没货了 果断不等了辛苦我#NUM#年的iPhone#NUM#被拖出来进行匹配图片均为原图
把AppleWatchSeries3放到购物车里，天天有空就舔一遍，生活真美好。[哈哈][哈哈][哈哈] ​,把AppleWatchSeries#NUM#放到购物车里 天天有空就舔一遍 生活真美好。 EMO_哈哈 EMO_哈哈 EMO_哈哈  
applewatch3怎么连个睡眠监测都木有，还不如华米只能手环呢 ​,applewatch#NUM#怎么连个睡眠监测都木有 还不如华米只能手环呢  
为了连applewatch3不得不升级了iOS 11 ，界面字体好丑啊 掉电快的飞起来，好气 ​,为了连applewatch#NUM#不得不升级了iOS #NUM#  界面字体好丑啊 掉电快的飞起来 好气  
想买个Applewatch3湖州·雉城镇 ​,想买个Applewatch#NUM#湖州 雉城镇  
Apple一连砍我13单，X没戏了，换个watch3吧[二哈] ​,Apple一连砍我#NUM#单 X没戏了 换个watch#NUM#吧 EMO_二哈  
#All About in Fun#又到一年圣诞季，每年虹桥南丰城都会精心准备各种活动，那么今年又有哪些精彩活动呢？小编就现在介绍其一吧！狂欢夜整点抽壕礼，iPhoneX带回家！12月24日 18:00-21:0012月31日 18:00-24:00 每个整点，半点现场抽壕礼！iPhoneX 64G使用权，法拉利拉法拉童车，3M空气净化器，AppleWatchSport智能手表，万达影院电影家庭套票，新年血拼购物卡……千元壕礼带回家！心动不如行动吧！, All About in Fun 又到一年圣诞季 每年虹桥南丰城都会精心准备各种活动 那么今年又有哪些精彩活动呢 小编就现在介绍其一吧 狂欢夜整点抽壕礼 iPhoneX带回家 #NUM#月#NUM#日 #NUM# #NUM#-#NUM# #NUM#月#NUM#日 #NUM# #NUM#-#NUM# #NUM# 每个整点 半点现场抽壕礼 iPhoneX #NUM#G使用权 法拉利拉法拉童车 #NUM#M空气净化器 AppleWatchSport智能手表 万达影院电影家庭套票 新年血拼购物卡。千元壕礼带回家 心动不如行动吧 
Applewatchseries3lte版要iOS11才能用，但又不想把手机升级到iOS11.但又很想买块手表 ? ​,Applewatchseries#NUM#lte版要iOS#NUM#才能用 但又不想把手机升级到iOS#NUM# 但又很想买块手表    
Apple Watch 3就是坑 各种收费手段(同步自@新浪看点)Apple Watch 3就是坑 各种收费手段 ​,Apple Watch #NUM#就是坑 各种收费手段 同步自  Apple Watch #NUM#就是坑 各种收费手段  
请问现在AppleWatch3的一号多终端业务现在可以开通了吗？急啊！！！[抓狂][抓狂][抓狂]@中国联通@北京联通@中国联通客服@中国联通北京客服​,请问现在AppleWatch#NUM#的一号多终端业务现在可以开通了吗 急啊！ EMO_抓狂 EMO_抓狂 EMO_抓狂  
是什么阻拦了AppleWatchSeries3蜂窝版的正常使用？http://t.cn/RTnH5Jl​,是什么阻拦了AppleWatchSeries#NUM#蜂窝版的正常使用 
因蜂窝网络无法使用Apple Watch 3现已支持退货 （分享自@新浪科技） 因蜂窝网络无法使用Apple Watch 3现已支持退货 ​,因蜂窝网络无法使用Apple Watch #NUM#现已支持退货  分享自   因蜂窝网络无法使用Apple Watch #NUM#现已支持退货  
AppleWatchS3GPS版本黑色38mm国行Nike版   1950 ​,AppleWatchS#NUM#GPS版本黑色#NUM#mm国行Nike版 #NUM#  
Apple Watch 3因无法使用蜂窝数据退货期延长到12月30号http://t.cn/RTRTGnL(出处: 苹果论坛) ​,Apple Watch #NUM#因无法使用蜂窝数据退货期延长到#NUM#月#NUM#号 苹果论坛   
不错不错WatchSeries3@TimCook#Apple Watch Series 3###Apple Watch Series,不错不错WatchSeries#NUM#  Apple Watch Series #NUM# Apple Watch Series
我认为 iPhone 目前唯一的缺点：不是双卡双待 [二哈] ​,我认为 iPhone 目前唯一的缺点 不是双卡双待 EMO_二哈  
applewatch3gps＋蜂窝版的 可以申请退货了 原因是内地本年没无法实现蜂窝数据 具体18年什么时候能实现 官方也没准 可以打400电话退 ​,applewatch#NUM#gps 蜂窝版的 可以申请退货了 原因是内地本年没无法实现蜂窝数据 具体#NUM#年什么时候能实现 官方也没准 可以打#NUM#电话退  
京东2398买的AppleWatchSeries3，非蜂窝版，所以看起来跟Series 2没什么两样[允悲]尊贵的红色表冠我想享受联通也不给啊[允悲] ​,京东#NUM#买的AppleWatchSeries#NUM# 非蜂窝版 所以看起来跟Series #NUM#没什么两样 EMO_允悲 尊贵的红色表冠我想享受联通也不给啊 EMO_允悲  
Apple watch 3终于开始实用了，不容易 ​,Apple watch #NUM#终于开始实用了 不容易  
上手试玩AppleWatchSeries3，以后运动全靠它 ​,上手试玩AppleWatchSeries#NUM# 以后运动全靠它  
第一次用AppleWatchSeries3纪录游泳[游泳] 没想到手表竟然还能检测我的泳姿，每次来回时间，休息时间等等[吃惊]在泳池里操作手表也很流畅，不用担心进水情况，但中间还是卡了一下。怎么办，现在想每天去游泳了[摊手] 美国·圣克拉拉 ​,第一次用AppleWatchSeries#NUM#纪录游泳 EMO_游泳 没想到手表竟然还能检测我的泳姿 每次来回时间 休息时间等等 EMO_吃惊 在泳池里操作手表也很流畅 不用担心进水情况 但中间还是卡了一下。怎么办 现在想每天去游泳了 EMO_摊手 美国 圣克拉拉  
AppleWatchSeries3下了班竟然还有 85% 的电？ ​,AppleWatchSeries#NUM#下了班竟然还有 #NUM#  的电   
AppleWatchSeries3蜂窝版今年彻底无望[摊手] ​,AppleWatchSeries#NUM#蜂窝版今年彻底无望 EMO_摊手  
Apple Watch 3电话功能凉了。 网友发现官网改成2018年推出了。 ​,Apple Watch #NUM#电话功能凉了。 网友发现官网改成#NUM#年推出了。  
开心开心[开心]，开门收到快递，Apple Watch 3到手啦 ​,开心开心 EMO_开心  开门收到快递 Apple Watch #NUM#到手啦  
谢谢[某人]送的AppleWatchSeries3这份生日[礼物]礼物[礼物]非常喜欢 26岁 生日快乐[@陈楚生@陈楚生@陈楚生] 蒋发瑞 福清市 ​,谢谢 EMO_某人 送的AppleWatchSeries#NUM#这份生日 EMO_礼物 礼物 EMO_礼物 非常喜欢 #NUM#岁 生日快乐[ ] 蒋发瑞 福清市  
努力生活，拼命赚钱[加油][加油]iPhone X，Apple Watch 3，beats……哎，我得苦逼地生活很久很久呀[允悲][允悲] ​,努力生活 拼命赚钱 EMO_加油 EMO_加油 iPhone X Apple Watch #NUM# beats。哎 我得苦逼地生活很久很久呀 EMO_允悲 EMO_允悲  
个人觉得Garmin的fenix 5X 比Applewatch3功能🐂X太多[给力] 张家港市 ​,个人觉得Garmin的fenix #NUM#X 比Applewatch#NUM#功能 X太多 EMO_给力 张家港市  
Apple Watch 3，首次试水，可圈可点。 ​,Apple Watch #NUM# 首次试水 可圈可点。  
Apple Watch 3虽然现在电话功能还没开通。但另外一个优点就是待机时间超长。出门没带充电器3天了还有30多的电力。如果下一代可以改善到一周的待机。那就太赞了。 ​,Apple Watch #NUM#虽然现在电话功能还没开通。但另外一个优点就是待机时间超长。出门没带充电器#NUM#天了还有#NUM#多的电力。如果下一代可以改善到一周的待机。那就太赞了。  
下个月把apple watch 3蜂窝版也买了吧[允悲][允悲][允悲] ​,下个月把apple watch #NUM#蜂窝版也买了吧 EMO_允悲 EMO_允悲 EMO_允悲  
apple watch 3入手三周左右，昨天试了雨中长跑，今天试了下室温泳池。没啥问题 喜欢运动的建议入一个，虽然毅力这事还得靠自己，但是好的装备能提升运动的兴趣。 ​,apple watch #NUM#入手三周左右 昨天试了雨中长跑 今天试了下室温泳池。没啥问题 喜欢运动的建议入一个 虽然毅力这事还得靠自己 但是好的装备能提升运动的兴趣。  
有没有人用过apple watch 3好用吗 想买个玩玩 ​,有没有人用过apple watch #NUM#好用吗 想买个玩玩  
AirPods周一充的电，每天上下班路上都用，中午也用，现在才没电，续航真是没的说，AppleWatchSeries3可以撑两天吗？ ​,AirPods周一充的电 每天上下班路上都用 中午也用 现在才没电 续航真是没的说 AppleWatchSeries#NUM#可以撑两天吗   
觉得这次AppleWatchseries3比 iPhone X更值得赞美。Watch终于第一次到达非常不错体验的水平了。 ​,觉得这次AppleWatchseries#NUM#比 iPhone X更值得赞美。Watch终于第一次到达非常不错体验的水平了。  
Applewatch3运动表带，越来越不行了，都特么掉皮了 ​,Applewatch#NUM#运动表带 越来越不行了 都特么掉皮了  
吃完午饭好好洗了一下车，完了退掉等了半个月还不到的apple watch 3Nike+换了一个普通的，这个也够用。最后刷牙开心的挤了一坨洗面奶。今天就结束了。晚安吧！ ​,吃完午饭好好洗了一下车 完了退掉等了半个月还不到的apple watch #NUM#Nike 换了一个普通的 这个也够用。最后刷牙开心的挤了一坨洗面奶。今天就结束了。晚安吧   
喜欢的东西[跪了][跪了][跪了],喜欢的东西 EMO_跪了 EMO_跪了 EMO_跪了
Apple watch 3今天到，赶紧下水试一试。 ​,Apple watch #NUM#今天到 赶紧下水试一试。  
Applewatch3一点都不好玩！！差评～ 成都·何家桥 ​,Applewatch#NUM#一点都不好玩！差评  成都 何家桥  
AppleWatch3跟钢化玻璃蹭上了，把屏幕和边框刮花了，心疼[生病] ​,AppleWatch#NUM#跟钢化玻璃蹭上了 把屏幕和边框刮花了 心疼 EMO_生病  
昨天第一次试着戴applewatch3跑马拉松，几个小时下来，电量还不错，剩了不少。总体来讲数据还算准确，看来以后………[挖鼻][挖鼻] ​,昨天第一次试着戴applewatch#NUM#跑马拉松 几个小时下来 电量还不错 剩了不少。总体来讲数据还算准确 看来以后。 EMO_挖鼻 EMO_挖鼻  
applewatch3还没感受过手表单独打电话，就已经结束了。[怒][怒][怒]@中国移动​,applewatch#NUM#还没感受过手表单独打电话 就已经结束了。 EMO_怒 EMO_怒 EMO_怒  
Apple Watch 3Nike+总体还不错！ ​,Apple Watch #NUM#Nike 总体还不错   
感谢你迟来的生日礼物[礼物]今天终于盼到你来啦…Applewatchseries3​​​,感谢你迟来的生日礼物 EMO_礼物 今天终于盼到你来啦。Applewatchseries#NUM#   
讲真，AppleWatchSeries3续航两天到三天没有什么问题……… ​,讲真 AppleWatchSeries#NUM#续航两天到三天没有什么问题。  
我开始明白IOS11自动开无线的原理了，如果你到了一个曾经成功连上过的WIFI，它会自动开启并连接，貌似现在就是这么个情况，不知道总结的对不对，那么我也有点理解为啥说APPLEWATCH3会因为这个无线连接的问题而暂时跳票运营商网络的支持了。 ​,我开始明白IOS#NUM#自动开无线的原理了 如果你到了一个曾经成功连上过的WIFI 它会自动开启并连接 貌似现在就是这么个情况 不知道总结的对不对 那么我也有点理解为啥说APPLEWATCH#NUM#会因为这个无线连接的问题而暂时跳票运营商网络的支持了。  
AppleWatch3感觉还是有点厚！ ​,AppleWatch#NUM#感觉还是有点厚   
AppleWatch3真的挺省电的，一早上用到现在才耗电26%，当然，你要对智能手表有所定义，它毕竟不是传统手表，也不是智能手机。我觉得这个续航在当下我已经非常满意了。 ​,AppleWatch#NUM#真的挺省电的 一早上用到现在才耗电#NUM#  当然 你要对智能手表有所定义 它毕竟不是传统手表 也不是智能手机。我觉得这个续航在当下我已经非常满意了。  
之前想好的，结果到现在饭也没吃，也忘记出门买ApplewatchS3了，唉，明天回老家去，也不知道回来还会不会还想再买。。。 ​,之前想好的 结果到现在饭也没吃 也忘记出门买ApplewatchS#NUM#了 唉 明天回老家去 也不知道回来还会不会还想再买。  
昨晚打着排位被主任喊去调车，因为整个单位就我还没睡觉[吃瓜]回来一直到四点多才睡着，早晨起来食堂就没饭了，自己蒸了鸡蛋羹[馋嘴]同事说要和我学做饭[笑而不语]心心念念的Apple Watch 3到了，还不错[doge]没错，又是在火车上的一天，日落真的很暖很美[爱你] ​,昨晚打着排位被主任喊去调车 因为整个单位就我还没睡觉 EMO_吃瓜 回来一直到四点多才睡着 早晨起来食堂就没饭了 自己蒸了鸡蛋羹 EMO_馋嘴 同事说要和我学做饭 EMO_笑而不语 心心念念的Apple Watch #NUM#到了 还不错 EMO_doge 没错 又是在火车上的一天 日落真的很暖很美 EMO_爱你  
AppleWatch3佩戴一个月之后的表带，脱落的应该是表带表层的保护层，有点影响美观。 ​,AppleWatch#NUM#佩戴一个月之后的表带 脱落的应该是表带表层的保护层 有点影响美观。  
Apple Watch 3到手 美滋滋 [坏笑] ​,Apple Watch #NUM#到手 美滋滋 EMO_坏笑  
Apple watch 3的电池多到让人忧郁…[二哈] ​,Apple watch #NUM#的电池多到让人忧郁。 EMO_二哈  
AppleWatchSeries3的联通网络测试9.28就已经结束了，暂时也没有后期开放计划，那我买LTE版本干嘛？回想起去年心心念念等待三星支付开放的日子了。 ​,AppleWatchSeries#NUM#的联通网络测试#NUM# #NUM#就已经结束了 暂时也没有后期开放计划 那我买LTE版本干嘛 回想起去年心心念念等待三星支付开放的日子了。  
陕西联通 西安何时会支持AppleWatchS3数据版LTE功能？ ? ​,陕西联通 西安何时会支持AppleWatchS#NUM#数据版LTE功能     
出applewatchseries3有好心人收了吗[跪了][跪了][跪了]国庆时候买的 黑色38mm 非蜂窝送表带 ​,出applewatchseries#NUM#有好心人收了吗 EMO_跪了 EMO_跪了 EMO_跪了 国庆时候买的 黑色#NUM#mm 非蜂窝送表带  
#Apple Watch Series 3#我的床头表[小黄人剪刀手] ​, Apple Watch Series #NUM# 我的床头表 EMO_小黄人剪刀手  
Apple Watch 3独立使用，下雨随意跑了1k，心律160，配速5.18，忘了关nrc。心律稍高。 ​,Apple Watch #NUM#独立使用 下雨随意跑了#NUM#k 心律#NUM# 配速#NUM# #NUM# 忘了关nrc。心律稍高。  
Apple Watch 3上手体验 请不要叫我数码达人的秒拍视频 ​,Apple Watch #NUM#上手体验 请不要叫我数码达人的秒拍视频  
AppleWatchseries3入手。 ​,AppleWatchseries#NUM#入手。  
applewatch3飞行模式电池很能抗！ 沧州·沧州西站 ​,applewatch#NUM#飞行模式电池很能抗  沧州 沧州西站  
Apple Watch 3昨晚收到啦[太开心] ​,Apple Watch #NUM#昨晚收到啦 EMO_太开心  
Apple watch 3符合预期🤓Applewatch1 光荣退役[鼓掌] 上海 ​,Apple watch #NUM#符合预期 Applewatch#NUM# 光荣退役 EMO_鼓掌 上海  
谢谢亲爱的[婴儿]送的AppleWatch3，我会每次出门都戴上的～Thank you！[兔子][猪头] ​,谢谢亲爱的 EMO_婴儿 送的AppleWatch#NUM# 我会每次出门都戴上的 Thank you  EMO_兔子 EMO_猪头  
「今年稍后推出」。。。。你们觉得今年年底前AppleWatchSeries3三大运营商的蜂窝服务有希望开通吗？[摊手] ​, 今年稍后推出 。你们觉得今年年底前AppleWatchSeries#NUM#三大运营商的蜂窝服务有希望开通吗  EMO_摊手  
不妙，被这篇种草watch了，可是没钱[跪了][跪了][跪了]——分享了 czwasus 在数字尾巴的文章《更富弹性的表带，Applewatchseries3Nike+ 开箱》：Applewatchseries3Nike+ 开箱文 来自@数字尾巴​,不妙 被这篇种草watch了 可是没钱 EMO_跪了 EMO_跪了 EMO_跪了 ——分享了 czwasus 在数字尾巴的文章 更富弹性的表带 Applewatchseries#NUM#Nike  开箱  Applewatchseries#NUM#Nike  开箱文 来自  
#新iPhone免费送##新品免费玩#​​​​ 我刚刚在@新浪众测免费申请了iPhone X，5.8英寸全面屏，更有iPhone 8和AppleWatchSeries3免费试用→http://t.cn/RUPG9eX快来申请→http://t.cn/Rp9VY8l​,    我刚刚在 X #NUM# #NUM#英寸全面屏 更有iPhone #NUM#和AppleWatchSeries#NUM#免费试用 
穷死了。想买个AppleWatchS3. ​,穷死了。想买个AppleWatchS#NUM#   
​Applewatchs3跑步还是好用[doge] ​, Applewatchs#NUM#跑步还是好用 EMO_doge  
佩戴一周半，安利此物。1. 继AppleWatch后存在感第二弱。2. 一次配对，同 iCloud 账户登陆设备切换特别方便。3. 音响效果对收听Applemusic 及播客而言足够，如果没期待就会有惊喜。4. 一般佩戴不会掉，实测八级大风出门，人已歪斜，耳机还在。5. 接听电话效果好，做饭绝配，另一端基本听不到厨房噪音。6. 支持单只使用，这样在户外更安全，重要是使用时间翻倍[二哈][二哈][二哈],佩戴一周半 安利此物。#NUM#  继AppleWatch后存在感第二弱。#NUM#  一次配对 同 iCloud 账户登陆设备切换特别方便。#NUM#  音响效果对收听Applemusic 及播客而言足够 如果没期待就会有惊喜。#NUM#  一般佩戴不会掉 实测八级大风出门 人已歪斜 耳机还在。#NUM#  接听电话效果好 做饭绝配 另一端基本听不到厨房噪音。#NUM#  支持单只使用 这样在户外更安全 重要是使用时间翻倍 EMO_二哈 EMO_二哈 EMO_二哈
http://t.cn/ROa2hPs在Apple Watch 3仅仅发售一周之后，苹果官网却显示了联通蜂窝网络将于稍后时段开放使用的公告，中国联通也紧急表示针对Apple Watch 3手表9月28日晚十点之后，停止认证申请。有用户在采访时亦表示，“当我在苹果商店购买苹果手表时，当地联通是支持苹果手表上的数据服务的，现在消失了。”,Watch #NUM#仅仅发售一周之后 苹果官网却显示了联通蜂窝网络将于稍后时段开放使用的公告 中国联通也紧急表示针对Apple Watch #NUM#手表#NUM#月#NUM#日晚十点之后 停止认证申请。有用户在采访时亦表示 “当我在苹果商店购买苹果手表时 当地联通是支持苹果手表上的数据服务的 现在消失了。”
不知不觉中，竟然成了果粉 篇六：#首席生活家#我的第一块智能手表——Apple,不知不觉中 竟然成了果粉 篇六  我的第一块智能手表——Apple
现在是凌晨1点半，我的Apple Watch 3让我起来站立一下…[二哈][二哈][二哈][二哈] ​,现在是凌晨#NUM#点半 我的Apple Watch #NUM#让我起来站立一下。 EMO_二哈 EMO_二哈 EMO_二哈 EMO_二哈  
Applewatchs3待机进步很大，早上9点用到晚上11点，还剩69%电量，其中运动+蓝牙听歌了20分钟 北京·学清路 ​,Applewatchs#NUM#待机进步很大 早上#NUM#点用到晚上#NUM#点 还剩#NUM# 电量 其中运动 蓝牙听歌了#NUM#分钟 北京 学清路  
3000元，在已有7P的情况下是买Apple Watch 3还是买新iPad还是买个安卓旗舰？还是别的数码产品？单反再也不烧钱了[哈哈] ​,#NUM#元 在已有#NUM#P的情况下是买Apple Watch #NUM#还是买新iPad还是买个安卓旗舰 还是别的数码产品 单反再也不烧钱了 EMO_哈哈  
原来今年新出的 iPhone 8、iPhone X、AppleWatchS3不再限定日本版本，都已经支持绑定日本 Suica 卡了。看了网上的视频本想试一下，没想到只支持 Visa/Master/JCB 卡通过ApplePay 充值，然而国内银行发行的外币卡一律不支持绑定到ApplePay[拜拜][拜拜][拜拜]还是等支持 iPhone 、AppleWatch绑定国内的交通卡那一天吧,原来今年新出的 iPhone #NUM#、iPhone X、AppleWatchS#NUM#不再限定日本版本 都已经支持绑定日本 Suica 卡了。看了网上的视频本想试一下 没想到只支持 Visa Master JCB 卡通过ApplePay 充值 然而国内银行发行的外币卡一律不支持绑定到ApplePay EMO_拜拜 EMO_拜拜 EMO_拜拜 还是等支持 iPhone 、AppleWatch绑定国内的交通卡那一天吧
AppleWatch3死活绑不上ApplePay，还以为是服务器间歇性抽风，结果连试几天都不行，那就是其他问题了。搜了一圈，各种解决办法尝试了一圈，只有这种方法对我这个有效：1、关闭手机蓝牙、确保手机连接wifi，必须是2.4G的wifi。2、手表上滑，左上角会出现连接wifi的标志3、关闭手机上的watchapp，等2分钟以后重新打开watchapp 4、绑定ApplePay。,AppleWatch#NUM#死活绑不上ApplePay 还以为是服务器间歇性抽风 结果连试几天都不行 那就是其他问题了。搜了一圈 各种解决办法尝试了一圈 只有这种方法对我这个有效 #NUM#、关闭手机蓝牙、确保手机连接wifi 必须是#NUM# #NUM#G的wifi。#NUM#、手表上滑 左上角会出现连接wifi的标志#NUM#、关闭手机上的watchapp 等#NUM#分钟以后重新打开watchapp #NUM#、绑定ApplePay。
分享AppleWatchSeries3广告曲Misbehaving（@网易云音乐） ​,分享AppleWatchSeries#NUM#广告曲Misbehaving     
AppleWatchSeries3续航如何？LTE下不容乐观 （分享自@新浪科技）AppleWatchSeries3续航如何？LTE下不容乐观 ​,AppleWatchSeries#NUM#续航如何 LTE下不容乐观  分享自  AppleWatchSeries#NUM#续航如何 LTE下不容乐观  
真羡慕隔壁都已经用上了，apple watch 3蜂窝版在我村上市遥遥无期，等待的每一天都是煎熬的[二哈] ​,真羡慕隔壁都已经用上了 apple watch #NUM#蜂窝版在我村上市遥遥无期 等待的每一天都是煎熬的 EMO_二哈  
Apple Watch 3的续航时间还是让我非常满意的，因为没有过上一代不知道对比情况如何。反正今天是上午九点半出门上班，一直到现在这个点还有90%的电量。当然你也可以认为我是一个轻度用户，但是对于大部分用户来说显示更丰富的信息+连接iPhone 提供的提醒服务，传统使用频率下还是很可以的。 ​,Apple Watch #NUM#的续航时间还是让我非常满意的 因为没有过上一代不知道对比情况如何。反正今天是上午九点半出门上班 一直到现在这个点还有#NUM# 的电量。当然你也可以认为我是一个轻度用户 但是对于大部分用户来说显示更丰富的信息 连接iPhone 提供的提醒服务 传统使用频率下还是很可以的。  
Apple Watch 3，我考察了一遍它的外表啦，性能啦，续航啦，能不能在飞机上使用啦，最终觉得不太满意……因为我没钱买。。。 ​,Apple Watch #NUM# 我考察了一遍它的外表啦 性能啦 续航啦 能不能在飞机上使用啦 最终觉得不太满意。因为我没钱买。  
Applewatch3，什么时候能支持电话这个功能@威锋网耐克➕版本来几张美美图片[喵喵] ​,Applewatch#NUM# 什么时候能支持电话这个功能  版本来几张美美图片 EMO_喵喵  
如何让你的AppleWatch（不管是一代还是二代）秒变Apple Watch 3…… ​,如何让你的AppleWatch 不管是一代还是二代 秒变Apple Watch #NUM#。  
#新iPhone免费送##新品免费玩#​​​​ 我刚刚在@新浪众测免费申请了iPhone X，5.8英寸全面屏，更有iPhone 8和AppleWatchSeries3免费试用→http://t.cn/RUPG9eX快来申请→ iPhone X ​,    我刚刚在 X #NUM# #NUM#英寸全面屏 更有iPhone #NUM#和AppleWatchSeries#NUM#免费试用  iPhone X  
"我分享了我的第3个配音作品《AppleWatch的兄弟姐妹》,快来看看吧#为电影配音学英语#http://t.cn/ROVjExu​",我分享了我的第#NUM#个配音作品 AppleWatch的兄弟姐妹  快来看看吧
苹果今天带来了 watchOS 4.1 和 tvOS 11.1 第二个开发者测试版。距离 watchOS 4.1 与第一个开发者测试版相隔两周的时间，tvOS 11.1 与第一个测试版相隔一周半的时间。watchOS 4.1 为 LTE 版AppleWatchSeries3加入了AppleMusic 内容播放支持，并且提供了全新 Radio 应用，可以收听 Beats 1 以及其他AppleMusic 广播。同时，watchOS 4.1 中还加入了对全新 Unicode 10 Emoji 的支持。tvOS 11.1 主要是 Bug 修复和性能改进，并没有带来设计的变化和新功能。http://t.cn/ROV5GpJ,苹果今天带来了 watchOS #NUM# #NUM# 和 tvOS #NUM# #NUM# 第二个开发者测试版。距离 watchOS #NUM# #NUM# 与第一个开发者测试版相隔两周的时间 tvOS #NUM# #NUM# 与第一个测试版相隔一周半的时间。watchOS #NUM# #NUM# 为 LTE 版AppleWatchSeries#NUM#加入了AppleMusic 内容播放支持 并且提供了全新 Radio 应用 可以收听 Beats #NUM# 以及其他AppleMusic 广播。同时 watchOS #NUM# #NUM# 中还加入了对全新 Unicode #NUM# Emoji 的支持。tvOS #NUM# #NUM# 主要是 Bug 修复和性能改进 并没有带来设计的变化和新功能。
经过一个多礼拜的奋斗，最外面的圆环终于填满了。没有别的方法，just do it。#立一个flag#关于apple watch 3更详细的体验报告将在周末推出。忘记说了，在app的建议下，卡路里的目标调低了一半。嗯，先就这些。 ​,经过一个多礼拜的奋斗 最外面的圆环终于填满了。没有别的方法 just do it。 关于apple watch #NUM#更详细的体验报告将在周末推出。忘记说了 在app的建议下 卡路里的目标调低了一半。嗯 先就这些。  
【科技微讯】Apple watch 3说我的心脏出问题了[泪]科技微讯的秒拍视频 ​, 科技微讯 Apple watch #NUM#说我的心脏出问题了 EMO_泪 科技微讯的秒拍视频  
心心念念的apple watch 3Nike合作版到了，但是都没有时间玩，一直在帮忙对烂账，真是要变成芦会计了。气到爆炸！！ ​,心心念念的apple watch #NUM#Nike合作版到了 但是都没有时间玩 一直在帮忙对烂账 真是要变成芦会计了。气到爆炸！  
Apple Watch 3最新拆解：看看供应商都有谁？！http://t.cn/RO5Sg5T​,Apple Watch #NUM#最新拆解 看看供应商都有谁  
Apple Watch 3有这些新特性 你还认为它太贵吗？Apple Watch 3有这些新特性 你还认为它太贵吗？ ​,Apple Watch #NUM#有这些新特性 你还认为它太贵吗 Apple Watch #NUM#有这些新特性 你还认为它太贵吗   
Apple Watch 3支持蜂窝网络 但不支持通话 ​,Apple Watch #NUM#支持蜂窝网络 但不支持通话  
AppleWatchSeries3续航测试：LTE下并不乐观http://t.cn/ROcEOYD​,AppleWatchSeries#NUM#续航测试 LTE下并不乐观
Apple Watch 3的支付宝使用场景有一个严重的 bug ，由于抬腕唤醒功能，每次我调出支付条形码，往前一伸手，屏幕就黑了，场面一度非常尴尬… ​,Apple Watch #NUM#的支付宝使用场景有一个严重的 bug  由于抬腕唤醒功能 每次我调出支付条形码 往前一伸手 屏幕就黑了 场面一度非常尴尬。  
AppleWatch3蜂窝板用的流量真心不多。 ​,AppleWatch#NUM#蜂窝板用的流量真心不多。  
【Apple Watch 3有这些新特性 你还认为它太贵吗？】AppleWatchSeries3最重要的特性并非是LTE——当然也是一项重要特性——而是性能的提升，没有性能提升就没有其出色的体验 →→→http://t.cn/ROcqels​, Apple Watch #NUM#有这些新特性 你还认为它太贵吗  AppleWatchSeries#NUM#最重要的特性并非是LTE——当然也是一项重要特性——而是性能的提升 没有性能提升就没有其出色的体验    
AppleWatchSeries3续航测试：LTE下并不乐观AppleWatchSeries3续航测试：LTE下并不乐观 ​,AppleWatchSeries#NUM#续航测试 LTE下并不乐观AppleWatchSeries#NUM#续航测试 LTE下并不乐观  
我的Apple Watch 3非蜂窝版，用6个小时就剩一半电量了。因为，除了所有的通知都用它看，连邮件都用它回。#守望先锋好伴侣#​,我的Apple Watch #NUM#非蜂窝版 用#NUM#个小时就剩一半电量了。因为 除了所有的通知都用它看 连邮件都用它回。  
为了在晨跑的时候可以不带上iPhone直接用Apple Watch 3配合AirPods听歌，我转而重新开始用AppleMusic听歌，没办法啊，谁让我没找到怎么把网易云音乐的歌缓存到aw里面的办法啊 ​,为了在晨跑的时候可以不带上iPhone直接用Apple Watch #NUM#配合AirPods听歌 我转而重新开始用AppleMusic听歌 没办法啊 谁让我没找到怎么把网易云音乐的歌缓存到aw里面的办法啊  
AppleWatchSeries3是有史以来人们佩戴在手腕上的最先进个人计算设备，静下来想一下这个小东西是多么非凡，对它的喜爱将只会有增无减。 ​,AppleWatchSeries#NUM#是有史以来人们佩戴在手腕上的最先进个人计算设备 静下来想一下这个小东西是多么非凡 对它的喜爱将只会有增无减。  
简直逼疯，Apple Watch 3又不同步我的日历了，上次为了这个还重置了我的watch没想到过没多久又这样了。这尼玛到底是Apple Watch 3的问题还是watchOS 4的问题，烦死[哼] ​,简直逼疯 Apple Watch #NUM#又不同步我的日历了 上次为了这个还重置了我的watch没想到过没多久又这样了。这尼玛到底是Apple Watch #NUM#的问题还是watchOS #NUM#的问题 烦死 EMO_哼  
Apple Watch 3的开箱上手视频AppleWatchSeries3苹果手表3开箱上手体验【HobbyLifeStudio】 ​,Apple Watch #NUM#的开箱上手视频AppleWatchSeries#NUM#苹果手表#NUM#开箱上手体验 HobbyLifeStudio   
applewatch3报价 ​,applewatch#NUM#报价  
new toy⌚️⌚️⌚️Applewatchseries3北京·苹果店 ​,new toy      Applewatchseries#NUM#北京 苹果店  
解决Apple watch 3无法添加设置ApplePay方法汇总（终极攻略） -AppleWatch综合讨论区 - 威锋论坛 - 威锋网您好，欢迎来到威锋网！ ​,解决Apple watch #NUM#无法添加设置ApplePay方法汇总 终极攻略  -AppleWatch综合讨论区 - 威锋论坛 - 威锋网您好 欢迎来到威锋网   
《AppleWatchSeries3铝合金GPS版》，阅读全文：http://t.cn/ROUJrHo（分享来自5X兴趣社区@5X老司机运营小妹） ​, AppleWatchSeries#NUM#铝合金GPS版  阅读全文   
AppleWatchSeries3发布 （分享自@优酷）AppleWatchSeries3发布 ​,AppleWatchSeries#NUM#发布  分享自  AppleWatchSeries#NUM#发布  
Apple Watch 3续航让我有点惊讶… 5 号一大早开始使用，一直用到今天 7 号，目前还剩余 7% 的电量，中间没有任意一次充电。这相比一代，到下午基本就顶不住的状况，也好了太多了吧？这续航让我更愿意长期佩戴了，否则像以前必须一天一充，简直就是随身多带了一个让我电量焦虑的玩意，自我折磨 … ​,Apple Watch #NUM#续航让我有点惊讶。 #NUM# 号一大早开始使用 一直用到今天 #NUM# 号 目前还剩余 #NUM#  的电量 中间没有任意一次充电。这相比一代 到下午基本就顶不住的状况 也好了太多了吧 这续航让我更愿意长期佩戴了 否则像以前必须一天一充 简直就是随身多带了一个让我电量焦虑的玩意 自我折磨 。  
9to5Mac 带来了一期AppleWatchSeries3的新功能介绍视频，但重点还是 Series3和 Series 1 的速度对比。我之前在开箱直播里做过一次对比，没看过的同学可以看看下面这个视频，来感受一下两款处理器的性能差距[并不简单] 李大锤同学的秒拍视频 ​,#NUM#to#NUM#Mac 带来了一期AppleWatchSeries#NUM#的新功能介绍视频 但重点还是 Series#NUM#和 Series #NUM# 的速度对比。我之前在开箱直播里做过一次对比 没看过的同学可以看看下面这个视频 来感受一下两款处理器的性能差距 EMO_并不简单 李大锤同学的秒拍视频  
把手机降级回10.3.3之后，那种卡得跟几年前安卓似的感觉没有了，傻逼的是AppleWatch无法配对了。查了下要降级需要寄给Apple，完事了再寄给我… ​,把手机降级回#NUM# #NUM# #NUM#之后 那种卡得跟几年前安卓似的感觉没有了 傻逼的是AppleWatch无法配对了。查了下要降级需要寄给Apple 完事了再寄给我。  
尊敬的中国用户 您的Apple Watch 3不在服务区了(同步自@新浪看点)尊敬的中国用户 您的Apple Watch 3不在服务区了 ​,尊敬的中国用户 您的Apple Watch #NUM#不在服务区了 同步自  尊敬的中国用户 您的Apple Watch #NUM#不在服务区了  
Apple watch 3评测Apple watch 3评测 ​,Apple watch #NUM#评测Apple watch #NUM#评测  
浑浑噩噩中假期终于要结束了，这8天里的好天气屈指而数，老天抠门的不要不要的，还好，高兴的是收到了@新浪众测发来的AppleWatchSeries3， 为了向堵在高速的小伙伴们致敬，于是进行了愉快的小区健身广场一日游[小黄人剪刀手]#组装生活##国庆怎么宅#​,浑浑噩噩中假期终于要结束了 这#NUM#天里的好天气屈指而数 老天抠门的不要不要的 还好 高兴的是收到了   为了向堵在高速的小伙伴们致敬 于是进行了愉快的小区健身广场一日游 EMO_小黄人剪刀手  
退了黑色运动applewatchseries3，入手白钢米兰，真漂亮。 ​,退了黑色运动applewatchseries#NUM# 入手白钢米兰 真漂亮。  
【AppleWatchSeries3续航不乐观】虽然苹果宣布AppleWatchSeries3的电池续航最高为18小时，在连接iPhone时，AppleWatchSeries3能够拥有3小时通话时间，但连接至LTE网络时仅为超过1小时。其在室内运动时能够拥有10小时续航时间，在开启GPS状态下的室外运动续航时间降为5小时。 ​, AppleWatchSeries#NUM#续航不乐观 虽然苹果宣布AppleWatchSeries#NUM#的电池续航最高为#NUM#小时 在连接iPhone时 AppleWatchSeries#NUM#能够拥有#NUM#小时通话时间 但连接至LTE网络时仅为超过#NUM#小时。其在室内运动时能够拥有#NUM#小时续航时间 在开启GPS状态下的室外运动续航时间降为#NUM#小时。  
AppleWatchSerise3| Nike+ GPS+Cellular ​,AppleWatchSerise#NUM#  Nike  GPS Cellular  
据说AppleWatchSeries3⌚️的小红点设计源于Marc Newson90年代末设计的腕表。 ​,据说AppleWatchSeries#NUM#  的小红点设计源于Marc Newson#NUM#年代末设计的腕表。  
[太开心][太开心][污]#Apple Watch Series 3#​,EMO_太开心 EMO_太开心 EMO_污  Apple Watch Series #NUM#  
【拆解Apple Watch 3：挑战封装极限】拆解Apple Watch 3：挑战封装极限 ​, 拆解Apple Watch #NUM# 挑战封装极限 拆解Apple Watch #NUM# 挑战封装极限  
拆解Apple Watch 3：挑战封装极限 根据TechInsights的拆解分析，苹果最新的智能手表AppleWatchSeries3仍然采用高通的LTE调制解调器芯片以及其他一些无线芯片。 此外，最新一代的AppleWatch中封装了十几款主要芯片和几十款离散式组件，持续挑战系统级封装(SiP)设计的极限 ​,拆解Apple Watch #NUM# 挑战封装极限 根据TechInsights的拆解分析 苹果最新的智能手表AppleWatchSeries#NUM#仍然采用高通的LTE调制解调器芯片以及其他一些无线芯片。 此外 最新一代的AppleWatch中封装了十几款主要芯片和几十款离散式组件 持续挑战系统级封装 SiP 设计的极限  
AppleWatch3香港特别行政区·尖沙咀 ​,AppleWatch#NUM#香港特别行政区 尖沙咀  
#直击iphone8发布会#applewatch3，9.19上市，支持蜂窝移动网络 ​,applewatch#NUM# #NUM# #NUM#上市 支持蜂窝移动网络  
Garmin fenix 5s orApple Watch 3？ ​,Garmin fenix #NUM#s orApple Watch #NUM#   
AppleWatchSeries3拆解:电池亮了!AppleWatchSeries3拆解:电池亮了! AppleWatch3拆解报告。 ​,AppleWatchSeries#NUM#拆解 电池亮了 AppleWatchSeries#NUM#拆解 电池亮了  AppleWatch#NUM#拆解报告。  
给你们捋一捋我最近要买的产品。Olympus pen-f (75mm f1.8)Song WF-1000XApple watch series 3 LTEKindle voyage. ​,给你们捋一捋我最近要买的产品。Olympus pen-f  #NUM#mm f#NUM# #NUM# Song WF-#NUM#XApple watch series #NUM# LTEKindle voyage   
想说applewatch3刚出我的2就开始疯狂掉电是几个意思？放在那里不动两小时掉电30%……有谁知道为什么吗？ ​,想说applewatch#NUM#刚出我的#NUM#就开始疯狂掉电是几个意思 放在那里不动两小时掉电#NUM# 。有谁知道为什么吗   
『Apple Watch 3评测: 升级在哪 到底值不值得买?』Apple Watch 3评测: 升级在哪 到底值不值得买? ​, Apple Watch #NUM#评测  升级在哪 到底值不值得买  Apple Watch #NUM#评测  升级在哪 到底值不值得买   
【AppleWatchSeries3获“消费者报告”好评】AppleWatchSeries3获“消费者报告”好评 ​, AppleWatchSeries#NUM#获“消费者报告”好评 AppleWatchSeries#NUM#获“消费者报告”好评  
apple watch 3[哈哈] 海宁·斜桥镇 ​,apple watch #NUM# EMO_哈哈 海宁 斜桥镇  
将来，手表可能有更多运用 —Applewatchseries3简单开箱 （分享自@什么值得买）http://t.cn/R0sLBHJ​,将来 手表可能有更多运用 —Applewatchseries#NUM#简单开箱  分享自  
AppleWatchSeries3还不支持三大运营商吗？ ​,AppleWatchSeries#NUM#还不支持三大运营商吗   
AppleWatchSeries3就是告诉你马上只带它和 AirPods 和 iPad Pro 就可以出门了，不办公不拍照不听歌就只用戴手表 [允悲] ​,AppleWatchSeries#NUM#就是告诉你马上只带它和 AirPods 和 iPad Pro 就可以出门了 不办公不拍照不听歌就只用戴手表 EMO_允悲  
圈内人都在讨论AppleWatch今年新加的蜂窝网络功能，没网的低配Series3热度基本为零。。媒体对着Series3的一小时LTE通话时间一通黑，但要不是LTE的话，续航其实不错。我戴38mm基本款，这十天以来每天7点用到12点，室内锻炼一小时，最终电量55%。如果是一小时室外锻炼，考虑GPS耗电，估计剩下30%吧。 ​,圈内人都在讨论AppleWatch今年新加的蜂窝网络功能 没网的低配Series#NUM#热度基本为零。。媒体对着Series#NUM#的一小时LTE通话时间一通黑 但要不是LTE的话 续航其实不错。我戴#NUM#mm基本款 这十天以来每天#NUM#点用到#NUM#点 室内锻炼一小时 最终电量#NUM# 。如果是一小时室外锻炼 考虑GPS耗电 估计剩下#NUM# 吧。  
【AppleWatchSeries3陶瓷版耐用性测试】AppleWatchSeries3陶瓷版耐用性测试 ​, AppleWatchSeries#NUM#陶瓷版耐用性测试 AppleWatchSeries#NUM#陶瓷版耐用性测试  
【有人说AppleWatchS3是个小iPhone，但有些事情它能做得比手机好】AppleWatch已经成为全球销量第一的手表，但时至今日，苹果都没有正式公开过它的具体销量，如果你去看苹果的财报，会发现AppleWatch藏在那个叫做「其它」的类别中。……详情点击：http://t.cn/R0dkYwV​, 有人说AppleWatchS#NUM#是个小iPhone 但有些事情它能做得比手机好 AppleWatch已经成为全球销量第一的手表 但时至今日 苹果都没有正式公开过它的具体销量 如果你去看苹果的财报 会发现AppleWatch藏在那个叫做 其它 的类别中。详情点击 
又开了一次，感觉找到窍门了，分享大家一个用AppleWatch开摩拜单车的教程：1、在AppleWatch上装最新版摩拜单车 app2、找到一辆看起来尽可能新的摩拜单车并护住，防止别人抢走3、在AppleWatch上打开摩拜单车 app 等待屏幕显示视频中转圈圈的动画...展开全文c ​,又开了一次 感觉找到窍门了 分享大家一个用AppleWatch开摩拜单车的教程 #NUM#、在AppleWatch上装最新版摩拜单车 app#NUM#、找到一辆看起来尽可能新的摩拜单车并护住 防止别人抢走#NUM#、在AppleWatch上打开摩拜单车 app 等待屏幕显示视频中转圈圈的动画。展开全文c  
"苹果AirPods、Watch买气超预期　上调2018年出货目标 对比iPhone供应链坐立难安，近期AirPods与WatchSeries3供应链则是喜迎收割，Apple Watch 3正式上市后，因拥有独立通话功能等新应用，苹果近期再度扩大下单规模，并上调2018年出货目标，估计全年出货至少可达2,500万支，iPhone X买气若大爆发，更将有助其挑战3,000万支大关。 ​",苹果AirPods、Watch买气超预期 上调#NUM#年出货目标 对比iPhone供应链坐立难安 近期AirPods与WatchSeries#NUM#供应链则是喜迎收割 Apple Watch #NUM#正式上市后 因拥有独立通话功能等新应用 苹果近期再度扩大下单规模 并上调#NUM#年出货目标 估计全年出货至少可达#NUM# #NUM#万支 iPhone X买气若大爆发 更将有助其挑战#NUM# #NUM#万支大关。  
最新身边挺多人买了最新款的AppleWatch，说句实话，S2和S3体验差别不大，因为我实在想不出除了跑步，会只带表不带手机的场景，如果最近有打算买AppleWatch的朋友，一定买不锈钢版本的，不管是质感还是耐用性都比铝合金版本的强太多。 ​,最新身边挺多人买了最新款的AppleWatch 说句实话 S#NUM#和S#NUM#体验差别不大 因为我实在想不出除了跑步 会只带表不带手机的场景 如果最近有打算买AppleWatch的朋友 一定买不锈钢版本的 不管是质感还是耐用性都比铝合金版本的强太多。  
AppleWatchSeries3对蜂窝网络的支持给人很多联想的空间。很多用户，尤其是拥有两个电话号码的用户开始想象，是否可以实现双卡双待了呢？　来自@IT之家，详细点击 巧妙利用AppleWatchSeries3实现双卡双待 ​,AppleWatchSeries#NUM#对蜂窝网络的支持给人很多联想的空间。很多用户 尤其是拥有两个电话号码的用户开始想象 是否可以实现双卡双待了呢  来自  详细点击 巧妙利用AppleWatchSeries#NUM#实现双卡双待  
"#发哥搞机#AppleWatchS3评测：只戴手表不带手机,能行吗？ 发哥搞机的秒拍视频 ​",AppleWatchS#NUM#评测 只戴手表不带手机 能行吗  发哥搞机的秒拍视频  
applewatch3續航几強，前天下午一點半衝滿電用到現在第三天下午六點纵有20%電力。 ​,applewatch#NUM#續航几強 前天下午一點半衝滿電用到現在第三天下午六點纵有#NUM# 電力。  
#豆花说#1.Apple Watch Series 3 LTE版采用的是eSIM卡，不是插卡[允悲]2.AppleWatchSeries3LTE版上的电话号码和与之配对的iPhone上的电话号码是同一个号码。 ​,#NUM# Apple Watch Series #NUM# LTE版采用的是eSIM卡 不是插卡 EMO_允悲 #NUM# AppleWatchSeries#NUM#LTE版上的电话号码和与之配对的iPhone上的电话号码是同一个号码。  
AppleWatchSeries3智能手表，这系列有粉色款的。 ​,AppleWatchSeries#NUM#智能手表 这系列有粉色款的。  
#科技早报#1.从健身到健康Apple Watch 3或将支持测血糖；2.西部数据玩的是哪出？先告东芝再致信道歉；3.三星智能音箱走向开放：支持谷歌亚马逊微软语音助手；4.马斯克：特斯拉将在6个月左右推出空气悬挂版Model3；5.黑客出售Instagram名人帐户信息：搜索一次10美元；6.ICO平台比特币中国暂停交易，严厉监管”山雨欲来”...http://t.cn/RNH6Akm,#NUM# 从健身到健康Apple Watch #NUM#或将支持测血糖 #NUM# 西部数据玩的是哪出 先告东芝再致信道歉 #NUM# 三星智能音箱走向开放 支持谷歌亚马逊微软语音助手 #NUM# 马斯克 特斯拉将在#NUM#个月左右推出空气悬挂版Model#NUM# #NUM# 黑客出售Instagram名人帐户信息 搜索一次#NUM#美元 #NUM# ICO平台比特币中国暂停交易 严厉监管”山雨欲来”。
【除了运动 传AppleWatch3或支持测血糖】9月4日消息，苹果9月13日的发布会上将会除了推出先乱iPhone产品，还将会推出新一代的AppleWatch。对于AppleWatch3苹果健康总监Jay Blahnik还是相当谨慎的，并没有透露什么信息。但从6月的WWDC可以知道，watchOS 4将能够跟踪高强度间隔训练（HIIT），使得AppleWatch不仅限于“数据记录”，基于背后的大数据平台，还能“有效指导”佩戴者。除此以外，watchOS 4还将直接与有氧器械配对。, 除了运动 传AppleWatch#NUM#或支持测血糖 #NUM#月#NUM#日消息 苹果#NUM#月#NUM#日的发布会上将会除了推出先乱iPhone产品 还将会推出新一代的AppleWatch。对于AppleWatch#NUM#苹果健康总监Jay Blahnik还是相当谨慎的 并没有透露什么信息。但从#NUM#月的WWDC可以知道 watchOS #NUM#将能够跟踪高强度间隔训练 HIIT  使得AppleWatch不仅限于“数据记录” 基于背后的大数据平台 还能“有效指导”佩戴者。除此以外 watchOS #NUM#还将直接与有氧器械配对。
Apple今年的发布会将定于 9 月 12 日正式举办，除了拥有特别版的 iPhone 8 外，Apple Watch 3也将会伴随 iOS 11 的推出同步上架。此番便有网友通过 iOS 11 测试版发现了Apple Watch 3的最新情报，Apple将会于新版健身 App 中增加跆拳道、拳击、羽毛球、篮球、体操、冲浪、滑雪和溜冰等 27 个运动项目。http://t.cn/RN5XUT9,Apple今年的发布会将定于 #NUM# 月 #NUM# 日正式举办 除了拥有特别版的 iPhone #NUM# 外 Apple Watch #NUM#也将会伴随 iOS #NUM# 的推出同步上架。此番便有网友通过 iOS #NUM# 测试版发现了Apple Watch #NUM#的最新情报 Apple将会于新版健身 App 中增加跆拳道、拳击、羽毛球、篮球、体操、冲浪、滑雪和溜冰等 #NUM# 个运动项目。
【新专利显示Apple Watch 3可能有呼吸监测】6月19日消息，据国外媒体报道，苹果越来越想让AppleWatch成为健康追踪的设备，从苹果最新申请的一份专利来看，苹果下代智能手表可能将提供测量呼吸频率。 专利申请报告显示，苹果概述了一种名为“测量呼吸频率与多带胸腺描记法”的系统，使用多波段的“体积描记器”，可用来测量一个器官内的体积变化。 从本质上说，苹果希望改进当前的一种抓取光体图的方法，这种方法可以很有效地测量这些体积的变化。 原文：http://t.cn/RoUUZR4, 新专利显示Apple Watch #NUM#可能有呼吸监测 #NUM#月#NUM#日消息 据国外媒体报道 苹果越来越想让AppleWatch成为健康追踪的设备 从苹果最新申请的一份专利来看 苹果下代智能手表可能将提供测量呼吸频率。 专利申请报告显示 苹果概述了一种名为“测量呼吸频率与多带胸腺描记法”的系统 使用多波段的“体积描记器” 可用来测量一个器官内的体积变化。 从本质上说 苹果希望改进当前的一种抓取光体图的方法 这种方法可以很有效地测量这些体积的变化。 原文 
【三星智能手表终于适配iOS，iPhone用户可用Gear S3】三星的 Gear 系列智能手表一直是除AppleWatch以外受到消费者喜爱的智能手之一，但对于 iPhone 用户来说 Gear 系列之前却并没有为之配备的 App。今天三星推出了 Gear S 和 Gear Fit 的 iOS 应用，为其所有目前在售的智能手表进行了 iOS 适配。Gear S3、S2 和 Fit 2 的用户现在都可以在 iPhone 上同步自己的数据了。http://t.cn/RMIyxCl, 三星智能手表终于适配iOS iPhone用户可用Gear S#NUM# 三星的 Gear 系列智能手表一直是除AppleWatch以外受到消费者喜爱的智能手之一 但对于 iPhone 用户来说 Gear 系列之前却并没有为之配备的 App。今天三星推出了 Gear S 和 Gear Fit 的 iOS 应用 为其所有目前在售的智能手表进行了 iOS 适配。Gear S#NUM#、S#NUM# 和 Fit #NUM# 的用户现在都可以在 iPhone 上同步自己的数据了。
冰点价格秒解id锁。价格只要99元！只能解锁AppleWatch，iPad全系列Wi-Fi版，Mac全系列解绑id账户锁不分黑白，百分百开。流程:1刷机2发序列号3关机等待4未刷机反锁自行负责5还原原厂设置不行。一定要刷机。24小时开。最快最稳定。大量接单。提醒ipad只能解锁Wi-Fi版本，插卡版本不要给我发码来！码错不退钱[警告]️提交插卡版不退钱[警告]️http://t.cn/R2WJC49,冰点价格秒解id锁。价格只要#NUM#元 只能解锁AppleWatch iPad全系列Wi-Fi版 Mac全系列解绑id账户锁不分黑白 百分百开。流程 #NUM#刷机#NUM#发序列号#NUM#关机等待#NUM#未刷机反锁自行负责#NUM#还原原厂设置不行。一定要刷机。#NUM#小时开。最快最稳定。大量接单。提醒ipad只能解锁Wi-Fi版本 插卡版本不要给我发码来 码错不退钱 EMO_警告  提交插卡版不退钱 EMO_警告  
军训总结🌚很赞或者有趣的东西：这几天没有手机中间有几个晚上找别人借了一下，发现6s这个3D Touch真好用Apple Watch的省电模式真是非常赞 星期天18:00开到星期四23:30只掉了8%的电闭幕式学校居然飞了一个大疆精灵4来拍，非常强见到了很多小学同学和初中同学（还有喜欢的女同学🌚在历史上重庆谈判的地方居然看到一个上尉戴AppleWatch，还是玫瑰金42mm不太赞的东西这个杨久信总教官你咋不改名叫杨永信呐🙄全寝室好像就我一个人没带手机[微笑]受了一些大家都知道的苦🙈反正你们肯定身经百战我naive我就不说了🌚最后一提：场地后面有一个蛤像。政治合格、军事过硬、作风优良、纪律严明、保障有力。    ——？？？今晚或者明天会有一个400粉抽奖🌚,军训总结 很赞或者有趣的东西 这几天没有手机中间有几个晚上找别人借了一下 发现#NUM#s这个#NUM#D Touch真好用Apple Watch的省电模式真是非常赞 星期天#NUM# #NUM#开到星期四#NUM# #NUM#只掉了#NUM# 的电闭幕式学校居然飞了一个大疆精灵#NUM#来拍 非常强见到了很多小学同学和初中同学 还有喜欢的女同学 在历史上重庆谈判的地方居然看到一个上尉戴AppleWatch 还是玫瑰金#NUM#mm不太赞的东西这个杨久信总教官你咋不改名叫杨永信呐 全寝室好像就我一个人没带手机 EMO_微笑 受了一些大家都知道的苦 反正你们肯定身经百战我naive我就不说了 最后一提 场地后面有一个蛤像。政治合格、军事过硬、作风优良、纪律严明、保障有力。 ——？今晚或者明天会有一个#NUM#粉抽奖 
【苹果正为AppleWatch开发新的睡眠/心率App】苹果公司曾经多次表示，医疗和健康计划将会是他们未来扩张的一个重要领域。根据彭博社的报道，苹果正在致力于为AppleWatch开发新的睡眠、心率追踪以及健身的应用程序。据了解，苹果并没有在AppleWatch中提供任何形式的睡眠分析应用，watchOS3系统中的心率 App 的功能也十分有限。报告称，新的心率 App 将会更加先进，除了监测用户的心率之外，还将加入一些新的功能。http://t.cn/RcuRibB, 苹果正为AppleWatch开发新的睡眠 心率App 苹果公司曾经多次表示 医疗和健康计划将会是他们未来扩张的一个重要领域。根据彭博社的报道 苹果正在致力于为AppleWatch开发新的睡眠、心率追踪以及健身的应用程序。据了解 苹果并没有在AppleWatch中提供任何形式的睡眠分析应用 watchOS#NUM#系统中的心率 App 的功能也十分有限。报告称 新的心率 App 将会更加先进 除了监测用户的心率之外 还将加入一些新的功能。
挺好的 京东就是快 功能还在摸索中，包装盒比想象中的长一些  原装表带带上挺舒服的 提醒消息也比较多  重点是健康监控  电池还比较耐用 下午拿到手80%的电量 重度使用了一晚上还有 45%   颜值确实高！,挺好的 京东就是快 功能还在摸索中 包装盒比想象中的长一些 原装表带带上挺舒服的 提醒消息也比较多 重点是健康监控 电池还比较耐用 下午拿到手#NUM# 的电量 重度使用了一晚上还有 #NUM#  颜值确实高 
双十二买的，快递等的好急，晚上才到，收到一看居然是个小米的盒子，不过包装很大还有隔膜垫着还是不错，拆开的包装都是全新的，东西很好看喜欢，米老鼠报时还是网络大神教的，要同步语音，很满意就是了！,双十二买的 快递等的好急 晚上才到 收到一看居然是个小米的盒子 不过包装很大还有隔膜垫着还是不错 拆开的包装都是全新的 东西很好看喜欢 米老鼠报时还是网络大神教的 要同步语音 很满意就是了 
换了个表带，这个很好用，比我买的1代好用多了。期待等我功能。我把很多通知都取消了，后台也关掉很多不必要的，一天才用掉24%的电，非常赞。,换了个表带 这个很好用 比我买的#NUM#代好用多了。期待等我功能。我把很多通知都取消了 后台也关掉很多不必要的 一天才用掉#NUM# 的电 非常赞。
爱不释手 非常漂亮 带着也很舒适 不像机械表笨重 科技感十足 唯一缺点是 表面容易磨花 也没有好的钢化膜可以适配,爱不释手 非常漂亮 带着也很舒适 不像机械表笨重 科技感十足 唯一缺点是 表面容易磨花 也没有好的钢化膜可以适配
想买这个很久了，终于成功剁手，体验还行，意料之中，只是买了几天就降价了，申请价格保护京东退了差价，赞一个,想买这个很久了 终于成功剁手 体验还行 意料之中 只是买了几天就降价了 申请价格保护京东退了差价 赞一个
很好，全新。在京东买了这么多东西，都没有失望过，非常好，会继续支持大强子中国好老板。,很好 全新。在京东买了这么多东西 都没有失望过 非常好 会继续支持大强子中国好老板。
我是果粉，苹果产品就是好，不管从外观还是性能都是非常的好？,我是果粉 苹果产品就是好 不管从外观还是性能都是非常的好 
比我在实体店买便宜200，早知道在京东上买了！,比我在实体店买便宜#NUM# 早知道在京东上买了 
很适合，超级棒，京东送货也很快半天就到了。还给补了差价很棒棒,很适合 超级棒 京东送货也很快半天就到了。还给补了差价很棒棒
挺不错的 喜欢。之后就看看还分期吧 哈哈,挺不错的 喜欢。之后就看看还分期吧 哈哈
挺不错的，没毛病！充一次电，差不多管两天,挺不错的 没毛病 充一次电 差不多管两天
特别好，很喜欢,特别好 很喜欢
平安夜送礼用 很漂亮的女款 但是没我的黑色好看！哈哈哈哈！,平安夜送礼用 很漂亮的女款 但是没我的黑色好看 哈哈哈 
很喜欢，快递也很速度，晚上定的晚上就到了，喜欢这个速度，手表功能很强大，外观很高大上，粉色和白色都很适合女生，还有手环单独密码，定位手机查找手机功能人性化,很喜欢 快递也很速度 晚上定的晚上就到了 喜欢这个速度 手表功能很强大 外观很高大上 粉色和白色都很适合女生 还有手环单独密码 定位手机查找手机功能人性化
很棒的手表，配合iOS11，果然苹果的生态就是比安卓好。作为辅助工具，还是很棒的,很棒的手表 配合iOS#NUM# 果然苹果的生态就是比安卓好。作为辅助工具 还是很棒的
表是可以，就是没忍住双十二下单，结果多花了一百八，不过早买早享受，声音通话都可以，一开始链接不行总是无法配对，多弄几次就好了，语音呼叫不行，反应慢,表是可以 就是没忍住双十二下单 结果多花了一百八 不过早买早享受 声音通话都可以 一开始链接不行总是无法配对 多弄几次就好了 语音呼叫不行 反应慢
感觉还行，就是目前蜂窝网络还没有，不知道以后会不会有，箱子很大，但是没贴好胶，会不会是被拆过了？玩起来也没什么，就图个运动方便，用着先。,感觉还行 就是目前蜂窝网络还没有 不知道以后会不会有 箱子很大 但是没贴好胶 会不会是被拆过了 玩起来也没什么 就图个运动方便 用着先。
想不到自己一冲动就买了，玩了一晚～表示很流畅～！,想不到自己一冲动就买了 玩了一晚 表示很流畅  
苹果质量信得过 喜欢这个颜色 百搭,苹果质量信得过 喜欢这个颜色 百搭
手感很好，画面也非常有风格，就是屏幕显示分辨率好像不高，看照片的时候有种廉价屏幕的感觉，不如在手机上清晰，其他用用再说吧，移动联通电信都不支持信号,手感很好 画面也非常有风格 就是屏幕显示分辨率好像不高 看照片的时候有种廉价屏幕的感觉 不如在手机上清晰 其他用用再说吧 移动联通电信都不支持信号
一直纠结买38还是42的，最后还是买了42带蜂窝的，没后悔，带着手感挺好的，就是买原装表带太贵了。希望蜂窝网络尽快开通吧，不然就白买了,一直纠结买#NUM#还是#NUM#的 最后还是买了#NUM#带蜂窝的 没后悔 带着手感挺好的 就是买原装表带太贵了。希望蜂窝网络尽快开通吧 不然就白买了
物有所值，还是很不错的，但电量一般，同步音乐速度一般，期待蜂窝数据尽快投入应用。,物有所值 还是很不错的 但电量一般 同步音乐速度一般 期待蜂窝数据尽快投入应用。
用起来还比较流畅，不过功能还在慢慢摸索当中，就是目前还不能支持蜂窝数据，还要靠蓝牙来连接，感觉费电。不过读取发送微信什么的都支持，还是挺方便,用起来还比较流畅 不过功能还在慢慢摸索当中 就是目前还不能支持蜂窝数据 还要靠蓝牙来连接 感觉费电。不过读取发送微信什么的都支持 还是挺方便
比较了一代和三代，感觉还是三代好，用了这么多天才评价，只死机了一次，其他都可以，最大问题就是充电了，基本上每天一冲，其他还可以，颜色也漂亮，京东比实体店要便宜，专门去比较了一下价格是官网价格还没有活动。唯一要吐槽的就是plus会员，领了券24小时内使用，那么小的字根本看不到。不过京东还是很可爱的，值得信赖！,比较了一代和三代 感觉还是三代好 用了这么多天才评价 只死机了一次 其他都可以 最大问题就是充电了 基本上每天一冲 其他还可以 颜色也漂亮 京东比实体店要便宜 专门去比较了一下价格是官网价格还没有活动。唯一要吐槽的就是plus会员 领了券#NUM#小时内使用 那么小的字根本看不到。不过京东还是很可爱的 值得信赖 
物流一流的快！观望了很久，终于还是下手了，京东商品一如既往的好，值得信赖！！,物流一流的快 观望了很久 终于还是下手了 京东商品一如既往的好 值得信赖！
嗯手表??还是相当不错的，一直以来都相信苹果设备。,嗯手表？还是相当不错的 一直以来都相信苹果设备。
买来一个周了，结果才用了几天手表??的屏幕就已经出现了可见的点状划痕，还是有些小失望。,买来一个周了 结果才用了几天手表？的屏幕就已经出现了可见的点状划痕 还是有些小失望。
总体来说期望大于失望，明年还会继续买的！,总体来说期望大于失望 明年还会继续买的 
总体来说还是比较满意吧。但是42毫米的还是感觉比较小，反复看了表后面的尺寸。总以为发错了，呵呵?后来才发现确实是42毫米的。戴了几天慢慢适应了尺寸。电池用了两天还有17%，还行吧。就是刚开始微信发信息发不出，后来自己就可以接收了。微信只能使用快捷回复内容，输入回复不知道怎么搞出来,总体来说还是比较满意吧。但是#NUM#毫米的还是感觉比较小 反复看了表后面的尺寸。总以为发错了 呵呵 后来才发现确实是#NUM#毫米的。戴了几天慢慢适应了尺寸。电池用了两天还有#NUM#  还行吧。就是刚开始微信发信息发不出 后来自己就可以接收了。微信只能使用快捷回复内容 输入回复不知道怎么搞出来
不错，黑色酷酷的，是我喜欢的样子，女生带38的正好，待机时间一天半左右，只是现在蜂窝功能还不能用，移动合约还没签下来，多花了几百，只是按钮是红色的,不错 黑色酷酷的 是我喜欢的样子 女生带#NUM#的正好 待机时间一天半左右 只是现在蜂窝功能还不能用 移动合约还没签下来 多花了几百 只是按钮是红色的
东西还是不错的，价格也很棒，唯一美中不足的是蜂窝功能不能用，官方也出了消息，无奈只能退了，使用体验良好，性价比不算高，包装特别好,东西还是不错的 价格也很棒 唯一美中不足的是蜂窝功能不能用 官方也出了消息 无奈只能退了 使用体验良好 性价比不算高 包装特别好
这个挺好的，这么不错，比较贵，赶上活动还可以了,这个挺好的 这么不错 比较贵 赶上活动还可以了
看了好久，lp还是觉得粉色好看，就她了！,看了好久 lp还是觉得粉色好看 就她了 
苹果手表确实也很方便，有时不方便拿电话时直接就用手表接了，现在防水功能也很好，可以带起去游泳了，京东物流也给力，很快就收到了，而且外包装盒也很用心，怕里面受损，加了很多缓震袋子,苹果手表确实也很方便 有时不方便拿电话时直接就用手表接了 现在防水功能也很好 可以带起去游泳了 京东物流也给力 很快就收到了 而且外包装盒也很用心 怕里面受损 加了很多缓震袋子
还是不错的，颜色也可以，38mm不觉得小，主要是来运动的，不想太大，质感还是很好的。,还是不错的 颜色也可以 #NUM#mm不觉得小 主要是来运动的 不想太大 质感还是很好的。
好评，值得推荐购买。,好评 值得推荐购买。
狗血的2017年想给自己一件礼物，错过了双十二的2988-150，本来还想再等等，却等来了召回的消息。刚好又有2988的价格，立刻下手，再迟点买可能都是别人退回的二手货了，说不定我这件已经是了，但包装完好，仔细看过也没使用痕迹！,狗血的#NUM#年想给自己一件礼物 错过了双十二的#NUM#-#NUM# 本来还想再等等 却等来了召回的消息。刚好又有#NUM#的价格 立刻下手 再迟点买可能都是别人退回的二手货了 说不定我这件已经是了 但包装完好 仔细看过也没使用痕迹 
主要用来看时间和记录运动轨迹！,主要用来看时间和记录运动轨迹 
最喜欢的羽毛球没有专门的运动模式，用室内跑步档貌似不是太准。,最喜欢的羽毛球没有专门的运动模式 用室内跑步档貌似不是太准。
再就是不能戴着洗澡，感觉很不方便，经常洗到一半才意识到没摘！,再就是不能戴着洗澡 感觉很不方便 经常洗到一半才意识到没摘 
还有什么新功能？陆续摸索中！希望可以直接接上蓝牙耳机听歌就好了！,还有什么新功能 陆续摸索中 希望可以直接接上蓝牙耳机听歌就好了 
平安夜的礼物，非常喜欢、谢谢亲爱的、手表很漂亮,平安夜的礼物 非常喜欢、谢谢亲爱的、手表很漂亮
配送速度很快。包装完好。去苹果店里买了保修。已经带了两周，没有任何问题。布表带果然比硅胶舒服很多。语音回复信息特别方便。,配送速度很快。包装完好。去苹果店里买了保修。已经带了两周 没有任何问题。布表带果然比硅胶舒服很多。语音回复信息特别方便。
物流快，质量好，信赖京东！就是刚买了就降价是什么鬼！辛亏能保价！,物流快 质量好 信赖京东 就是刚买了就降价是什么鬼 辛亏能保价 
苹果手表用起来很方便。,苹果手表用起来很方便。
今天刚到，5S不能适配?，新手机还在路上,今天刚到 #NUM#S不能适配  新手机还在路上
很喜欢，不错不错！！！！！,很喜欢 不错不错！
经过一个下午的使用，完美匹配IPHONE，京东物流超赞，速度快，有保障。再使用几天追加评价。目前使用感觉流畅，健康内容丰富。,经过一个下午的使用 完美匹配IPHONE 京东物流超赞 速度快 有保障。再使用几天追加评价。目前使用感觉流畅 健康内容丰富。
黑色运动版，不错，这代屏幕更清晰了，反应也快，就是蜂窝一直没有开通，希望运营商早日开通，这样就可以跑步不带手机了,黑色运动版 不错 这代屏幕更清晰了 反应也快 就是蜂窝一直没有开通 希望运营商早日开通 这样就可以跑步不带手机了
老公送的圣诞礼物，哈哈，虽然不是什么大节日，但是收到礼物还是很开心的啦，手边没问题！值得推荐！,老公送的圣诞礼物 哈哈 虽然不是什么大节日 但是收到礼物还是很开心的啦 手边没问题 值得推荐 
京东自营，价格优惠，配送速度快！,京东自营 价格优惠 配送速度快 
啥时候开通数据就好了，手表呢还行,啥时候开通数据就好了 手表呢还行
非常不错的手表,非常不错的手表
买来送女朋友的，收到以后才想起来自己还是单身狗，所以自己用了。,买来送女朋友的 收到以后才想起来自己还是单身狗 所以自己用了。
很喜欢，用着很舒服。,很喜欢 用着很舒服。
超级喜欢的手表、希望国内的运营商快点开通附带设备服务。,超级喜欢的手表、希望国内的运营商快点开通附带设备服务。
家里的家用电器都是在京东买的，所以买aw仍旧选择这里，前段时间一直3488这几天降到3288还有券可以领就果断下单了，12斯免息很给力今天凌晨下单下午就到了，到手就简单开箱配对据说跟airpods搭配出去跑步是神器不过还没试，手表感觉真心漂亮爱不释手，打算下一次再存点钱买ipadpro了,家里的家用电器都是在京东买的 所以买aw仍旧选择这里 前段时间一直#NUM#这几天降到#NUM#还有券可以领就果断下单了 #NUM#斯免息很给力今天凌晨下单下午就到了 到手就简单开箱配对据说跟airpods搭配出去跑步是神器不过还没试 手表感觉真心漂亮爱不释手 打算下一次再存点钱买ipadpro了
很满意，喜欢运动和健康功能，可以满足日常运动和健康数据采集的需要，免提接听电话的功能也很便捷，很棒！游泳时候的防水功能也不错，既可以看到游泳数据，还可以看时间。,很满意 喜欢运动和健康功能 可以满足日常运动和健康数据采集的需要 免提接听电话的功能也很便捷 很棒 游泳时候的防水功能也不错 既可以看到游泳数据 还可以看时间。
除了蜂窝没开通不满意之外，非常喜欢,除了蜂窝没开通不满意之外 非常喜欢
第一次，评价，莫名的紧张起来，总得来说还不错，很漂亮,第一次 评价 莫名的紧张起来 总得来说还不错 很漂亮
新款用起来不错 体验感很好,新款用起来不错 体验感很好
很不错的手表，续航能力不错,很不错的手表 续航能力不错
用了很久才来评价，首先，这款手表的外观是我喜欢的，屏幕尺寸正好，对我来说不大不小；表带的设计，也是非常独特的粘扣设计，可根据自己手腕的粗细需求来调节。其次，功能上和前几款相比较，除了多了一个小红点，自我感觉差不多。整体比较满意。京东值得信赖，感谢快递小哥热情周到的服务。,用了很久才来评价 首先 这款手表的外观是我喜欢的 屏幕尺寸正好 对我来说不大不小 表带的设计 也是非常独特的粘扣设计 可根据自己手腕的粗细需求来调节。其次 功能上和前几款相比较 除了多了一个小红点 自我感觉差不多。整体比较满意。京东值得信赖 感谢快递小哥热情周到的服务。
临时决定买的，手表还不错,临时决定买的 手表还不错
手表作为礼物，外观还是一如即往的好，不知道是否耐用，价格很贵，申请价格保护，京东居然说不支持。搞不懂这个保护到底是用来看的，忽悠人的,手表作为礼物 外观还是一如即往的好 不知道是否耐用 价格很贵 申请价格保护 京东居然说不支持。搞不懂这个保护到底是用来看的 忽悠人的
老公还是很喜欢的,老公还是很喜欢的
很不错，一直想买apple watch3 用了两天，感觉不错，用新科技关注健康。期待开通esim卡，就会更方便了,很不错 一直想买apple watch#NUM# 用了两天 感觉不错 用新科技关注健康。期待开通esim卡 就会更方便了
还不错，就是有的功能还在开发中，有点软件功能还不完善，希望尽快完善软件功能 还有运营商尽快开通副卡业务,还不错 就是有的功能还在开发中 有点软件功能还不完善 希望尽快完善软件功能 还有运营商尽快开通副卡业务
东西收到了，非常好，双12买的，优惠了400多块钱，挺划算。苹果的东西，沒的說，真的非常好。,东西收到了 非常好 双#NUM#买的 优惠了#NUM#多块钱 挺划算。苹果的东西 沒的說 真的非常好。
哈哈哈听说晒单有京豆，实惠多多多，还会再来哒。听说晒单有京豆，实惠多多多，还会再来哒。,哈哈哈听说晒单有京豆 实惠多多多 还会再来哒。听说晒单有京豆 实惠多多多 还会再来哒。
速度快很多 ， 表带没有硅胶的捂汗，很透气，续航是以前的双倍 ，改进很多 很好,速度快很多   表带没有硅胶的捂汗 很透气 续航是以前的双倍  改进很多 很好
别买小的别买小的，关键是不能退换！别买小的别买小的，关键是不能退换！,别买小的别买小的 关键是不能退换 别买小的别买小的 关键是不能退换 
超级美～12点下的单，今天4:27到货，正好下班时间，给力！喜欢！,超级美 #NUM#点下的单 今天#NUM# #NUM#到货 正好下班时间 给力 喜欢 
刚刚收到很漂亮,刚刚收到很漂亮
东西比较有档次，比实体店便宜200，送货很快，还在体验中。,东西比较有档次 比实体店便宜#NUM# 送货很快 还在体验中。
戴了两天，目前没发现什么问题，应该是正品，电池续航超出预期,戴了两天 目前没发现什么问题 应该是正品 电池续航超出预期
满意，期待运营商尽快开通esim端口，现在当普通的先用吧,满意 期待运营商尽快开通esim端口 现在当普通的先用吧
手表用了几个星期，还不错，不知道什么时候运营商支持网络。,手表用了几个星期 还不错 不知道什么时候运营商支持网络。
买回来非常喜欢，戴在手上很舒服，操作起来也很简单方便，非常满意的一次购物,买回来非常喜欢 戴在手上很舒服 操作起来也很简单方便 非常满意的一次购物
体验还是不错的，开了plus会员第一次的购物体验很好,体验还是不错的 开了plus会员第一次的购物体验很好
买就买了，没有什么好说的，经典的了，坐等开esim,买就买了 没有什么好说的 经典的了 坐等开esim
到现在才评价。手表已经用了一个多星期了，感觉还是很好，我基本上都是两天充一次电，带电还是可以的，嗯，下面就是我一个视频的简介。我感觉手表唯一的缺点就是，他现在还不管使用卡,到现在才评价。手表已经用了一个多星期了 感觉还是很好 我基本上都是两天充一次电 带电还是可以的 嗯 下面就是我一个视频的简介。我感觉手表唯一的缺点就是 他现在还不管使用卡
一直等3代，以为可以用卡了，结果到现在还没有开通,一直等#NUM#代 以为可以用卡了 结果到现在还没有开通
表盘都不咋好看，可定制程度低，爱马仕版的表盘漂亮,表盘都不咋好看 可定制程度低 爱马仕版的表盘漂亮
轻度使用续航三两天，希望运营商尽快开通esim,轻度使用续航三两天 希望运营商尽快开通esim
三代的手表质量很好，使用起来非常方便。,三代的手表质量很好 使用起来非常方便。
用了很久才来评价，个人观点，很时尚外观也是我喜欢的类型颜色，刚拿到的时候链接不了手机和WIFI，客服也不懂，还是自己百度才弄明白，期待三大运营商开通蜂窝网通讯,用了很久才来评价 个人观点 很时尚外观也是我喜欢的类型颜色 刚拿到的时候链接不了手机和WIFI 客服也不懂 还是自己百度才弄明白 期待三大运营商开通蜂窝网通讯
很好，快递非常快，还没使用，用后追评,很好 快递非常快 还没使用 用后追评
京东物流没得说，戴了两天大概摸清楚大体功能，戴上很好看。,京东物流没得说 戴了两天大概摸清楚大体功能 戴上很好看。
用白条，12期免息，还可以，电量用两天，蜂窝功能用不了,用白条 #NUM#期免息 还可以 电量用两天 蜂窝功能用不了
京东的服务和快递速度都让我满意！,京东的服务和快递速度都让我满意 
第二代卖了，买了这第三代，苹果体验好，京东体验更好。,第二代卖了 买了这第三代 苹果体验好 京东体验更好。
还行吧 没有什么实际应用 瞎带,还行吧 没有什么实际应用 瞎带
还是最吃苹果的货，之前没买过，这次购买了要尝试一下,还是最吃苹果的货 之前没买过 这次购买了要尝试一下
不拆开，准备送女朋友双蛋礼物,不拆开 准备送女朋友双蛋礼物
用了二天，目前还不错，就等蜂窝网络功能了。,用了二天 目前还不错 就等蜂窝网络功能了。
用了一个星期才上来评价的，用习惯了感觉很棒,用了一个星期才上来评价的 用习惯了感觉很棒
手表不错?送货很快,手表不错 送货很快
还不错 期待蜂窝开通,还不错 期待蜂窝开通
换了个表带挺好挺好,换了个表带挺好挺好
很好用，续航两天吧，用着也很不错,很好用 续航两天吧 用着也很不错
老婆送的圣诞礼物，戴着感觉不错,老婆送的圣诞礼物 戴着感觉不错
刚刚入手，探索了一个晚上，老婆说感觉没什么用，我只能说，谁用谁知道，我觉得体验感不错！生活就该这样去提高每个点的品质！,刚刚入手 探索了一个晚上 老婆说感觉没什么用 我只能说 谁用谁知道 我觉得体验感不错 生活就该这样去提高每个点的品质 
苹果无论硬件还是质量没什么可挑剔的！由于是第一次买，不怎么会用，不会就问客服咯，懒哈，没时间看手册，客服也认真解答，好评好评！！！,苹果无论硬件还是质量没什么可挑剔的 由于是第一次买 不怎么会用 不会就问客服咯 懒哈 没时间看手册 客服也认真解答 好评好评！
唯一不好就是现在还不支持移动蜂窝，其实电量够用2天上下的，充电也快，配合其他的app软件也有不错的互动性。,唯一不好就是现在还不支持移动蜂窝 其实电量够用#NUM#天上下的 充电也快 配合其他的app软件也有不错的互动性。
还可以，满意,还可以 满意
不错，手表很好用,不错 手表很好用
帮同事买的，比起自己的2代感觉红色配色比较好看。不过蜂窝数据好像暂时用处不大，而且以后收费也比较高。,帮同事买的 比起自己的#NUM#代感觉红色配色比较好看。不过蜂窝数据好像暂时用处不大 而且以后收费也比较高。
这个颜色个人觉得比黑色好看，买的蜂窝版，希望运营商早点开通服务，出门跑步就不用带手机了，美滋滋,这个颜色个人觉得比黑色好看 买的蜂窝版 希望运营商早点开通服务 出门跑步就不用带手机了 美滋滋
颜色很好看，就是注册的时候，花了好长时间，咨询了客服，给出了解决的方案。看到降价，就买下了，希望蜂窝网络尽快开通。,颜色很好看 就是注册的时候 花了好长时间 咨询了客服 给出了解决的方案。看到降价 就买下了 希望蜂窝网络尽快开通。
不错，之前因为不能单独使用一直没买，现在虽然还不能单独用至少硬件具备了，现在就坐等电信开通啊&hellip;&hellip;对于喜欢运动的我来说很赞,不错 之前因为不能单独使用一直没买 现在虽然还不能单独用至少硬件具备了 现在就坐等电信开通啊 hellip  hellip 对于喜欢运动的我来说很赞
一直想买终于买了，圣诞节的礼物，超级喜欢，不过还用的不太6，要继续学习！一开始配对不顺利，退出一次才成功！,一直想买终于买了 圣诞节的礼物 超级喜欢 不过还用的不太#NUM# 要继续学习 一开始配对不顺利 退出一次才成功 
虽然还不能独立接听电话，比二代强了不少，联通快点支持ēsim卡呀，这么高级的功能用不了,虽然还不能独立接听电话 比二代强了不少 联通快点支持 sim卡呀 这么高级的功能用不了
特意用了一段时间才来评价的，感觉也还可以，经常用，两天充一次电，具体玩法还在研究中,特意用了一段时间才来评价的 感觉也还可以 经常用 两天充一次电 具体玩法还在研究中
不错，非常好，京东的价格，也有优惠，苹果的产品确实没的说，非常精致，像艺术品一样。,不错 非常好 京东的价格 也有优惠 苹果的产品确实没的说 非常精致 像艺术品一样。
结婚纪念日礼物，亲爱的很喜欢！希望早点开通运营商功能，再就是夏天可以换金属表带,结婚纪念日礼物 亲爱的很喜欢 希望早点开通运营商功能 再就是夏天可以换金属表带
第一用手表，改不太会。手表正合适，瘦小用38的。期待移动开同移动网络功能。,第一用手表 改不太会。手表正合适 瘦小用#NUM#的。期待移动开同移动网络功能。
流劈！三代果然不一样，速度刚刚的快，京东物流也是没话说，一会再试试防水,流劈 三代果然不一样 速度刚刚的快 京东物流也是没话说 一会再试试防水
喜欢苹果，运动神器，京东给力，38佩戴大小还好，不突兀，42感觉大了！,喜欢苹果 运动神器 京东给力 #NUM#佩戴大小还好 不突兀 #NUM#感觉大了 
还不错的、反正就是这个样子、什么时候网络才可以用、没有网络挺鸡肋的、离开手机就是个电子表,还不错的、反正就是这个样子、什么时候网络才可以用、没有网络挺鸡肋的、离开手机就是个电子表
高大上，用了半天感觉还行，继续使用看看再说情况。送的表带也不错。,高大上 用了半天感觉还行 继续使用看看再说情况。送的表带也不错。
坦率地讲，苹果的产品就是好，一分钱一分货，那些低廉的手环简直没法比，要买就要买好的。,坦率地讲 苹果的产品就是好 一分钱一分货 那些低廉的手环简直没法比 要买就要买好的。
虽然现在还没能用上功能，但是挺好看，给老婆买的礼物  她很喜欢,虽然现在还没能用上功能 但是挺好看 给老婆买的礼物 她很喜欢
发货速度快，晚上拍的，第二天中午就收到了。客服解答到位，点个赞,发货速度快 晚上拍的 第二天中午就收到了。客服解答到位 点个赞
还可以吧，挺好的，就是现在蜂窝还用不了，不知道啥时候才能开通。,还可以吧 挺好的 就是现在蜂窝还用不了 不知道啥时候才能开通。
三代非常好用，赶上活动还比官网便宜了三百块，简直开心的不得了。,三代非常好用 赶上活动还比官网便宜了三百块 简直开心的不得了。
3比2运行速度有了很大提升，待机时间也变长了，智能手机很方便。,#NUM#比#NUM#运行速度有了很大提升 待机时间也变长了 智能手机很方便。
感觉38毫米男生带显得太小了，还是应该入42的啊，希望带个保护套之后会显得大块头些,感觉#NUM#毫米男生带显得太小了 还是应该入#NUM#的啊 希望带个保护套之后会显得大块头些
这次装逼带你飞，可以。电量的话不太够用，不过一天也是足够了。,这次装逼带你飞 可以。电量的话不太够用 不过一天也是足够了。
不错  就是不知道为什么 不能主动发微信  但是可以回复微信,不错 就是不知道为什么 不能主动发微信 但是可以回复微信
还不错，就是不能直接做睡眠监测，基本上一天一充，电池做不到大容量一直是苹果的诟病啊啊啊。黑色不错，喜欢。可是为什么我的米奇米妮都不报时？？？,还不错 就是不能直接做睡眠监测 基本上一天一充 电池做不到大容量一直是苹果的诟病啊啊啊。黑色不错 喜欢。可是为什么我的米奇米妮都不报时？
已经离不开咯，电池很耐用，正常使用的话有过三天不充电的经历，期待能早日写虚拟卡。,已经离不开咯 电池很耐用 正常使用的话有过三天不充电的经历 期待能早日写虚拟卡。
一天的心律都有 雖然偶爾會有不準確的時候 總體非常** 就等移動兒子開數據通話,一天的心律都有 雖然偶爾會有不準確的時候 總體非常   就等移動兒子開數據通話
手表用起来很顺畅 可以用手表听音乐了 不用再扛着手机运动了,手表用起来很顺畅 可以用手表听音乐了 不用再扛着手机运动了
用着还可以，不过这两天严重怀疑2手东,用着还可以 不过这两天严重怀疑#NUM#手东
还有苹果的宣传。。,还有苹果的宣传。。
送给老公的结婚纪念日礼物，不错，等着运营商开通蜂窝功能。,送给老公的结婚纪念日礼物 不错 等着运营商开通蜂窝功能。
很好啊，取代了我的小米手环2，待机也没有传说中那么差。,很好啊 取代了我的小米手环#NUM# 待机也没有传说中那么差。
正品倒是正品，只是一开始米奇不会说话，后来更新了版本后也就好了。别的都还行,正品倒是正品 只是一开始米奇不会说话 后来更新了版本后也就好了。别的都还行
表带一开始以为不好，不过拿到时候觉得质感很不错，值得,表带一开始以为不好 不过拿到时候觉得质感很不错 值得
苹果手表不错，产品质量和性价比很高，搞特价活动买的。,苹果手表不错 产品质量和性价比很高 搞特价活动买的。
做工还是挺精致的，各方面功能也比较全，通话效果好，能开通蜂窝数据就更好了,做工还是挺精致的 各方面功能也比较全 通话效果好 能开通蜂窝数据就更好了
价格突然便宜200，划算，立即下单，手表还是不错的,价格突然便宜#NUM# 划算 立即下单 手表还是不错的
非常好 做工精致 家里人表示非常满意 会继续光顾的,非常好 做工精致 家里人表示非常满意 会继续光顾的
除了蜂窝暂时用不了， 不能单独使用外，其他都挺好的,除了蜂窝暂时用不了  不能单独使用外 其他都挺好的
目前看还不错，老公很喜欢。但是功能性没有想象中那么多，还是主要依赖手机,目前看还不错 老公很喜欢。但是功能性没有想象中那么多 还是主要依赖手机
东西很好，等货等了好久，非常满意，客服态度也很好,东西很好 等货等了好久 非常满意 客服态度也很好
双十二买的，颜值高，如果送的表带是原装的就更好了,双十二买的 颜值高 如果送的表带是原装的就更好了
10月份的激活的机器，保存完好，外包装有点破旧,#NUM#月份的激活的机器 保存完好 外包装有点破旧
价格还可以 游泳佩戴 目前还不支持蜂窝有点遗憾,价格还可以 游泳佩戴 目前还不支持蜂窝有点遗憾
做活动买的，心心念念的手表，很好用，开始的话，充满电我能用2天左右,做活动买的 心心念念的手表 很好用 开始的话 充满电我能用#NUM#天左右
双十一挺优惠的，就是到现在都不能使用e-sim,双十一挺优惠的 就是到现在都不能使用e-sim
特意使用一段时间，不错?，坐等通话功能开通。,特意使用一段时间 不错  坐等通话功能开通。
很好的手表，送朋友的。出去运动，可以不带手机。,很好的手表 送朋友的。出去运动 可以不带手机。
总体不错 就是这货的运动记录功能没有想象的好,总体不错 就是这货的运动记录功能没有想象的好
不错的体验 就是蜂窝网没开 不过我相信很快,不错的体验 就是蜂窝网没开 不过我相信很快
真的很漂亮，感觉很有满足感，下次还来京东。,真的很漂亮 感觉很有满足感 下次还来京东。
哈哈哈哈哈很不错，就是不耐摔，后悔没买保险,哈哈哈很不错 就是不耐摔 后悔没买保险
目前来看还是很完美的，各项功能还在适应中,目前来看还是很完美的 各项功能还在适应中
不错，到货速度快，还比较实用，除了蜂窝通信不能用其他都还好q,不错 到货速度快 还比较实用 除了蜂窝通信不能用其他都还好q
手表还不错，还没开通数据功能，黑色挺百搭,手表还不错 还没开通数据功能 黑色挺百搭
可以还不能开通4g，不过整体还是很好用。,可以还不能开通#NUM#g 不过整体还是很好用。
宝贝很不错，很喜欢。已经用几天。很不错,宝贝很不错 很喜欢。已经用几天。很不错
东西还是不错的，一直都想买，就是没时间&hellip;&hellip;虽然用处不是很大，这个就要看个人喜欢了！,东西还是不错的 一直都想买 就是没时间 hellip  hellip 虽然用处不是很大 这个就要看个人喜欢了 
不错 非常好用 一直用这个 希望给力,不错 非常好用 一直用这个 希望给力
非常喜欢，很漂亮，很好用，价格也便宜,非常喜欢 很漂亮 很好用 价格也便宜
这个手表做工还可以，使用目前没有问题,这个手表做工还可以 使用目前没有问题
还不错，买了发现没啥用。感觉有点多余,还不错 买了发现没啥用。感觉有点多余
表带上有个黑点不知道是什么还弄不下去,表带上有个黑点不知道是什么还弄不下去
还可以，便宜好用，多买几个换着用。,还可以 便宜好用 多买几个换着用。
赞一个?，就是网络服务快点开通吧,赞一个  就是网络服务快点开通吧
左思右盼终于降价了，收到很不错，快递很快，宝贝也非常好,左思右盼终于降价了 收到很不错 快递很快 宝贝也非常好
京东完胜，现货发货快，第一代也是在京东上买的，放心可靠,京东完胜 现货发货快 第一代也是在京东上买的 放心可靠
健身用正好，在外面就不用总拿手机了,健身用正好 在外面就不用总拿手机了
老婆不喜欢 99成新转有没有人要,老婆不喜欢 #NUM#成新转有没有人要
还是得42的 38的还是小气了点,还是得#NUM#的 #NUM#的还是小气了点
送给别人的，至于效果得等别人再说,送给别人的 至于效果得等别人再说
可以，能看时间，但是要经常充电。,可以 能看时间 但是要经常充电。
是正品，感觉很不错哦！物流也很快,是正品 感觉很不错哦 物流也很快
很好看、很实用、比预期的还要满意,很好看、很实用、比预期的还要满意
不错，京东自营就是好，值得信赖！,不错 京东自营就是好 值得信赖 
好用，但是还不怎么会用，手太细了,好用 但是还不怎么会用 手太细了
还不错，挺精致的，功能也还可以,还不错 挺精致的 功能也还可以
很不错、送朋友的、朋友也很开心,很不错、送朋友的、朋友也很开心
除了表带有点大  没有任何缺点,除了表带有点大 没有任何缺点
好东西，带上它能提供很多方便。,好东西 带上它能提供很多方便。
等一个什么时候可以退货。。。,等一个什么时候可以退货。
很好看，质量也不错，原装正品,很好看 质量也不错 原装正品
apple的产品一如既往的好,apple的产品一如既往的好
手表很好，比起来有很大的提高,手表很好 比起来有很大的提高
非常感谢 就是不知道什么时候能不用蓝牙单独打电话,非常感谢 就是不知道什么时候能不用蓝牙单独打电话
一直想买的，，终于买了，好用,一直想买的  终于买了 好用
很好   是原装的没拆封的,很好 是原装的没拆封的
还凑合吧，希望电话尽快开通,还凑合吧 希望电话尽快开通
以前没有用过，这次也是看了好久买了一只，很好用,以前没有用过 这次也是看了好久买了一只 很好用
很好的商品到货快常买的产品,很好的商品到货快常买的产品
当天下单  下午就收到货了,当天下单 下午就收到货了
不错，质量很好，功能齐全。,不错 质量很好 功能齐全。
东西非常不错，拿在手里感觉很舒服，质量有保证！,东西非常不错 拿在手里感觉很舒服 质量有保证 
大公司大品牌质量可靠信的过,大公司大品牌质量可靠信的过
远超出预期的好用，很方便,远超出预期的好用 很方便
还不错，充满电至少用一天,还不错 充满电至少用一天
**什么时候才能用蜂窝啊&hellip;&hellip;,  什么时候才能用蜂窝啊 hellip  hellip 
非常值得购买的一支手表。,非常值得购买的一支手表。
手表非常nice就是不知道什么时候能开通蜂窝,手表非常nice就是不知道什么时候能开通蜂窝
真的很不错，值得购买～,真的很不错 值得购买 
手表很好用，非常很实际,手表很好用 非常很实际
等后面蜂窝数据可以用，目前使用感觉还可以。,等后面蜂窝数据可以用 目前使用感觉还可以。
很方便很好用不错不错！,很方便很好用不错不错 
东西不错，非常的喜欢,东西不错 非常的喜欢
东西还不错，物流很快,东西还不错 物流很快
关注很久啦，京东值得信赖，物流速度超快！,关注很久啦 京东值得信赖 物流速度超快 
使用方便，反应速度快，比较不错的一个产品,使用方便 反应速度快 比较不错的一个产品
东西不错，用着可以。,东西不错 用着可以。
京东我看行，速度快 ，货不假，要保持哈！,京东我看行 速度快  货不假 要保持哈 
很好呀 没什么好说的,很好呀 没什么好说的
很时尚，先进的产品，孩子很喜欢生日快乐,很时尚 先进的产品 孩子很喜欢生日快乐
用不了蜂窝网络怎么办？就是冲这个来的？,用不了蜂窝网络怎么办 就是冲这个来的 
总体来说还不错的 就是蜂窝到现在还没开,总体来说还不错的 就是蜂窝到现在还没开
挺好的?手感超好，正品，配送超级快,挺好的 手感超好 正品 配送超级快
速度好快，绝对好评&hellip;&hellip;,速度好快 绝对好评 hellip  hellip 
在京东买性价比高。,在京东买性价比高。
功能很全面 高大上，带上特别有感觉。,功能很全面 高大上 带上特别有感觉。
升级后感觉耗电有点快啊，表带很好换,升级后感觉耗电有点快啊 表带很好换
很惊喜，很好用，功能很多，不错呦！,很惊喜 很好用 功能很多 不错呦 
还行！好像都有问题就会发现其实没有,还行 好像都有问题就会发现其实没有
暂时没发现有什么问题，待进一步观察,暂时没发现有什么问题 待进一步观察
在重中之重重中之重重中之重重中之重,在重中之重重中之重重中之重重中之重
正品是绝对的，挺好看的。非常满意,正品是绝对的 挺好看的。非常满意
低调奢华有内涵，用起来挺方便的,低调奢华有内涵 用起来挺方便的
挺好看的！希望功能能快点用上,挺好看的 希望功能能快点用上
已收到，试用几天，老婆很喜欢,已收到 试用几天 老婆很喜欢
送人的，没打开，应该还不错吧,送人的 没打开 应该还不错吧
原封包装，送女朋友的圣诞礼物&hellip;&hellip;,原封包装 送女朋友的圣诞礼物 hellip  hellip 
质量很好，颜色性能都很实用。,质量很好 颜色性能都很实用。
和手机完美搭配 时尚潮流 好,和手机完美搭配 时尚潮流 好
送货快，京东做活动价格很划算,送货快 京东做活动价格很划算
送亲爱的礼物，她高兴就好。,送亲爱的礼物 她高兴就好。
刚入手，带了一天，感觉很棒,刚入手 带了一天 感觉很棒
感觉还括以，没开始使用呢,感觉还括以 没开始使用呢
没发票   感觉不是正品,没发票 感觉不是正品
很好。主要是送货很快。,很好。主要是送货很快。
手表不错物流速度也很快,手表不错物流速度也很快
还没有用，用后再提交吧,还没有用 用后再提交吧
不错，可惜不能用蜂窝网,不错 可惜不能用蜂窝网
非常不错。。。。,非常不错。
东哥棒棒的,东哥棒棒的
不错，就是电不耐用,不错 就是电不耐用
不错，好用，值得买~,不错 好用 值得买 
还好，比不锈钢划算,还好 比不锈钢划算
快了很多，很不错。,快了很多 很不错。
东西不错，棒棒的,东西不错 棒棒的
圣诞礼物，发货快,圣诞礼物 发货快
漂亮，可惜没买对,漂亮 可惜没买对
对商品非常满意,对商品非常满意
真的很好，大气,真的很好 大气
屏幕感觉买小了,屏幕感觉买小了
很好.送老婆的，上周五买的还没降价.今天看降价两百，找客服还不错，退了一万五京豆，买的时候的赠品，没什么用的手表保护膜，白白花49块钱，所以说赠品变成了让你强制买的东西了，,很好 送老婆的 上周五买的还没降价 今天看降价两百 找客服还不错 退了一万五京豆 买的时候的赠品 没什么用的手表保护膜 白白花#NUM#块钱 所以说赠品变成了让你强制买的东西了 
冲动买的&hellip;&hellip;没图片那么靓丽。,冲动买的 hellip  hellip 没图片那么靓丽。
还可以送人的,还可以送人的
好好鼓捣鼓捣,好好鼓捣鼓捣
好！好！好！,好 好 好 
挺好还行哈哈,挺好还行哈哈
比想象中的小&hellip;&hellip;,比想象中的小 hellip  hellip 
老婆很喜欢,老婆很喜欢
手表还可以，不过应用偏少，而且也没办法上号，失望,手表还可以 不过应用偏少 而且也没办法上号 失望
功能不能全部实现，享受苹果退货服务了。,功能不能全部实现 享受苹果退货服务了。
很喜欢苹果,很喜欢苹果
给老公买的&hellip;&hellip;老公很喜欢,给老公买的 hellip  hellip 老公很喜欢
不错挺好的,不错挺好的
特别特别棒,特别特别棒
好用又好看,好用又好看
超级喜欢,超级喜欢
很喜欢。,很喜欢。
不好不好,不好不好
不错不错~,不错不错 
屏幕容易坏,屏幕容易坏
产品质量,产品质量
挺好看的,挺好看的
非常喜欢,非常喜欢
很不错,很不错
还可以,还可以
还不错,还不错
非常好,非常好
很满意,很满意
不错，就是买贵了，双十一双十二都没买到,不错 就是买贵了 双十一双十二都没买到
确实很不错，就是冲蜂窝才买的，但是还是不知道什么时候才能等到。心累，但是东西真心不错,确实很不错 就是冲蜂窝才买的 但是还是不知道什么时候才能等到。心累 但是东西真心不错
到货后，出现无法配对的问题!总是提示连接无线网络和打开蓝牙，事实上已经连接上了！百思不得其解联系苹果技术支持，声音甜美的客服在询问了一番后，认为是我所用的酒店wifi网络不稳定或不安全导致的，并告知使用移动4G网络也无法完成配对，建议我将手机系统升级到最新版本并更换无线网络再试。后连续更换两个wifi网络还是无法完成配对，曾一度怀疑是手表硬件存在问题。后自行研究发现，出现问题的原因很简单，就是在设置-蜂窝移动网络里找到watch点击允许使用WLAN与蜂窝移动网即可!看来苹果技术支持的客服也不是很专业，,到货后 出现无法配对的问题 总是提示连接无线网络和打开蓝牙 事实上已经连接上了 百思不得其解联系苹果技术支持 声音甜美的客服在询问了一番后 认为是我所用的酒店wifi网络不稳定或不安全导致的 并告知使用移动#NUM#G网络也无法完成配对 建议我将手机系统升级到最新版本并更换无线网络再试。后连续更换两个wifi网络还是无法完成配对 曾一度怀疑是手表硬件存在问题。后自行研究发现 出现问题的原因很简单 就是在设置-蜂窝移动网络里找到watch点击允许使用WLAN与蜂窝移动网即可 看来苹果技术支持的客服也不是很专业 
东西很好，正品，根不错,东西很好 正品 根不错
京东品质，是正品！,京东品质 是正品 
棒棒哒,棒棒哒
挺好的东西，出了些问题但是也很快解决了。,挺好的东西 出了些问题但是也很快解决了。
一直想试试苹果手表，这次京东12期免息分期直接就买了，快递也是自营店一天就到了，感觉还是特别好用的，中间出了点小问题苹果客服也是耐心解决，买这种电子产品，还得是京东,一直想试试苹果手表 这次京东#NUM#期免息分期直接就买了 快递也是自营店一天就到了 感觉还是特别好用的 中间出了点小问题苹果客服也是耐心解决 买这种电子产品 还得是京东
很好很不错,很好很不错
不错适用中可以代替手机了,不错适用中可以代替手机了
第一次买这么贵的手表，打开还是有惊喜的，就是还不太会用,第一次买这么贵的手表 打开还是有惊喜的 就是还不太会用
这手表不错商家也挺好的、反应方面还可以、电池用二三天吧关键防水效果相当好我冲凉一直带着顺手洗洗太赞了,这手表不错商家也挺好的、反应方面还可以、电池用二三天吧关键防水效果相当好我冲凉一直带着顺手洗洗太赞了
配对时候捣鼓半天，最后客服亲情指导，连接上了，谢谢,配对时候捣鼓半天 最后客服亲情指导 连接上了 谢谢
还好就是屏有些小，总企挺好，用一用在换个表带,还好就是屏有些小 总企挺好 用一用在换个表带
虽然最近很多人退货不过我还是等等蜂窝就好，反正是初代换过来的，当GPS用就好，啥时候有蜂窝就直接去开通,虽然最近很多人退货不过我还是等等蜂窝就好 反正是初代换过来的 当GPS用就好 啥时候有蜂窝就直接去开通
挺好用,挺好用
给力！给力给力,给力 给力给力
很不错，功能都很赞，期待蜂窝网络能使的那天,很不错 功能都很赞 期待蜂窝网络能使的那天
妈妈送的生日礼物，好好看啊，满满少女心，终于等到了，每次价格优惠的时候都没有货，这次终于赶上活动还有货，太开心了，替妈妈省钱了，京东配送快，还送了贴膜，还没用，生日当天戴起来，超满意,妈妈送的生日礼物 好好看啊 满满少女心 终于等到了 每次价格优惠的时候都没有货 这次终于赶上活动还有货 太开心了 替妈妈省钱了 京东配送快 还送了贴膜 还没用 生日当天戴起来 超满意
表超级好，可惜还不能打电话。,表超级好 可惜还不能打电话。
非常好的东西很满意，下次再来,非常好的东西很满意 下次再来
感觉不错，很高大尚！,感觉不错 很高大尚 
还是不错的，接电话很方便哦,还是不错的 接电话很方便哦
送货快！手表还可以吧！挺漂亮的！喜欢的！,送货快 手表还可以吧 挺漂亮的 喜欢的 
发货速度快，就是觉得挺好玩儿的，功能还在摸索中。,发货速度快 就是觉得挺好玩儿的 功能还在摸索中。
挺好的，就是唯独数据方面迟迟没兑现，要纠结这个的慎重考虑才下手,挺好的 就是唯独数据方面迟迟没兑现 要纠结这个的慎重考虑才下手
双十二入的，用了几天确实不错,双十二入的 用了几天确实不错
快递很快，原封。电池不耐用。,快递很快 原封。电池不耐用。
很好的样子，现在已经开始准备好了，现在就可以看到了。,很好的样子 现在已经开始准备好了 现在就可以看到了。
给朋友买的也不清楚好不好,给朋友买的也不清楚好不好
没想象中好，通过手表蓝牙控制手机接打电话经常没声音,没想象中好 通过手表蓝牙控制手机接打电话经常没声音
满意满意～方便很多呢～慢慢研究功能，很喜欢！双旦礼物，买了一对，希望老公也能喜欢！,满意满意 方便很多呢 慢慢研究功能 很喜欢 双旦礼物 买了一对 希望老公也能喜欢 
东西不错，是我想要的！必须五星！,东西不错 是我想要的 必须五星 
正在使用中，测心率,正在使用中 测心率
手表到了，很满意。,手表到了 很满意。
没有使用,没有使用
还没开通通话功能 很失望 其他就凑合用 蓝牙通话为了保证双方通话清晰还是要靠近,还没开通通话功能 很失望 其他就凑合用 蓝牙通话为了保证双方通话清晰还是要靠近
非常好啊，戴着很舒服，没有用保护膜什么的，屏幕触感非常爽，系统反应快,非常好啊 戴着很舒服 没有用保护膜什么的 屏幕触感非常爽 系统反应快
还行吧，就那么回事，以前没用过，感觉就一玩具,还行吧 就那么回事 以前没用过 感觉就一玩具
不错，发货快,不错 发货快
东西很好，就是双12价格降了一百多。,东西很好 就是双#NUM#价格降了一百多。
心水了很久，终于冲动下单了，体验还不错，对督促自己关注身体健康有一定帮助，希望可以尽快享受到蜂窝网络，快递速度很快，就是有点疑惑为什么我的包装盒是方盒，不是说42mm的是长盒，38mm的才是方盒吗。,心水了很久 终于冲动下单了 体验还不错 对督促自己关注身体健康有一定帮助 希望可以尽快享受到蜂窝网络 快递速度很快 就是有点疑惑为什么我的包装盒是方盒 不是说#NUM#mm的是长盒 #NUM#mm的才是方盒吗。
不知道啥时候可以支持电信,不知道啥时候可以支持电信
一早收到了，速度很快，因为是年会产品要之后才知道使用情况。,一早收到了 速度很快 因为是年会产品要之后才知道使用情况。
手表很方便，功能也齐全。,手表很方便 功能也齐全。
挺不错的，全新的，还给我价格保护了。,挺不错的 全新的 还给我价格保护了。
买了快一个月了，感觉还可以！挺好的,买了快一个月了 感觉还可以 挺好的
手机很喜欢，但貌似买的有点大了,手机很喜欢 但貌似买的有点大了
一直在京东上购买，物流快，质量好,一直在京东上购买 物流快 质量好
同样膜感觉不需要，不过还是给你五星,同样膜感觉不需要 不过还是给你五星
虽然让接触不太熟悉，但慢慢适应了就好，,虽然让接触不太熟悉 但慢慢适应了就好 
挺好 就是我手机不匹配 还得买手机啊,挺好 就是我手机不匹配 还得买手机啊
很喜欢，还有优惠，白天很给力，喜欢京东产品，送货快，服务佳，以后还会来！,很喜欢 还有优惠 白天很给力 喜欢京东产品 送货快 服务佳 以后还会来 
还不错！感觉很好、满满的科技感,还不错 感觉很好、满满的科技感
双十二价格实惠，包装安全，配送快，手表电池进步不少，因手机需常处于静音状态，配合手表??非常方便，之前别的手环常有连接中断的情况造成漏接电话，这个用了几天未发现这种情况，满意,双十二价格实惠 包装安全 配送快 手表电池进步不少 因手机需常处于静音状态 配合手表？非常方便 之前别的手环常有连接中断的情况造成漏接电话 这个用了几天未发现这种情况 满意
好东西,好东西
不支持5,不支持#NUM#
表带感觉比较low,表带感觉比较low
这个手表还是蛮好看的，和苹果手机配对什么合适的，就是我想要的。,这个手表还是蛮好看的 和苹果手机配对什么合适的 就是我想要的。
用了一个月，感觉gps版本价格挺划算，现在蜂窝版本官网都可以退货了，esim功能还是遥遥无期啊，唉唉,用了一个月 感觉gps版本价格挺划算 现在蜂窝版本官网都可以退货了 esim功能还是遥遥无期啊 唉唉
是正品，降价买的，很不错的，值得入手。,是正品 降价买的 很不错的 值得入手。
期待已久的产品，功能强大，使用方便，外观高大上。,期待已久的产品 功能强大 使用方便 外观高大上。
挺不错的！包装是原封的！,挺不错的 包装是原封的 
必须说，这家伙真棒！！！,必须说 这家伙真棒！
气质的提升！,气质的提升 
用了两天，非常好，没有任何问题。,用了两天 非常好 没有任何问题。
应为优惠才下的单 长草已久。用了以后感觉看手机时间少了很方便。可以节省很多看手机的时间。坐等运营商解禁,应为优惠才下的单 长草已久。用了以后感觉看手机时间少了很方便。可以节省很多看手机的时间。坐等运营商解禁
好用。很喜欢。送货也很快。,好用。很喜欢。送货也很快。
小了点,小了点
东西很棒，超赞，用着很不错，下次还会购买，物流超快，服务很赞。,东西很棒 超赞 用着很不错 下次还会购买 物流超快 服务很赞。
挺好的，还送了个表带~,挺好的 还送了个表带 
一天就到了很满意非常不错,一天就到了很满意非常不错
已在京东自营买过两个产品，第一个是ipad pro 第二个就是wacht3挺不错的。到货快，产品正，没问题。值得购买。,已在京东自营买过两个产品 第一个是ipad pro 第二个就是wacht#NUM#挺不错的。到货快 产品正 没问题。值得购买。
挺不错的虽然有点贵,挺不错的虽然有点贵
京东太实在了，整这么大一个盒子，我还以为发错货了，东西不错，五星好评??,京东太实在了 整这么大一个盒子 我还以为发错货了 东西不错 五星好评？
很好啊，玩转苹果，满意,很好啊 玩转苹果 满意
相当不错,相当不错
表的外形只能说中规中矩吧，但是实用性真的很强，很多推送只需要翻翻手腕就可以看到，不用再用手机了，无形中也是省点了。而且我觉得电量很给力，用四天四夜一点问题也没有。,表的外形只能说中规中矩吧 但是实用性真的很强 很多推送只需要翻翻手腕就可以看到 不用再用手机了 无形中也是省点了。而且我觉得电量很给力 用四天四夜一点问题也没有。
敏感了一下，买了一个这，东西是好东西，但我没啥用。,敏感了一下 买了一个这 东西是好东西 但我没啥用。
喜欢就买了,喜欢就买了
目前用着挺好的，暂时没有出现问题,目前用着挺好的 暂时没有出现问题
手表很给力，正在研究中，没有蜂窝网支持，估计也就一玩具了。,手表很给力 正在研究中 没有蜂窝网支持 估计也就一玩具了。
带了两天，男朋友送的生日礼物，嘿嘿。感觉不错。京东商城值得信赖。,带了两天 男朋友送的生日礼物 嘿嘿。感觉不错。京东商城值得信赖。
可以建议不选蜂 窝数据版,可以建议不选蜂 窝数据版
已用上，比较高大上，至于电池的话目前冲满不通话的情况下可以三天，耐久性待时间验证,已用上 比较高大上 至于电池的话目前冲满不通话的情况下可以三天 耐久性待时间验证
一般般，用来运动还行，没有想象中好,一般般 用来运动还行 没有想象中好
期待了好久，终于买了，作为手表来说功能强大，过几天去游泳试试，不知道回环表带湿了以后容不容易干。,期待了好久 终于买了 作为手表来说功能强大 过几天去游泳试试 不知道回环表带湿了以后容不容易干。
还不错吧，只能等运营商开通一号多终端业务了，不然感觉还是很鸡肋的&hellip;&hellip;离不开手机呀&hellip;&hellip;&hellip;只有一个袋子装着过来，也不怕压坏&hellip;&hellip;唉&hellip;&hellip;,还不错吧 只能等运营商开通一号多终端业务了 不然感觉还是很鸡肋的 hellip  hellip 离不开手机呀 hellip  hellip  hellip 只有一个袋子装着过来 也不怕压坏 hellip  hellip 唉 hellip  hellip 
很省电啊&hellip;&hellip;为啥老说耗电厉害,很省电啊 hellip  hellip 为啥老说耗电厉害
不错！使用也挺容易！很漂亮,不错 使用也挺容易 很漂亮
很漂亮，很不错,很漂亮 很不错
苹果公司九月份发布新的apple watch第三代，当我了解到这款手表有蜂窝网络可以脱离手机单独使用，可准确地监测运动信息，可50米防水，有GPS，还可以接打电话等功能时就觉得这手表真神了，对我这种喜欢打篮球，平时偶尔还游泳的人来说还是蛮有用的。当时42mm的带蜂窝版官网报价是3488元，在双十二这天，京东搞优惠，降价200，而且满800减50 （又减掉200），在用3088这个价格完美地拍下了42mm尺寸的黑色蜂窝版，当时全京东都没货，但提示预计12.17号会到货，就这几天，可以等，而且价格我还是比较满意的。12.15终于开始有物流信息出来了，快了，已经在路上了！终于在12.16上午收到了期盼已久的黑蜂窝，迫不及待地开箱，设置，戴上手腕，从此与科技接轨，走在潮流的前线。呵呵！京东的服务是可以给满分的，快递的包装箱内四周都是充满气的气膜，防止物品在碰撞中损坏，快递的速度也是绝对牛的，第一天晚上十点开始装箱从苏州出发，第二天上午就送达了，这速度和顺丰有得一拼，还有就是送快递的小哥服务态度非常好，人非常客气！watch3电池正常使用可以待机两天多一点，更多测评会在本人微博更新！,苹果公司九月份发布新的apple watch第三代 当我了解到这款手表有蜂窝网络可以脱离手机单独使用 可准确地监测运动信息 可#NUM#米防水 有GPS 还可以接打电话等功能时就觉得这手表真神了 对我这种喜欢打篮球 平时偶尔还游泳的人来说还是蛮有用的。当时#NUM#mm的带蜂窝版官网报价是#NUM#元 在双十二这天 京东搞优惠 降价#NUM# 而且满#NUM#减#NUM#  又减掉#NUM#  在用#NUM#这个价格完美地拍下了#NUM#mm尺寸的黑色蜂窝版 当时全京东都没货 但提示预计#NUM# #NUM#号会到货 就这几天 可以等 而且价格我还是比较满意的。#NUM# #NUM#终于开始有物流信息出来了 快了 已经在路上了 终于在#NUM# #NUM#上午收到了期盼已久的黑蜂窝 迫不及待地开箱 设置 戴上手腕 从此与科技接轨 走在潮流的前线。呵呵 京东的服务是可以给满分的 快递的包装箱内四周都是充满气的气膜 防止物品在碰撞中损坏 快递的速度也是绝对牛的 第一天晚上十点开始装箱从苏州出发 第二天上午就送达了 这速度和顺丰有得一拼 还有就是送快递的小哥服务态度非常好 人非常客气 watch#NUM#电池正常使用可以待机两天多一点 更多测评会在本人微博更新 
还是最终选择了苹果，不失所望,还是最终选择了苹果 不失所望
没蜂窝不开心！,没蜂窝不开心 
很好，很强大。就是对于我这种科技小白，不好上手,很好 很强大。就是对于我这种科技小白 不好上手
第一次在京东买苹果产品，自营的感觉不错，优惠又免利息分期！下次还会考虑京东自营产品,第一次在京东买苹果产品 自营的感觉不错 优惠又免利息分期 下次还会考虑京东自营产品
东西不错就是蜂窝网络一直没有支持！也不知道什么时候支持！先退了！看看再说,东西不错就是蜂窝网络一直没有支持 也不知道什么时候支持 先退了 看看再说
用了段时间 还不错 就是最新的系统还不是最有,用了段时间 还不错 就是最新的系统还不是最有
有点卡顿有时候,有点卡顿有时候
屏幕容易花，我就不小心碰了一下，已挂花，刮花～哎，一言难尽～功能还没开通太多，都是泪,屏幕容易花 我就不小心碰了一下 已挂花 刮花 哎 一言难尽 功能还没开通太多 都是泪
非常好的物流服务，信赖京东！,非常好的物流服务 信赖京东 
总体还行吧，外观没得说，Apple的东西跟艺术品一样，喜欢运动健身的人挺适合，唯一不好的就是必须连接手机很多功能才能使用，目前三家通信企业都未开通数据服务，很多功能探索中&hellip;&hellip;,总体还行吧 外观没得说 Apple的东西跟艺术品一样 喜欢运动健身的人挺适合 唯一不好的就是必须连接手机很多功能才能使用 目前三家通信企业都未开通数据服务 很多功能探索中 hellip  hellip 
黑色还是很好看的，,黑色还是很好看的 
买给我老婆，包装安全，可惜蜂窝不能用，其他一切都好。,买给我老婆 包装安全 可惜蜂窝不能用 其他一切都好。
物流特别给力，虽然外地调货，但是速度还是很快,物流特别给力 虽然外地调货 但是速度还是很快
还行，有的时候有点卡顿，主要是微信，同步不是很及时。其他再用用看，3088双十二,还行 有的时候有点卡顿 主要是微信 同步不是很及时。其他再用用看 #NUM#双十二
很好用，简直不能再好用了，坐等移动的上蜂窝,很好用 简直不能再好用了 坐等移动的上蜂窝
早上下单，下午就收到了，已是等二次购买了，因为是送人的所以还没有开盒，我想应该没有问题。,早上下单 下午就收到了 已是等二次购买了 因为是送人的所以还没有开盒 我想应该没有问题。
好，电池很耐用，果然是苹果。很满意。,好 电池很耐用 果然是苹果。很满意。
可也的，不错,可也的 不错
手表很给力，很好玩，净等LTE网络的支持,手表很给力 很好玩 净等LTE网络的支持
帅呆了 帅呆了,帅呆了 帅呆了
刚买了几个小时就降200，不合适吧,刚买了几个小时就降#NUM# 不合适吧
很好，非常喜欢。,很好 非常喜欢。
用了有几天了，还不错，没体验到模拟sim，还得等运营商。大概两天多点一充电吧。用的最多的就是看一眼时间&hellip;切一下歌啥的偶尔点下&hellip;手机不在身边来电话先看表，看看谁来的电话&hellip;,用了有几天了 还不错 没体验到模拟sim 还得等运营商。大概两天多点一充电吧。用的最多的就是看一眼时间 hellip 切一下歌啥的偶尔点下 hellip 手机不在身边来电话先看表 看看谁来的电话 hellip 
配合iPhone很好用，还是自家的东西无缝对接好,配合iPhone很好用 还是自家的东西无缝对接好
公司年会奖品，很不错，货到付款，省时省力,公司年会奖品 很不错 货到付款 省时省力
东西就是那么个东西，没啥好说的，就是刚收到就降了两百，不爽,东西就是那么个东西 没啥好说的 就是刚收到就降了两百 不爽
东西OK，但是怎么我买了个42的表，你就给我个38的膜呢？?,东西OK 但是怎么我买了个#NUM#的表 你就给我个#NUM#的膜呢？
没啥好说的     特别好     手机就需要配备一个充电宝了      手表不费电    手机费      期待18年的蜂窝数据的开通。,没啥好说的 特别好 手机就需要配备一个充电宝了 手表不费电 手机费 期待#NUM#年的蜂窝数据的开通。
第二次购买，感觉不错，送的膜贴不是很好。,第二次购买 感觉不错 送的膜贴不是很好。
东西很好，应该是正品，下次还来这家买,东西很好 应该是正品 下次还来这家买
怎么说呢，期待已久的，买的时候还是挺高兴的，用着还好吧，挺好的，记录身体心率与运动的数据，现在运动量都增加了，挺好，有时候削微有点卡，还能理解吧,怎么说呢 期待已久的 买的时候还是挺高兴的 用着还好吧 挺好的 记录身体心率与运动的数据 现在运动量都增加了 挺好 有时候削微有点卡 还能理解吧
好用。先买着等着来蜂窝,好用。先买着等着来蜂窝
哈哈 提前一天到的 比预计的早 什么时候可以用蜂窝网啊,哈哈 提前一天到的 比预计的早 什么时候可以用蜂窝网啊
特别喜欢 就是贴上膜居然有白边 失败,特别喜欢 就是贴上膜居然有白边 失败
全新，很好，期待联通北京早点开通服务,全新 很好 期待联通北京早点开通服务
第一次戴苹果的表，很多功能出乎意料，发货非常快，当天就到了，功能非常的人性化，满意。,第一次戴苹果的表 很多功能出乎意料 发货非常快 当天就到了 功能非常的人性化 满意。
放在那里没用。用了再追评！！！！！,放在那里没用。用了再追评！
给力啊，太好了,给力啊 太好了
不错，还是有点用的,不错 还是有点用的
还可以 给老人用的,还可以 给老人用的
一直都关注喜欢这个手表，双十二下手买了，非常超值,一直都关注喜欢这个手表 双十二下手买了 非常超值
可以的，双十二买还有优惠,可以的 双十二买还有优惠
公司购买 公司购买 公司购买,公司购买 公司购买 公司购买
超级帅,超级帅
不能用蜂窝网，郁闷了,不能用蜂窝网 郁闷了
虽然蜂窝网络还没可以用，但起码比我旧的手表续航强多了，看了下battery life有400mah的电池,虽然蜂窝网络还没可以用 但起码比我旧的手表续航强多了 看了下battery life有#NUM#mah的电池
真好用，不错！,真好用 不错 
手表挺不错的，双12购买的，延迟了一天到，又延迟了一天收货，三天才到手，减了400，还是挺好的，开了一晚上飞行模式，电都掉完了，就剩下一个红色闪电和时间，后来充上电就好了，期待蜂窝移动的开放，,手表挺不错的 双#NUM#购买的 延迟了一天到 又延迟了一天收货 三天才到手 减了#NUM# 还是挺好的 开了一晚上飞行模式 电都掉完了 就剩下一个红色闪电和时间 后来充上电就好了 期待蜂窝移动的开放 
还不错，就是蜂窝数据不知道什么时候可以使用。,还不错 就是蜂窝数据不知道什么时候可以使用。
京东双12活动购买的，结果发现买了没两天又降价了，更优惠，有点划不来啊。,京东双#NUM#活动购买的 结果发现买了没两天又降价了 更优惠 有点划不来啊。
非常好非常好非常好，就是不支持蜂窝,非常好非常好非常好 就是不支持蜂窝
很漂亮的手表，38mm的表盘也很适合女生的手腕，强烈推荐大家，希望快点开通蜂窝数据功能,很漂亮的手表 #NUM#mm的表盘也很适合女生的手腕 强烈推荐大家 希望快点开通蜂窝数据功能
不错的装x神器很喜欢！！,不错的装x神器很喜欢！
还行，就是配对手机要11的系统，好坑人啊！,还行 就是配对手机要#NUM#的系统 好坑人啊 
还可以，挺好的。毕竟是苹果的东西。,还可以 挺好的。毕竟是苹果的东西。
从一代就开始，一直到三代才买，感觉也成熟了不少，所以就下手了，双十二哪里都没过货，半天才刷出来一个。哈哈不错，黑色的没有，银色的也不错嘿嘿。,从一代就开始 一直到三代才买 感觉也成熟了不少 所以就下手了 双十二哪里都没过货 半天才刷出来一个。哈哈不错 黑色的没有 银色的也不错嘿嘿。
在京东购物好多年了，感谢京东的物流团队，在京东购物非常省心，放心，省钱。在这里购物可以达到当日达，或者次日达，特别方便快捷，可以说京东改变了我的生活，小到生活用品，大到家用电器，很多都是从京东购买的，售后服务也特别好，一个电话服务到家，工作人员热情负责，买东西再无后顾之忧，希望京东越来越好，会一直支持的！,在京东购物好多年了 感谢京东的物流团队 在京东购物非常省心 放心 省钱。在这里购物可以达到当日达 或者次日达 特别方便快捷 可以说京东改变了我的生活 小到生活用品 大到家用电器 很多都是从京东购买的 售后服务也特别好 一个电话服务到家 工作人员热情负责 买东西再无后顾之忧 希望京东越来越好 会一直支持的 
等移动！,等移动 
非常不错的，物美价廉的东西,非常不错的 物美价廉的东西
非常好用，送货也快,非常好用 送货也快
我怎么感觉被骗了   假货  心率跟根本没怎么用，不准，都是随机显示的，唉，,我怎么感觉被骗了 假货 心率跟根本没怎么用 不准 都是随机显示的 唉 
非常棒的手表 双十二的时候价格也非常划算  激励自己锻炼,非常棒的手表 双十二的时候价格也非常划算 激励自己锻炼
手表很有质感。物流速度很给力,手表很有质感。物流速度很给力
很多功能还在研究中，盼蜂窝网络尽快开通,很多功能还在研究中 盼蜂窝网络尽快开通
还是挺喜欢的，男生建议买42mm的，为什么移动蜂窝数据还没开通啊？,还是挺喜欢的 男生建议买#NUM#mm的 为什么移动蜂窝数据还没开通啊 
可惜现在联通不支持，待机时间不错，能坚持三天。,可惜现在联通不支持 待机时间不错 能坚持三天。
一直在等不锈钢的，可惜一直等不到货，闪购时候买的，颜色很喜欢,一直在等不锈钢的 可惜一直等不到货 闪购时候买的 颜色很喜欢
和iPhone配合得很好，可惜目前还用不了蜂窝功能,和iPhone配合得很好 可惜目前还用不了蜂窝功能
太棒了，好舒适，双12 2888减150原本没货的，忽然发现一件,太棒了 好舒适 双#NUM# #NUM#减#NUM#原本没货的 忽然发现一件
送人的&hellip;&hellip;收到礼物的人很喜欢&hellip;&hellip;实用好看&hellip;&hellip;棒棒哒&hellip;&hellip;米老鼠报时很萌&hellip;&hellip;,送人的 hellip  hellip 收到礼物的人很喜欢 hellip  hellip 实用好看 hellip  hellip 棒棒哒 hellip  hellip 米老鼠报时很萌 hellip  hellip 
比比第一代不要好太多。扬声器大声了。不用在将手举得老高接电话了,比比第一代不要好太多。扬声器大声了。不用在将手举得老高接电话了
错过了双十一活动，双十二也不赖，比官网便宜，听说一堆人说因为暂时无法使用蜂窝数据就退货，我想说，要用到的场景真不多，没这个必要。反正我是买来替代初代手表的。真心赞！,错过了双十一活动 双十二也不赖 比官网便宜 听说一堆人说因为暂时无法使用蜂窝数据就退货 我想说 要用到的场景真不多 没这个必要。反正我是买来替代初代手表的。真心赞 
很棒的手表 非常喜欢 是正品 京东物流超级给力的,很棒的手表 非常喜欢 是正品 京东物流超级给力的
蛮好的，买来健身用的，不过现在蜂窝功能还不能用。等明年吧。,蛮好的 买来健身用的 不过现在蜂窝功能还不能用。等明年吧。
从2代入手到现在三代，苹果做的真的可以，虽然现在还不支持蜂窝，但是也不远了，京东送货给力,从#NUM#代入手到现在三代 苹果做的真的可以 虽然现在还不支持蜂窝 但是也不远了 京东送货给力
包装庞大，手表使用了几天总的来说就是手机的一附属件，从运动和专业角度说不及佳明和松拓，从可玩性和实用性说还要强于以上两品牌，主要是看你是从什么角度去选择。与手机的配合可以说是完美，电池正常使用两天一充，坐等esim的开通，可以有更大的空间发挥,包装庞大 手表使用了几天总的来说就是手机的一附属件 从运动和专业角度说不及佳明和松拓 从可玩性和实用性说还要强于以上两品牌 主要是看你是从什么角度去选择。与手机的配合可以说是完美 电池正常使用两天一充 坐等esim的开通 可以有更大的空间发挥
非常不错的一款产品，用起来可以,非常不错的一款产品 用起来可以
很喜欢，一直想买一个，终于下定决心入手了一个，京东也是速度杠杠的,很喜欢 一直想买一个 终于下定决心入手了一个 京东也是速度杠杠的
很好很好很好,很好很好很好
第二款，上一款白色的不给退，卖给别人了，,第二款 上一款白色的不给退 卖给别人了 
超级棒，物流特别的快，非常满意,超级棒 物流特别的快 非常满意
一般般  外出跑步不用带手机了,一般般 外出跑步不用带手机了
买了i watch3感觉还不错，就等2018年能用上蜂窝功能了。,买了i watch#NUM#感觉还不错 就等#NUM#年能用上蜂窝功能了。
很方便，不需要总是看手机了，不会漏掉重要信息。以后要是sim卡能用就完美了。,很方便 不需要总是看手机了 不会漏掉重要信息。以后要是sim卡能用就完美了。
很漂亮的手表?，功能很强大，但是有的功能必须需要蓝牙耳机！,很漂亮的手表  功能很强大 但是有的功能必须需要蓝牙耳机 
还行吧，就是确实有点小。,还行吧 就是确实有点小。
专柜一样,专柜一样
赞 很漂亮,赞 很漂亮
非常不错的一款产品,非常不错的一款产品
还不错，虽然暂时用不了蜂窝网络&hellip;&hellip;,还不错 虽然暂时用不了蜂窝网络 hellip  hellip 
东西的质量非常好，性价比很高，送人非常高大上，苹果的质量和性能就是厉害。。京东效率就是高！强力推荐，下次还来买！,东西的质量非常好 性价比很高 送人非常高大上 苹果的质量和性能就是厉害。。京东效率就是高 强力推荐 下次还来买 
有了手表之后使用手机的频率大幅度降低，其他的还可以吧,有了手表之后使用手机的频率大幅度降低 其他的还可以吧
京东的送货速度就是快，三天就收到了！产品和想象中的一样好，期待独立打电话的功能！！,京东的送货速度就是快 三天就收到了 产品和想象中的一样好 期待独立打电话的功能！
很棒很好看,很棒很好看
还不错，现在正在使用。只可惜还没开始运动，运动的话才充分发挥他的作用～,还不错 现在正在使用。只可惜还没开始运动 运动的话才充分发挥他的作用 
送货挺快 质量一如既往的好 正在摸索中,送货挺快 质量一如既往的好 正在摸索中
第一次京东购物 快递真的快 上午下单下午到 包装有点简陋 没点保护措施,第一次京东购物 快递真的快 上午下单下午到 包装有点简陋 没点保护措施
就等着移动开通网络服务,就等着移动开通网络服务
京东就是快 不错的商品。,京东就是快 不错的商品。
老婆很喜欢 全新的,老婆很喜欢 全新的
还算比较满意的一次购物，中间出了点小插曲，专业客服及时联系，把问题圆满解决，中间出差没带这个手机，客服打了好几个电话，感谢,还算比较满意的一次购物 中间出了点小插曲 专业客服及时联系 把问题圆满解决 中间出差没带这个手机 客服打了好几个电话 感谢
挺好用的，价格实惠，送货快，赞赞赞,挺好用的 价格实惠 送货快 赞赞赞
好评好评,好评好评
我觉得还是很不错 推荐购买,我觉得还是很不错 推荐购买
先用看看，感觉星空灰配灰色表带不好看。,先用看看 感觉星空灰配灰色表带不好看。
用了半个月了 很好 就是运营商现在还不支持esim,用了半个月了 很好 就是运营商现在还不支持esim
"买回来一直用到现在,是正品,苹果的东西没得说,就是系统还有点傻。而且不能支持移动网络有点遗憾。等通讯商开通吧！",买回来一直用到现在 是正品 苹果的东西没得说 就是系统还有点傻。而且不能支持移动网络有点遗憾。等通讯商开通吧 
很不错，虽然现在还不支持蜂窝，但是原装表带太短了，我又买了一条长表带,很不错 虽然现在还不支持蜂窝 但是原装表带太短了 我又买了一条长表带
比想象中好，其实铝合金的也不错，什么时候可以使用蜂窝网络？,比想象中好 其实铝合金的也不错 什么时候可以使用蜂窝网络 
犹豫再三，退货三次，最后买了却没现货&hellip;等啊等&hellip;等到了啦&hellip;京东的物流一直都很棒，客服也很有耐心&hellip;就是&hellip;有点不好，货在路上不能办理转站，转站又要浪费时间，特地坐车回来拿的&hellip;头疼啊,犹豫再三 退货三次 最后买了却没现货 hellip 等啊等 hellip 等到了啦 hellip 京东的物流一直都很棒 客服也很有耐心 hellip 就是 hellip 有点不好 货在路上不能办理转站 转站又要浪费时间 特地坐车回来拿的 hellip 头疼啊
宝贝收到了，包装盒真大，看到手表是真喜欢戴了一天真不错，相信京东自营,宝贝收到了 包装盒真大 看到手表是真喜欢戴了一天真不错 相信京东自营
满意。第三代可以入手了。裸奔贴膜即可。最新4.2系统。正常使用一天不到30的电。我身边的健康助理。,满意。第三代可以入手了。裸奔贴膜即可。最新#NUM# #NUM#系统。正常使用一天不到#NUM#的电。我身边的健康助理。
可以随意换表带，不能单独拨打电话。,可以随意换表带 不能单独拨打电话。
非常好看非常漂亮正品,非常好看非常漂亮正品
送货很准时，手表很合适。不知道电池能力如何？待说,送货很准时 手表很合适。不知道电池能力如何 待说
苹果的手表人性化第一，软件做的很棒。,苹果的手表人性化第一 软件做的很棒。
第一次购买的，用得好还好继续支持,第一次购买的 用得好还好继续支持
还可以   可以脱离手机就更好了,还可以 可以脱离手机就更好了
还不太会用，总算和手机完成了配对，等中移动开通了网络功能后再试一试电话功能。,还不太会用 总算和手机完成了配对 等中移动开通了网络功能后再试一试电话功能。
刚拿到手，挺好的,刚拿到手 挺好的
2779入手，价格不算优惠，功能一切正常，通话的外放声音有点小，旁边有些噪音就听不清楚了，怎么说呢这个表主要还是当做了手环的用途，第一次用苹果表，估计以后被苹果绑死了，很难选择安卓阵营的产品了，苹果还是厉害哦，上一代iphone6 plus用了3年多了还在用呢，又入手了airpods耳机，可惜手机是16G的，表里面的歌曲必须是要跟手机同步的，手机没空间了，表里的空间也就浪费了。等18年的新iphone出来再换吧，一个手机用4年也只有苹果才能做到了，虽然贵，但贵的有道理，贵到了便宜省钱,#NUM#入手 价格不算优惠 功能一切正常 通话的外放声音有点小 旁边有些噪音就听不清楚了 怎么说呢这个表主要还是当做了手环的用途 第一次用苹果表 估计以后被苹果绑死了 很难选择安卓阵营的产品了 苹果还是厉害哦 上一代iphone#NUM# plus用了#NUM#年多了还在用呢 又入手了airpods耳机 可惜手机是#NUM#G的 表里面的歌曲必须是要跟手机同步的 手机没空间了 表里的空间也就浪费了。等#NUM#年的新iphone出来再换吧 一个手机用#NUM#年也只有苹果才能做到了 虽然贵 但贵的有道理 贵到了便宜省钱
正品，赶上活动超值,正品 赶上活动超值
自营物流就是快 自营物流就是快 自营物流就是快 自营物流就是快,自营物流就是快 自营物流就是快 自营物流就是快 自营物流就是快
帮朋友买的不错,帮朋友买的不错
APPLE WATCH居然买到的是全新的未拆封的。太好了。简直是太划算了。谢谢京东，谢谢CCTV，谢谢MTV。,APPLE WATCH居然买到的是全新的未拆封的。太好了。简直是太划算了。谢谢京东 谢谢CCTV 谢谢MTV。
颜色很好看,颜色很好看
看起来挺不错，正在慢慢熟悉中,看起来挺不错 正在慢慢熟悉中
好久开通网络就完美了,好久开通网络就完美了
媳妇送的生日礼物，一直想买一块，有种很未来的感觉，期待蜂窝网络尽快开通，和苹果其他设备的兼容性实在是太强大了，希望更多软件提供支持。,媳妇送的生日礼物 一直想买一块 有种很未来的感觉 期待蜂窝网络尽快开通 和苹果其他设备的兼容性实在是太强大了 希望更多软件提供支持。
很好，还可以，物流很快！！！,很好 还可以 物流很快！
还没有带，过几天再评价，感觉还不错，目前还不支持中国移动网络。,还没有带 过几天再评价 感觉还不错 目前还不支持中国移动网络。
苹果的手表，用着很舒服,苹果的手表 用着很舒服
还行，刚用上，物流很快。,还行 刚用上 物流很快。
买来送人的，等用了以后再补充评价。,买来送人的 等用了以后再补充评价。
非常实惠非常方便，非常不错。双十一买的，感觉还不错。,非常实惠非常方便 非常不错。双十一买的 感觉还不错。
喜欢运动和关注健康的人真的不要错过！太赞了,喜欢运动和关注健康的人真的不要错过 太赞了
很不错，去了苹果实体店看了，太多人，还是在京东买好了。,很不错 去了苹果实体店看了 太多人 还是在京东买好了。
不错不错，先试着带带，就是微信刷新比较慢，用用看再说吧。,不错不错 先试着带带 就是微信刷新比较慢 用用看再说吧。
双十二那天买的价格很优惠。送给老公做礼物他很喜欢。晚上睡觉的戴着，天天听米老鼠报时。现在就等着晚上打球了。,双十二那天买的价格很优惠。送给老公做礼物他很喜欢。晚上睡觉的戴着 天天听米老鼠报时。现在就等着晚上打球了。
用了一天感觉挺好的  就是有的东西太复杂,用了一天感觉挺好的 就是有的东西太复杂
收到了之后买了个午夜蓝表带，好看，实用,收到了之后买了个午夜蓝表带 好看 实用
还不错，待机长，速度快，比一代好多了就是esim都还不能用,还不错 待机长 速度快 比一代好多了就是esim都还不能用
东西不错，很好，很棒，我非常喜欢！,东西不错 很好 很棒 我非常喜欢 
刚刚入手，用了一天，感觉还行，先用一段时间再来评价,刚刚入手 用了一天 感觉还行 先用一段时间再来评价
还是不错的。摸索了一个下午 ?。,还是不错的。摸索了一个下午  。
很便宜的价格入的。可以不带手机跑步听歌了,很便宜的价格入的。可以不带手机跑步听歌了
科技就是科技，等了这款才出手,科技就是科技 等了这款才出手
东西终于收到了，还算不错，戴起来有点不方便,东西终于收到了 还算不错 戴起来有点不方便
还不错，比较大气，赞一个。,还不错 比较大气 赞一个。
很喜欢，搞活动买的，虽然没有网络服务，但是太方便了。非常好,很喜欢 搞活动买的 虽然没有网络服务 但是太方便了。非常好
。抢到不容易，还省了好多钱。,。抢到不容易 还省了好多钱。
双十二活动买的，等了好几天才发货，手表真是好，包装真是高大上，晒晒图?,双十二活动买的 等了好几天才发货 手表真是好 包装真是高大上 晒晒图 
迫不及待的拿出来试试，期间没太弄明白，在客服的帮助下才弄好！特别喜欢,迫不及待的拿出来试试 期间没太弄明白 在客服的帮助下才弄好 特别喜欢
忘了评论了 挺快的 我寻思怎么着也得下午送到了 没想到上午就送到了,忘了评论了 挺快的 我寻思怎么着也得下午送到了 没想到上午就送到了
不错。很好用。开车用很方便,不错。很好用。开车用很方便
挺好的，用着挺顺手，就是感觉屏幕小点了，应该买42的。粉色估计不能抗脏！,挺好的 用着挺顺手 就是感觉屏幕小点了 应该买#NUM#的。粉色估计不能抗脏 
双12抢一个，加京豆28XX&hellip;&hellip;应该是全网最低价了，代价是要等几天&hellip;缺一个运动表，买卡西欧不如就直接上苹果手表了?，3代还有蜂窝网&hellip;电量貌似可以待机两天，无视喷子们吐槽每天都要充电，养成习惯晚上睡觉跟手机一起充电就好?又不会戴着睡觉。比机械表好多了。最后包裹真的很夸张，一个大箱子&hellip;&hellip;&hellip;然后塞满气泡袋&hellip;,双#NUM#抢一个 加京豆#NUM#XX hellip  hellip 应该是全网最低价了 代价是要等几天 hellip 缺一个运动表 买卡西欧不如就直接上苹果手表了  #NUM#代还有蜂窝网 hellip 电量貌似可以待机两天 无视喷子们吐槽每天都要充电 养成习惯晚上睡觉跟手机一起充电就好 又不会戴着睡觉。比机械表好多了。最后包裹真的很夸张 一个大箱子 hellip  hellip  hellip 然后塞满气泡袋 hellip 
不错不错 挺满意的。电子产品还是更信赖京东自营,不错不错 挺满意的。电子产品还是更信赖京东自营
到货快。,到货快。
第二块给我妈买的，很方便，可以应急。,第二块给我妈买的 很方便 可以应急。
送小侄女的，没毛病,送小侄女的 没毛病
还不错，唯一的郁闷就是原来老系统带动不了，说不好还得换手机，手表的确很漂亮，同时还买了个水凝膜，还行,还不错 唯一的郁闷就是原来老系统带动不了 说不好还得换手机 手表的确很漂亮 同时还买了个水凝膜 还行
实在太漂亮了，我儿子好喜欢！感谢京东,实在太漂亮了 我儿子好喜欢 感谢京东
非常棒的手表 applewatch简直太方便了 运动达人必备 非常好的健康助手。而且跟iphone之间通知互联非常棒，还能用米家控制家电 非常棒未来感很强 就差打电话功能的开通了,非常棒的手表 applewatch简直太方便了 运动达人必备 非常好的健康助手。而且跟iphone之间通知互联非常棒 还能用米家控制家电 非常棒未来感很强 就差打电话功能的开通了
三千多块钱的东西京东的包装很环保，里面手表没瑕疵，中午收到剩电百分之八十左右，用到晚上这个时候评价还有百分之六十，续航暂时挺满意，就是蜂窝数据不知道什么时候可以用上,三千多块钱的东西京东的包装很环保 里面手表没瑕疵 中午收到剩电百分之八十左右 用到晚上这个时候评价还有百分之六十 续航暂时挺满意 就是蜂窝数据不知道什么时候可以用上
挺好的就是电池不经用,挺好的就是电池不经用
东西不错，真的挺符合我的想法，还会再来买的,东西不错 真的挺符合我的想法 还会再来买的
买了两个，速度快的不要不要的，和一代比不是快的一点点，就是蜂窝不能用,买了两个 速度快的不要不要的 和一代比不是快的一点点 就是蜂窝不能用
信得过&hellip;&hellip;&hellip;,信得过 hellip  hellip  hellip 
自营就是信得过,自营就是信得过
买了送人的，包装挺不错,买了送人的 包装挺不错
看中不带手机也可以用的三代，就等功能开放了，,看中不带手机也可以用的三代 就等功能开放了 
喜欢就买了就酱，表带是后配的,喜欢就买了就酱 表带是后配的
一直想买个，现在买了，还没用！，用了一段时间再来评！！,一直想买个 现在买了 还没用  用了一段时间再来评！
就是流弊，酷炫。,就是流弊 酷炫。
逼格满满，买手表还是京东划算。,逼格满满 买手表还是京东划算。
物流快，售后有保证！,物流快 售后有保证 
双12购买的，15号发货，16号一大早就到了。价格整整比官网便宜个几百块。搭配airpod非常不错，适合用于健身。就是双12下单，到了13号发现竟然2018年才开通蜂窝网络，有点郁闷，Apple Pay设置也一直提示出错。,双#NUM#购买的 #NUM#号发货 #NUM#号一大早就到了。价格整整比官网便宜个几百块。搭配airpod非常不错 适合用于健身。就是双#NUM#下单 到了#NUM#号发现竟然#NUM#年才开通蜂窝网络 有点郁闷 Apple Pay设置也一直提示出错。
正品，速度快多了,正品 速度快多了
商品到手了，还可以吧，是正品，现在还在摸索中，快递速度杠杠的,商品到手了 还可以吧 是正品 现在还在摸索中 快递速度杠杠的
买了送人的，外包装挺好看,买了送人的 外包装挺好看
东西不错，目前还不适应，毕竟屏幕太小，慢慢适应估计好用,东西不错 目前还不适应 毕竟屏幕太小 慢慢适应估计好用
双十二下单后一直显示采购中，昨晚发货后今天下午就到了，京东快递的服务一直很好。手表很喜欢，功能还在进一步摸索，相信表现会让人满意。,双十二下单后一直显示采购中 昨晚发货后今天下午就到了 京东快递的服务一直很好。手表很喜欢 功能还在进一步摸索 相信表现会让人满意。
很奇怪为什么JD的38mm外包装是传统苹果封装，而我另外一块SN家买的42mm封装是跟iX一样的，不过是好价拿的就不计较了赞赞赞,很奇怪为什么JD的#NUM#mm外包装是传统苹果封装 而我另外一块SN家买的#NUM#mm封装是跟iX一样的 不过是好价拿的就不计较了赞赞赞
包装还可以。用段时间在评论,包装还可以。用段时间在评论
目前看还可以啦，但愿对我的跑步有帮助。最好移动快上线虚拟号功能~,目前看还可以啦 但愿对我的跑步有帮助。最好移动快上线虚拟号功能 
昨天终于到货！今天终于到手了！等待确实是很煎熬的过程，双十二活动拍下的，价格优惠力度大，可是就是一直显示采购中，那种纠结啊，第一次用这种手表，想买了很久了，系统流畅，配合手机一起用很不错，期待运营商快点开虚拟卡。,昨天终于到货 今天终于到手了 等待确实是很煎熬的过程 双十二活动拍下的 价格优惠力度大 可是就是一直显示采购中 那种纠结啊 第一次用这种手表 想买了很久了 系统流畅 配合手机一起用很不错 期待运营商快点开虚拟卡。
刚用上，还在摸索中。希望电池能够撑两天吧,刚用上 还在摸索中。希望电池能够撑两天吧
宝贝很好,宝贝很好
刚到还不太会用 慢慢琢磨吧,刚到还不太会用 慢慢琢磨吧
粉色没有特别艳，有点偏肉色，但是还是骚气的。相比前代产品确实有提升。京东活动给力物流快，快递员也很负责，整体还是满意的。,粉色没有特别艳 有点偏肉色 但是还是骚气的。相比前代产品确实有提升。京东活动给力物流快 快递员也很负责 整体还是满意的。
送人的,送人的
官网查过未激活,官网查过未激活
手表很轻，要说最大的用处就是不会漏接电话，其他感觉也没好玩的,手表很轻 要说最大的用处就是不会漏接电话 其他感觉也没好玩的
虽然电信运营商还未支持手表的部分功能，但据说内测已经结束，想必不久可实现,虽然电信运营商还未支持手表的部分功能 但据说内测已经结束 想必不久可实现
习惯在京东购物，速度够快，基本转天到，质量还说得过去，有问题，处理的还算及时！,习惯在京东购物 速度够快 基本转天到 质量还说得过去 有问题 处理的还算及时 
很好用的产品和好的产品,很好用的产品和好的产品
还没看不知道怎么样,还没看不知道怎么样
什么时候能打电话？？？什么时候能打电话？？？什么时候能打电话？？？,什么时候能打电话？什么时候能打电话？什么时候能打电话？
看时间终于不用拿手机出来了,看时间终于不用拿手机出来了
期待移动的功能开启！,期待移动的功能开启 
还不错，买了2个，一人买了一个！,还不错 买了#NUM#个 一人买了一个 
平心而论，充满电可用2天，当然我基本关掉很多功能，只用运动功能，还是很不错的,平心而论 充满电可用#NUM#天 当然我基本关掉很多功能 只用运动功能 还是很不错的
正品好用，说下机能：待机2-3天，充电时间很快就能充满，反应速度快但有时还是会卡顿，唯一大的缺点是3家运营商目前还不支持打电话！,正品好用 说下机能 待机#NUM#-#NUM#天 充电时间很快就能充满 反应速度快但有时还是会卡顿 唯一大的缺点是#NUM#家运营商目前还不支持打电话 
很值得购买，价格比官网便宜很多。电量充足，可以使用2-3天。,很值得购买 价格比官网便宜很多。电量充足 可以使用#NUM#-#NUM#天。
非常好用。但是要求开纸质发票，结果在没接到任何通知的情况下变成了电子发票，十分不满意！,非常好用。但是要求开纸质发票 结果在没接到任何通知的情况下变成了电子发票 十分不满意 
没货   预定了  等了几天  还涨了200块钱    表戴着还是很好看  特别适合平时喜欢运动的人群,没货 预定了 等了几天 还涨了#NUM#块钱 表戴着还是很好看 特别适合平时喜欢运动的人群
很好用的一款手表，同事很喜欢,很好用的一款手表 同事很喜欢
不错很喜欢，比之前一代功能强大待机时间更长。,不错很喜欢 比之前一代功能强大待机时间更长。
很好用，苹果的东西不用多说了,很好用 苹果的东西不用多说了
手表不错，就是功能还没弄明白，需要慢慢摸索,手表不错 就是功能还没弄明白 需要慢慢摸索
完美 非常好,完美 非常好
使用一天下来感觉还是不错的。,使用一天下来感觉还是不错的。
不错，等着蜂窝数据的支持,不错 等着蜂窝数据的支持
不错，很多人觉得没有必要，买了就知道，只要自己体会才知道是否适用你，个人觉得还可以,不错 很多人觉得没有必要 买了就知道 只要自己体会才知道是否适用你 个人觉得还可以
质量不错，价格实惠。,质量不错 价格实惠。
双十一入手，感觉还不错！适应很多运动场合，电量差不多两天一充，还是不错的,双十一入手 感觉还不错 适应很多运动场合 电量差不多两天一充 还是不错的
便携生活+10086，就是边框有点宽,便携生活 #NUM# 就是边框有点宽
用了半月感觉不错??,用了半月感觉不错？
关注很久了，买了，感觉用着还可以！,关注很久了 买了 感觉用着还可以 
"入手第一款apple  watch,感觉很不错，很棒，京东值得信赖",入手第一款apple watch 感觉很不错 很棒 京东值得信赖
很不错13号提醒我发货了激动了半天 已验证国行 有发票 觉得不套壳好看,很不错#NUM#号提醒我发货了激动了半天 已验证国行 有发票 觉得不套壳好看
"包装很仔细，里面放了很多气垫，之前买的一个42mm的表，用着很好。这是买的第二块,作为礼物应该还可以。",包装很仔细 里面放了很多气垫 之前买的一个#NUM#mm的表 用着很好。这是买的第二块 作为礼物应该还可以。
买了没几天就降价了，幸亏一波三折的说要315投诉才 返差价，到还是和双十二活动价差几十块！,买了没几天就降价了 幸亏一波三折的说要#NUM#投诉才 返差价 到还是和双十二活动价差几十块 
神速啊 送人的 应该不错,神速啊 送人的 应该不错
漂亮，感觉超级好，我还没有特别熟悉，但是很喜欢！,漂亮 感觉超级好 我还没有特别熟悉 但是很喜欢 
很喜欢，下次还来，很好用,很喜欢 下次还来 很好用
非常好，不得不说京东的东西还是可信赖,非常好 不得不说京东的东西还是可信赖
其实我觉得除了看锻炼的数据之外，暂时没有其他用处,其实我觉得除了看锻炼的数据之外 暂时没有其他用处
为啥不支持七天无理由退货,为啥不支持七天无理由退货
送给老婆得礼物,送给老婆得礼物
非常棒，太合适了，优惠棒棒哒，电子产品，支持京东！！！,非常棒 太合适了 优惠棒棒哒 电子产品 支持京东！
不知道什么时候运营商能够支持，没有运营商支持功能太局限了。,不知道什么时候运营商能够支持 没有运营商支持功能太局限了。
方便，便宜，划算，实用，高效。,方便 便宜 划算 实用 高效。
功能强大，晚买了两天多花了好几百。,功能强大 晚买了两天多花了好几百。
一直在关注，今天终于拿到货,一直在关注 今天终于拿到货
非常好用用在看 非常好用用在看非常好用用在看,非常好用用在看 非常好用用在看非常好用用在看
不错的，好用,不错的 好用
曾经在香港一家礼品行，销售人员给我们推销产品，说过一句话记忆犹新，这年头时间最准的不是手表，是手机，自动与天文台同步。买个iwatch，比那些个动不动上万的机械表便宜多了，逼格也高，不就是老得充电吗，不叫事。app不少，特别有用的也就健康方面的吧。移动什么时候支持蜂窝就太好了，不用带手机就能打电话。,曾经在香港一家礼品行 销售人员给我们推销产品 说过一句话记忆犹新 这年头时间最准的不是手表 是手机 自动与天文台同步。买个iwatch 比那些个动不动上万的机械表便宜多了 逼格也高 不就是老得充电吗 不叫事。app不少 特别有用的也就健康方面的吧。移动什么时候支持蜂窝就太好了 不用带手机就能打电话。
不错哈恩不错！,不错哈恩不错 
快啊 双十一还便宜 用着不错 就是还不能单独使用 估计年底也没戏开通了,快啊 双十一还便宜 用着不错 就是还不能单独使用 估计年底也没戏开通了
很不错，感觉很好电量够一天使用。期待移动LTE能快点在表上用,很不错 感觉很好电量够一天使用。期待移动LTE能快点在表上用
苹果的产品能说啥，无论有多少缺点，但优点优秀到让大家忽略缺点就是本事......,苹果的产品能说啥 无论有多少缺点 但优点优秀到让大家忽略缺点就是本事。
不错，很好。原来是二代，现在换成三代，蜂窝暂时不能用，苹果客服说年底可以用，不知道是不是忽悠我,不错 很好。原来是二代 现在换成三代 蜂窝暂时不能用 苹果客服说年底可以用 不知道是不是忽悠我
怎么说呢，功能很强大，待机时间也可以接受，关键特别好的是我可以有久坐提醒了，可以有喝水提醒了，我的运动轨迹会有一个记录了，可以随时监测心率，我的心脏不太好，就医的时候也有据可依了，真的特别好的一个智能手表，期待蜂窝数据早点可以使用。,怎么说呢 功能很强大 待机时间也可以接受 关键特别好的是我可以有久坐提醒了 可以有喝水提醒了 我的运动轨迹会有一个记录了 可以随时监测心率 我的心脏不太好 就医的时候也有据可依了 真的特别好的一个智能手表 期待蜂窝数据早点可以使用。
超级棒棒 女朋友很喜欢,超级棒棒 女朋友很喜欢
功能强大,功能强大
等蜂窝,等蜂窝
查了序列号，是未激活的。送人的，等用了再说。,查了序列号 是未激活的。送人的 等用了再说。
员工抽奖的礼品，送货快京东靠谱。,员工抽奖的礼品 送货快京东靠谱。
表带了几天，两天充一次电，快递速度很快，第二天就收到了,表带了几天 两天充一次电 快递速度很快 第二天就收到了
没买到38mm的，一直缺货，买到42mm也很开心哈哈哈,没买到#NUM#mm的 一直缺货 买到#NUM#mm也很开心哈哈哈
我一直很care方形表盘上手的效果,我一直很care方形表盘上手的效果
之前买过2代，觉得还是挺好用的。某些场景下挺方便的。这款蜂窝的只能国内买，京东双十一有大额满减券就买了。续航比2代还要再好些。可以用个3天左右。更喜欢回环表带的设计。,之前买过#NUM#代 觉得还是挺好用的。某些场景下挺方便的。这款蜂窝的只能国内买 京东双十一有大额满减券就买了。续航比#NUM#代还要再好些。可以用个#NUM#天左右。更喜欢回环表带的设计。
用了几天才来评价，不过电量不是那么耐用，用了一天就没有什么电了,用了几天才来评价 不过电量不是那么耐用 用了一天就没有什么电了
目前还不支持虚拟网络，通话声音有点小，蓝牙链接消息同步到手表还是有延迟,目前还不支持虚拟网络 通话声音有点小 蓝牙链接消息同步到手表还是有延迟
很好很喜欢,很好很喜欢
各方面都很棒，apple系统一如既往的顺畅，那种如丝般顺滑的操作体验。软件生态也很好（相对安卓来说）。特别棒的地方就是我的MacBook指纹都可以抛弃了，手表靠近电脑自动解锁，棒棒。,各方面都很棒 apple系统一如既往的顺畅 那种如丝般顺滑的操作体验。软件生态也很好 相对安卓来说 。特别棒的地方就是我的MacBook指纹都可以抛弃了 手表靠近电脑自动解锁 棒棒。
帮朋友买的，他比较喜欢,帮朋友买的 他比较喜欢
未使用，蜂窝暂时不能用，等待！,未使用 蜂窝暂时不能用 等待 
买了一周了，用着就是浪费电,买了一周了 用着就是浪费电
女生带42的还是显得大了点。,女生带#NUM#的还是显得大了点。
挺好的,挺好的
还不能用联通esin卡服务，好难等啊，，，，，，,还不能用联通esin卡服务 好难等啊   
超喜欢,超喜欢
速度就是快，没话说，好评,速度就是快 没话说 好评
配对很快，很方便，续航也很给力，差不多能戴两天半,配对很快 很方便 续航也很给力 差不多能戴两天半
哎呀超喜欢！,哎呀超喜欢 
观望了超久超久！,观望了超久超久 
开心开心开心！,开心开心开心 
期待已久，终于入手，赞,期待已久 终于入手 赞
很不错很不错很不错很不错就不错,很不错很不错很不错很不错就不错
10日拍的，11日收到京东快递神速，不爽的是双12居然优惠430还不能申请价保，心痛！,#NUM#日拍的 #NUM#日收到京东快递神速 不爽的是双#NUM#居然优惠#NUM#还不能申请价保 心痛 
有点小。建议不管男女都买42的。买了2天就降了300，还不能保价。。。。。。。。。。。。。,有点小。建议不管男女都买#NUM#的。买了#NUM#天就降了#NUM# 还不能保价。
用起来很流畅，体验不错，就是初始设置的时间有些长,用起来很流畅 体验不错 就是初始设置的时间有些长
很棒，很精致,很棒 很精致
电话、微信提示蛮方便，喜欢。通话声音，在家里接打效果还是很不错的，其他场合还未试过。坐等运营商开通网络服务！再有，给京东点赞，保价靠谱！下单后，第二天降价，联系在线客服，很快帮忙补了差价。给送货速度、售后服务点赞！,电话、微信提示蛮方便 喜欢。通话声音 在家里接打效果还是很不错的 其他场合还未试过。坐等运营商开通网络服务 再有 给京东点赞 保价靠谱 下单后 第二天降价 联系在线客服 很快帮忙补了差价。给送货速度、售后服务点赞 
贼好用 充满电能待机三天！唯一缺点是运营商还未解决不能使用Esim卡的问题,贼好用 充满电能待机三天 唯一缺点是运营商还未解决不能使用Esim卡的问题
喜欢就好，谈不上值与不值。,喜欢就好 谈不上值与不值。
很好用，很不错，物流也快，赞一个！,很好用 很不错 物流也快 赞一个 
挺好的呢我很喜欢,挺好的呢我很喜欢
还没熟悉，京东一如既往速度很快,还没熟悉 京东一如既往速度很快
流畅帅气，比第一代好太多了，支付和音乐几乎都是秒开，然后就是等待联通的虚拟卡业务开启了,流畅帅气 比第一代好太多了 支付和音乐几乎都是秒开 然后就是等待联通的虚拟卡业务开启了
物流太给力，没话说，上午买下午到,物流太给力 没话说 上午买下午到
666很喜欢，很好用,#NUM#很喜欢 很好用
很棒超好用防水超喜欢哈哈哈哈哈,很棒超好用防水超喜欢哈哈哈
Apple Watch就是好，苹果做工系统完成度确实是高很多,Apple Watch就是好 苹果做工系统完成度确实是高很多
挺好的，物流速度快，一直信赖京东！,挺好的 物流速度快 一直信赖京东 
正品苹果手表，最新款漂亮,正品苹果手表 最新款漂亮
挺好的，很喜欢，包装也好。,挺好的 很喜欢 包装也好。
送货速度很快 是正品 戴着很不错 会继续支持,送货速度很快 是正品 戴着很不错 会继续支持
双十二买到，原本是在SN上下单了，后来立马对比了下京东，果然没让我失望，价格非常美丽！而且还送了一个表带，搭配我的AirPods简直完美到不行！,双十二买到 原本是在SN上下单了 后来立马对比了下京东 果然没让我失望 价格非常美丽 而且还送了一个表带 搭配我的AirPods简直完美到不行 
手表质量很好，功能强大。还不太会用慢慢研究,手表质量很好 功能强大。还不太会用慢慢研究
惊喜！目前很喜）喜欢！,惊喜 目前很喜 喜欢 
东西不错   功能多   就是刚入手 很多东西还没弄懂,东西不错 功能多 就是刚入手 很多东西还没弄懂
正品原包装，ios系统确实不是盖的，对比安卓系统的智能表，连接稳定性、系统稳定性确实强很多。,正品原包装 ios系统确实不是盖的 对比安卓系统的智能表 连接稳定性、系统稳定性确实强很多。
在京东买任何东西都放心，快递，服务，售后。手表很小巧，功能好玩，老婆开心。,在京东买任何东西都放心 快递 服务 售后。手表很小巧 功能好玩 老婆开心。
东西不错，可惜不能用蜂窝,东西不错 可惜不能用蜂窝
东西不错，比官网便宜。发货很快,东西不错 比官网便宜。发货很快
不错 就是暂时还不能用蜂窝。小遗憾,不错 就是暂时还不能用蜂窝。小遗憾
不错，白条买的，不到3000，价格非常划算，使用也挺好。,不错 白条买的 不到#NUM# 价格非常划算 使用也挺好。
12小时内到货，好,#NUM#小时内到货 好
刚用一天还不太会用。希望未来手表功能能越来越多。,刚用一天还不太会用。希望未来手表功能能越来越多。
很不错，还在摸索中，希望能配合我运动一直使用下去,很不错 还在摸索中 希望能配合我运动一直使用下去
真心不错,真心不错
非常不错的手表，送朋友最好了,非常不错的手表 送朋友最好了
挺好的，跌钱了，还给我找补了点,挺好的 跌钱了 还给我找补了点
本来想买玫瑰色 就是切换看了一眼的瞬间就没货了 黑色也不错 除了蜂窝数据没有运营商支持以外其他都很好,本来想买玫瑰色 就是切换看了一眼的瞬间就没货了 黑色也不错 除了蜂窝数据没有运营商支持以外其他都很好
赶上秒杀时候买的还有白条，很合适,赶上秒杀时候买的还有白条 很合适
没问题，天天戴着跑步骑车,没问题 天天戴着跑步骑车
做工精细，戴着很漂亮！,做工精细 戴着很漂亮 
还没有打开，还没有打开还没有打开,还没有打开 还没有打开还没有打开
一点用都没有，纯属个人装逼，浪费钱真的，各种后悔,一点用都没有 纯属个人装逼 浪费钱真的 各种后悔
还是挺不错的，期待开通蜂窝,还是挺不错的 期待开通蜂窝
可能是没有把手机带在身边的缘故，手表耗电量还算差强人意！最主要不知道什么时候才能连接蜂窝数据，打电话呀！,可能是没有把手机带在身边的缘故 手表耗电量还算差强人意 最主要不知道什么时候才能连接蜂窝数据 打电话呀 
等很久了。双12 2980拿下。京东实惠啊。,等很久了。双#NUM# #NUM#拿下。京东实惠啊。
全新的  建议京东取消全线苹果类产品7天无理由退货  有的人每种色买一个回去 挑好喜欢的其他在退回来 无耻    没质量问题 你还退  退你个蛋蛋,全新的 建议京东取消全线苹果类产品#NUM#天无理由退货 有的人每种色买一个回去 挑好喜欢的其他在退回来 无耻 没质量问题 你还退 退你个蛋蛋
颜值高，非常漂亮，功能也强大,颜值高 非常漂亮 功能也强大
收到了，送女友了,收到了 送女友了
苹果的产品一直值得拥有，小奢侈一次，希望尽快开通独立通讯业务,苹果的产品一直值得拥有 小奢侈一次 希望尽快开通独立通讯业务
非常好用，物流特给力，中午下的单，下午就收到了！,非常好用 物流特给力 中午下的单 下午就收到了 
心心念念的watch终于到手了，可是我的iphone x还木有来，坐等完美配合。,心心念念的watch终于到手了 可是我的iphone x还木有来 坐等完美配合。
退货弄了半个月了！还没搞定，什么意思？服务太差劲,退货弄了半个月了 还没搞定 什么意思 服务太差劲
双十一买的，优惠了不少，用了一个月，总体感觉还不错。,双十一买的 优惠了不少 用了一个月 总体感觉还不错。
买到了 终于等到了 秒杀和库存同在的时辰 毫不犹豫的购买了 不错,买到了 终于等到了 秒杀和库存同在的时辰 毫不犹豫的购买了 不错
很好很好很喜欢很喜欢,很好很好很喜欢很喜欢
女生38mm的表盘大小正合适，虽然很多人说实用性不大，但用下来还是感受很好的。首先佩戴感很舒适，佩戴一天拿下来无勒痕；其次有了它，对手机的依赖程度小了，不会不停的看手机看有没有错过电话、短信等。就等开通用卡服务了，希望快点开通。,女生#NUM#mm的表盘大小正合适 虽然很多人说实用性不大 但用下来还是感受很好的。首先佩戴感很舒适 佩戴一天拿下来无勒痕 其次有了它 对手机的依赖程度小了 不会不停的看手机看有没有错过电话、短信等。就等开通用卡服务了 希望快点开通。
给老婆买的，她很喜欢，很好,给老婆买的 她很喜欢 很好
好看的很,好看的很
第二天到货，比顺丰都要快的多,第二天到货 比顺丰都要快的多
还可以，但是电量实在不敢恭维。一天两充，运动的人首选佳明与松脱。Apple这款还是pass吧。自己平时运动没以前那么猛了。还是蛮适合我的，下次跑次全马 看看能不能坚持下来（表和我,还可以 但是电量实在不敢恭维。一天两充 运动的人首选佳明与松脱。Apple这款还是pass吧。自己平时运动没以前那么猛了。还是蛮适合我的 下次跑次全马 看看能不能坚持下来 表和我
心仪很久，正好赶到双11活动，便宜挺多，很不错！,心仪很久 正好赶到双#NUM#活动 便宜挺多 很不错 
买到手，感觉很惊喜，送老公的礼物，他很喜欢,买到手 感觉很惊喜 送老公的礼物 他很喜欢
玩玩可以，就是不太实用，一收到澳门垃圾信息删不掉,玩玩可以 就是不太实用 一收到澳门垃圾信息删不掉
送给朋友的，感觉很好功能很合适他的需求,送给朋友的 感觉很好功能很合适他的需求
非常好，很喜欢，操作方便,非常好 很喜欢 操作方便
不错，买来送人的，比较上档次,不错 买来送人的 比较上档次
手表还不错，质量挺好，喜欢的人用着应该挺好。但是主要功能还是手表功能。蜂窝移动不知道什么时候能开。,手表还不错 质量挺好 喜欢的人用着应该挺好。但是主要功能还是手表功能。蜂窝移动不知道什么时候能开。
苹果的设计质感没得说，就是现在还不能单独作为手机使用,苹果的设计质感没得说 就是现在还不能单独作为手机使用
非常好用 还是苹果的产品精致,非常好用 还是苹果的产品精致
很漂亮，很实用，以前都是机械表，这款比机械表好多了,很漂亮 很实用 以前都是机械表 这款比机械表好多了
送给家人的礼物，昨天下的单，今天就到了。收到货完好，全新正品，非常完美！京东服务太棒了！,送给家人的礼物 昨天下的单 今天就到了。收到货完好 全新正品 非常完美 京东服务太棒了 
很棒就是居然花了两天才送到不过双十二可以理解,很棒就是居然花了两天才送到不过双十二可以理解
好评，再在app store买一个autosleep就可以检测睡眠了,好评 再在app store买一个autosleep就可以检测睡眠了
还不错还不错，就是不能用蜂窝，等过年看看,还不错还不错 就是不能用蜂窝 等过年看看
不错 喜欢 赶紧解放了好多,不错 喜欢 赶紧解放了好多
非常的好,非常的好
好好好。之前带的1。升级3后。最大的感受。内存大了。电量耐用了。一贯好评。,好好好。之前带的#NUM#。升级#NUM#后。最大的感受。内存大了。电量耐用了。一贯好评。
挺好的，就是现在上海移动运营商还没有合作，暂时蜂窝用不了，期待中～,挺好的 就是现在上海移动运营商还没有合作 暂时蜂窝用不了 期待中 
用起来挺流畅的，坐等电信开通虚拟sim卡服务,用起来挺流畅的 坐等电信开通虚拟sim卡服务
非常棒，待机时间出乎意料的长,非常棒 待机时间出乎意料的长
使用中，东西是新的，只是运输过程中，包装极差，感觉因此东西受伤，商家也给了相应安慰，不过我还是想换个新的。,使用中 东西是新的 只是运输过程中 包装极差 感觉因此东西受伤 商家也给了相应安慰 不过我还是想换个新的。
除了费电，没有什么了。,除了费电 没有什么了。
购买的42毫米的蜂窝数据版，戴手上尺寸刚好合适，坐等移动联通开通蜂窝数据。平常使用挺方便的，运动数据实用，一直使用苹果各种产品。,购买的#NUM#毫米的蜂窝数据版 戴手上尺寸刚好合适 坐等移动联通开通蜂窝数据。平常使用挺方便的 运动数据实用 一直使用苹果各种产品。
棒棒哒，双十二的优惠活动力度大。本来想买一个新的iPhone，发现watch的优惠更多一些。就买了watch。,棒棒哒 双十二的优惠活动力度大。本来想买一个新的iPhone 发现watch的优惠更多一些。就买了watch。
挺好的，非常方便。暂未开通蜂窝数据，好像需要预约。,挺好的 非常方便。暂未开通蜂窝数据 好像需要预约。
手表还没到之前很激动，期待可以使用蜂窝数据,手表还没到之前很激动 期待可以使用蜂窝数据
換了錶帶 三大運營商不支援 無法獨立通話,換了錶帶 三大運營商不支援 無法獨立通話
宝贝很不错就是刚开始设置的时候不会设置发生了一点很不愉快的事情最后完美解决，我想知道这个ID在哪里啊手表的。,宝贝很不错就是刚开始设置的时候不会设置发生了一点很不愉快的事情最后完美解决 我想知道这个ID在哪里啊手表的。
京东购物最大好处就是不用费力逛商场，发货速度还快，基本上是隔天就能到。至于东西质量和实体店购买的有没有区别，我就不知道了，因为我家基本都是网购。,京东购物最大好处就是不用费力逛商场 发货速度还快 基本上是隔天就能到。至于东西质量和实体店购买的有没有区别 我就不知道了 因为我家基本都是网购。
送给老婆大人的，等老婆从外地回来给她点惊喜。还未解封。但是我的那只同款已带了几天体验好好,送给老婆大人的 等老婆从外地回来给她点惊喜。还未解封。但是我的那只同款已带了几天体验好好
用了几天总体使用效果还是好好,用了几天总体使用效果还是好好
买来还没带，功能太多，要仔细研究研究，就是这个表带太吸水了，每次刷碗或洗手，都湿湿的，感觉很难受，,买来还没带 功能太多 要仔细研究研究 就是这个表带太吸水了 每次刷碗或洗手 都湿湿的 感觉很难受 
很好 就是货源太少没拍到其他的款,很好 就是货源太少没拍到其他的款
第三代手表电力终于堪用了，泪流满面啊！,第三代手表电力终于堪用了 泪流满面啊 
不错的。可以的，不错的。可以的。不错的。可以的。很喜欢。,不错的。可以的 不错的。可以的。不错的。可以的。很喜欢。
很遗憾 还不能蜂窝 但是手表本身还是非常不错的 很精致,很遗憾 还不能蜂窝 但是手表本身还是非常不错的 很精致
很好用 天天带着,很好用 天天带着
浙江移动不能用，哎，蜂窝版有啥用哦。,浙江移动不能用 哎 蜂窝版有啥用哦。
不错?正在使用中,不错 正在使用中
漂亮的手表，功能实用，京东自营放心。,漂亮的手表 功能实用 京东自营放心。
太给力啦，一直放在购物车，就等双12活动啦！而且，夜里下单，白天就收到啦，特别感谢给我送货的师傅，白天家中没人，晚上还特意给跑一趟！真心感谢！,太给力啦 一直放在购物车 就等双#NUM#活动啦 而且 夜里下单 白天就收到啦 特别感谢给我送货的师傅 白天家中没人 晚上还特意给跑一趟 真心感谢 
犹豫了很久终于还是拿下，最大的感受就是去户外活动的欲望更强烈了,犹豫了很久终于还是拿下 最大的感受就是去户外活动的欲望更强烈了
送给老婆的礼物，她很喜欢，必须赞一下京东快递的速度，早上下单下午就到了，厉害?！！！,送给老婆的礼物 她很喜欢 必须赞一下京东快递的速度 早上下单下午就到了 厉害 ！
很好用的，重要信息跟电话都不会因为没听见铃声耽误事,很好用的 重要信息跟电话都不会因为没听见铃声耽误事
部门年会奖品，看着挺好的，送货速度也快,部门年会奖品 看着挺好的 送货速度也快
部门年会奖品，还没拆封，看着挺好的,部门年会奖品 还没拆封 看着挺好的
年会奖品，还没开封，看着不错,年会奖品 还没开封 看着不错
手表挺好的??最重要比官网要便宜，给媳妇买的，挺好的,手表挺好的？最重要比官网要便宜 给媳妇买的 挺好的
感觉待机有增强，相比其他的心率表，苹果的体验是一流的,感觉待机有增强 相比其他的心率表 苹果的体验是一流的
不错啊，很方便，蜂窝移动目前移动卡不支持,不错啊 很方便 蜂窝移动目前移动卡不支持
一直想买，到手了玩了两天发现没兴趣了！不过东西还是很好的。也没有传说中的这么费电。,一直想买 到手了玩了两天发现没兴趣了 不过东西还是很好的。也没有传说中的这么费电。
从watch1用过来的watch3的确比watch1好用多了  速度快了电量也更持久  就是价格最近波动有点大   还不支持价保简直了,从watch#NUM#用过来的watch#NUM#的确比watch#NUM#好用多了 速度快了电量也更持久 就是价格最近波动有点大 还不支持价保简直了
目前看起来还是不太好，因为蜂窝网络国内还不支持，等更新吧,目前看起来还是不太好 因为蜂窝网络国内还不支持 等更新吧
等了两年终于换新的了,等了两年终于换新的了
使用一个月评价，刚拿到很兴奋，就是运动版屏幕不耐划，非常不耐划，不知不觉就有几道口子了。,使用一个月评价 刚拿到很兴奋 就是运动版屏幕不耐划 非常不耐划 不知不觉就有几道口子了。
很好。装逼利器，就等蜂窝网了。哈哈哈哈哈,很好。装逼利器 就等蜂窝网了。哈哈哈
哈哈哈哈，种草很久，终于拿下了～很炫酷的感觉！,哈哈哈 种草很久 终于拿下了 很炫酷的感觉 
可惜运营商到现在不支持，手表通话质量还行。微信经常发不出去，语音识别也经常卡顿。,可惜运营商到现在不支持 手表通话质量还行。微信经常发不出去 语音识别也经常卡顿。
高端 大气 上档次！快递速度非常快！,高端 大气 上档次 快递速度非常快 
东西比较满意，快递比较快,东西比较满意 快递比较快
非常感谢京东商城给予的优质的服务，从仓储管理、物流配送等各方面都是做的非常好的。送货及时，配送员也非常的热情，有时候不方便收件的时候，也安排时间另行配送。同时京东商城在售后管理上也非常好的，以解客户忧患，排除万难。给予我们非常好的购物体验。,非常感谢京东商城给予的优质的服务 从仓储管理、物流配送等各方面都是做的非常好的。送货及时 配送员也非常的热情 有时候不方便收件的时候 也安排时间另行配送。同时京东商城在售后管理上也非常好的 以解客户忧患 排除万难。给予我们非常好的购物体验。
"Thank you very much for the excellent service provided by Jingdong mall, and it is very good to do in warehouse management, logistics, distribution and so on. Delivery in a timely manner, distribution staff is also very enthusiastic, and sometimes inconvenient to receive the time, but also arranged for time to be delivered. At the same time in the mall management Jingdong customer service is also very good, to solve customer suffering, overcome all difficulties. Give us a very good shopping experience ！",Thank you very much for the excellent service provided by Jingdong mall  and it is very good to do in warehouse management  logistics  distribution and so on  Delivery in a timely manner  distribution staff is also very enthusiastic  and sometimes inconvenient to receive the time  but also arranged for time to be delivered  At the same time in the mall management Jingdong customer service is also very good  to solve customer suffering  overcome all difficulties  Give us a very good shopping experience  
真心不错，但愿联通早点开通蜂窝功能，等等等！推荐购买，尤其是喜欢运动的，值得拥有一个,真心不错 但愿联通早点开通蜂窝功能 等等等 推荐购买 尤其是喜欢运动的 值得拥有一个
戴了两天，还没太熟悉，接电话很方便，挺好看的，冲着蜂窝网络买的，希望早点开通,戴了两天 还没太熟悉 接电话很方便 挺好看的 冲着蜂窝网络买的 希望早点开通
有货的时候不便宜，便宜的时候又没货,有货的时候不便宜 便宜的时候又没货
帮我们老板买的，老板很满意,帮我们老板买的 老板很满意
速度很快，折扣也不错，终于买到心心念念的手表啦,速度很快 折扣也不错 终于买到心心念念的手表啦
刚买完就降价了！！！！！,刚买完就降价了！
双十一的时候下单，用了一个很宝贵的券，结果是和双十二的价格差不多。,双十一的时候下单 用了一个很宝贵的券 结果是和双十二的价格差不多。
比较不幸运，很少出问题的苹果在我手里产生了差错，手表的提醒事项和日历不能用。苹果支持还没有完成处理。没有通过京东渠道进行售后。,比较不幸运 很少出问题的苹果在我手里产生了差错 手表的提醒事项和日历不能用。苹果支持还没有完成处理。没有通过京东渠道进行售后。
表带还是不太透汗，到夏天可能问题比较明显。,表带还是不太透汗 到夏天可能问题比较明显。
无论表冠朝向哪一侧，都容易出现误触的结果。根据个人习惯调整后，应该能找到一个平衡。,无论表冠朝向哪一侧 都容易出现误触的结果。根据个人习惯调整后 应该能找到一个平衡。
表盘有很多新鲜功能，比平时打开手机要方便多了。还可以用共享单车，虽然目前还不成熟，applepay是没有问题的。,表盘有很多新鲜功能 比平时打开手机要方便多了。还可以用共享单车 虽然目前还不成熟 applepay是没有问题的。
运动方面，数据很详细，确实增进了运动的积极性。,运动方面 数据很详细 确实增进了运动的积极性。
可以离线听音乐，不过要开通apple music。最好搭配airpods，beats还是不够轻盈。,可以离线听音乐 不过要开通apple music。最好搭配airpods beats还是不够轻盈。
综合来看，值得花三千买一个。,综合来看 值得花三千买一个。
不错，能支持2天，等着网络早日开通。,不错 能支持#NUM#天 等着网络早日开通。
稀缺货，不错，比1代清晰多了，就是网络还没有开放，要是可以用卡了，那出去跑步不用带手机了，美滋滋，希望早点开放的,稀缺货 不错 比#NUM#代清晰多了 就是网络还没有开放 要是可以用卡了 那出去跑步不用带手机了 美滋滋 希望早点开放的
一如既往的好！很喜欢！送男送女都可以，带着好看，送人体面，你值得拥有！,一如既往的好 很喜欢 送男送女都可以 带着好看 送人体面 你值得拥有 
非常好用 全台苹果 喜欢产品,非常好用 全台苹果 喜欢产品
到第三代了，还有e-sim了，就等运营商提供e-sim了，现在没有，感觉只能发挥2/3的能力,到第三代了 还有e-sim了 就等运营商提供e-sim了 现在没有 感觉只能发挥#NUM# #NUM#的能力
很喜欢，大小正合适，非常的高大上，功能也超级多，现在就等开通虚拟网络了！,很喜欢 大小正合适 非常的高大上 功能也超级多 现在就等开通虚拟网络了 
京东客户端砍价成功、京东商城网购、方便、质优价廉,京东客户端砍价成功、京东商城网购、方便、质优价廉
包装挺好，东西也应该是正品。,包装挺好 东西也应该是正品。
装B利器，没什么实质性作用,装B利器 没什么实质性作用
3288买的双12降100 优惠降150 还送手表带 尴尬还不能补价 还是得等活动啊,#NUM#买的双#NUM#降#NUM# 优惠降#NUM# 还送手表带 尴尬还不能补价 还是得等活动啊
还不错 第二天就到,还不错 第二天就到
不错，戴出了卡西欧的感觉。,不错 戴出了卡西欧的感觉。
还不错，电量轻度使用的话可以用三天，推送消息后就很少会再去看手机了?、,还不错 电量轻度使用的话可以用三天 推送消息后就很少会再去看手机了 、
手表不错，就是蜂窝还用不了！,手表不错 就是蜂窝还用不了 
物流很快，東西很好，很喜歡,物流很快 東西很好 很喜歡
用了几天了，感觉非常不错，记录每天锻炼情况，督促自己检查锻炼,用了几天了 感觉非常不错 记录每天锻炼情况 督促自己检查锻炼
用的很顺刚开始的时候有点小卡不怎么接受，习惯就好了！,用的很顺刚开始的时候有点小卡不怎么接受 习惯就好了 
买的时候我的7p没更新新系统，不更新没法用，一开始的时候都想推掉的，后来更新用下来很方便！,买的时候我的#NUM#p没更新新系统 不更新没法用 一开始的时候都想推掉的 后来更新用下来很方便 
东西使用一段时间，总体还不错，就是还有许多功能没有摸索出来，然后有BUG 居然天气不能用，已经有苹果专人客服处理，目前不知道是不是个例。,东西使用一段时间 总体还不错 就是还有许多功能没有摸索出来 然后有BUG 居然天气不能用 已经有苹果专人客服处理 目前不知道是不是个例。
从 2014 年就想买了，买来之后非常满意，坐等支持 LTE。,从 #NUM# 年就想买了 买来之后非常满意 坐等支持 LTE。
物流很快 很好用,物流很快 很好用
手表很漂亮很时尚，就是期待的蜂窝数据功能用不了，不知道什么时候运营商开通，期待中！,手表很漂亮很时尚 就是期待的蜂窝数据功能用不了 不知道什么时候运营商开通 期待中 
发货速度挺快，东西质量没问题！,发货速度挺快 东西质量没问题 
折合下来2808元购入，加上十二期免息分期，可以说非常实惠了。,折合下来#NUM#元购入 加上十二期免息分期 可以说非常实惠了。
苹果的新产品没话说，就是蜂窝还不能用，等等吧，啦啦啦啦,苹果的新产品没话说 就是蜂窝还不能用 等等吧 啦啦啦
收到货了，包装很好，试用中。。,收到货了 包装很好 试用中。。
好评，一有货马上抢了一个，分期12期不错，没压力！,好评 一有货马上抢了一个 分期#NUM#期不错 没压力 
东西不错，和x正好配对，坐等蜂窝开通,东西不错 和x正好配对 坐等蜂窝开通
东西不错，续航能力还可以，就是电话功能还不能用比较遗憾,东西不错 续航能力还可以 就是电话功能还不能用比较遗憾
东西很不错，用了一段时间没什么问题，就是现在不能用数据网络有点恼火，希望能够早日开通。,东西很不错 用了一段时间没什么问题 就是现在不能用数据网络有点恼火 希望能够早日开通。
还没拆，不过说要验证码收货，最后我都没见到快递员,还没拆 不过说要验证码收货 最后我都没见到快递员
38mm表款正合适，忙的时候用它接电话也挺方便的。期待明年各大运营商提供蜂窝网络。,#NUM#mm表款正合适 忙的时候用它接电话也挺方便的。期待明年各大运营商提供蜂窝网络。
带了好几天了感觉很棒，建议买了之后贴个膜 表盘很容易划,带了好几天了感觉很棒 建议买了之后贴个膜 表盘很容易划
非常喜欢 手表,非常喜欢 手表
东西不错 用的也很好,东西不错 用的也很好
老公非常喜欢,老公非常喜欢
待机比预期的时间久，只是内存比网上说的小，京东送货快，配送速度满意！,待机比预期的时间久 只是内存比网上说的小 京东送货快 配送速度满意 
用着很好，非常喜欢，就是电不怎么经用，每天都需要充电,用着很好 非常喜欢 就是电不怎么经用 每天都需要充电
挺好，，，不过总感觉不防水啊,挺好   不过总感觉不防水啊
京东秒杀，价格实惠，苹果手表功能强大，续航提升，要是数据功能能够早日开通就完美了,京东秒杀 价格实惠 苹果手表功能强大 续航提升 要是数据功能能够早日开通就完美了
手表?不错，非常好。用起来不错,手表 不错 非常好。用起来不错
完美无瑕疵，一块完美的运动健康手表，不过也只是一块手表，期望太高的同学拿到手觉得失望，因为它所能提供的功能可能会跟你期待的不太一样。有需求，就实用。,完美无瑕疵 一块完美的运动健康手表 不过也只是一块手表 期望太高的同学拿到手觉得失望 因为它所能提供的功能可能会跟你期待的不太一样。有需求 就实用。
真的不赖,真的不赖
给自己买的生日礼物，还是喜欢在京东买电子产品。,给自己买的生日礼物 还是喜欢在京东买电子产品。
还成吧  正常也就能用一天电量     蜂窝目前在长春还不能用  其他防水什么的功能还没用呢   整体感觉还可以,还成吧 正常也就能用一天电量 蜂窝目前在长春还不能用 其他防水什么的功能还没用呢 整体感觉还可以
手表很好看，是正品,手表很好看 是正品
给对象买的，他非常喜欢，感觉表带不是很好，打算换成金属的,给对象买的 他非常喜欢 感觉表带不是很好 打算换成金属的
好，用着方便，不错的一次购物,好 用着方便 不错的一次购物
电池不错，最久待机3天，性能不错，就是暂时没法打电话,电池不错 最久待机#NUM#天 性能不错 就是暂时没法打电话
一直想买，但是碍于之前两代不是很成熟，这一代就不一样了，电池，蜂窝都很不错。,一直想买 但是碍于之前两代不是很成熟 这一代就不一样了 电池 蜂窝都很不错。
入手之后用了三天，不后悔，通知，电话，运动都很不错，三天充一次电，够用,入手之后用了三天 不后悔 通知 电话 运动都很不错 三天充一次电 够用
对于果粉的我来说虽然没有第一次用iPhone 那种冲击感，但也已经做的够好了,对于果粉的我来说虽然没有第一次用iPhone 那种冲击感 但也已经做的够好了
物流一级棒！质量有保证？,物流一级棒 质量有保证 
原装正品！什么时候可以开通网络？,原装正品 什么时候可以开通网络 
相当棒，老婆很喜欢,相当棒 老婆很喜欢
有了他每天提醒自己锻炼,有了他每天提醒自己锻炼
首先要说的是逼格满满！！还有这款表真的适合运动一族，像运动少的同志还是建议谨慎购买。电量能坚持个两天，目前三大运营商的蜂窝网络服务还没开通，望请消费者还需理性！！东西是好东西，我不否认&hellip;&hellip;,首先要说的是逼格满满！还有这款表真的适合运动一族 像运动少的同志还是建议谨慎购买。电量能坚持个两天 目前三大运营商的蜂窝网络服务还没开通 望请消费者还需理性！东西是好东西 我不否认 hellip  hellip 
很满意，正好赶上秒杀，价格很合适，正品无疑。,很满意 正好赶上秒杀 价格很合适 正品无疑。
非常百搭！,非常百搭 
真心不错，一直等到三代才买，尤其是带网络功能的，很好用，一定距离内完全可以临时代替电话使用，方便,真心不错 一直等到三代才买 尤其是带网络功能的 很好用 一定距离内完全可以临时代替电话使用 方便
给媳妇买的，很棒的东西,给媳妇买的 很棒的东西
太漂亮了，只可惜蜂窝功能还不能用，电池容量小了点，最多用两天。,太漂亮了 只可惜蜂窝功能还不能用 电池容量小了点 最多用两天。
很好用，物流也很快,很好用 物流也很快
苹果三代手表，谁用谁知道，感受不错，无息体验更棒！,苹果三代手表 谁用谁知道 感受不错 无息体验更棒 
反应速度很快 不频繁使用 3天续航 期待开通esim 这样就不用带手机了,反应速度很快 不频繁使用 #NUM#天续航 期待开通esim 这样就不用带手机了
苹果的工业设计感实在是太强大了，一直想买一块苹果手表京东做活动的时候赶快下手！实在是挺好看了！功能也非常强大，不错的一块功能性手表！非常喜欢，相信京东！物流一直都是那么一如既往的快！加油京东！,苹果的工业设计感实在是太强大了 一直想买一块苹果手表京东做活动的时候赶快下手 实在是挺好看了 功能也非常强大 不错的一块功能性手表 非常喜欢 相信京东 物流一直都是那么一如既往的快 加油京东 
目前用的话整体还可以，等深入研究以后再来追评！,目前用的话整体还可以 等深入研究以后再来追评 
习惯了就会爱上它！消息的及时通知真的是痛点，痒点。我就冲着这个买的。当然，更加期待运营商尽早支持移动蜂窝数据，然后我就可以戴表出门跑步了。,习惯了就会爱上它 消息的及时通知真的是痛点 痒点。我就冲着这个买的。当然 更加期待运营商尽早支持移动蜂窝数据 然后我就可以戴表出门跑步了。
老婆很喜欢，逼格满满,老婆很喜欢 逼格满满
用着挺好吗，是正品，电量也比第一代抗用很多,用着挺好吗 是正品 电量也比第一代抗用很多
其实很明显，第三代，比第二代速度要快很多。,其实很明显 第三代 比第二代速度要快很多。
"一只想买，终于有货了，果断下手，数码产品一直京东,遗憾的是42的不锈钢无货.",一只想买 终于有货了 果断下手 数码产品一直京东 遗憾的是#NUM#的不锈钢无货 
发货速度快！购物方便！满意的体验！,发货速度快 购物方便 满意的体验 
充电方便，使用方便，非常实用，女朋友特别喜欢，,充电方便 使用方便 非常实用 女朋友特别喜欢 
挺漂亮的，但是表壳看着有点灰色，送了表带，粗手腕可以带上，联通服务来不了，河南的&hellip;,挺漂亮的 但是表壳看着有点灰色 送了表带 粗手腕可以带上 联通服务来不了 河南的 hellip 
哇哦，这么晚才来评价，东西不错，不过快递包装居然不用盒子，导致包装破损，好在客服还算好,哇哦 这么晚才来评价 东西不错 不过快递包装居然不用盒子 导致包装破损 好在客服还算好
还不错，没赶上打折，有点心疼～～,还不错 没赶上打折 有点心疼  
非常满意的产品，之前犹豫了很久，到手了觉得还是很值得,非常满意的产品 之前犹豫了很久 到手了觉得还是很值得
非常棒的，周五下单周六就到了速度哇，关注苹果表很久，终于出GPS+esim，虽然esim还不能用，反应还挺快的升级了一下系统，期待联通尽快推出esim服务,非常棒的 周五下单周六就到了速度哇 关注苹果表很久 终于出GPS esim 虽然esim还不能用 反应还挺快的升级了一下系统 期待联通尽快推出esim服务
这是我写的关于京东商品的评价模版，如果我评价5星，证明经本人亲自使用该商品后，发现它是很&ldquo;值得&rdquo;拥有的，推荐大家购买，如果是4星的话，说明该商品还算可以，能够满足我的基本需要，如果是3星的话，说明该商品是够差的，我给的星星是给京东快递小哥的，对于个人来讲除非受到了心理或身体上的伤害，否则是不会评价差评和1星的！,这是我写的关于京东商品的评价模版 如果我评价#NUM#星 证明经本人亲自使用该商品后 发现它是很 ldquo 值得 rdquo 拥有的 推荐大家购买 如果是#NUM#星的话 说明该商品还算可以 能够满足我的基本需要 如果是#NUM#星的话 说明该商品是够差的 我给的星星是给京东快递小哥的 对于个人来讲除非受到了心理或身体上的伤害 否则是不会评价差评和#NUM#星的 
还不错，包装还可以，还没拆，送人的,还不错 包装还可以 还没拆 送人的
整体很满意～,整体很满意 
手表很好，收到后就试用了，打电话也还可以,手表很好 收到后就试用了 打电话也还可以
不错，就是京东开的发票给白纸一样！,不错 就是京东开的发票给白纸一样 
一如精美,一如精美
品牌理念，运动之友，性价尚可，尚时守约，试用待评！,品牌理念 运动之友 性价尚可 尚时守约 试用待评 
刚拿到手感觉还不错，等用一段时间再来说说好坏,刚拿到手感觉还不错 等用一段时间再来说说好坏
感觉很小，以为是38的，要是能大一点就好了,感觉很小 以为是#NUM#的 要是能大一点就好了
确实好，相当不错，值得推荐，漂亮灵敏好,确实好 相当不错 值得推荐 漂亮灵敏好
经常卡机,经常卡机
用了一个月还不错,用了一个月还不错
东西收到了。测试了一下。还不错。。。,东西收到了。测试了一下。还不错。
还可以，电池耗电一般，不去搞他能坚持3天，期待能用电话卡。,还可以 电池耗电一般 不去搞他能坚持#NUM#天 期待能用电话卡。
不错不错是正品，功能强大，很好用，之前本来一直想买个表后来还是决定这个，看来我的选择不错,不错不错是正品 功能强大 很好用 之前本来一直想买个表后来还是决定这个 看来我的选择不错
还凑合。,还凑合。
挺好得,挺好得
好看的很 帅气。物流更是一流,好看的很 帅气。物流更是一流
好，非常漂亮,好 非常漂亮
试，非常不错,试 非常不错
还算不错吧，凑合用，就是有点贵，希望移动早日开通esim,还算不错吧 凑合用 就是有点贵 希望移动早日开通esim
功能还没彻底完善，坐等联通开通数据,功能还没彻底完善 坐等联通开通数据
手表很不错，续航两天一充。目前没有合适的数据卡开通蜂窝电话功能。,手表很不错 续航两天一充。目前没有合适的数据卡开通蜂窝电话功能。
我感觉38的挺合适的，黑色很不错，很好看，是正品。,我感觉#NUM#的挺合适的 黑色很不错 很好看 是正品。
拿到就迫不及待拆开了，先开始死活连不上，总之还是不错的，挺喜欢的,拿到就迫不及待拆开了 先开始死活连不上 总之还是不错的 挺喜欢的
黑科技，期待蜂窝数据的使用,黑科技 期待蜂窝数据的使用
很好用,很好用
非常喜欢，本来还担心表带不好看，没想到这个颜色很合适。几乎所有电子商品都在京东买，值得信赖。,非常喜欢 本来还担心表带不好看 没想到这个颜色很合适。几乎所有电子商品都在京东买 值得信赖。
送货神速，双十一价格也有优惠，喜欢,送货神速 双十一价格也有优惠 喜欢
看着挺不错的，功能挺全乎,看着挺不错的 功能挺全乎
不错刚刚入手,不错刚刚入手
适合年轻有运动的，3000多一个手表买来的时候看看功能就觉得很值了,适合年轻有运动的 #NUM#多一个手表买来的时候看看功能就觉得很值了
买的GPS加蜂窝版，就是不知道什么时候移动能上，双十一省了200加上免息分期，京东就是好,买的GPS加蜂窝版 就是不知道什么时候移动能上 双十一省了#NUM#加上免息分期 京东就是好
是说怎么这么便宜 买错了 应该买不锈钢款的,是说怎么这么便宜 买错了 应该买不锈钢款的
东西很好快递又快包装也好,东西很好快递又快包装也好
喜欢京东买，放心，省心省力哈。,喜欢京东买 放心 省心省力哈。
手表包装很不错，盒子挺厚的，打开一看很完美设置的时候很方便，遇到了问题问客服也是很细心的解答，跟不错的一次购物，最重要的是功能很全很方便，不用老看手机啦,手表包装很不错 盒子挺厚的 打开一看很完美设置的时候很方便 遇到了问题问客服也是很细心的解答 跟不错的一次购物 最重要的是功能很全很方便 不用老看手机啦
东西很轻，样式非常好看，17cm的腕围38刚好合适，就是感觉续航真的短，其它的都还好。,东西很轻 样式非常好看 #NUM#cm的腕围#NUM#刚好合适 就是感觉续航真的短 其它的都还好。
新一代的等着什么时候能开通网络,新一代的等着什么时候能开通网络
东西非常好非常好，送货也非常快，希望优惠活动之后会更加多，不要突然降价了！！！！！真的非常好非常实用，没买的小伙伴赶紧入手吧 不会后悔的！！,东西非常好非常好 送货也非常快 希望优惠活动之后会更加多 不要突然降价了！真的非常好非常实用 没买的小伙伴赶紧入手吧 不会后悔的！
用了三天了，充了两次电，好多功能还没熟悉，目前对于我来说就是来电和信息提醒功能了。,用了三天了 充了两次电 好多功能还没熟悉 目前对于我来说就是来电和信息提醒功能了。
京东自营发货和送货速度还是挺快的，包裹包装的也还不错。,京东自营发货和送货速度还是挺快的 包裹包装的也还不错。
很好用，值得推荐，使用方便！,很好用 值得推荐 使用方便 
质量挺好的，但是买的带蜂窝网 可是现在手表不支持三网 很是郁闷 关键是还专门咨询苹果的客服人员了   早知道不能用 又何必多花钱买这个呢,质量挺好的 但是买的带蜂窝网 可是现在手表不支持三网 很是郁闷 关键是还专门咨询苹果的客服人员了 早知道不能用 又何必多花钱买这个呢
1代用1个多月，卖了。一年之后，没忍住又入3代，整体感觉快很多，待机还在验证。联通早点支持虚拟sim，千万别太监。,#NUM#代用#NUM#个多月 卖了。一年之后 没忍住又入#NUM#代 整体感觉快很多 待机还在验证。联通早点支持虚拟sim 千万别太监。
第一款智能手表。很赞,第一款智能手表。很赞
双十一价格很好 就是现在还用不了LTE,双十一价格很好 就是现在还用不了LTE
终于到手了，第一次用苹果手表，感觉不错，外观时尚大气，难后就是我选的表带长了，还好送了个短的，现在带上好多了。后期用了在来追评。,终于到手了 第一次用苹果手表 感觉不错 外观时尚大气 难后就是我选的表带长了 还好送了个短的 现在带上好多了。后期用了在来追评。
当天就收到了，个人很喜欢，功能还在摸索中。,当天就收到了 个人很喜欢 功能还在摸索中。
物流没的说，就是快，活动最后一小时买的，又有优惠又能分期，真心给力，12点一过马上恢复原价，心中暗暗偷笑，唯一的遗憾就是只买到粉色的,物流没的说 就是快 活动最后一小时买的 又有优惠又能分期 真心给力 #NUM#点一过马上恢复原价 心中暗暗偷笑 唯一的遗憾就是只买到粉色的
东西非常好，已经用了好几天啦,东西非常好 已经用了好几天啦
东西很不错，等下次会再来买，毕竟京东的东西还行~,东西很不错 等下次会再来买 毕竟京东的东西还行 
挺好的，有蜂窝数据网，打电话可以脱离手机了，唯一的就是蜂窝数据网还没开通,挺好的 有蜂窝数据网 打电话可以脱离手机了 唯一的就是蜂窝数据网还没开通
第二次购买了，电量够用，两天充一次，就是蜂窝数据网还没开通，主要是看蜂窝数据网络买的,第二次购买了 电量够用 两天充一次 就是蜂窝数据网还没开通 主要是看蜂窝数据网络买的
很漂亮很有质感，送老婆的，希望她会喜欢,很漂亮很有质感 送老婆的 希望她会喜欢
双十一有优惠还能免息分期，挺合适的。,双十一有优惠还能免息分期 挺合适的。
很好看  这种金色颜色比较好看,很好看 这种金色颜色比较好看
很好用啊就是不知道什么时候开通蜂窝功能,很好用啊就是不知道什么时候开通蜂窝功能
虽然没有蜂窝数据的权限，但价格还是合适的&hellip;,虽然没有蜂窝数据的权限 但价格还是合适的 hellip 
昨天购买今日送达速度挺快的&hellip;,昨天购买今日送达速度挺快的 hellip 
实在没忍住中午剁手了，便宜了300大洋入手了一个38毫米的，小巧，轻便，刚拿到手里的时候激动的都不敢用力抚摸。,实在没忍住中午剁手了 便宜了#NUM#大洋入手了一个#NUM#毫米的 小巧 轻便 刚拿到手里的时候激动的都不敢用力抚摸。
试用了一下午，确实是方便，运动监测数据准确，心跳准确，配合应用非常的棒，可以用apple music听歌，配合Powerbeats 3无缝切换，满足一天的运动和娱乐休闲。,试用了一下午 确实是方便 运动监测数据准确 心跳准确 配合应用非常的棒 可以用apple music听歌 配合Powerbeats #NUM#无缝切换 满足一天的运动和娱乐休闲。
刚拿到，好看，就是配对时间有点长,刚拿到 好看 就是配对时间有点长
还没用，用用看再评价,还没用 用用看再评价
非常好，全新未拆封,非常好 全新未拆封
不错，很方便，通知并没有别人说的延迟很多，很喜欢，应该根据手腕粗细选择尺寸，38很适合,不错 很方便 通知并没有别人说的延迟很多 很喜欢 应该根据手腕粗细选择尺寸 #NUM#很适合
送人高端大气上档次的产品。。。。。。。。。,送人高端大气上档次的产品。
功能很多，最近在运动，特地买的，每一天都能知道自己的运动量是否达标。,功能很多 最近在运动 特地买的 每一天都能知道自己的运动量是否达标。
移动蜂窝还没有启动，等于一个重要功能闲置了。,移动蜂窝还没有启动 等于一个重要功能闲置了。
很喜欢，一直以来都想买，等到了3，可以蜂窝数据入手了，希望早一点可以使用，,很喜欢 一直以来都想买 等到了#NUM# 可以蜂窝数据入手了 希望早一点可以使用 
以后还会买 东西不错还不会玩慢慢来吧,以后还会买 东西不错还不会玩慢慢来吧
还不错。买着上班玩的，平时戴机械表。,还不错。买着上班玩的 平时戴机械表。
还行吧,还行吧
产品很好，很漂亮，还会继续关注！,产品很好 很漂亮 还会继续关注 
确实不错，就是包装盒太大了，不好放，扔了可惜,确实不错 就是包装盒太大了 不好放 扔了可惜
東西很漂亮，物流也很迅速，找個時間來用看看，應該會很不錯。,東西很漂亮 物流也很迅速 找個時間來用看看 應該會很不錯。
先给个5星好评吧，但是有个疑问，为啥保修期在2018年11月22日过期，难道京东是在2017年11月22日左右采购的？由于不类似于iPhone的激活方式，所以不给七天无理由退货？,先给个#NUM#星好评吧 但是有个疑问 为啥保修期在#NUM#年#NUM#月#NUM#日过期 难道京东是在#NUM#年#NUM#月#NUM#日左右采购的 由于不类似于iPhone的激活方式 所以不给七天无理由退货 
东西蛮好的就是小一点没有大尺寸的买了下次有大尺寸再买,东西蛮好的就是小一点没有大尺寸的买了下次有大尺寸再买
送老公的生日礼物，用过再来评价,送老公的生日礼物 用过再来评价
手表很好，十分喜欢，功能强大，物流快。,手表很好 十分喜欢 功能强大 物流快。
昨天晚上下单，今天早上就收到了，东西包装好，东西也好，非常满意。,昨天晚上下单 今天早上就收到了 东西包装好 东西也好 非常满意。
货己收到、不错很漂亮、等待开通蜂窝网络,货己收到、不错很漂亮、等待开通蜂窝网络
很快就收到了，还没使用，先试试看。,很快就收到了 还没使用 先试试看。
还行 没想象那么糟糕,还行 没想象那么糟糕
下礼拜天是老婆大人的生日，昨天搞活动吸引着我提早买。送货又那么快，只能先藏起来了，到时候让老婆亲手拆。,下礼拜天是老婆大人的生日 昨天搞活动吸引着我提早买。送货又那么快 只能先藏起来了 到时候让老婆亲手拆。
物流很给力，服务真不错！,物流很给力 服务真不错 
价格优惠力度很大，可惜颜色不全，想买一个黑色的。,价格优惠力度很大 可惜颜色不全 想买一个黑色的。
可以的，很方便适用，这个表带很舒服，最遗憾的是蜂窝移动网络功能还没有开通，等开通了用起来应该就更方便了吧，我喜欢户外运动，所以就感觉有个手表会方便很多，平时看时间也不用掏出手机，续航还行吧，但是还是感觉不够久，重度使用的话一天晚上需要充一次吧。,可以的 很方便适用 这个表带很舒服 最遗憾的是蜂窝移动网络功能还没有开通 等开通了用起来应该就更方便了吧 我喜欢户外运动 所以就感觉有个手表会方便很多 平时看时间也不用掏出手机 续航还行吧 但是还是感觉不够久 重度使用的话一天晚上需要充一次吧。
正品  款式大气上档次,正品 款式大气上档次
38mm有点小，42mm又有点大。摸索中。,#NUM#mm有点小 #NUM#mm又有点大。摸索中。
退都退不了,退都退不了
相当不错，就是我想要的！物流很快当天就拿到了,相当不错 就是我想要的 物流很快当天就拿到了
大品牌 信赖大品牌 信赖大品牌 信赖,大品牌 信赖大品牌 信赖大品牌 信赖
好用，可以单独用蓝牙耳机播放歌曲。,好用 可以单独用蓝牙耳机播放歌曲。
我的手臂粗，但是仍愿意配38的，因为轻便啊。上午拍下午就到了，物流很快。正在琢磨中，有些功能不知道怎么用？,我的手臂粗 但是仍愿意配#NUM#的 因为轻便啊。上午拍下午就到了 物流很快。正在琢磨中 有些功能不知道怎么用 
还可以哦，，，，，，，操作还不太会用。。。。。。。。。,还可以哦   操作还不太会用。
物流超快,物流超快
十分好用，又帅又实用，就是app比较少&hellip;要是能多点应用就好，目前运营商没支持，要是支持了应该会更好&hellip;,十分好用 又帅又实用 就是app比较少 hellip 要是能多点应用就好 目前运营商没支持 要是支持了应该会更好 hellip 
开通plus用了211后应该现在是最低价了，带了一段时间挺好的，期待蜂窝开通,开通plus用了#NUM#后应该现在是最低价了 带了一段时间挺好的 期待蜂窝开通
东西不错，跟苹果的其他产品衔接的非常好,东西不错 跟苹果的其他产品衔接的非常好
可还行,可还行
一如既往的支持,一如既往的支持
京东商城就是快递超快，价格优惠，京东商城就是好,京东商城就是快递超快 价格优惠 京东商城就是好
首次购买，快递很快，前一晚下单，第二天一早送达。包装精美，使用下来很好，值得推荐。,首次购买 快递很快 前一晚下单 第二天一早送达。包装精美 使用下来很好 值得推荐。
上手的感觉真的比其他的智能手环手感要好太多，屏幕显示效果不错，跟iphone简直就是绝配，至于功能我倒是觉得不要期望太多，如果你希望有一块表或者你摆脱手机依赖症、运动健身爱好者的你可以试着用用看。,上手的感觉真的比其他的智能手环手感要好太多 屏幕显示效果不错 跟iphone简直就是绝配 至于功能我倒是觉得不要期望太多 如果你希望有一块表或者你摆脱手机依赖症、运动健身爱好者的你可以试着用用看。
以为加入plus买38毫米的2988是赚了 结果买了第二天就发现本来抢购就是2988。。深深的被伤害。。而且同时发现42毫米的抢购用券才3168 再次受到一万点暴击。。纯粹是为了尝鲜 发现进入必须输密码 而且还必须输长密码的时候 就想闲置了。。,以为加入plus买#NUM#毫米的#NUM#是赚了 结果买了第二天就发现本来抢购就是#NUM#。。深深的被伤害。。而且同时发现#NUM#毫米的抢购用券才#NUM# 再次受到一万点暴击。。纯粹是为了尝鲜 发现进入必须输密码 而且还必须输长密码的时候 就想闲置了。。
昨晚1点多下单 下午收到啦 好快,昨晚#NUM#点多下单 下午收到啦 好快
昨天晚上12点抢的，今天中午就到了，京东自营的产品果然靠谱，东西很好，希望中国联通给力点速度把虚拟卡业务号定吧,昨天晚上#NUM#点抢的 今天中午就到了 京东自营的产品果然靠谱 东西很好 希望中国联通给力点速度把虚拟卡业务号定吧
我闺女喜欢，就是没有研究明白啥功能，慢慢来吧，还没有验证是啥货呢，给快递小哥的五个?,我闺女喜欢 就是没有研究明白啥功能 慢慢来吧 还没有验证是啥货呢 给快递小哥的五个 
蹲守了很久抢到的，跟官网相比京东最大的服务优势就是次日送货上门，下单也非常方便。手表外包装基本完好，略有划痕。,蹲守了很久抢到的 跟官网相比京东最大的服务优势就是次日送货上门 下单也非常方便。手表外包装基本完好 略有划痕。
用了券之后比官网舒服，不错，你果家产品就是让人放心,用了券之后比官网舒服 不错 你果家产品就是让人放心
喜欢！好看！！！！,喜欢 好看！
用的挺好的 主要还是看中运动与心跳监测 京东快递就是速度,用的挺好的 主要还是看中运动与心跳监测 京东快递就是速度
物流很快，但是包装盒磨坏了,物流很快 但是包装盒磨坏了
用了几天不错，可以打电话的手表哦，功能性和第二代差不了多少,用了几天不错 可以打电话的手表哦 功能性和第二代差不了多少
还可以  不到一天就到了，但是没有送一个膜！在实体店也没有卖的！还可以吧！,还可以 不到一天就到了 但是没有送一个膜 在实体店也没有卖的 还可以吧 
很不错的商品，观望很久了，才来下手，到手后特别喜欢，感觉买的特别值,很不错的商品 观望很久了 才来下手 到手后特别喜欢 感觉买的特别值
一直想买个Apple watch，终于这一代加入了蜂窝，终于入手了。配合iPhone真是太好用了，很多时候手机都不用拿出来，续航也不错，外观漂亮！,一直想买个Apple watch 终于这一代加入了蜂窝 终于入手了。配合iPhone真是太好用了 很多时候手机都不用拿出来 续航也不错 外观漂亮 
不错，大品牌,不错 大品牌
反应迟钝。。。,反应迟钝。
不错的商品，比之前的iwatch进步不少，特别在续航这块。基本满足我的需求。,不错的商品 比之前的iwatch进步不少 特别在续航这块。基本满足我的需求。
哈哈哈不错不错,哈哈哈不错不错
额，怎么说呢，自己做的孽，自己受，用途就是看时间，测心率，看看通知，闹钟,额 怎么说呢 自己做的孽 自己受 用途就是看时间 测心率 看看通知 闹钟
抢到了两支 目前使用感还不错 比较方便 电池也还ok 坐等蜂窝..,抢到了两支 目前使用感还不错 比较方便 电池也还ok 坐等蜂窝  
买回来给老婆的，她很喜欢。但是说句实在话，我感觉没啥用!!,买回来给老婆的 她很喜欢。但是说句实在话 我感觉没啥用！
漂亮，儿子很喜欢..........,漂亮 儿子很喜欢。
能不能给一个大一点的包装盒？也几千块钱的东西,能不能给一个大一点的包装盒 也几千块钱的东西
京东买东西就是放心高效,京东买东西就是放心高效
表带买错了 整体不错 ?,表带买错了 整体不错  
超级棒的体验,超级棒的体验
现在3天充一次,现在#NUM#天充一次
游泳模式还没测试,游泳模式还没测试
东西很好,东西很好
正品  功能很强大,正品 功能很强大
现货，赶上活动就入手了，遗憾的是国内现在不支持蜂窝网络。,现货 赶上活动就入手了 遗憾的是国内现在不支持蜂窝网络。
包装的很严实，没用损坏，手表超级棒～,包装的很严实 没用损坏 手表超级棒 
手表质量很好很喜欢这个,手表质量很好很喜欢这个
挺时尚的！如果能用蜂窝网络就好了！,挺时尚的 如果能用蜂窝网络就好了 
以为电子表很轻，然后拿到后质感不错，快递也挺快的基本是今天下单明早到，这个值得表扬；但是快递过程中这么暴力好么，要是出问题了找谁去？3288买的，不知道其他小伙伴的怎样，仅供参考。,以为电子表很轻 然后拿到后质感不错 快递也挺快的基本是今天下单明早到 这个值得表扬 但是快递过程中这么暴力好么 要是出问题了找谁去 #NUM#买的 不知道其他小伙伴的怎样 仅供参考。
就是这种feel，期待e-sim卡可以早点用,就是这种feel 期待e-sim卡可以早点用
喜欢喜欢，看日历接电话方便 有了她经常忘了手机放哪,喜欢喜欢 看日历接电话方便 有了她经常忘了手机放哪
表不错,表不错
京东次日达，很快。手表是全新国行，查了序列号。唯一让我很不爽的就是，刚买完就降100！！！无语了。还有碎屏险，好像不是原装的，希望不会用到的&hellip;&hellip;,京东次日达 很快。手表是全新国行 查了序列号。唯一让我很不爽的就是 刚买完就降#NUM#！无语了。还有碎屏险 好像不是原装的 希望不会用到的 hellip  hellip 
用了一个多月挺好的。就是还不能离开手机。,用了一个多月挺好的。就是还不能离开手机。
刚入手两天就有满减的活动真的很心塞 京东可不可以 不要这样 多花了一百大洋呢,刚入手两天就有满减的活动真的很心塞 京东可不可以 不要这样 多花了一百大洋呢
早就关注这款表了，一发工资就买了,早就关注这款表了 一发工资就买了
apple的就是保障 续航很棒！,apple的就是保障 续航很棒 
心心念了许久，还是买下来了，作为健身的动力,心心念了许久 还是买下来了 作为健身的动力
自己买个自己带的，还在熟悉中,自己买个自己带的 还在熟悉中
跟官网一样，无论外观还是操作都非常棒，只是个别第三方软件做的不好，偶尔闪退，支持打电话啥的，就是运营商没开通虚拟卡业务，有点可惜。其他体验都非常不错，正品行货,跟官网一样 无论外观还是操作都非常棒 只是个别第三方软件做的不好 偶尔闪退 支持打电话啥的 就是运营商没开通虚拟卡业务 有点可惜。其他体验都非常不错 正品行货
做工精良，使用方便，运行很流畅。,做工精良 使用方便 运行很流畅。
还不错，正在使用，应该两天没有问题。,还不错 正在使用 应该两天没有问题。
京东就是神速，昨天下单，今天收货。还办了个plus,京东就是神速 昨天下单 今天收货。还办了个plus
必须非常好的商品，外观良好包装良好,必须非常好的商品 外观良好包装良好
清晰度让人满意，很多功能还没掌握，不过心率貌似还比较准,清晰度让人满意 很多功能还没掌握 不过心率貌似还比较准
尺寸刚刚好，秒杀非常值，快递次日到，棒棒哒,尺寸刚刚好 秒杀非常值 快递次日到 棒棒哒
2898入手，错过了2858,#NUM#入手 错过了#NUM#
iWh 刚出第一个时买了一48毫米，用了几年还是挺好，出来了新功能要换的。,iWh 刚出第一个时买了一#NUM#毫米 用了几年还是挺好 出来了新功能要换的。
整体不错，期待三大运营商开通蜂窝煤,整体不错 期待三大运营商开通蜂窝煤
还不错?，很好玩，再买一个,还不错  很好玩 再买一个
物流太快，东西是正品，而且价格比官网便宜了近300多，太惊艳了！,物流太快 东西是正品 而且价格比官网便宜了近#NUM#多 太惊艳了 
很喜欢，这个东西，比二代好太多,很喜欢 这个东西 比二代好太多
快递很给力,快递很给力
很好看，触感很好，很喜欢,很好看 触感很好 很喜欢
给老公买了大的 看上去还不错 如果手不是太细还是买42的好 屏幕清楚 感觉也更灵敏,给老公买了大的 看上去还不错 如果手不是太细还是买#NUM#的好 屏幕清楚 感觉也更灵敏
感觉跟之前的一代并没有太大差别 待机时间的确提高了 还算是不错的,感觉跟之前的一代并没有太大差别 待机时间的确提高了 还算是不错的
惊喜啊，京东送货速度快，次日收到，新款手表给自己的生日礼物,惊喜啊 京东送货速度快 次日收到 新款手表给自己的生日礼物
看了老久，终于还是下手了，双十一忘了买了，结果现在高价买了俩，哎，高兴就好！,看了老久 终于还是下手了 双十一忘了买了 结果现在高价买了俩 哎 高兴就好 
手表不错，用起来方便,手表不错 用起来方便
总体挺好，就是蜂窝数据等于废了，没一个运营商支持。,总体挺好 就是蜂窝数据等于废了 没一个运营商支持。
正品，老用户了,正品 老用户了
应用有点少要是能丰富点应用就好了现在还是不能打电话等电话出来的吧！还不知道什么时候好电池不知道禁用不,应用有点少要是能丰富点应用就好了现在还是不能打电话等电话出来的吧 还不知道什么时候好电池不知道禁用不
手表不错,手表不错
比较好用。服务还不错。,比较好用。服务还不错。
有售后，售后比较热情。,有售后 售后比较热情。
下次还会购买。,下次还会购买。
系统反应比想象中要慢，虽然是联通但是还是用不了esim卡。。。Apple Watch Series 3采用了性能更强悍的双核处理器，带来了70%的性能提升。苹果支持虚拟SIM卡，全新的天线设计使其WiFi连接速度提升85%，功耗降低55%。它运行全新的WatchOS 4操作系统，可以随时随地启用Siri导航，聊微信、听音乐。苹果第三代智能手表Apple Watch Series 3最大的变化是支持移动蜂窝网络，支持GPS定位，并且可以独立打接电话。,系统反应比想象中要慢 虽然是联通但是还是用不了esim卡。Apple Watch Series #NUM#采用了性能更强悍的双核处理器 带来了#NUM# 的性能提升。苹果支持虚拟SIM卡 全新的天线设计使其WiFi连接速度提升#NUM#  功耗降低#NUM# 。它运行全新的WatchOS #NUM#操作系统 可以随时随地启用Siri导航 聊微信、听音乐。苹果第三代智能手表Apple Watch Series #NUM#最大的变化是支持移动蜂窝网络 支持GPS定位 并且可以独立打接电话。
还不错了 十二期免息加上比官网优惠两百,还不错了 十二期免息加上比官网优惠两百
官网上查保修期也OK,官网上查保修期也OK
等着联通大爷开放esim就完美了,等着联通大爷开放esim就完美了
还没用到我相信京东，谢谢，非常好,还没用到我相信京东 谢谢 非常好
不错，刚刚入手，还在逐步把玩一下回头追加评论，那个京东的PLUS会员优惠券太小气，限额不说了，限数据也不说了，领了之后要限时使用就没什么好心情了,不错 刚刚入手 还在逐步把玩一下回头追加评论 那个京东的PLUS会员优惠券太小气 限额不说了 限数据也不说了 领了之后要限时使用就没什么好心情了
好用就是不知道蜂窝数据什么时候才可以用。,好用就是不知道蜂窝数据什么时候才可以用。
买了两只，和老婆情侣装。,买了两只 和老婆情侣装。
本人男生，个人体型比较小，身高165，体重110。买了个38的，但是我觉得其实戴42的也可以，38的屏幕有点小，看东西很累的，买之前还挺期待的，其实买回来一看也就那样吧，别的不说，用电太快，刚拿回来有65的电，把功能研究了一遍现在还有44，也不知道正常用能不能用个两天,本人男生 个人体型比较小 身高#NUM# 体重#NUM#。买了个#NUM#的 但是我觉得其实戴#NUM#的也可以 #NUM#的屏幕有点小 看东西很累的 买之前还挺期待的 其实买回来一看也就那样吧 别的不说 用电太快 刚拿回来有#NUM#的电 把功能研究了一遍现在还有#NUM# 也不知道正常用能不能用个两天
很好，发货很快,很好 发货很快
正在设置手表 一上来先把里面不用读系列里放的表带换了  原装表上的有点短 最后同步手机的app.看上去很精致 很好看,正在设置手表 一上来先把里面不用读系列里放的表带换了 原装表上的有点短 最后同步手机的app 看上去很精致 很好看
很好，功能很强大，外观没的说，对于喜欢运动的来说可以说是神器,很好 功能很强大 外观没的说 对于喜欢运动的来说可以说是神器
很不错 十分满意,很不错 十分满意
series 3手表基本可以，但是手机必须要升级IOS11系统，特别吐槽，且蜂窝网络也不能用。,series #NUM#手表基本可以 但是手机必须要升级IOS#NUM#系统 特别吐槽 且蜂窝网络也不能用。
终于等到有货，同时京东还在做活动，感觉下手购买一块！,终于等到有货 同时京东还在做活动 感觉下手购买一块 
考虑了一阵  终于下手了   感觉有点买小了  可惜42的没货    手机必须最新系统  更新系统又搞了半天  总体来说还不错   期待蜂窝上线,考虑了一阵 终于下手了 感觉有点买小了 可惜#NUM#的没货 手机必须最新系统 更新系统又搞了半天 总体来说还不错 期待蜂窝上线
目前用着还不错，希望尽快开放蜂窝数据,目前用着还不错 希望尽快开放蜂窝数据
續航能力很強，每天2小時+的運動模式至少能維持2天半,續航能力很強 每天#NUM#小時 的運動模式至少能維持#NUM#天半
点击好像见过刚刚好回家，规矩不服突然,点击好像见过刚刚好回家 规矩不服突然
情侣款 送爱人,情侣款 送爱人
中国移动的蜂窝网络还没有开通 不好玩,中国移动的蜂窝网络还没有开通 不好玩
配合苹果非常好用，就等营运商开通网络就完美了,配合苹果非常好用 就等营运商开通网络就完美了
好用价格便宜质量好！下次还购买！很喜欢，还能分期太棒了,好用价格便宜质量好 下次还购买 很喜欢 还能分期太棒了
一直喜欢的,一直喜欢的
太小了&hellip;&hellip;不想要了,太小了 hellip  hellip 不想要了
很漂亮，不错?,很漂亮 不错 
非常棒！iPhone 最佳搭配！,非常棒 iPhone 最佳搭配 
质量不用说  就是不知道   内置卡  什么时候才可以用,质量不用说 就是不知道 内置卡 什么时候才可以用
一直都是果粉，AW3真的很漂亮，买了灰色，很喜欢，一直都想买，现在终于忍不住下单了,一直都是果粉 AW#NUM#真的很漂亮 买了灰色 很喜欢 一直都想买 现在终于忍不住下单了
当天收到货，非常满意。,当天收到货 非常满意。
还不错 就是刚开始配对比较麻烦。京东 加油。一年给你十几万,还不错 就是刚开始配对比较麻烦。京东 加油。一年给你十几万
手表很不错，操作简单易懂；穿戴很舒服，好评！！！,手表很不错 操作简单易懂 穿戴很舒服 好评！
送老婆的生日礼物，她喜欢就好,送老婆的生日礼物 她喜欢就好
感觉还是不错的,感觉还是不错的
速度快东西正。使用正常。原包装。,速度快东西正。使用正常。原包装。
赶着优惠 ?分期优惠买的  很不错? 电子产品上京东！,赶着优惠  分期优惠买的 很不错  电子产品上京东 
说实话这个手表太让我失望了、但是他应该是智能手表里面外观最好的、如果想买的朋友不要被他的蜂窝数给骗了、因为他根本不能自己使用网络,说实话这个手表太让我失望了、但是他应该是智能手表里面外观最好的、如果想买的朋友不要被他的蜂窝数给骗了、因为他根本不能自己使用网络
就一小纸箱包着，拆开包装表都跑出来了，未免包装太省了吧？,就一小纸箱包着 拆开包装表都跑出来了 未免包装太省了吧 
大小合适，质量很好，好评！！！,大小合适 质量很好 好评！
京东就是给力，上午十点多下单，下午三点就到了，手表还在摸索中，,京东就是给力 上午十点多下单 下午三点就到了 手表还在摸索中 
不错不错，爱不释手。还在探索中,不错不错 爱不释手。还在探索中
上午下单下午到货,上午下单下午到货
速度快，转就到！搞定了，配置成功，还不会用，不知道效果怎么样，过熟悉了再来评论,速度快 转就到 搞定了 配置成功 还不会用 不知道效果怎么样 过熟悉了再来评论
物流发货很快，回家慢慢了解功能，好评,物流发货很快 回家慢慢了解功能 好评
就是小了点，功能强大。,就是小了点 功能强大。
之前用过三星手表，华为的，现在苹果的，总体比起其它手表来的直接点，但也有点迟钝，例如微信回复达不到理想，声音也小点，电池能用24小时差不多吧，如果申请手表网络可能就达不到了，语音助手还可以，最后就是价格偏高,之前用过三星手表 华为的 现在苹果的 总体比起其它手表来的直接点 但也有点迟钝 例如微信回复达不到理想 声音也小点 电池能用#NUM#小时差不多吧 如果申请手表网络可能就达不到了 语音助手还可以 最后就是价格偏高
做工很漂亮。希望老婆喜欢。秒杀价的很不错。,做工很漂亮。希望老婆喜欢。秒杀价的很不错。
价格优惠！！送货好快，双十一买太划算了,价格优惠！送货好快 双十一买太划算了
东西很好哦快递也满意,东西很好哦快递也满意
用着还不错，就是蜂窝什么时候可以用啊,用着还不错 就是蜂窝什么时候可以用啊
表的材质不错，性能比上代改进的还是可以的,表的材质不错 性能比上代改进的还是可以的
我要的是纸质版发票，结果怎么还是电子发票？而且刚下单就便宜200元？,我要的是纸质版发票 结果怎么还是电子发票 而且刚下单就便宜#NUM#元 
老婆很喜欢，搭配iphone x使用风味更佳，不过何时能发挥lte的实力就看国内运营商了,老婆很喜欢 搭配iphone x使用风味更佳 不过何时能发挥lte的实力就看国内运营商了
再也不用担心电话听不见接不到了。,再也不用担心电话听不见接不到了。
运营商赶紧开蜂窝网就完美了！！！,运营商赶紧开蜂窝网就完美了！
可以蜂窝网络不能用～,可以蜂窝网络不能用 
一如既往的好。。。。。,一如既往的好。
用了一段时间，总体比较满意，就是蜂窝移动数据还要再等等,用了一段时间 总体比较满意 就是蜂窝移动数据还要再等等
宝贝非常好，是正品，京东给力，五分,宝贝非常好 是正品 京东给力 五分
"虽然是防水的,但是还是不敢丢到水里去试试,怕进水了不给保修!~大爷的!~",虽然是防水的 但是还是不敢丢到水里去试试 怕进水了不给保修  大爷的  
刚买就降价了，哎，还能说什么呢,刚买就降价了 哎 还能说什么呢
已有几块机械表，但还是入手了iwatch3，收到手表后比较满意，虽然JD包装简陋，但盒子完好无损，手表感觉是全新！希望实用，督促我去运动多点，跑跑跑！买买买！?,已有几块机械表 但还是入手了iwatch#NUM# 收到手表后比较满意 虽然JD包装简陋 但盒子完好无损 手表感觉是全新 希望实用 督促我去运动多点 跑跑跑 买买买  
买之前犹豫了很久怕买来yin吃wei灰qiong，1111那天价格还不错优惠下来3208，但是犹豫了一下还是没有买，后来价格又回到原价了，1111之后有一天价格3288，plus领了一张80的优惠券，之后用京豆优惠90，最终3118，希望能够督促自己锻炼身体吧,买之前犹豫了很久怕买来yin吃wei灰qiong #NUM#那天价格还不错优惠下来#NUM# 但是犹豫了一下还是没有买 后来价格又回到原价了 #NUM#之后有一天价格#NUM# plus领了一张#NUM#的优惠券 之后用京豆优惠#NUM# 最终#NUM# 希望能够督促自己锻炼身体吧
看起来还行，活动价买的，还可以吧&hellip;&hellip;,看起来还行 活动价买的 还可以吧 hellip  hellip 
表带很舒服，功能异常强大，样式也比好好看！总体来说符合预期，希望尽快开通上网功能！,表带很舒服 功能异常强大 样式也比好好看 总体来说符合预期 希望尽快开通上网功能 
非常之不错了，我也就是来得豆的,非常之不错了 我也就是来得豆的
还可以，3288是目前最低价了吧。唯一就是开机速度很慢，上手不是很满意，不过很可以了，第一台Apple Watch，值得,还可以 #NUM#是目前最低价了吧。唯一就是开机速度很慢 上手不是很满意 不过很可以了 第一台Apple Watch 值得
产品质量目前为止还是没有人能超越&hellip;,产品质量目前为止还是没有人能超越 hellip 
东西很棒，自营的配送就是快。,东西很棒 自营的配送就是快。
还可以，配合ios系统挺好用的。系统续航也还行，就是不知道打电话什么时候能出。,还可以 配合ios系统挺好用的。系统续航也还行 就是不知道打电话什么时候能出。
买来送人的，没有拆封，不知道里面会是什么样的，看了京东的封条，感觉应该是原封吧，没看出来有啥问题，京东自营，还是可以相信的？,买来送人的 没有拆封 不知道里面会是什么样的 看了京东的封条 感觉应该是原封吧 没看出来有啥问题 京东自营 还是可以相信的 
看到还不错&hellip;&hellip;不知道用了之后会怎么样&hellip;&hellip;,看到还不错 hellip  hellip 不知道用了之后会怎么样 hellip  hellip 
非常好，价格也实惠,非常好 价格也实惠
用了几天，感觉蛮舒服的，喜欢这个配色。,用了几天 感觉蛮舒服的 喜欢这个配色。
京东多快好省！信赖京东商城！,京东多快好省 信赖京东商城 
高大尚,高大尚
很好用，再也不会漏接电话了，就是我的iPhone 掉电越来越快了,很好用 再也不会漏接电话了 就是我的iPhone 掉电越来越快了
用的非常好?，，会推荐朋友来买的,用的非常好   会推荐朋友来买的
一份价钱一分货绝对有道理。,一份价钱一分货绝对有道理。
京东就是靠谱.物流给力.手表质量没的说.很好用.希望早一点开通蜂窝网络.,京东就是靠谱 物流给力 手表质量没的说 很好用 希望早一点开通蜂窝网络 
不错，用的非常满意,不错 用的非常满意
好评好评好评一如既往的支持,好评好评好评一如既往的支持
怎么到现在还没有出蜂窝啊？,怎么到现在还没有出蜂窝啊 
很不错的呢~觉得还不错，下次还会买~~,很不错的呢 觉得还不错 下次还会买  
心心念念的手表??，一波三折的终于到手！外观时尚，使用嘛还在摸索！待日后追评价,心心念念的手表？ 一波三折的终于到手 外观时尚 使用嘛还在摸索 待日后追评价
各方面都不错，就是现在还用不了独立网络,各方面都不错 就是现在还用不了独立网络
蜂窝还是不能用，和想象差距很大,蜂窝还是不能用 和想象差距很大
第一次用，很多功能都不会，边百度边玩了一下午，苹果出品必属精品,第一次用 很多功能都不会 边百度边玩了一下午 苹果出品必属精品
速度快，回货就买了，送人。。么办法啊,速度快 回货就买了 送人。。么办法啊
非常好用的产品。,非常好用的产品。
买给老婆的。 她喜欢就好。,买给老婆的。 她喜欢就好。
送货速度快  包装棒,送货速度快 包装棒
可以。京东商城还是不错的。,可以。京东商城还是不错的。
喜欢啊，实用啊！待机比一代进步多了！当运动手表真的蛮不错的,喜欢啊 实用啊 待机比一代进步多了 当运动手表真的蛮不错的
手表不错。vr太简陋了。赠品而已。,手表不错。vr太简陋了。赠品而已。
买的礼物，老婆不喜欢，便宜转掉，有没有人要？本人苏州地区的,买的礼物 老婆不喜欢 便宜转掉 有没有人要 本人苏州地区的
机器很好用,机器很好用
感觉不错，帅的一逼。希望继续优化系统，蜂窝网怎么还不能用。。。,感觉不错 帅的一逼。希望继续优化系统 蜂窝网怎么还不能用。
好，很好，非常好，苹果手表就是好,好 很好 非常好 苹果手表就是好
续航确实不错，大概三天一充，但是蜂窝功能完全无法使用。真是心塞,续航确实不错 大概三天一充 但是蜂窝功能完全无法使用。真是心塞
买小了，哎～,买小了 哎 
外表高大上，就是离开手机10米远就不能接电话了，希望尽快实现远距离功能,外表高大上 就是离开手机#NUM#米远就不能接电话了 希望尽快实现远距离功能
非常的不错,非常的不错
不错，等esim卡能用就好了,不错 等esim卡能用就好了
很不错的选择，支持京东，支持苹果！,很不错的选择 支持京东 支持苹果 
不错好东西，要是蜂窝网络能用就好了！,不错好东西 要是蜂窝网络能用就好了 
因为双十一买的手机没我迟迟没发货，所以暂时还没激活,因为双十一买的手机没我迟迟没发货 所以暂时还没激活
装逼挺好的，就是不太适用～～哈哈哈哈,装逼挺好的 就是不太适用  哈哈哈
佩戴很舒服，功能强大，希望运营商尽快支持LTE网络。,佩戴很舒服 功能强大 希望运营商尽快支持LTE网络。
买的第二块了，这次是帮基友买的，双十一比我原价买便宜5??百还送暴风魔镜，想哭,买的第二块了 这次是帮基友买的 双十一比我原价买便宜#NUM#？百还送暴风魔镜 想哭
东西很好，快递很给力！,东西很好 快递很给力 
应该还行吧，买来送人的，他也没有说不好。,应该还行吧 买来送人的 他也没有说不好。
还没试呢 送老婆的礼物? 希望她能够喜欢?,还没试呢 送老婆的礼物  希望她能够喜欢 
东西不错 家里人很喜欢 赞一个人,东西不错 家里人很喜欢 赞一个人
每天能够督催我运动 不凑齐三个环 心里极度不平衡,每天能够督催我运动 不凑齐三个环 心里极度不平衡
非常好，值得拥有。京东折扣活动，好。,非常好 值得拥有。京东折扣活动 好。
蛮不错，买不起高档的机械表，这个替代下,蛮不错 买不起高档的机械表 这个替代下
很不错的购物体验，不错不错，??????????????????,很不错的购物体验 不错不错 ？
物流很快，服务很好，价格公道，品质一流,物流很快 服务很好 价格公道 品质一流
很好，很喜欢，现在还在慢慢摸索中,很好 很喜欢 现在还在慢慢摸索中
使用第一天，不错，还不大会用,使用第一天 不错 还不大会用
还行吧&hellip;用了再说,还行吧 hellip 用了再说
漂亮，功能多，期待通适功能早些开通。,漂亮 功能多 期待通适功能早些开通。
东西很好 就是不知道蜂窝啥时开通,东西很好 就是不知道蜂窝啥时开通
一代换三代，主要是为了出门跑步不带手机，提升就是感觉更流畅了，不知道通信运营商什么时候支持。,一代换三代 主要是为了出门跑步不带手机 提升就是感觉更流畅了 不知道通信运营商什么时候支持。
非常的nice。活动价拿下感觉很值，,非常的nice。活动价拿下感觉很值 
物流垃圾，说好的时间没送到,物流垃圾 说好的时间没送到
不错了de,不错了de
不错，发货很快,不错 发货很快
很棒的手表 除了有些时候收消息会延迟查看物流无反应等app适配的缺陷 还有就是蜂窝数据暂时还没法用,很棒的手表 除了有些时候收消息会延迟查看物流无反应等app适配的缺陷 还有就是蜂窝数据暂时还没法用
哈哈，从9月份开始买了plus会员以后，基本很多日用品都是在京东上面买的，非常的快捷方便，第二天就送到了,哈哈 从#NUM#月份开始买了plus会员以后 基本很多日用品都是在京东上面买的 非常的快捷方便 第二天就送到了
还可以，就是小了一点，男孩子还是要买42mm的,还可以 就是小了一点 男孩子还是要买#NUM#mm的
很愉快的一次购物体验,很愉快的一次购物体验
送人的，应该还不错,送人的 应该还不错
收到是小米包装，很大的包装里面放，哈哈。。。很喜欢,收到是小米包装 很大的包装里面放 哈哈。很喜欢
还不错，防水很放心,还不错 防水很放心
包装完好，好的客户非常满意，,包装完好 好的客户非常满意 
想了很久了  终于下决心买了,想了很久了 终于下决心买了
表盘可以，还免息分期，给同事分的，用着很好。,表盘可以 还免息分期 给同事分的 用着很好。
物流真心快,物流真心快
速度快，内存大，就是没有开通蜂窝功能,速度快 内存大 就是没有开通蜂窝功能
给媳妇买的，媳妇很喜欢，爱不释手。,给媳妇买的 媳妇很喜欢 爱不释手。
双十一下的单，12号就到了！京东一如既往的快！,双十一下的单 #NUM#号就到了 京东一如既往的快 
送的VR眼镜挺过瘾的！不过用的少！,送的VR眼镜挺过瘾的 不过用的少 
手表不错，是我想要的功能，在健身房可以监测一切运动数据，心率，带着游过泳。不错！,手表不错 是我想要的功能 在健身房可以监测一切运动数据 心率 带着游过泳。不错 
就等着以后开通网络的，出门就可以完全不用带手机了！,就等着以后开通网络的 出门就可以完全不用带手机了 
回复微信消息可以发语音，也可以手写字！挺不错的！,回复微信消息可以发语音 也可以手写字 挺不错的 
在手表上面看相册照片，也清晰。非常棒，,在手表上面看相册照片 也清晰。非常棒 
期待早日开通网络！,期待早日开通网络 
电量需要一天一充！,电量需要一天一充 
东西很好，价格公道，值得信赖,东西很好 价格公道 值得信赖
正品，蛮好的，值得信赖,正品 蛮好的 值得信赖
趁着活动下的单，灰色的也很好看，颜色没有想象中那么浅。戴起来觉得还是稍小一点，应该再出一款45毫米的，呵呵~~,趁着活动下的单 灰色的也很好看 颜色没有想象中那么浅。戴起来觉得还是稍小一点 应该再出一款#NUM#毫米的 呵呵  
用着不错,用着不错
东西还可以,东西还可以
发货速度非常快，东西很满意,发货速度非常快 东西很满意
运动手环?手表电话?心率检测?微信?等等，除了电量之外其他的都还行,运动手环 手表电话 心率检测 微信 等等 除了电量之外其他的都还行
速度快,速度快
很方便，电话，信息，各种提醒都能接收，只等蜂窝开通就完美了,很方便 电话 信息 各种提醒都能接收 只等蜂窝开通就完美了
看到包装盒，忍不住笑了，让我想起了网上之前疯传的iphone100利剑出鞘图，言归正传，拆开包装还是再次被苹果做工经验到了，尽管拆了不知道多少个苹果包装。看了配件和表，直接和ip7关联，真不错，回去问问联通支持esim了没，这样子多方便。戴了一下午，舒服，漂亮。,看到包装盒 忍不住笑了 让我想起了网上之前疯传的iphone#NUM#利剑出鞘图 言归正传 拆开包装还是再次被苹果做工经验到了 尽管拆了不知道多少个苹果包装。看了配件和表 直接和ip#NUM#关联 真不错 回去问问联通支持esim了没 这样子多方便。戴了一下午 舒服 漂亮。
功能很多，要是移动开通网络的话就可以只带手表出门了，尤其是出去运动的时候。,功能很多 要是移动开通网络的话就可以只带手表出门了 尤其是出去运动的时候。
手表还是不错的。。感觉还行。。用了一段时间才来评论。。蜂窝不知道什么时候才能开。。,手表还是不错的。。感觉还行。。用了一段时间才来评论。。蜂窝不知道什么时候才能开。。
不错真的不错，就是不知道什么时候能开通蜂窝网络。,不错真的不错 就是不知道什么时候能开通蜂窝网络。
送货快，评价晚了，赠品不错,送货快 评价晚了 赠品不错
刚原价抢完就降100，好心酸，不过媳妇很喜欢，也算值了,刚原价抢完就降#NUM# 好心酸 不过媳妇很喜欢 也算值了
搞活动买的，相当于打九折，真心不错的哦，京东越来越好了,搞活动买的 相当于打九折 真心不错的哦 京东越来越好了
感觉没什么用呀，难道是因为我不会玩嘛,感觉没什么用呀 难道是因为我不会玩嘛
双11买的，价格便宜而且还送了个暴风魔镜VR眼镜。去上海联通营业厅旗舰店问了一下，目前仅支持联通自有套餐的蜂窝激活。其他互联网套餐都不支持（霸王条款，但也没办法）。供其他朋友参考。,双#NUM#买的 价格便宜而且还送了个暴风魔镜VR眼镜。去上海联通营业厅旗舰店问了一下 目前仅支持联通自有套餐的蜂窝激活。其他互联网套餐都不支持 霸王条款 但也没办法 。供其他朋友参考。
给女朋友买的生日礼物，特意在生日前下单，想给她一个小惊喜，没想到提前到了，不过女朋友很喜欢,给女朋友买的生日礼物 特意在生日前下单 想给她一个小惊喜 没想到提前到了 不过女朋友很喜欢
好用 嘿嘿。漂亮 要是银色有货就好了,好用 嘿嘿。漂亮 要是银色有货就好了
用了还不错,用了还不错
42感觉买大了qwq,#NUM#感觉买大了qwq
东西还行，就是快递包装不满意，三千多的东西就给我用塑料袋包装，送过来的时候盒子边角都凹进去了,东西还行 就是快递包装不满意 三千多的东西就给我用塑料袋包装 送过来的时候盒子边角都凹进去了
感觉不错，方便。,感觉不错 方便。
生日礼物很喜欢,生日礼物很喜欢
好东西，价格无敌，京东速度无敌,好东西 价格无敌 京东速度无敌
用两天没问题,用两天没问题
很好用，黑色银色都买了，胶质表带久了还是有点捂，有条件的还是可以挑选一个皮质表带要舒服一些。,很好用 黑色银色都买了 胶质表带久了还是有点捂 有条件的还是可以挑选一个皮质表带要舒服一些。
非常非常好，期待国内开通e-sim,非常非常好 期待国内开通e-sim
非常好的表，美极了。上午下单，下午到件，神速。好评！,非常好的表 美极了。上午下单 下午到件 神速。好评 
不错的东西，但是没有送头盔。这是一颗黑钻石，喜欢啊，喜欢不错的！,不错的东西 但是没有送头盔。这是一颗黑钻石 喜欢啊 喜欢不错的 
还不错吧，买的第一块Apple Watch，表带手感不错，就是蜂窝还没有开通,还不错吧 买的第一块Apple Watch 表带手感不错 就是蜂窝还没有开通
非常漂亮,非常漂亮
给老婆买的，老婆很喜欢，科技感很强，还很漂亮,给老婆买的 老婆很喜欢 科技感很强 还很漂亮
非常棒！！！！,非常棒！
没开通通话蜂窝功能，几乎没有太大的作用，鸡肋一个，很多程序也不完善。微信视频功能不行，不是苹果的完美作品，像一个高价的玩具。,没开通通话蜂窝功能 几乎没有太大的作用 鸡肋一个 很多程序也不完善。微信视频功能不行 不是苹果的完美作品 像一个高价的玩具。
功能性很好&hellip;续航基本是一天一充,功能性很好 hellip 续航基本是一天一充
很好苹果的产品就是好用,很好苹果的产品就是好用
苹果大概也没想到今年iPhone遭遇&ldquo;滑铁卢&rdquo;，但watch却大卖成爆款，开始一度抢不到货，官网需要一个多月才发货，而随着国家出于安全考虑暂停运营商对手表的蜂窝数据支持，热度才慢慢降下来。双十一活动价购入，相当于送了一年plus会员，比较实惠，相信慢慢运营商会重新开启对蜂窝网络的支持，毕竟这是大势所趋，市场的需求，所以慢慢等吧，不开蜂窝的续航可以达到惊人的三天，秒杀初代！,苹果大概也没想到今年iPhone遭遇 ldquo 滑铁卢 rdquo  但watch却大卖成爆款 开始一度抢不到货 官网需要一个多月才发货 而随着国家出于安全考虑暂停运营商对手表的蜂窝数据支持 热度才慢慢降下来。双十一活动价购入 相当于送了一年plus会员 比较实惠 相信慢慢运营商会重新开启对蜂窝网络的支持 毕竟这是大势所趋 市场的需求 所以慢慢等吧 不开蜂窝的续航可以达到惊人的三天 秒杀初代 
坐等可以直接单独使用,坐等可以直接单独使用
使用起来还是不错的，能配合新iphone,使用起来还是不错的 能配合新iphone
希望包装能好一点，有点破损其余还好。38的有点小，建议大家买42的。,希望包装能好一点 有点破损其余还好。#NUM#的有点小 建议大家买#NUM#的。
不錯正品,不錯正品
比双十一价格贵一些，无所谓了。说实话，新一代的手表还真的不错，续航有提高，功能有进步。总的来说，用了那么多智能手表，还只有苹果的最好用。,比双十一价格贵一些 无所谓了。说实话 新一代的手表还真的不错 续航有提高 功能有进步。总的来说 用了那么多智能手表 还只有苹果的最好用。
期待了很久，终于到了，用的很顺手。,期待了很久 终于到了 用的很顺手。
总体来说，还不错。苹果东西就这样了。大大减少了掏手机的次数。emmmmmmm，在等蜂窝数据出套餐。到时候就更方便了。值得买值得买。,总体来说 还不错。苹果东西就这样了。大大减少了掏手机的次数。emmm 在等蜂窝数据出套餐。到时候就更方便了。值得买值得买。
一开始还担心是不是正版，拿到以后完全没有这种顾虑了，发票都是开好的，官网上的激活日期也是购买的日期，朋友们可以放心购买，云雾灰很好看，42mm带着刚刚好，一点也不觉得大，表的功能很强，期待快点推出蜂窝网络功能，五星好评，还会再来,一开始还担心是不是正版 拿到以后完全没有这种顾虑了 发票都是开好的 官网上的激活日期也是购买的日期 朋友们可以放心购买 云雾灰很好看 #NUM#mm带着刚刚好 一点也不觉得大 表的功能很强 期待快点推出蜂窝网络功能 五星好评 还会再来
东西不错 值得拥有 希望对以后的生活和健身有所帮助,东西不错 值得拥有 希望对以后的生活和健身有所帮助
一直看好京东，物流很快,一直看好京东 物流很快
没有赶上双十一最便宜的时候，非常遗憾。拿到手迫不及待的打开，研究了半天。初始状态没有米奇报时，要等手机WiFi＋手表充电＋15分钟，才能下载完成语音包。几乎可以做到两天一充，不耐用，但是比预计要好。,没有赶上双十一最便宜的时候 非常遗憾。拿到手迫不及待的打开 研究了半天。初始状态没有米奇报时 要等手机WiFi 手表充电 #NUM#分钟 才能下载完成语音包。几乎可以做到两天一充 不耐用 但是比预计要好。
很不错，watch3超过了以前的水平。就是还没有虚拟sim,很不错 watch#NUM#超过了以前的水平。就是还没有虚拟sim
她很喜欢，样子不错，升级到4.1系统加手机配对搞了一个半小时。,她很喜欢 样子不错 升级到#NUM# #NUM#系统加手机配对搞了一个半小时。
乘着十二期免息果断买了，东西很棒，腕带很舒服,乘着十二期免息果断买了 东西很棒 腕带很舒服
帮朋友买的 实体店都没有货 京东送货快 转天早上就收到了,帮朋友买的 实体店都没有货 京东送货快 转天早上就收到了
很不错，很好用。,很不错 很好用。
三代的续航比一代好多了，终于可以不用天天充电。现在就期待着移动的虚拟卡业务开通了。,三代的续航比一代好多了 终于可以不用天天充电。现在就期待着移动的虚拟卡业务开通了。
服务好，送货快！好、好、好！,服务好 送货快 好、好、好 
昨天下午下的单，今天收到商品。还没来得及去用，一直相信京东,昨天下午下的单 今天收到商品。还没来得及去用 一直相信京东
三大运营商还没把功能开通，目前感觉和2代没啥区别，唯一感觉就是续航要长了不少，两三天一充就可以，不像以前天天充电?,三大运营商还没把功能开通 目前感觉和#NUM#代没啥区别 唯一感觉就是续航要长了不少 两三天一充就可以 不像以前天天充电 
一直犹豫黑色还是银色，最后还是选了这款。,一直犹豫黑色还是银色 最后还是选了这款。
开机配对时候的界面好漂亮，激活同步花了不少时间。感觉支持的应用还是不够多哦，蜂窝功能也还不能用。,开机配对时候的界面好漂亮 激活同步花了不少时间。感觉支持的应用还是不够多哦 蜂窝功能也还不能用。
苹果的好处自家支持性很棒，配合airpods使用效果更加。,苹果的好处自家支持性很棒 配合airpods使用效果更加。
超级满意到底是大牌商品！,超级满意到底是大牌商品 
为什么我喜欢来京东？因为经常搞活动啊！,为什么我喜欢来京东 因为经常搞活动啊 
挺好用的，期待esim卡早日能用。,挺好用的 期待esim卡早日能用。
分期买的，感觉还不错。可惜现在蜂窝还不能用。两三天充一次点，用了一段时间感觉还不错。42的一开始感觉也挺小的，习惯了之后还好。,分期买的 感觉还不错。可惜现在蜂窝还不能用。两三天充一次点 用了一段时间感觉还不错。#NUM#的一开始感觉也挺小的 习惯了之后还好。
很帅气的手表，就是有点小贵，但是值得购买,很帅气的手表 就是有点小贵 但是值得购买
还不错，只是配套的表带有点短，手腕有点粗了，呵呵呵！,还不错 只是配套的表带有点短 手腕有点粗了 呵呵呵 
感觉实际应用场景不大，就是有的时候来了消息懒得拿手机抬抬手可以看消息~然后用着的时候偶尔还是会有卡顿，比如用微信回消息呀什么的，不过不是特别明显。总而言之，就当买了个玩具吧~,感觉实际应用场景不大 就是有的时候来了消息懒得拿手机抬抬手可以看消息 然后用着的时候偶尔还是会有卡顿 比如用微信回消息呀什么的 不过不是特别明显。总而言之 就当买了个玩具吧 
好用，好看，时尚，就是应该买42的，大些更好！,好用 好看 时尚 就是应该买#NUM#的 大些更好 
不怎么样,不怎么样
喜欢，喜欢，划算，还会再来。,喜欢 喜欢 划算 还会再来。
不错，苹果品质体验。就是颜色选错了，懒得换了,不错 苹果品质体验。就是颜色选错了 懒得换了
真6了！3288入手，还送了一个VR眼镜，赠品无所谓！主要是手表不错！哈哈,真#NUM#了 #NUM#入手 还送了一个VR眼镜 赠品无所谓 主要是手表不错 哈哈
好用 期待蜂窝数据功能早日开通 但是偶尔会自动关机有点无语,好用 期待蜂窝数据功能早日开通 但是偶尔会自动关机有点无语
还没开始用，等电信开通了一号多终端业务再用。,还没开始用 等电信开通了一号多终端业务再用。
早上下单，下午就到了，必须给京东物流点个赞！手表正品，非常棒，手表设置完全自动化。点个赞！比官网还便宜200元。刚才开始还担心颜色不适合男士，现在看担心是多余的。,早上下单 下午就到了 必须给京东物流点个赞 手表正品 非常棒 手表设置完全自动化。点个赞 比官网还便宜#NUM#元。刚才开始还担心颜色不适合男士 现在看担心是多余的。
比想象中的好很多，期待运营商开通esim，就不用带着手机出门了，功能还是十分强大。,比想象中的好很多 期待运营商开通esim 就不用带着手机出门了 功能还是十分强大。
之前还担心用处不大，现在一点不后悔，蛮精致的,之前还担心用处不大 现在一点不后悔 蛮精致的
很好，现在天天带着。,很好 现在天天带着。
赶上有活动，自营的品质还是有保障的,赶上有活动 自营的品质还是有保障的
喜欢的手表，想买很久了，今天终于到手了，便宜了200块,喜欢的手表 想买很久了 今天终于到手了 便宜了#NUM#块
当天买第二天就到了，如期而至非常开心啦，现在用得很开心，超喜欢,当天买第二天就到了 如期而至非常开心啦 现在用得很开心 超喜欢
东西不错，服务到位，快递也快，没有任何毛病。,东西不错 服务到位 快递也快 没有任何毛病。
如果电话少，可以戴三天再充，唯一不足就是暂时不能独立通话,如果电话少 可以戴三天再充 唯一不足就是暂时不能独立通话
至今还不能用蜂窝网络,至今还不能用蜂窝网络
好用，就是还没蜂窝网络。,好用 就是还没蜂窝网络。
感觉很棒，成功的被苹果生态绑架了&hellip;,感觉很棒 成功的被苹果生态绑架了 hellip 
质优价廉，使用方便，送货快捷，非常满意,质优价廉 使用方便 送货快捷 非常满意
可以，和苹果完好匹配，坐等蜂窝开通使用,可以 和苹果完好匹配 坐等蜂窝开通使用
送货速度快，比Apple Store卖的便宜，是正品,送货速度快 比Apple Store卖的便宜 是正品
很漂亮，不过还没用，用过之后再来追加,很漂亮 不过还没用 用过之后再来追加
还不错，正在体验中，等过段时间再追加评论,还不错 正在体验中 等过段时间再追加评论
领导应该喜欢,领导应该喜欢
心仪挺久，还是下手买了，毕竟喜欢了很久，满足自己的一个小小的生日愿望，小礼物,心仪挺久 还是下手买了 毕竟喜欢了很久 满足自己的一个小小的生日愿望 小礼物
还不错，开心最重要，还可以督促锻炼身体,还不错 开心最重要 还可以督促锻炼身体
还不错。 买了一个会员。,还不错。 买了一个会员。
非常满意,非常满意
效果不错.....,效果不错。
价格合适，手表很方便，期待蜂窝移动网络可以早点用,价格合适 手表很方便 期待蜂窝移动网络可以早点用
东西不错，就是选的小了,东西不错 就是选的小了
整体还是不错的，期待手表开通电话！,整体还是不错的 期待手表开通电话 
挺好不错很喜欢值得信赖,挺好不错很喜欢值得信赖
公司的年会奖品，圣诞节用，员工福利,公司的年会奖品 圣诞节用 员工福利
太喜欢啦！希望早点开通蜂窝网络呀！,太喜欢啦 希望早点开通蜂窝网络呀 
对于这个物品非常满意。一次非常愉快的购物体验。从下单到收货，以及后来的使用。京东已经成为我生活的一部分了。,对于这个物品非常满意。一次非常愉快的购物体验。从下单到收货 以及后来的使用。京东已经成为我生活的一部分了。
发货快，手表有两个表带，一个大号一个小号，不错。,发货快 手表有两个表带 一个大号一个小号 不错。
看了很久终于下手了，续航能力还行。坐等运营商开通。,看了很久终于下手了 续航能力还行。坐等运营商开通。
用了几天，很不错，会一直戴着。期待早点开通运营商网络。,用了几天 很不错 会一直戴着。期待早点开通运营商网络。
一直在用，挺好，推荐,一直在用 挺好 推荐
京东的包装真的没话说，太给力了，手表到手真的绝对！爱不释手！,京东的包装真的没话说 太给力了 手表到手真的绝对 爱不释手 
物流很快，第二天就到啦！拆开非常棒啊！爱死了，坐等电信网开通了。哈哈哈哈哈,物流很快 第二天就到啦 拆开非常棒啊 爱死了 坐等电信网开通了。哈哈哈
手表挺好看的，第一次买苹果手表，功能有在摸索，就是米奇怎么不会语音播报,手表挺好看的 第一次买苹果手表 功能有在摸索 就是米奇怎么不会语音播报
这货一直缺货，费了好大劲才抢到，现在感觉很不错，16G内存，,这货一直缺货 费了好大劲才抢到 现在感觉很不错 #NUM#G内存 
充不上电什么原因？买了两块、同款不同颜色，我的能充上电朋友的充不上？用我的能充上？什么原因？希望商家尽快解决,充不上电什么原因 买了两块、同款不同颜色 我的能充上电朋友的充不上 用我的能充上 什么原因 希望商家尽快解决
38mm看上去有点小，带手上感觉刚刚好，手腕比较细,#NUM#mm看上去有点小 带手上感觉刚刚好 手腕比较细
一直信赖京东，快，正品保障！,一直信赖京东 快 正品保障 
手表不错，刚用的时候不太习惯，数字就好了，出现过一次屏幕少一个边条，重启就好了，应该是系统的问题！总体体验还算不错,手表不错 刚用的时候不太习惯 数字就好了 出现过一次屏幕少一个边条 重启就好了 应该是系统的问题 总体体验还算不错
第二个了。送老婆的。就是什么时候开通蜂窝就好了,第二个了。送老婆的。就是什么时候开通蜂窝就好了
就差中国移动来支持了...运动佩戴...非常棒...,就差中国移动来支持了。运动佩戴。非常棒。
超赞，用了就知道。,超赞 用了就知道。
强烈推荐强烈推荐强烈推荐&hellip;重要事情说三遍,强烈推荐强烈推荐强烈推荐 hellip 重要事情说三遍
很好啊，就是蜂窝还用不了,很好啊 就是蜂窝还用不了
很好，就是暂时不能用虚拟号，最可悲的事，说好的赠品都没了。哎。,很好 就是暂时不能用虚拟号 最可悲的事 说好的赠品都没了。哎。
非常好快的非常快,非常好快的非常快
手表都还行，查了是正品，应该没问题,手表都还行 查了是正品 应该没问题
好哦，一直在等苹果更新，不过说实话买了之后也就那样，用处并没有多大,好哦 一直在等苹果更新 不过说实话买了之后也就那样 用处并没有多大
窝蜂版2988+12期白条免息，活动价格还不错。还是黑色百搭。硅胶表带上手质感不错，都暂时不打算买其他款表带了。,窝蜂版#NUM# #NUM#期白条免息 活动价格还不错。还是黑色百搭。硅胶表带上手质感不错 都暂时不打算买其他款表带了。
还可以吧，不过现在蜂窝网还没有开通，而且不能安装qq,还可以吧 不过现在蜂窝网还没有开通 而且不能安装qq
期待已久的物品 非常好,期待已久的物品 非常好
收到了，京东发货速度很快，中午下单，下午就到了,收到了 京东发货速度很快 中午下单 下午就到了
一个字，真好,一个字 真好
自从有了这个表。天天督促我运动。感觉棒棒哒,自从有了这个表。天天督促我运动。感觉棒棒哒
苹果的产品没得说，一如既往的好,苹果的产品没得说 一如既往的好
价格有优惠 很好,价格有优惠 很好
很喜欢 种草好久 终于拔草,很喜欢 种草好久 终于拔草
外形很炫酷，拿来当手表带着玩，值得推荐，3要比2好狠多,外形很炫酷 拿来当手表带着玩 值得推荐 #NUM#要比#NUM#好狠多
挺好用的，不错,挺好用的 不错
一直信赖京东自营 质量好 送货快 正品有保障,一直信赖京东自营 质量好 送货快 正品有保障
为什么要超过10个字才能有京东豆,为什么要超过#NUM#个字才能有京东豆
算是个简单的开箱图吧，手表感觉比较精致，外观好像跟二代没多大区别，下单时3188，收货当天降到2988，给客服打电话，很快就退了差价，这里给京东售后点赞！东西没什么好说的，我不喜欢苹果产品，但有人喜欢，没办法，三星给京东配送和售后，两星给手表，满五星！,算是个简单的开箱图吧 手表感觉比较精致 外观好像跟二代没多大区别 下单时#NUM# 收货当天降到#NUM# 给客服打电话 很快就退了差价 这里给京东售后点赞 东西没什么好说的 我不喜欢苹果产品 但有人喜欢 没办法 三星给京东配送和售后 两星给手表 满五星 
手感挺不错的  棒棒哒?,手感挺不错的 棒棒哒 
活动时间买的还算不错，功能比较多，正在把玩中,活动时间买的还算不错 功能比较多 正在把玩中
很好很强大如果支持刷地铁就好了,很好很强大如果支持刷地铁就好了
包装盒上有磕碰，很气！,包装盒上有磕碰 很气 
很不错，可以用来打电话，平时跟小云，小东开会的时候我都戴着。,很不错 可以用来打电话 平时跟小云 小东开会的时候我都戴着。
一般般，无语,一般般 无语
完美，就等营运商开通蜂窝网络。希望东东多搞活动噢,完美 就等营运商开通蜂窝网络。希望东东多搞活动噢
不错，双十一期间下单的，价格很实惠，并且这一代手表本身的价格跟前两代比已经比较合适了。主要看中运动方面的功能，督促健身吧。心率和运动检测好像是很准，有戴手表的习惯，再配一个运动手环之类的觉得累赘也不方便。虽然蜂窝网络还没开通，但是也能在手机蓝牙信号范围内像蓝牙耳机一样接打电话。这种用胶粘起来的手表防水应该是比用螺钉、螺纹配合垫圈的手表好一些，放心地戴去沾水了。,不错 双十一期间下单的 价格很实惠 并且这一代手表本身的价格跟前两代比已经比较合适了。主要看中运动方面的功能 督促健身吧。心率和运动检测好像是很准 有戴手表的习惯 再配一个运动手环之类的觉得累赘也不方便。虽然蜂窝网络还没开通 但是也能在手机蓝牙信号范围内像蓝牙耳机一样接打电话。这种用胶粘起来的手表防水应该是比用螺钉、螺纹配合垫圈的手表好一些 放心地戴去沾水了。
东西不错，应该是正品，包装也很好，用来送人,东西不错 应该是正品 包装也很好 用来送人
非常不错??。特别是游泳的时候，超棒，值得拥有。,非常不错？。特别是游泳的时候 超棒 值得拥有。
京东这服务真没得说，值得信赖，质量也没问题，价钱合适！,京东这服务真没得说 值得信赖 质量也没问题 价钱合适 
物流很快，很给力，手表跟想象中一样，期待有蜂窝网络,物流很快 很给力 手表跟想象中一样 期待有蜂窝网络
刚刚上手  感觉还可以,刚刚上手 感觉还可以
双11价格不错，可惜蜂窝网络暂时用不了,双#NUM#价格不错 可惜蜂窝网络暂时用不了
送给别人装B用的。,送给别人装B用的。
手表不错，反应快了不少，不错,手表不错 反应快了不少 不错
"好?,京东自营，值得信赖",好  京东自营 值得信赖
整体还行   有时候主动拨打电话没声音  要关机重启后才好   不知道什么原因   屏幕很好  反应很快,整体还行 有时候主动拨打电话没声音 要关机重启后才好 不知道什么原因 屏幕很好 反应很快
不错 看着很好 用着也不错,不错 看着很好 用着也不错
很完美啦，绝对OK，送货快。值得点赞。下次还买。,很完美啦 绝对OK 送货快。值得点赞。下次还买。
京东服务100分 商品很好 很满意,京东服务#NUM#分 商品很好 很满意
非常好?就是不送表带,非常好 就是不送表带
这个表带还是有点后悔&hellip;&hellip;其他都不错,这个表带还是有点后悔 hellip  hellip 其他都不错
东西收到了，还可以，只是移动还不支持esim，继续等待吧,东西收到了 还可以 只是移动还不支持esim 继续等待吧
还不错，电池可以用两天吗？正常的话。,还不错 电池可以用两天吗 正常的话。
挺好的，什么时候支持蜂窝网络呢,挺好的 什么时候支持蜂窝网络呢
给打电话说到了，我说让送到楼上，我出去等着了，住会来电话，说给别人去送去了，OK第一次忍了，第二次又给我打电话，然后我就出去了等着了，等了5分钟以后我给他打电话，他说到了这就到了，然后我在等一直等了16分钟，之后我给他打电话，他说放在酒店前台了，呵呵，连需要验证的码都不要，京东可以啊连着两天同一个配送员，感觉以后买东西更会倾向于别的地方，自营的体验说实话太不爽了。,给打电话说到了 我说让送到楼上 我出去等着了 住会来电话 说给别人去送去了 OK第一次忍了 第二次又给我打电话 然后我就出去了等着了 等了#NUM#分钟以后我给他打电话 他说到了这就到了 然后我在等一直等了#NUM#分钟 之后我给他打电话 他说放在酒店前台了 呵呵 连需要验证的码都不要 京东可以啊连着两天同一个配送员 感觉以后买东西更会倾向于别的地方 自营的体验说实话太不爽了。
昨天夜里10点多收到短信，沈阳来货了，瞬间打开京东，发现42mm黑色只有两台，犹豫了十秒钟，就只剩下一台了，立马下单，今天中午拿到手，快递的箱子很大，但是只放了一个Apple Watch的包装确实让我很吃惊，入手8个小时，电量从八十几到现在72，感觉不开蜂窝网络两天待机时间没问题，很多细节操作还需要进一步探索，暂时就这些，感觉还是不错的，棒棒哒！,昨天夜里#NUM#点多收到短信 沈阳来货了 瞬间打开京东 发现#NUM#mm黑色只有两台 犹豫了十秒钟 就只剩下一台了 立马下单 今天中午拿到手 快递的箱子很大 但是只放了一个Apple Watch的包装确实让我很吃惊 入手#NUM#个小时 电量从八十几到现在#NUM# 感觉不开蜂窝网络两天待机时间没问题 很多细节操作还需要进一步探索 暂时就这些 感觉还是不错的 棒棒哒 
带着玩吧，小玩具，没什么实用性，打不了电话，不建议购买,带着玩吧 小玩具 没什么实用性 打不了电话 不建议购买
发货很快，连接方便，实用性强，外观漂亮，赞赞赞,发货很快 连接方便 实用性强 外观漂亮 赞赞赞
很快就收到你很好,很快就收到你很好
买了过后不知道可以干啥(?&bull;ˇ?ˇ&bull;?),买了过后不知道可以干啥   bull     bull   
宝贝不错很好，很喜欢，很满意,宝贝不错很好 很喜欢 很满意
发货及时，东西是正品,发货及时 东西是正品
用了一个多月了感觉挺不错的，也算是图个新鲜买了个试试看，就是不知道运营商什么时候开通,用了一个多月了感觉挺不错的 也算是图个新鲜买了个试试看 就是不知道运营商什么时候开通
还行把，就是实际用处不大，价格波动太大,还行把 就是实际用处不大 价格波动太大
双十一买的，非常好用，很酷哦，正常使用两天左右充一次电,双十一买的 非常好用 很酷哦 正常使用两天左右充一次电
手边刚到手还没有打开，外包装有剐蹭，影响不大。物流给力,手边刚到手还没有打开 外包装有剐蹭 影响不大。物流给力
质量很好 送货很快 多快好省 信赖京东！ 质量非常好 送货非常快 多快好省 非常信赖京东！质量超级好 送货超级快 多快好省 超级信赖京东！,质量很好 送货很快 多快好省 信赖京东  质量非常好 送货非常快 多快好省 非常信赖京东 质量超级好 送货超级快 多快好省 超级信赖京东 
外观比1代差异不是太大，小细节没注意，速度要快了很多。开通虚拟运营商怕是遥遥无期？那功能就大打折扣了,外观比#NUM#代差异不是太大 小细节没注意 速度要快了很多。开通虚拟运营商怕是遥遥无期 那功能就大打折扣了
难得老公喜欢的东西，买了希望他开心?，用着好用不闹心,难得老公喜欢的东西 买了希望他开心  用着好用不闹心
比2代轻了许多,比#NUM#代轻了许多
包装很大，拿到手就迫不及待的拆开了，酷炫。不过功能貌似很多都用不上，主要是为了游泳，毕竟是款运动型watch,包装很大 拿到手就迫不及待的拆开了 酷炫。不过功能貌似很多都用不上 主要是为了游泳 毕竟是款运动型watch
产品挺好啊，可惜就是4g功能不能用,产品挺好啊 可惜就是#NUM#g功能不能用
非常好、非常喜欢、非常时尚！,非常好、非常喜欢、非常时尚 
购买方便，快递速度和态度都蛮好。价格比对也还算合理，忠实粉丝。,购买方便 快递速度和态度都蛮好。价格比对也还算合理 忠实粉丝。
第三代，续航还行，低强度锻炼能用2天。等待移动开放虚拟写号。,第三代 续航还行 低强度锻炼能用#NUM#天。等待移动开放虚拟写号。
很好看喜欢，，，，，，，，，,很好看喜欢   
不错不错，送货快，也好用,不错不错 送货快 也好用
很不错的礼物,很不错的礼物
京东送货速度没得说，上午十点半下单，下午就送到,京东送货速度没得说 上午十点半下单 下午就送到
换了个表带，哈哈！很方便，双十一便宜好多,换了个表带 哈哈 很方便 双十一便宜好多
很好，很满意！下次还会再来光临！,很好 很满意 下次还会再来光临 
太棒了，功能强大，可wifi可蜂窝上网可打电话，如果以后用坏了以后4出来再买一个。,太棒了 功能强大 可wifi可蜂窝上网可打电话 如果以后用坏了以后#NUM#出来再买一个。
东西很好，包装很牛叉，好大一个的箱子！用了一个礼拜，确实不错。男生建议都选42的，等运营商开通咯！,东西很好 包装很牛叉 好大一个的箱子 用了一个礼拜 确实不错。男生建议都选#NUM#的 等运营商开通咯 
就冲经常给我送件的小哥，也要给个好评！,就冲经常给我送件的小哥 也要给个好评 
刚买一天 2900包邮 转,刚买一天 #NUM#包邮 转
Apple Watch上手之后比官网的图好看，就等蜂窝网络开放了。,Apple Watch上手之后比官网的图好看 就等蜂窝网络开放了。
从十月底一直等待忍耐降价，双十一果然没让我失望，原价降100，每满500减30，加上211券，美滋滋入手。虽说戴过半年42s2，不过到手后又觉得42太大了，38就好了哈哈，别被什么女38男42忽悠。速度比s2快多了，应用2秒开，只可惜蜂窝la ji广东不让开了。最后，la ji京东，送过来只有塑料袋包着，缓冲袋都不是，盒子都磕坏了，打过几次电话要求换货有盒子，依然没有，呵呵了,从十月底一直等待忍耐降价 双十一果然没让我失望 原价降#NUM# 每满#NUM#减#NUM# 加上#NUM#券 美滋滋入手。虽说戴过半年#NUM#s#NUM# 不过到手后又觉得#NUM#太大了 #NUM#就好了哈哈 别被什么女#NUM#男#NUM#忽悠。速度比s#NUM#快多了 应用#NUM#秒开 只可惜蜂窝la ji广东不让开了。最后 la ji京东 送过来只有塑料袋包着 缓冲袋都不是 盒子都磕坏了 打过几次电话要求换货有盒子 依然没有 呵呵了
一直在京东自营买东西，放心，东西好，送货快~~,一直在京东自营买东西 放心 东西好 送货快  
用着不错.就是蜂窝没有不知什么时间开,用着不错 就是蜂窝没有不知什么时间开
不错，正品,不错 正品
不错  还是挺好看的  只是开机稍微有点慢,不错 还是挺好看的 只是开机稍微有点慢
大小合适，不错！,大小合适 不错 
好好好，太好啦，太好啦，用着太爽了,好好好 太好啦 太好啦 用着太爽了
^东西不错，就是包裹包装不太好, 东西不错 就是包裹包装不太好
京东比其它渠道便宜，且货真品,京东比其它渠道便宜 且货真品
可以 暂时没有什么问题,可以 暂时没有什么问题
好用，正在用,好用 正在用
好用很方便，送给领导孩子的，很拿得出手,好用很方便 送给领导孩子的 很拿得出手
还好比想象续航时间长，基本是2天吧。,还好比想象续航时间长 基本是#NUM#天吧。
我主要是专门买来测心率的，因为这个，又一次升级手机系统！整体感觉不错，本来想买黑色，但一直没货，看到这个也挺好看的，就下单了，结果这个之后也没货了！,我主要是专门买来测心率的 因为这个 又一次升级手机系统 整体感觉不错 本来想买黑色 但一直没货 看到这个也挺好看的 就下单了 结果这个之后也没货了 
跟我想象的一样 很好 Gooooood,跟我想象的一样 很好 Goood
送人的 关键是收货够快,送人的 关键是收货够快
值得拥有。不知道什么时候支持电信打电话。,值得拥有。不知道什么时候支持电信打电话。
大品牌，值得信赖。公司活动奖品。,大品牌 值得信赖。公司活动奖品。
不错，真的很好,不错 真的很好
挺好用的，还是不错的，大赞&hellip;&hellip;,挺好用的 还是不错的 大赞 hellip  hellip 
第二块Apple Watch了，只有在京东买才放心,第二块Apple Watch了 只有在京东买才放心
用了半个月 方便 快捷 效果不错,用了半个月 方便 快捷 效果不错
东西不错，就是买小了，有点尴尬,东西不错 就是买小了 有点尴尬
还不错吧，下次还会买的，就是货比较少,还不错吧 下次还会买的 就是货比较少
手表很不错，但是表带买的小了,手表很不错 但是表带买的小了
结婚纪念日给老婆的礼物，喜欢就好！,结婚纪念日给老婆的礼物 喜欢就好 
炒鸡喜欢啊！有没有人跟我一样被刚开机的界面惊艳到，太漂亮了！如果表盘有那个界面就好了，那个界面看起来像素特别高！上班不方便看手机用手表简直不要再方便了，语音辨识度很高。坐等开通蜂窝网络，完美,炒鸡喜欢啊 有没有人跟我一样被刚开机的界面惊艳到 太漂亮了 如果表盘有那个界面就好了 那个界面看起来像素特别高 上班不方便看手机用手表简直不要再方便了 语音辨识度很高。坐等开通蜂窝网络 完美
体验当中,体验当中
用了几天，正常用的话2天没有问题，每天走路一小时左右，正常几个电话，微信等。期待北京移动尽快开通。还是黑色比较好看。,用了几天 正常用的话#NUM#天没有问题 每天走路一小时左右 正常几个电话 微信等。期待北京移动尽快开通。还是黑色比较好看。
非常好，值得拥有，赞一个?,非常好 值得拥有 赞一个 
用着不错，就是每日一充电有点烦，希望快点开通电话吧，欧美日早就开通了，咱们互联网大国怎么能落后呢,用着不错 就是每日一充电有点烦 希望快点开通电话吧 欧美日早就开通了 咱们互联网大国怎么能落后呢
不错，速度快了很多，和一代比。就是还不能用蜂窝网，遗憾啊。,不错 速度快了很多 和一代比。就是还不能用蜂窝网 遗憾啊。
运动表带佩戴更舒适，平时不戴表还是要习惯一下这么大个家伙在袖子里。,运动表带佩戴更舒适 平时不戴表还是要习惯一下这么大个家伙在袖子里。
上午拍的，下午就送达了，大爱，喜欢，新东西总是不会用，客服态度非常好，有问必答，收表功能太强大了,上午拍的 下午就送达了 大爱 喜欢 新东西总是不会用 客服态度非常好 有问必答 收表功能太强大了
"昨天突然一冲动买了块表，本来想买粉色，结果没货买了黑色的，到了之后觉得好帅好喜欢呀。说来也是神奇，之前有一段时间种草过apple watch, 因为手机常年静音，却有一个不想错过消息的人，但是怕他觉得我花钱大手大脚，后来还是没买。现在那个人没有了，整天手机收到的也就是一堆广告，却真的买了一块，就像是又多了个小伙伴提醒我运动，还是很不错的。",昨天突然一冲动买了块表 本来想买粉色 结果没货买了黑色的 到了之后觉得好帅好喜欢呀。说来也是神奇 之前有一段时间种草过apple watch  因为手机常年静音 却有一个不想错过消息的人 但是怕他觉得我花钱大手大脚 后来还是没买。现在那个人没有了 整天手机收到的也就是一堆广告 却真的买了一块 就像是又多了个小伙伴提醒我运动 还是很不错的。
苹果的东西不用评价了吧，先是买了个AirPods，为了不用掏手机调音量，所以买了这个，呵呵。,苹果的东西不用评价了吧 先是买了个AirPods 为了不用掏手机调音量 所以买了这个 呵呵。
刚收到货，试用了一下，感觉，非常的好，相信苹果和京东的品牌，这下可以和手表以及，苹果x进行配对了,刚收到货 试用了一下 感觉 非常的好 相信苹果和京东的品牌 这下可以和手表以及 苹果x进行配对了
不错的，双十一入手的，使用起来很不错，配合airpods，跑步听歌什么的，很好。督促我进行运动，有一些小目标什么的，很好。一些短信提醒，微信、邮件，再也不用看手机了。真的能减少手机的使用频率。非常好的产品。每天使用60%的电，能剩40%。如果仅把他当手表用，估计能用两天以上。,不错的 双十一入手的 使用起来很不错 配合airpods 跑步听歌什么的 很好。督促我进行运动 有一些小目标什么的 很好。一些短信提醒 微信、邮件 再也不用看手机了。真的能减少手机的使用频率。非常好的产品。每天使用#NUM# 的电 能剩#NUM# 。如果仅把他当手表用 估计能用两天以上。
还不错，除了小贵，下了个APP解决了睡眠监测问题。还有就是蓝宝石表面居然不耐划，戴了两周就有轻微划痕了！,还不错 除了小贵 下了个APP解决了睡眠监测问题。还有就是蓝宝石表面居然不耐划 戴了两周就有轻微划痕了 
很喜欢，不错,很喜欢 不错
爽爽爽,爽爽爽
不错，真漂亮，等着开通蜂窝移动网络,不错 真漂亮 等着开通蜂窝移动网络
降200时买入 再加上东券100 总共便宜300 还算优惠 手表不用说 程序运行速度比一代的快了好多,降#NUM#时买入 再加上东券#NUM# 总共便宜#NUM# 还算优惠 手表不用说 程序运行速度比一代的快了好多
速度快包装好！！这次很满意！,速度快包装好！这次很满意 
挺好的，挺好的,挺好的 挺好的
戴了差不多大半月了吧，总的来说相比2年前在京东购入的1代有了很明显的提升。那时候买的是金色表冠蓝色表带，2288。戴烦了就卖掉了然后买了DW一直戴到现在买了3代。,戴了差不多大半月了吧 总的来说相比#NUM#年前在京东购入的#NUM#代有了很明显的提升。那时候买的是金色表冠蓝色表带 #NUM#。戴烦了就卖掉了然后买了DW一直戴到现在买了#NUM#代。
3代具有50m防水，到现在还没弄清楚是不是要先把像小水滴?那个打开才能防水，然后转动表冠来进行解锁。然后一些测心率、起坐提醒、锻炼提醒、深呼吸、微信语音和听写录入等等小功能还是比较实用的，不用时时刻刻把手机拿在手上。但是最值得期待的就是移动蜂窝网络，不知道何时才能在国内使用。然后就可以脱离手机接打电话等等还是比较方便，有时候忘记手机放在哪还可以在手表上播放声音来判断自己放在哪了。前几天不小心在屏幕上敲到一个口然后买了一个保护壳套上，硬壳戴上比较看不出。（每收到苹果的产品都喜欢闻一下壳里面那股味道哈哈哈什么鬼癖好）,#NUM#代具有#NUM#m防水 到现在还没弄清楚是不是要先把像小水滴 那个打开才能防水 然后转动表冠来进行解锁。然后一些测心率、起坐提醒、锻炼提醒、深呼吸、微信语音和听写录入等等小功能还是比较实用的 不用时时刻刻把手机拿在手上。但是最值得期待的就是移动蜂窝网络 不知道何时才能在国内使用。然后就可以脱离手机接打电话等等还是比较方便 有时候忘记手机放在哪还可以在手表上播放声音来判断自己放在哪了。前几天不小心在屏幕上敲到一个口然后买了一个保护壳套上 硬壳戴上比较看不出。 每收到苹果的产品都喜欢闻一下壳里面那股味道哈哈哈什么鬼癖好 
东西不错，很轻，就是表带的长度不是很合适，准备马上换一个,东西不错 很轻 就是表带的长度不是很合适 准备马上换一个
尺寸还好，橡胶带凑合，原来一直戴时装表表盘大，突然小了有点不习惯，功能还算全面，可以发微信打电话接电话需要蓝牙耳机，唯独心塞的就是有时两天有事三天的充电，倒也还好，床头放着摘表即充；再就希望三大运营商早点开通写号业务，要不手表离不了手机。,尺寸还好 橡胶带凑合 原来一直戴时装表表盘大 突然小了有点不习惯 功能还算全面 可以发微信打电话接电话需要蓝牙耳机 唯独心塞的就是有时两天有事三天的充电 倒也还好 床头放着摘表即充 再就希望三大运营商早点开通写号业务 要不手表离不了手机。
很好，喜欢，东西不错  送货快，服务好,很好 喜欢 东西不错 送货快 服务好
大爱京东，不但在双11高峰期前收到，还能享受报价，最最最重要的 申请到了当时购买时没有的VR眼镜赠品 哈哈哈,大爱京东 不但在双#NUM#高峰期前收到 还能享受报价 最最最重要的 申请到了当时购买时没有的VR眼镜赠品 哈哈哈
非常好，续航长短看习惯吧，挺满意的,非常好 续航长短看习惯吧 挺满意的
物流很快~东西没问题，谢谢快递小哥,物流很快 东西没问题 谢谢快递小哥
用两天毫无压力，三天没敢试过，我觉得可以勉强，两天半一定没问题。就等着可以打电话了,用两天毫无压力 三天没敢试过 我觉得可以勉强 两天半一定没问题。就等着可以打电话了
续航比一代好太多了，满意,续航比一代好太多了 满意
用着不错，一直用苹果产品,用着不错 一直用苹果产品
今年买的第三块蜂窝版了，到底什么时候能打电话,今年买的第三块蜂窝版了 到底什么时候能打电话
不错，挺好用的，双11价格挺便宜的,不错 挺好用的 双#NUM#价格挺便宜的
双十一绝对的速度 第二天就到了,双十一绝对的速度 第二天就到了
红点很有设计感，当然这个功能现在还没开通，如果买的话，不锈钢版应该更好。。。,红点很有设计感 当然这个功能现在还没开通 如果买的话 不锈钢版应该更好。
还行，给老公买的,还行 给老公买的
如此简单的包装，哟也是醉了，我第二代的包装比这次的好一千倍,如此简单的包装 哟也是醉了 我第二代的包装比这次的好一千倍
东西不错。买了38的，手腕16.5，照镜子看略小，换个皮带看会不会好些。,东西不错。买了#NUM#的 手腕#NUM# #NUM# 照镜子看略小 换个皮带看会不会好些。
用了几天，目前还没发现有什么问题,用了几天 目前还没发现有什么问题
还没开始用,还没开始用
希望蜂窝功能赶紧开通,希望蜂窝功能赶紧开通
感觉不错，值得购买，希望京东越做越好,感觉不错 值得购买 希望京东越做越好
很久就想买了，过了双十一感觉更加划算,很久就想买了 过了双十一感觉更加划算
好用，帅气，功能多，就是还没有开通移动信号这个有遗憾,好用 帅气 功能多 就是还没有开通移动信号这个有遗憾
很好?，戴上很漂亮，价格优惠3160,很好  戴上很漂亮 价格优惠#NUM#
物流速度很快，手表很喜欢,物流速度很快 手表很喜欢
女朋友很喜欢,女朋友很喜欢
一直在京东购物，只因相信，希望你们能继续保持，速度基本没的说！,一直在京东购物 只因相信 希望你们能继续保持 速度基本没的说 
手表很棒值得购买早买早享用,手表很棒值得购买早买早享用
送儿子的生日礼物，孩子很喜欢，完美,送儿子的生日礼物 孩子很喜欢 完美
挺不错的，很喜欢,挺不错的 很喜欢
除了还不支持移动网络，其他的都很好，京东物流一如既往的快快快快～,除了还不支持移动网络 其他的都很好 京东物流一如既往的快快快 
京东，速度快性价比高,京东 速度快性价比高
刚刚到，还行吧，功能比较完善，总体来说还行，就是才买就降200真的感觉不好,刚刚到 还行吧 功能比较完善 总体来说还行 就是才买就降#NUM#真的感觉不好
手表用着很方便 可以直接查看手机的信息 掏手机的频率明显减少了 等待后续开启运营商蜂窝网络后就更加便捷了。,手表用着很方便 可以直接查看手机的信息 掏手机的频率明显减少了 等待后续开启运营商蜂窝网络后就更加便捷了。
双11买的，用起来还可以，电还行，配合手机，能收到很多推送，不用那么依赖手机,双#NUM#买的 用起来还可以 电还行 配合手机 能收到很多推送 不用那么依赖手机
手表不错，很好用，不过手机4G功能还不能用,手表不错 很好用 不过手机#NUM#G功能还不能用
用了一天，暂时还ok。希望可以快点用模拟卡就更加方便了！,用了一天 暂时还ok。希望可以快点用模拟卡就更加方便了 
很好，非常漂亮，可以用三天。各种桌面很好看实用，不卡。还可以蓝牙连听音乐。用手表接电话很装逼,很好 非常漂亮 可以用三天。各种桌面很好看实用 不卡。还可以蓝牙连听音乐。用手表接电话很装逼
换了一个表带，很好用，电量也比前两代耐用了。,换了一个表带 很好用 电量也比前两代耐用了。
还好选择了38的看着轻巧不累赘,还好选择了#NUM#的看着轻巧不累赘
比官方便宜了200多，关键是京东快。可惜的是，运营商还没有开通，不知道要等多久,比官方便宜了#NUM#多 关键是京东快。可惜的是 运营商还没有开通 不知道要等多久
不错，好东西！国产货啥时候才能出头之日啊！？,不错 好东西 国产货啥时候才能出头之日啊  
还可以 集合很给力啊我l,还可以 集合很给力啊我l
产品质量很好很漂亮，快递哥很热情,产品质量很好很漂亮 快递哥很热情
双十一帮朋友买的，折扣后2988元，特别合适，物流特别给力，手表也非常给力，非常赞，朋友非常喜欢,双十一帮朋友买的 折扣后#NUM#元 特别合适 物流特别给力 手表也非常给力 非常赞 朋友非常喜欢
很好，不错，哈哈哈哈,很好 不错 哈哈哈
比较满意的一次购物，用着很方便，就是电池不太耐用,比较满意的一次购物 用着很方便 就是电池不太耐用
东西确实挺好的，就是还没有开通网络。 很棒喜欢,东西确实挺好的 就是还没有开通网络。 很棒喜欢
速度快，手感细腻，和手机配对摸索了好久，总体来说非常不错,速度快 手感细腻 和手机配对摸索了好久 总体来说非常不错
价格给力，天天都在数圈圈?，开车戴着打电话也挺好，不过觉得音量最大还不够大！快递第二天就到了，很给力！,价格给力 天天都在数圈圈  开车戴着打电话也挺好 不过觉得音量最大还不够大 快递第二天就到了 很给力 
物美价廉，值得购买，信誉保证！,物美价廉 值得购买 信誉保证 
不错，质量不错的，购物很愉快。,不错 质量不错的 购物很愉快。
感觉还好。至于实用性我觉得很一般，好看。,感觉还好。至于实用性我觉得很一般 好看。
不能退货，还是在官网上面买比较好，官网有什么不满意，可以14天可以退货的。有点小后悔,不能退货 还是在官网上面买比较好 官网有什么不满意 可以#NUM#天可以退货的。有点小后悔
手表还不错，既能记录锻炼数据，还能提醒电话，唯一的遗憾就是蜂窝数据不能用，推荐大家购买,手表还不错 既能记录锻炼数据 还能提醒电话 唯一的遗憾就是蜂窝数据不能用 推荐大家购买
京东快递小哥给力。手表还不错。后面追评吧！,京东快递小哥给力。手表还不错。后面追评吧 
配合手机使用很方便 期待早日电信可以开通蜂窝,配合手机使用很方便 期待早日电信可以开通蜂窝
收到就打开，激活，一系列的程序做过后，感觉还不错。现在就等联通打开蜂窝网络了。,收到就打开 激活 一系列的程序做过后 感觉还不错。现在就等联通打开蜂窝网络了。
很漂亮 很满意 满满的仪式感 果粉,很漂亮 很满意 满满的仪式感 果粉
用了几天，过来评价一下。首先快递很快隔天就到了，其次东西收到了很不错！电池可以用个一天半的样子，手表很好看，只不过苹果表的性价比确实低了点。再说一下京东，京东这个商品价格浮动也太大了吧，先是降价再是赠品，好在可以保价，说到这里得表扬一下京东客服、客服很认真详细的解决了我的问题。总结一下，商品很好没有瑕疵，性价比低了点，客服态度很好，但京东这个价格浮动得控制一下啊、我这购买几天价格时上时下浮动太大了啊！,用了几天 过来评价一下。首先快递很快隔天就到了 其次东西收到了很不错 电池可以用个一天半的样子 手表很好看 只不过苹果表的性价比确实低了点。再说一下京东 京东这个商品价格浮动也太大了吧 先是降价再是赠品 好在可以保价 说到这里得表扬一下京东客服、客服很认真详细的解决了我的问题。总结一下 商品很好没有瑕疵 性价比低了点 客服态度很好 但京东这个价格浮动得控制一下啊、我这购买几天价格时上时下浮动太大了啊 
物流快东西好等了好久终于买到,物流快东西好等了好久终于买到
好评，苹果手表非常不错，送货速度非常快，,好评 苹果手表非常不错 送货速度非常快 
不错，很满意特喜欢。,不错 很满意特喜欢。
很给力的科技产品，不错，尽管功能没有手机那么多，但是很方便，希望移动早日开通蜂窝服务,很给力的科技产品 不错 尽管功能没有手机那么多 但是很方便 希望移动早日开通蜂窝服务
东西很漂亮，就是电话网络还未开通，作为一般的手表很不错的。,东西很漂亮 就是电话网络还未开通 作为一般的手表很不错的。
关注此款产品很久了 看到京东商城有现货立即购买了而且是白条支付 手表基本附合自己的要求 有的需进一步探讨研究  总的来讲非常满意 。,关注此款产品很久了 看到京东商城有现货立即购买了而且是白条支付 手表基本附合自己的要求 有的需进一步探讨研究 总的来讲非常满意 。
该买大号的,该买大号的
基本天天都带。功能一般就看看时间，当个配饰就好，如果要带表还是传统机械表实用,基本天天都带。功能一般就看看时间 当个配饰就好 如果要带表还是传统机械表实用
好评，已入坑,好评 已入坑
很漂亮，很喜欢，京东给力啊，25号拍的，26号收到了！！白条12期免息！太牛了！！完美！,很漂亮 很喜欢 京东给力啊 #NUM#号拍的 #NUM#号收到了！白条#NUM#期免息 太牛了！完美 
男友很喜欢，表很好看,男友很喜欢 表很好看
给朋友买的，朋友很喜欢，很满意，不错。,给朋友买的 朋友很喜欢 很满意 不错。
速度快，东西没问题，可是好像不实在最便宜的时候买的,速度快 东西没问题 可是好像不实在最便宜的时候买的
很好用，蘋果公司的產品很好！,很好用 蘋果公司的產品很好 
看来后期真不能你们这里买，黑店，关键服务都不提供。就此一次，没有下次了。还是官网靠谱,看来后期真不能你们这里买 黑店 关键服务都不提供。就此一次 没有下次了。还是官网靠谱
一代用了好多年，想买个三代玩玩，可玩了半天，除了比一代速度快点，其它没什么区别。,一代用了好多年 想买个三代玩玩 可玩了半天 除了比一代速度快点 其它没什么区别。
38的拍照还是显大，实际好小。用用还行,#NUM#的拍照还是显大 实际好小。用用还行
送货太慢,送货太慢
非常流程，和手机匹配后运行速度快,非常流程 和手机匹配后运行速度快
没怎么玩 2天充一次电  还可以 不错 信任京东&hellip;&hellip;,没怎么玩 #NUM#天充一次电 还可以 不错 信任京东 hellip  hellip 
功能强大，慢慢研究中！很喜欢！,功能强大 慢慢研究中 很喜欢 
很不错，就是手机必须升11才可以用,很不错 就是手机必须升#NUM#才可以用
买了健身用，主要监测有氧心率，苹果出品，好多功能正在研究中,买了健身用 主要监测有氧心率 苹果出品 好多功能正在研究中
双11老婆送的小礼物，心里美滋滋！,双#NUM#老婆送的小礼物 心里美滋滋 
买了两个，我们俩一人一个。很好用，再也不会漏接电话和消息！操作简单方便！信赖京东商城，电脑、手机、手表、家电都是在京东商城买的。赞赞赞,买了两个 我们俩一人一个。很好用 再也不会漏接电话和消息 操作简单方便 信赖京东商城 电脑、手机、手表、家电都是在京东商城买的。赞赞赞
比原来1代的好很多，电池也经用，快了很多，就是不知道什么时候能入网打电话,比原来#NUM#代的好很多 电池也经用 快了很多 就是不知道什么时候能入网打电话
感觉还不错！希望蜂窝数据功能能早日开启！,感觉还不错 希望蜂窝数据功能能早日开启 
没苹果不行啊不能用！！！！！！！,没苹果不行啊不能用！
不错不错，值得购买。日期新鲜，价格实惠。不错不错，值得购买。日期新鲜，价格实惠。不错不错，值得购买。日期新鲜，价格实惠。,不错不错 值得购买。日期新鲜 价格实惠。不错不错 值得购买。日期新鲜 价格实惠。不错不错 值得购买。日期新鲜 价格实惠。
不可救药，彻底沦为苹果控，质感、美感，无与伦比。,不可救药 彻底沦为苹果控 质感、美感 无与伦比。
苹果就是苹果,苹果就是苹果
好评很期待！！！！！！装逼利器,好评很期待！装逼利器
小巧玲珑，夫人很喜欢?,小巧玲珑 夫人很喜欢 
没什么用,没什么用
物有所值，只要能用的顺手，更希望能通过窝蜂网独立使用,物有所值 只要能用的顺手 更希望能通过窝蜂网独立使用
总体来说还不错，就是不知道什么时候开通esim功能,总体来说还不错 就是不知道什么时候开通esim功能
超级喜欢，双十一买的,超级喜欢 双十一买的
用了几天才来评论，很好用，就是移动功能有些地区没有开放，有些坑,用了几天才来评论 很好用 就是移动功能有些地区没有开放 有些坑
毫不意外，包装一坨shi。每次在京东买便宜货，就给我包装得超严实，每次买贵家伙，就给我直接一个塑料袋甚至直接原包装贴个条就来了&hellip;&hellip;唉，真是不理解&hellip;&hellip;&hellip;,毫不意外 包装一坨shi。每次在京东买便宜货 就给我包装得超严实 每次买贵家伙 就给我直接一个塑料袋甚至直接原包装贴个条就来了 hellip  hellip 唉 真是不理解 hellip  hellip  hellip 
不错，苹果的设计确实好，各项功能还在习惯中！,不错 苹果的设计确实好 各项功能还在习惯中 
一直在犹豫不决，怕买错，今天下定决心买了，希望值得,一直在犹豫不决 怕买错 今天下定决心买了 希望值得
蜂窝数据啥时候能支持啊！银色顶牛骨头,蜂窝数据啥时候能支持啊 银色顶牛骨头
非常方便，功能强大,非常方便 功能强大
买之前好多人劝我别买，买了一定后悔！买了以后虽说没有后悔吧，但确实也没有那么惊艳，不过使用起来还是会有一些方便的地方，只是手表运行起来还真是有些卡顿，真是有些对不起苹果产品的称号 。,买之前好多人劝我别买 买了一定后悔 买了以后虽说没有后悔吧 但确实也没有那么惊艳 不过使用起来还是会有一些方便的地方 只是手表运行起来还真是有些卡顿 真是有些对不起苹果产品的称号 。
蜂窝现在还用不了，当表用还总没电，微信滞后，说实话没啥用。,蜂窝现在还用不了 当表用还总没电 微信滞后 说实话没啥用。
东西没得说，应该是全新的未开封，京东包装也比较到位，唯一遗憾的是手表本身有很多程序无法支持，何况qq新的版本也没了这个鸿蒙。,东西没得说 应该是全新的未开封 京东包装也比较到位 唯一遗憾的是手表本身有很多程序无法支持 何况qq新的版本也没了这个鸿蒙。
绝对正品，产品很好，而且客服也非常不错哦，很耐心解答不懂的问题，赶紧点赞??,绝对正品 产品很好 而且客服也非常不错哦 很耐心解答不懂的问题 赶紧点赞？
买东西一直在京东，京东的东西就是放心！物流就是快！,买东西一直在京东 京东的东西就是放心 物流就是快 
双十一购得 比官网少两百 12期免息 实惠！用到现在一切正常！nice～,双十一购得 比官网少两百 #NUM#期免息 实惠 用到现在一切正常 nice 
原来有个第一代的，有入手一个，京东一如既往的送货速度非常快，手表也很好，是正品，总体来说非常的满意。,原来有个第一代的 有入手一个 京东一如既往的送货速度非常快 手表也很好 是正品 总体来说非常的满意。
老公很喜欢，平时上班用很方便，开车接电话也可以,老公很喜欢 平时上班用很方便 开车接电话也可以
非常不错！2800入手！超级值得！棒棒哒,非常不错 #NUM#入手 超级值得 棒棒哒
不错，双十一买的，很好，目前就是期待蜂窝网络尽快推出。,不错 双十一买的 很好 目前就是期待蜂窝网络尽快推出。
完美太酷了，为了iw3买了个8p，为了更好的生活，付出都是值得的,完美太酷了 为了iw#NUM#买了个#NUM#p 为了更好的生活 付出都是值得的
戴着很舒服，也很轻。确实很便利，减少了看手机的时间和次数，办公时来消息不方便看手机看下手表就好。,戴着很舒服 也很轻。确实很便利 减少了看手机的时间和次数 办公时来消息不方便看手机看下手表就好。
苹果就是苹果，一如既往的好，体验ok.专门买来游泳,苹果就是苹果 一如既往的好 体验ok 专门买来游泳
好好满意，机械表和这个表之间徘徊，还是选择了它。,好好满意 机械表和这个表之间徘徊 还是选择了它。
Apple Watch Series 3发布，显著改变就是加入了蜂窝数据网络，数码表冠上加了红点。所以买watch当然要买蜂窝版啦！手表有了自己的网络之后，单独的通讯功能成了一大卖点，即便手机关机了，它也能单独接打电话 送货非常快 第二天就到了。 粉金色也很显档次，非常喜欢。 苹果一贯的精致产品 推荐果粉入手,Apple Watch Series #NUM#发布 显著改变就是加入了蜂窝数据网络 数码表冠上加了红点。所以买watch当然要买蜂窝版啦 手表有了自己的网络之后 单独的通讯功能成了一大卖点 即便手机关机了 它也能单独接打电话 送货非常快 第二天就到了。 粉金色也很显档次 非常喜欢。 苹果一贯的精致产品 推荐果粉入手
虚拟SIM的解绑也在手机端进行：手表和手机解除配对即可免除虚拟的激活；再换张手机卡到手机上，重新激活手表重复这个过程就相当换了张虚拟SIM卡。给Apple Watch加入单独的通讯能力并不是让它变成手机，虽然从功能上看它已经具备这样的能力，但主要功能不是取代手表，而是在一些特别的环境里暂时告别手机，例如户外跑步、越野，甚至只是临时下楼买个东西不带手机。  坐等电信开通业务,虚拟SIM的解绑也在手机端进行 手表和手机解除配对即可免除虚拟的激活 再换张手机卡到手机上 重新激活手表重复这个过程就相当换了张虚拟SIM卡。给Apple Watch加入单独的通讯能力并不是让它变成手机 虽然从功能上看它已经具备这样的能力 但主要功能不是取代手表 而是在一些特别的环境里暂时告别手机 例如户外跑步、越野 甚至只是临时下楼买个东西不带手机。 坐等电信开通业务
非常新鲜，好吃,非常新鲜 好吃
一大早就送来了，我特支持京东送货及时；外观看似还不错，东西我还没打开看，暂时不打开,一大早就送来了 我特支持京东送货及时 外观看似还不错 东西我还没打开看 暂时不打开
不错，很满意,不错 很满意
还要说什么呢 非常不错的,还要说什么呢 非常不错的
下午下单，第二天早上9点就收到了。刚开始用，目前没问题,下午下单 第二天早上#NUM#点就收到了。刚开始用 目前没问题
手表不错，没有卡顿现象，微信等应用都可以使用。心跳检测呼吸调整也很好噢，米奇报时太好玩啦。虽然知道不一定能开一号多机的业务，但是还是买的高配版本。一个美好的期待吧，另外这个版本是16g，貌似不带蜂窝的测试是8g。国外测评强烈推荐这款产品。最后媳妇很满意，6可以继续用下去了X无限期推迟：）,手表不错 没有卡顿现象 微信等应用都可以使用。心跳检测呼吸调整也很好噢 米奇报时太好玩啦。虽然知道不一定能开一号多机的业务 但是还是买的高配版本。一个美好的期待吧 另外这个版本是#NUM#g 貌似不带蜂窝的测试是#NUM#g。国外测评强烈推荐这款产品。最后媳妇很满意 #NUM#可以继续用下去了X无限期推迟  
部手环好用多了，智能手表里也就是苹果了，不过有两个问题点：1.电量低，最多用2天；2.充电底座太他娘的贵了，而且不能用一般的无线充电底座,部手环好用多了 智能手表里也就是苹果了 不过有两个问题点 #NUM# 电量低 最多用#NUM#天 #NUM# 充电底座太他娘的贵了 而且不能用一般的无线充电底座
东西很好，物流很快，一直在京东上购物，以后继续支持，晒图一张,东西很好 物流很快 一直在京东上购物 以后继续支持 晒图一张
很好！终于把第一代换了！速度快不少。期待蜂窝开通了！,很好 终于把第一代换了 速度快不少。期待蜂窝开通了 
非常强大，喜欢，期待蜂窝数据！,非常强大 喜欢 期待蜂窝数据 
东西很实用，相信京东的品质！,东西很实用 相信京东的品质 
不错的运动手表，就是游泳模式数据会丢失！总体还是不错的，在双11购买的，优惠力度相当不错。京东好样的！   20个字到了吧！哈哈哈哈哈哈哈哈,不错的运动手表 就是游泳模式数据会丢失 总体还是不错的 在双#NUM#购买的 优惠力度相当不错。京东好样的  #NUM#个字到了吧 哈哈哈
性价比超高，值得拥有！,性价比超高 值得拥有 
性能比一代好了点，但现在运营商不开通蜂窝网络就糟心了，不能独立使用！,性能比一代好了点 但现在运营商不开通蜂窝网络就糟心了 不能独立使用 
用了几天了，很棒O(&cap;_&cap;)O续航也比较给力，正常使用情况下可以维持两天,用了几天了 很棒O  cap _ cap  O续航也比较给力 正常使用情况下可以维持两天
不错值得购买。,不错值得购买。
跟iPhonex组合起来用的，感觉还行，有时候不方便看手机看个手表就好了，希望虚拟卡能尽快用上,跟iPhonex组合起来用的 感觉还行 有时候不方便看手机看个手表就好了 希望虚拟卡能尽快用上
赶得及快没货了，很好！东西很好，喜欢，已经用上了,赶得及快没货了 很好 东西很好 喜欢 已经用上了
前两天下单！现在就降价了！京东上买东西有没有价保啊！能不能补差价给我啊?,前两天下单 现在就降价了 京东上买东西有没有价保啊 能不能补差价给我啊 
刚拍完，第二天就降价，申请保价了，还没过两天，价钱又有赠品送，买的真不是时候，心情不爽,刚拍完 第二天就降价 申请保价了 还没过两天 价钱又有赠品送 买的真不是时候 心情不爽
送老婆的生日礼物，苹果手表就是做工精细，待机时间还可以，不像想象中那么短，电话功能目前没有，年底可能会出，就更方便了,送老婆的生日礼物 苹果手表就是做工精细 待机时间还可以 不像想象中那么短 电话功能目前没有 年底可能会出 就更方便了
双11的货，一如既往的快，京东的物流算是无敌了，继续京东,双#NUM#的货 一如既往的快 京东的物流算是无敌了 继续京东
非常好，非常好，非常好。,非常好 非常好 非常好。
年会礼品年会礼品,年会礼品年会礼品
虽然功能没有想象的强大，不过也还是挺好用的。,虽然功能没有想象的强大 不过也还是挺好用的。
好看，好用，第三个了,好看 好用 第三个了
完美，突然想买到下单不超过两天，完全没有犹豫，苹果的东西挺好的，苹果的一套装备都齐了??,完美 突然想买到下单不超过两天 完全没有犹豫 苹果的东西挺好的 苹果的一套装备都齐了？
不错，期待联通开通服务，电池耐用,不错 期待联通开通服务 电池耐用
送最爱的人,送最爱的人
还行 就是移动esim还没有开通 暂时不能离开手机使用,还行 就是移动esim还没有开通 暂时不能离开手机使用
很不错，等待蜂窝了。用了一天续航还可以,很不错 等待蜂窝了。用了一天续航还可以
非常不错，还在学习中,非常不错 还在学习中
运行速度快了不少,运行速度快了不少
是正品，双十一活动！使用效果不错，符合期望。,是正品 双十一活动 使用效果不错 符合期望。
还是很不错佩戴挺舒适的不松也不紧就是感觉手上带了个屏幕时时刻刻都要小心！,还是很不错佩戴挺舒适的不松也不紧就是感觉手上带了个屏幕时时刻刻都要小心 
很好，连手机特别好用，不错不错,很好 连手机特别好用 不错不错
"质量非常好，与卖家描述的完全一致，非常满意,真的很喜欢，完全超出期望值，发货速度非常快，包装非常仔细、严实，物流公司服务态度很好，运送速度很快，很满意的一次购物",质量非常好 与卖家描述的完全一致 非常满意 真的很喜欢 完全超出期望值 发货速度非常快 包装非常仔细、严实 物流公司服务态度很好 运送速度很快 很满意的一次购物
样子和前2代基本没啥变化，配置提高了，可惜蜂窝数据暂时用不了，也不知何年何月才有。小红点不好看，但也是唯一区别了。希望不要出问题。有一点很不满意，居然拿过来的时候封塑上好脏。,样子和前#NUM#代基本没啥变化 配置提高了 可惜蜂窝数据暂时用不了 也不知何年何月才有。小红点不好看 但也是唯一区别了。希望不要出问题。有一点很不满意 居然拿过来的时候封塑上好脏。
从1代换到3代，提升很多。,从#NUM#代换到#NUM#代 提升很多。
东西不错。还在摸索中。挺喜欢的。观望了很久才下手的。用后再来反馈。,东西不错。还在摸索中。挺喜欢的。观望了很久才下手的。用后再来反馈。
价廉物美。价廉物美。价廉物美。,价廉物美。价廉物美。价廉物美。
"用了一个礼拜了，总的来说还是很棒的,就是希望运营商早点开通电话服务。另外强烈建议贴膜使用，表面容易划伤",用了一个礼拜了 总的来说还是很棒的 就是希望运营商早点开通电话服务。另外强烈建议贴膜使用 表面容易划伤
送朋友的 朋友用着还好 具体不了解,送朋友的 朋友用着还好 具体不了解
这家服务很到位，客服不厌其烦的解释我提出的问题。京东物流真是快！昨天订的货，今天就收到了，正在配对。还不知道好用否，等用过后再追踪评价。喜欢黑色的放到购物车里两天，再看没货了，灰色表带的有货，果断拿下，以后再自己配个黑色的表带。,这家服务很到位 客服不厌其烦的解释我提出的问题。京东物流真是快 昨天订的货 今天就收到了 正在配对。还不知道好用否 等用过后再追踪评价。喜欢黑色的放到购物车里两天 再看没货了 灰色表带的有货 果断拿下 以后再自己配个黑色的表带。
一冲动就买了，凑齐了苹果全家（除了AirPods），用一段时间再来补评。对了，plus会员减了80，12期免息分期不错！,一冲动就买了 凑齐了苹果全家 除了AirPods  用一段时间再来补评。对了 plus会员减了#NUM# #NUM#期免息分期不错 
虽然还用不了一号多终端，但连着手机也还好，就是游泳时蓝牙连不了那么远....,虽然还用不了一号多终端 但连着手机也还好 就是游泳时蓝牙连不了那么远。
价格便宜送货快，信赖京东,价格便宜送货快 信赖京东
目前使用状况良好，还可以吧！,目前使用状况良好 还可以吧 
比想象中的小，挺不错的,比想象中的小 挺不错的
很好用，很多功能很方便，不知道几家运营商的esim什么时候开啊！,很好用 很多功能很方便 不知道几家运营商的esim什么时候开啊 
用着可以的，客服耐心,用着可以的 客服耐心
来的时候过来一个非常大的箱子，打开后空荡荡的居然没有防震措施...幸亏没摔坏...手表很酷，电池大概充满一次三天多一点，用起来比较方便，比传统手机表多了很多实用的功能，还带着备用的下表带，原装的表带不透气容易出汗，准备入手个尼龙表带或者米兰尼斯,来的时候过来一个非常大的箱子 打开后空荡荡的居然没有防震措施。幸亏没摔坏。手表很酷 电池大概充满一次三天多一点 用起来比较方便 比传统手机表多了很多实用的功能 还带着备用的下表带 原装的表带不透气容易出汗 准备入手个尼龙表带或者米兰尼斯
非常喜欢 电池比一代好很多 很好用。,非常喜欢 电池比一代好很多 很好用。
手表很不错，我很喜欢,手表很不错 我很喜欢
之前苹果官网买过2代42mm  感觉有点大退了,之前苹果官网买过#NUM#代#NUM#mm 感觉有点大退了
这次看到京东价格便宜 有货 买了三代蜂窝板  小巧好用，现在坐等联通开启服务,这次看到京东价格便宜 有货 买了三代蜂窝板 小巧好用 现在坐等联通开启服务
很好&hellip;&hellip;喜欢&hellip;&hellip;,很好 hellip  hellip 喜欢 hellip  hellip 
还是挺不错的，第一眼看上去很小巧可爱，表带摸起来很舒适。用了几天之后，发现表带有点变松。刚买来时晚上充满电，放置一夜减少2%左右的电，现在大概是4%～6%。买来当运动手表用，确实可以促进我多运动。表盘样式丰富，作为手表看时间还是很舒服的。实时监测心率，挺好用。提醒事项遇到与手机不能同步的问题。其他官方软件都还挺好，第三方软件中有很多都是很鸡肋的，大多功能还是需要依靠手机实现。作为消息提醒，可以大大减少使用手机的频率，遇到需要关注的消息就换到手机，遇到不在意的消息就直接下滑关闭。当然也有很多有意思的软件，某软件离线支付很好用，出门运动不带手机照样可以买东西；彩云天气pro集成的很好，一直被我放在表盘上，不过有时候温度会变成无限循环的小数比如9.9999999999..；Star Walk2指星挺好玩的，不常用但是有趣；一些音乐播放的软件挺好用的，当然有些播放软件不能转表冠调音量，只能靠很好用的官方自带的正在播放了。其他很多日程提醒都还挺好的。不知道为什么京东的app手机未连接。可以在手机配合下利用手表打电话收发微信短信iMessage，相信在可独立入网之后会更加方便好用。,还是挺不错的 第一眼看上去很小巧可爱 表带摸起来很舒适。用了几天之后 发现表带有点变松。刚买来时晚上充满电 放置一夜减少#NUM# 左右的电 现在大概是#NUM#  #NUM# 。买来当运动手表用 确实可以促进我多运动。表盘样式丰富 作为手表看时间还是很舒服的。实时监测心率 挺好用。提醒事项遇到与手机不能同步的问题。其他官方软件都还挺好 第三方软件中有很多都是很鸡肋的 大多功能还是需要依靠手机实现。作为消息提醒 可以大大减少使用手机的频率 遇到需要关注的消息就换到手机 遇到不在意的消息就直接下滑关闭。当然也有很多有意思的软件 某软件离线支付很好用 出门运动不带手机照样可以买东西 彩云天气pro集成的很好 一直被我放在表盘上 不过有时候温度会变成无限循环的小数比如#NUM# #NUM#   Star Walk#NUM#指星挺好玩的 不常用但是有趣 一些音乐播放的软件挺好用的 当然有些播放软件不能转表冠调音量 只能靠很好用的官方自带的正在播放了。其他很多日程提醒都还挺好的。不知道为什么京东的app手机未连接。可以在手机配合下利用手表打电话收发微信短信iMessage 相信在可独立入网之后会更加方便好用。
3代值得购买，电量还可以吧，正常低频率使用2天多没问题，打电话再也不用掏手机了，小天才电话手表的即视感,#NUM#代值得购买 电量还可以吧 正常低频率使用#NUM#天多没问题 打电话再也不用掏手机了 小天才电话手表的即视感
好看，实用，带着舒服，期待功能上线！,好看 实用 带着舒服 期待功能上线 
没注明5S无法配对，或标注不明显，没看到，费了很大功夫，手表才可以使用,没注明#NUM#S无法配对 或标注不明显 没看到 费了很大功夫 手表才可以使用
送老婆的生日礼物，然后我就戴着了?,送老婆的生日礼物 然后我就戴着了 
京东商城的东西还不错，值得推荐,京东商城的东西还不错 值得推荐
很好的手表 自己纠结了好久买不买 到了以后才觉得没有后悔,很好的手表 自己纠结了好久买不买 到了以后才觉得没有后悔
好用。比2代明显速度变快了。电池也抗用了。现在基本上3天充一次电了,好用。比#NUM#代明显速度变快了。电池也抗用了。现在基本上#NUM#天充一次电了
还可以，比较小巧精致，挺方便的,还可以 比较小巧精致 挺方便的
带娃神器，接电话回微信都方便,带娃神器 接电话回微信都方便
不咋地 贴上后整体衔接效果不好 黑色四边也占位挡住屏幕,不咋地 贴上后整体衔接效果不好 黑色四边也占位挡住屏幕
还可以吧&hellip;用一段时间再说,还可以吧 hellip 用一段时间再说
这款手表用了些天了，总体觉得用于锻炼不错，当个智能表看个时间也很好，还配套换了个表链高大上了有没有，京东品质，值得信赖,这款手表用了些天了 总体觉得用于锻炼不错 当个智能表看个时间也很好 还配套换了个表链高大上了有没有 京东品质 值得信赖
确实不错，对于果粉来说值得入手一块，如果你是一个刚毕业对手表不是刚需的时候，买一个过渡真的不错,确实不错 对于果粉来说值得入手一块 如果你是一个刚毕业对手表不是刚需的时候 买一个过渡真的不错
我很喜欢，比一代强，哈哈，效果好,我很喜欢 比一代强 哈哈 效果好
还不错嘿嘿,还不错嘿嘿
用了几天才来评价的   除了不能写号码啥都好,用了几天才来评价的 除了不能写号码啥都好
用了有段时间了，待机时间挺长。就是屏幕不太耐磨，刮花了一点点。,用了有段时间了 待机时间挺长。就是屏幕不太耐磨 刮花了一点点。
快递速度没话说。目前测试中。。。有问题在补充,快递速度没话说。目前测试中。有问题在补充
买早了双十一便宜一百多块,买早了双十一便宜一百多块
不错，好多功能还在摸索中，就是续航能力不足，两天冲一次电,不错 好多功能还在摸索中 就是续航能力不足 两天冲一次电
已经在用了。38mm确实有点小。不过做工和品质没得说,已经在用了。#NUM#mm确实有点小。不过做工和品质没得说
很酷，戴上后很漂亮，目前还没见到质量问题,很酷 戴上后很漂亮 目前还没见到质量问题
帮朋友买的一个苹果表，然后她挺喜欢的，说不错，真的挺喜欢,帮朋友买的一个苹果表 然后她挺喜欢的 说不错 真的挺喜欢
还行，只是这么快就降价了&hellip;,还行 只是这么快就降价了 hellip 
不错，可以的。,不错 可以的。
手表很好，但是这个包装盒子那么大&hellip;里面空空的，有点说不出来的感觉，要么用个小点的啊，要么里面装点东西保护一下吧&hellip;&hellip;,手表很好 但是这个包装盒子那么大 hellip 里面空空的 有点说不出来的感觉 要么用个小点的啊 要么里面装点东西保护一下吧 hellip  hellip 
双11的时候入手分期免息，很便宜，就等着年底，开通蜂窝功能了,双#NUM#的时候入手分期免息 很便宜 就等着年底 开通蜂窝功能了
感觉还是38mm感觉小了....男生直接42吧...上手感觉不错...铝合金版轻...,感觉还是#NUM#mm感觉小了。男生直接#NUM#吧。上手感觉不错。铝合金版轻。
品质很好好啊。。,品质很好好啊。。
很好很好的，就是挺好用的,很好很好的 就是挺好用的
宝贝收到了很不错哦！下次还会再来的哦,宝贝收到了很不错哦 下次还会再来的哦
超级赞  发货快,超级赞 发货快
虽然有点贵，但是比较喜欢。货到了才发现有点鸡肋，好好的帝陀不戴，买了块电子表戴。,虽然有点贵 但是比较喜欢。货到了才发现有点鸡肋 好好的帝陀不戴 买了块电子表戴。
上手简单，做工和质感很棒，待机达到3天，远超预期。健康相关的功能很实用，接收信息也很准确，触控灵敏，无卡顿，目前挺满意的。,上手简单 做工和质感很棒 待机达到#NUM#天 远超预期。健康相关的功能很实用 接收信息也很准确 触控灵敏 无卡顿 目前挺满意的。
挺好的，一直想买个了，刚好有分期，而且我还买了个会员减了100呢,挺好的 一直想买个了 刚好有分期 而且我还买了个会员减了#NUM#呢
买来给airpods控制音量用的，凑合用,买来给airpods控制音量用的 凑合用
好评，昨天下单今天上午就到了,好评 昨天下单今天上午就到了
给小红点打call，用过1代换了3就感觉出来反应迅速，双十一价格还不错，相当于86折左右，配送也很快，希望国内esim早日上线,给小红点打call 用过#NUM#代换了#NUM#就感觉出来反应迅速 双十一价格还不错 相当于#NUM#折左右 配送也很快 希望国内esim早日上线
买给老公做生日礼物的，老公说很实用，也很喜欢，期待开通蜂窝网络,买给老公做生日礼物的 老公说很实用 也很喜欢 期待开通蜂窝网络
快递很快。没有的时候就想要，到有了就觉得不是很喜欢，一般般。而且还要我把系统给升到11，真后悔买了个手表,快递很快。没有的时候就想要 到有了就觉得不是很喜欢 一般般。而且还要我把系统给升到#NUM# 真后悔买了个手表
东西很快很好,东西很快很好
不错我挺喜欢的，一次愉快的购物。,不错我挺喜欢的 一次愉快的购物。
可以可以 很喜欢,可以可以 很喜欢
还没拆封不知道怎么样,还没拆封不知道怎么样
不错，现在蜂窝网络没开,不错 现在蜂窝网络没开
好用啊 用了好长时间特别棒,好用啊 用了好长时间特别棒
一直从京东上买东西，货物质量好，售后也好，快递服务好，相信京东。,一直从京东上买东西 货物质量好 售后也好 快递服务好 相信京东。
蜂窝板的watch代表未来发展的趋势，特别是他和airPod结合起来。另外大家不用担心，18年三大服务商都开始提供esim卡。我是双11，临时办了京东plus会员。绝对低价帮人买的，哈哈哈哈哈,蜂窝板的watch代表未来发展的趋势 特别是他和airPod结合起来。另外大家不用担心 #NUM#年三大服务商都开始提供esim卡。我是双#NUM# 临时办了京东plus会员。绝对低价帮人买的 哈哈哈
无法使用蜂窝网络，不知道什么时候运营商才能支持，有些软件，像酷狗音乐不能同步到手表，微信也无法查看图片，总之还是有很多不如意的地方,无法使用蜂窝网络 不知道什么时候运营商才能支持 有些软件 像酷狗音乐不能同步到手表 微信也无法查看图片 总之还是有很多不如意的地方
送货速度快，有些功能待研究！有些小磕碰外包装,送货速度快 有些功能待研究 有些小磕碰外包装
很精致,很精致
很喜欢、就是贵了一些、现在又降价啦好伤心啊,很喜欢、就是贵了一些、现在又降价啦好伤心啊
带了一段时间。不错,带了一段时间。不错
最重要的功能因为运营商还不能体验，不知道怎么评价。苹果的做工还是值得信赖的...,最重要的功能因为运营商还不能体验 不知道怎么评价。苹果的做工还是值得信赖的。
就是一块电子表呗 哈哈哈,就是一块电子表呗 哈哈哈
不错，颜色喜欢，适合男生带。其他功能还在研究中。查了一下是正品，全新的。京东自营值得信赖！,不错 颜色喜欢 适合男生带。其他功能还在研究中。查了一下是正品 全新的。京东自营值得信赖 
嗯，应该还行吧,嗯 应该还行吧
很好 用我的5s配对了大半天 终于还是进去了,很好 用我的#NUM#s配对了大半天 终于还是进去了
买了网络版的&hellip;&hellip;不知道什么时候可以真正用上 真正脱离手机 天天锻炼 内置软件非常好用 已经买齐全套苹果了 期待新品,买了网络版的 hellip  hellip 不知道什么时候可以真正用上 真正脱离手机 天天锻炼 内置软件非常好用 已经买齐全套苹果了 期待新品
目前没问题，还不错,目前没问题 还不错
京东小哥超级帅啊????,京东小哥超级帅啊？
很好，不错，喜欢。。。,很好 不错 喜欢。
同苹果官网的一样是正品，京东物流很快。,同苹果官网的一样是正品 京东物流很快。
选来远去真不知道买什么智能手表，摩托360又不更新换代了，外观是真漂亮！华为watch不能一号多终端，最终选择了这款！用下来感觉还是可以，主要得益于苹果的生态系统,选来远去真不知道买什么智能手表 摩托#NUM#又不更新换代了 外观是真漂亮 华为watch不能一号多终端 最终选择了这款 用下来感觉还是可以 主要得益于苹果的生态系统
物美价廉,物美价廉
小天才儿童电话手表，买来没怎么折腾，一直带着看时间,小天才儿童电话手表 买来没怎么折腾 一直带着看时间
实用，真的很好，带一个月多了&hellip;&hellip; 期待地方区域蜂窝网络开通,实用 真的很好 带一个月多了 hellip  hellip  期待地方区域蜂窝网络开通
送给朋友的，没赶上双11的优惠啊。,送给朋友的 没赶上双#NUM#的优惠啊。
双十一就买了这一件 感觉还是物有所值的,双十一就买了这一件 感觉还是物有所值的
22号发现银色有货赶紧拍了，白条支付也没压力。这东西仁者见仁 智者见智，喜欢运动的用处更大些。京准达真的快，隔夜就到了。个人喜欢银色，因为我没打算用这个原装表带，纯黑表壳配其他的表带感觉没这个好看。,#NUM#号发现银色有货赶紧拍了 白条支付也没压力。这东西仁者见仁 智者见智 喜欢运动的用处更大些。京准达真的快 隔夜就到了。个人喜欢银色 因为我没打算用这个原装表带 纯黑表壳配其他的表带感觉没这个好看。
高大上，送货快！,高大上 送货快 
送货速度非常快，已经在使用了，很赞,送货速度非常快 已经在使用了 很赞
等待，等待，等待着网络的支持啊,等待 等待 等待着网络的支持啊
留意两年了，终于入手了，京东白条12期免息买的，真心不错,留意两年了 终于入手了 京东白条#NUM#期免息买的 真心不错
不错哦，很喜欢。,不错哦 很喜欢。
赞，买给女朋友的，比运动表带好看多了，陪了care,赞 买给女朋友的 比运动表带好看多了 陪了care
东西不好不坏，只不过蜂窝不知道什么时候能支持，太慢，会不等到支持都出4了,东西不好不坏 只不过蜂窝不知道什么时候能支持 太慢 会不等到支持都出#NUM#了
东西很好！很漂亮！京东给力,东西很好 很漂亮 京东给力
非常的精致可以不用看手机就可以了,非常的精致可以不用看手机就可以了
很好，但是蜂窝数据暂时不能用,很好 但是蜂窝数据暂时不能用
目前还不能打电话有点小失望,目前还不能打电话有点小失望
手表不错，给孩子买的，很高兴,手表不错 给孩子买的 很高兴
发票呢？我想知道发票那去了？,发票呢 我想知道发票那去了 
挺不错的手表，价格也挺贵啊，呵呵！目前蜂窝功能还没有启用，不知道实际效果，希望不要让人失望。手表双十一前买的，买贵了，而且还没有赠品，真是伤心&hellip;&hellip;京东的套路越来越深，希望后面的买家考虑观察清楚再下单。谈一下使用情况吧，反应速度很多买家说很流畅，不过我用下来没有觉得流畅在哪里，也许我没有使用过前几代产品。里面软件app可以通过手机直接同步，虽然有消息提醒或者发微信，其实没有手机方便快捷，使用下来发现就是一块电子手表，装逼神器，夸张点说除了品牌外观之外，还真不如儿童电话手表，呵呵，个人见解，勿喷！评论收尾打个四星吧，扣除的一星是短时间价格波动非常大，赠品也无，希望以后京东予以改进,挺不错的手表 价格也挺贵啊 呵呵 目前蜂窝功能还没有启用 不知道实际效果 希望不要让人失望。手表双十一前买的 买贵了 而且还没有赠品 真是伤心 hellip  hellip 京东的套路越来越深 希望后面的买家考虑观察清楚再下单。谈一下使用情况吧 反应速度很多买家说很流畅 不过我用下来没有觉得流畅在哪里 也许我没有使用过前几代产品。里面软件app可以通过手机直接同步 虽然有消息提醒或者发微信 其实没有手机方便快捷 使用下来发现就是一块电子手表 装逼神器 夸张点说除了品牌外观之外 还真不如儿童电话手表 呵呵 个人见解 勿喷 评论收尾打个四星吧 扣除的一星是短时间价格波动非常大 赠品也无 希望以后京东予以改进
棒棒哒，原本一早就看好了黑色表带的，然后为了等11.11，就一直忍着没下单，然后突然黑色没货了，这我哪坐的住？赶紧就把灰色的给下单了，怕过一天也没货了，事实证明我是对的！到手后觉得灰色也挺好看的，哈哈，38mm挺适合我的,棒棒哒 原本一早就看好了黑色表带的 然后为了等#NUM# #NUM# 就一直忍着没下单 然后突然黑色没货了 这我哪坐的住 赶紧就把灰色的给下单了 怕过一天也没货了 事实证明我是对的 到手后觉得灰色也挺好看的 哈哈 #NUM#mm挺适合我的
ps:手有点丑.［捂脸］,ps 手有点丑  EMO_捂脸
手表很精致，出门戴着方便。,手表很精致 出门戴着方便。
一如既往的快速，一如既往的苹果产品,一如既往的快速 一如既往的苹果产品
非常喜欢，买之前犹豫有没有用，到手后顾虑就消失了,非常喜欢 买之前犹豫有没有用 到手后顾虑就消失了
"点等待,中国联",点等待 中国联
通支持数据 业务,通支持数据 业务
老婆给买的不错，值得购买，好,老婆给买的不错 值得购买 好
看了一段时间了，有活动出手的，还能分期免息。每天的任务就是把外圈合上，哈哈，真不错！,看了一段时间了 有活动出手的 还能分期免息。每天的任务就是把外圈合上 哈哈 真不错 
苹果的产品质量都非常好，京东也给力,苹果的产品质量都非常好 京东也给力
外观漂亮，反应迅速，功能多样,外观漂亮 反应迅速 功能多样
不错 功能很好很多,不错 功能很好很多
东西没问题，但是蜂窝版本在大陆根本没法用，只能期盼早日运营商让虚拟sim卡可以顺利使用。买的时候京东应该明确提醒，蜂窝功能现在延时不能使用,东西没问题 但是蜂窝版本在大陆根本没法用 只能期盼早日运营商让虚拟sim卡可以顺利使用。买的时候京东应该明确提醒 蜂窝功能现在延时不能使用
系统很顺畅。上手几乎无难度，38的感觉屏幕稍微小了点，后悔没上42的了。等待蜂窝数据开通，扩展性会好很多。总体好评，质感上乘,系统很顺畅。上手几乎无难度 #NUM#的感觉屏幕稍微小了点 后悔没上#NUM#的了。等待蜂窝数据开通 扩展性会好很多。总体好评 质感上乘
很不错 期待支持蜂窝数据。有了表改变了一些手机的使用方式更加方便，苹果就是苹果永远走在别人前面,很不错 期待支持蜂窝数据。有了表改变了一些手机的使用方式更加方便 苹果就是苹果永远走在别人前面
终于买到了喜欢的深空灰表带，为此错过了双11的优惠活动，,终于买到了喜欢的深空灰表带 为此错过了双#NUM#的优惠活动 
黑色带的人太多了，感觉灰色很特别，,黑色带的人太多了 感觉灰色很特别 
京东的物流服务真是一流，喜欢。,京东的物流服务真是一流 喜欢。
一如既往的信赖京东,一如既往的信赖京东
是正品,是正品
我收到的表应该不是全新的，充电器磁铁那面有几道比较深的划痕。不影响使用，但是比较恶心。其实京东价格跟实体店价格差不太多，下次还是实体店买了。,我收到的表应该不是全新的 充电器磁铁那面有几道比较深的划痕。不影响使用 但是比较恶心。其实京东价格跟实体店价格差不太多 下次还是实体店买了。
很好用啊，主要这个功能，就是用来运动的时候会比较多一点，然后提醒的功能,很好用啊 主要这个功能 就是用来运动的时候会比较多一点 然后提醒的功能
还不错呢，做工非常不错,还不错呢 做工非常不错
昨天晚上下单 今天一大早就收到了，手表很棒 很喜欢 很高大上,昨天晚上下单 今天一大早就收到了 手表很棒 很喜欢 很高大上
物流快，物品满意。,物流快 物品满意。
之前看别人说160腕围带38不小，就买了一个38的明显小了，又买一个42的刚好，还是大的看着合适点，162腕围,之前看别人说#NUM#腕围带#NUM#不小 就买了一个#NUM#的明显小了 又买一个#NUM#的刚好 还是大的看着合适点 #NUM#腕围
非常好 期待很久了 京东秒杀买的 很实惠,非常好 期待很久了 京东秒杀买的 很实惠
很快，第二天就到了。东西很好,很快 第二天就到了。东西很好
促销价格很给力，发货也很快，棒,促销价格很给力 发货也很快 棒
不错，价格实惠，很满意！,不错 价格实惠 很满意 
应该还可以吧，还没用呢，不过京东快递送货很给力,应该还可以吧 还没用呢 不过京东快递送货很给力
特意带了两天过来评价的，还不错，果断入手一个?,特意带了两天过来评价的 还不错 果断入手一个 
抢了十天都抢不到1000减五百的券，在双十一的时候下单了。42没我想象中大,抢了十天都抢不到#NUM#减五百的券 在双十一的时候下单了。#NUM#没我想象中大
宝贝质量不错，很喜欢了。谢谢掌柜,宝贝质量不错 很喜欢了。谢谢掌柜
还可以吧，是正品，还在研究中。。。,还可以吧 是正品 还在研究中。
蜂窝数据不能用是唯一的鸡肋，希望后面会有,蜂窝数据不能用是唯一的鸡肋 希望后面会有
三代的电量太经用了啊，没有4g的话，两天正常用下来还能有30-40的电。而且跑步配合airdrop简直不要太爽，还能记录地图。系统也相当快，不会出现图标转半天的情况了，爽！,三代的电量太经用了啊 没有#NUM#g的话 两天正常用下来还能有#NUM#-#NUM#的电。而且跑步配合airdrop简直不要太爽 还能记录地图。系统也相当快 不会出现图标转半天的情况了 爽 
第一次在京东上买东西，完美的购物体验， 双十一优惠巨大，快递迅速。,第一次在京东上买东西 完美的购物体验  双十一优惠巨大 快递迅速。
Watch3让人眼前一亮，待机时间两天没问题，期待蜂窝数据的开通，不过传输音乐慢的要死,Watch#NUM#让人眼前一亮 待机时间两天没问题 期待蜂窝数据的开通 不过传输音乐慢的要死
送货很快，2k9+入手，等待开网络。。。。。。,送货很快 #NUM#k#NUM# 入手 等待开网络。
苹果的东西确实不错，感觉很流畅方便,苹果的东西确实不错 感觉很流畅方便
离不开啦，真的很好用，双十一2799还是很实在的,离不开啦 真的很好用 双十一#NUM#还是很实在的
很喜欢，与手机匹配连接的很好，还是比较喜欢苹果的东西，慢慢把喜欢的都换了，网络还不能使用目前,很喜欢 与手机匹配连接的很好 还是比较喜欢苹果的东西 慢慢把喜欢的都换了 网络还不能使用目前
实话实说实话实说啥时候是哈哈哈哈哈哈,实话实说实话实说啥时候是哈哈哈
手表已经收到了非常喜欢我考虑了很久才买的就是价格有点贵,手表已经收到了非常喜欢我考虑了很久才买的就是价格有点贵
东西超棒！,东西超棒 
还可以，就是要升级iOS11,还可以 就是要升级iOS#NUM#
东西不错，性价比高。,东西不错 性价比高。
现在基本是我的健康助理，运动一直带着它，非常好用，之前还对比了很多手表跟电子表，就觉得它续航低，但后面也妥协了，功能丰富的电子表，续航就那样，不能强求太多了。看过佳明和颂拓的，因为省电所以它们的屏幕都很暗，因为自己用着一套苹果设备最终还是选择了苹果表，续航也没想象中那么不堪，总之买了不后悔,现在基本是我的健康助理 运动一直带着它 非常好用 之前还对比了很多手表跟电子表 就觉得它续航低 但后面也妥协了 功能丰富的电子表 续航就那样 不能强求太多了。看过佳明和颂拓的 因为省电所以它们的屏幕都很暗 因为自己用着一套苹果设备最终还是选择了苹果表 续航也没想象中那么不堪 总之买了不后悔
很实用！手机放在包里，可以拨打接听电话，发送微信，不用耳机也可以，很方便！希望能够尽快开启蜂窝功能就很好了！,很实用 手机放在包里 可以拨打接听电话 发送微信 不用耳机也可以 很方便 希望能够尽快开启蜂窝功能就很好了 
待机时间有待提高，尽快开通电话功能。,待机时间有待提高 尽快开通电话功能。
去了西单大悦城的实体店，被告知想要的颜色没有货了，就在京东搜了一下，看到有货就下单了，第二天一早就到了，特意佩戴了一段时间，没有发现任何问题，很喜欢,去了西单大悦城的实体店 被告知想要的颜色没有货了 就在京东搜了一下 看到有货就下单了 第二天一早就到了 特意佩戴了一段时间 没有发现任何问题 很喜欢
质量保障可靠 速度没的说 棒棒哒,质量保障可靠 速度没的说 棒棒哒
没多大作用，新鲜感过了，就那么回事。不过，挺时尚的。双11买的，划算。,没多大作用 新鲜感过了 就那么回事。不过 挺时尚的。双#NUM#买的 划算。
不错，正品，大小合适,不错 正品 大小合适
东西是真品，满意的一次购物,东西是真品 满意的一次购物
非常满意，和预期的效果一样，很喜欢，京东超市很给力，快递次日达更是无可挑剔！,非常满意 和预期的效果一样 很喜欢 京东超市很给力 快递次日达更是无可挑剔 
很好，很给力，续航能用三天，真不错,很好 很给力 续航能用三天 真不错
还不错，就是不能用qq,还不错 就是不能用qq
手表不错，自己去配了个软钢带，比官方实惠多了,手表不错 自己去配了个软钢带 比官方实惠多了
感觉还是没什么用！??????,感觉还是没什么用 ？
只有好，没别的,只有好 没别的
这个颜色好 一下就买到了 不像黄色的 抢都抢不到,这个颜色好 一下就买到了 不像黄色的 抢都抢不到
很好的玩意 就是不知道怎么样才能看时间,很好的玩意 就是不知道怎么样才能看时间
还好吧，没有想象中那么多功能。电话现在也打不了，但是戴着还是挺好看的。,还好吧 没有想象中那么多功能。电话现在也打不了 但是戴着还是挺好看的。
完美，大气的包装,完美 大气的包装
京东的自建物流体系真的是超级棒，很快！还有手表真的很不错，用起来很棒！,京东的自建物流体系真的是超级棒 很快 还有手表真的很不错 用起来很棒 
苹果的东西大家都认可,苹果的东西大家都认可
送货快，自营商品安全可靠，谢谢送货师傅！,送货快 自营商品安全可靠 谢谢送货师傅 
还挺不错的 其实也就是个看时间的不用纠结太多 有一些健康方面的提示功能比较赞 再一个就是很多app支持3d touch有些功能是通过3d touch实现的,还挺不错的 其实也就是个看时间的不用纠结太多 有一些健康方面的提示功能比较赞 再一个就是很多app支持#NUM#d touch有些功能是通过#NUM#d touch实现的
可以，用起来不错，喜欢。,可以 用起来不错 喜欢。
很好很强大，一直犹豫要不要买applewatch，担心买来以后三分钟热情，完了就放家里吃灰！戴了半个月，感觉很好，使用也很方便！就是手机一直开定位开蓝牙，电量掉的有点太快了！,很好很强大 一直犹豫要不要买applewatch 担心买来以后三分钟热情 完了就放家里吃灰 戴了半个月 感觉很好 使用也很方便 就是手机一直开定位开蓝牙 电量掉的有点太快了 
今天刚刚收到马上使用感觉非常满意非常不错非常棒,今天刚刚收到马上使用感觉非常满意非常不错非常棒
看起来很不错哦，喜爱运动的可以来一个,看起来很不错哦 喜爱运动的可以来一个
特别好用 对工作大有帮助 。期待移动网络开通,特别好用 对工作大有帮助 。期待移动网络开通
不错，质量不错，喜欢,不错 质量不错 喜欢
感觉还不错。,感觉还不错。
不错不错，没有3000-211 但是3000多一点的价格还是很值的,不错不错 没有#NUM#-#NUM# 但是#NUM#多一点的价格还是很值的
双十一当天各种优惠叠加3000出头入手，价格实惠东西不错，但感觉用处不大。。。唉，冲动消费啊，等电话功能开通了估计能有作用了。,双十一当天各种优惠叠加#NUM#出头入手 价格实惠东西不错 但感觉用处不大。唉 冲动消费啊 等电话功能开通了估计能有作用了。
总什沒有有发票,总什沒有有发票
为了优惠买了个plus会员，东西是不错，集成功能有待神深化啊，希望运营商能尽快开通4g吧，不然至少少一半功能,为了优惠买了个plus会员 东西是不错 集成功能有待神深化啊 希望运营商能尽快开通#NUM#g吧 不然至少少一半功能
佩戴起来比第一代更有质感，速度更快，也没有机械手表的那些麻烦，唯一不满的是北京现在还没有开通蜂窝数据通信服务,佩戴起来比第一代更有质感 速度更快 也没有机械手表的那些麻烦 唯一不满的是北京现在还没有开通蜂窝数据通信服务
送朋友的，相信京东，相信苹果,送朋友的 相信京东 相信苹果
买的38mm的，男生手比较细，后来觉得42mm也完全ok，建议大家都入42mm的,买的#NUM#mm的 男生手比较细 后来觉得#NUM#mm也完全ok 建议大家都入#NUM#mm的
哈哈哈，还行吧，买了有点后悔，哈哈哈哈,哈哈哈 还行吧 买了有点后悔 哈哈哈
不错哦，包装高大上啊，挺好,不错哦 包装高大上啊 挺好
与二代感觉区别不是太大，希望早点能用数据,与二代感觉区别不是太大 希望早点能用数据
蛮好的产品，值得拥有，跑步不用带笨重的手机啦&hellip;,蛮好的产品 值得拥有 跑步不用带笨重的手机啦 hellip 
期待蜂窝网络尽快开通&hellip;&hellip;,期待蜂窝网络尽快开通 hellip  hellip 
正品，售后服务态度很好。就是还不能写卡,正品 售后服务态度很好。就是还不能写卡
双十一购物挺划算的，各种优惠的叠加，比官网便宜许多&hellip;&hellip;好用,双十一购物挺划算的 各种优惠的叠加 比官网便宜许多 hellip  hellip 好用
不得不说，京东物流真实给力，产品也没得说，正品无疑，功能还有待开发，还有就是我想问一下，这款是蓝宝石镜面吗？,不得不说 京东物流真实给力 产品也没得说 正品无疑 功能还有待开发 还有就是我想问一下 这款是蓝宝石镜面吗 
外形很酷，功能多，美观时尚,外形很酷 功能多 美观时尚
非常好 就是没有蜂窝网呢 啥时候开蜂窝网功能,非常好 就是没有蜂窝网呢 啥时候开蜂窝网功能
别人收到是一个大盒子，我收到是一个京东塑料袋装着的，不知道为什么，感觉好低端，拆开拿上手就觉得重，不过戴上后感觉还好，不会感觉特别重，功能还在研究，有点不太会用,别人收到是一个大盒子 我收到是一个京东塑料袋装着的 不知道为什么 感觉好低端 拆开拿上手就觉得重 不过戴上后感觉还好 不会感觉特别重 功能还在研究 有点不太会用
38MM的表带偏短 幸好还有最外一个扣眼,#NUM#MM的表带偏短 幸好还有最外一个扣眼
收到快递还是很激动的，手表还是不错的，个人比较理性，在苹果手表水平比较稳定时期入手，很好~喜欢~,收到快递还是很激动的 手表还是不错的 个人比较理性 在苹果手表水平比较稳定时期入手 很好 喜欢 
用了一段时间了，感觉很不错,用了一段时间了 感觉很不错
蜂窝功能不能使用，做中国人真好！,蜂窝功能不能使用 做中国人真好 
不错，相信京东！！！,不错 相信京东！
不能开通虚拟手机卡，没什么新鲜感,不能开通虚拟手机卡 没什么新鲜感
还是京东靠谱迅速，昨天晚上下单，今天就收到了。毫无疑问的正品，熟悉的送货小哥。感谢你的服务。三代速度明显比一代快。而且更省电。唯一可惜的还是不能写号入网呢。坐等联通给力,还是京东靠谱迅速 昨天晚上下单 今天就收到了。毫无疑问的正品 熟悉的送货小哥。感谢你的服务。三代速度明显比一代快。而且更省电。唯一可惜的还是不能写号入网呢。坐等联通给力
苹果的产品都是蛮好的，可惜的是通讯商没开通，还没体验过通话的功能，,苹果的产品都是蛮好的 可惜的是通讯商没开通 还没体验过通话的功能 
做工不错，手感很好，送货绝对速度，价格也美丽，双11还看京东！！！,做工不错 手感很好 送货绝对速度 价格也美丽 双#NUM#还看京东！
不错！非常好看，一打开时还以为jd搞错了，送了个38mm的过来，后来回去问了一下曾买过2的同事，才确认这真是42mm。有点小，想想若是买38mm真是醉了，拿个放大镜都嫌小！,不错 非常好看 一打开时还以为jd搞错了 送了个#NUM#mm的过来 后来回去问了一下曾买过#NUM#的同事 才确认这真是#NUM#mm。有点小 想想若是买#NUM#mm真是醉了 拿个放大镜都嫌小 
可以，挺喜欢的，一直在把玩，不错的呢,可以 挺喜欢的 一直在把玩 不错的呢
怎么说呢，挺好的一个东西，但是感觉可用性还并不是特别大，但是已经能满足日常需求，而且能感觉到进步明显,怎么说呢 挺好的一个东西 但是感觉可用性还并不是特别大 但是已经能满足日常需求 而且能感觉到进步明显
太完美了，很喜欢这个智能手表,太完美了 很喜欢这个智能手表
联系男的都买42的，好评好评不要犹豫3455秒杀，隔天就到。,联系男的都买#NUM#的 好评好评不要犹豫#NUM#秒杀 隔天就到。
苹果的东西非常值得信赖，带上以后会感觉有种想跑步的冲动,苹果的东西非常值得信赖 带上以后会感觉有种想跑步的冲动
高大上，功能多，质量很好，慢慢来发吧,高大上 功能多 质量很好 慢慢来发吧
还不错第一次用iWatch，双十一满减卷便宜了一点很喜欢,还不错第一次用iWatch 双十一满减卷便宜了一点很喜欢
挺喜欢的 可惜联通蜂窝数据暂时开通不了,挺喜欢的 可惜联通蜂窝数据暂时开通不了
表收到了， 还是不错的,表收到了  还是不错的
手表很智能，非常好，京东还送了另一款表带，还没有打开，包装很不错。,手表很智能 非常好 京东还送了另一款表带 还没有打开 包装很不错。
除了待机时间短其他都很不错,除了待机时间短其他都很不错
物流很快，功能还没怎么操作，值得信用！,物流很快 功能还没怎么操作 值得信用 
产品不错！服务更好！,产品不错 服务更好 
现在就等中国出网络技术了，,现在就等中国出网络技术了 
蜂窝网络开了就好了。,蜂窝网络开了就好了。
很漂亮！过些日子准备再买一个！很方便的，解放双手了！,很漂亮 过些日子准备再买一个 很方便的 解放双手了 
非常好用,非常好用
还可以，但不运动的人真心用处不大。,还可以 但不运动的人真心用处不大。
老实说 一直很想买一个苹果手表、双十一比官网还便宜  所以买了、但是买了之后感觉用处也不大、除了能监督日常运动 其他都没什么   只能当普通手表装X用了。 电量平均2天一充。期待能接通网络独立使用吧。,老实说 一直很想买一个苹果手表、双十一比官网还便宜 所以买了、但是买了之后感觉用处也不大、除了能监督日常运动 其他都没什么 只能当普通手表装X用了。 电量平均#NUM#天一充。期待能接通网络独立使用吧。
真的好，但是也真的没什么用。gps还不能用,真的好 但是也真的没什么用。gps还不能用
物流快！,物流快 
一只想买这个手表，终于京东双十一买了，也买到了自己喜欢的颜色，现在只等网络开通了，就可以开始不带手机出门了,一只想买这个手表 终于京东双十一买了 也买到了自己喜欢的颜色 现在只等网络开通了 就可以开始不带手机出门了
是正品，京东质量有保障，价格便宜,是正品 京东质量有保障 价格便宜
很好不错不错使用体验非常好,很好不错不错使用体验非常好
很好，很喜欢，等待开通蜂窝数据！,很好 很喜欢 等待开通蜂窝数据 
??Apple Watch Series 3智能手表（GPS+蜂窝网络款 38毫米 银色铝金属表壳 海贝色回环式运动表带 ）apple的产品质量是绝对保证的，产品持续服务性也是我选择apple产品的重要原因。,？Apple Watch Series #NUM#智能手表 GPS 蜂窝网络款 #NUM#毫米 银色铝金属表壳 海贝色回环式运动表带  apple的产品质量是绝对保证的 产品持续服务性也是我选择apple产品的重要原因。
除了蜂窝还用不了之外都挺好的，苹果保证,除了蜂窝还用不了之外都挺好的 苹果保证
很好用，功能正在摸索当中,很好用 功能正在摸索当中
很好，主要是这个版本很少货，半夜抢到了,很好 主要是这个版本很少货 半夜抢到了
速度快，待机比1代要久很多，很好！,速度快 待机比#NUM#代要久很多 很好 
宝贝收到啦，太棒了，一流的快递帅哥，质量保证的产品，谢谢店家,宝贝收到啦 太棒了 一流的快递帅哥 质量保证的产品 谢谢店家
老婆懂我的，s3待机是真好。原来天天冲现在3天一充。就是不知道数据什么时候能用,老婆懂我的 s#NUM#待机是真好。原来天天冲现在#NUM#天一充。就是不知道数据什么时候能用
用了一天感觉还是不错的，很棒！,用了一天感觉还是不错的 很棒 
发货快 挺喜欢的,发货快 挺喜欢的
东西不错，已经用了两天了，功能还都比较实用，就是还没有蜂窝网络。,东西不错 已经用了两天了 功能还都比较实用 就是还没有蜂窝网络。
买来用了一段时间，功能还不错，就是本人实际上用不太上，除了出门的时候，用段时间再来评价。,买来用了一段时间 功能还不错 就是本人实际上用不太上 除了出门的时候 用段时间再来评价。
用了一段时间才来评价。说实话如果不是平时健身或者运动，apple watch还是有点鸡肋，当然喜好全看个人。双十一用券比官网便宜200多，用了半个月没什么问题，蜂窝功能还没普及，慢慢来吧。,用了一段时间才来评价。说实话如果不是平时健身或者运动 apple watch还是有点鸡肋 当然喜好全看个人。双十一用券比官网便宜#NUM#多 用了半个月没什么问题 蜂窝功能还没普及 慢慢来吧。
习惯性好评，东西不错，值这个价,习惯性好评 东西不错 值这个价
相当不错。很满意。送货速度快,相当不错。很满意。送货速度快
第一次用这类佩戴设备，非常完美的体验！只是表带确实很low，果断购入真皮表带，到货再来晒图！京东的物流太给力！下午四点下单，第二天早上九点多就到了！,第一次用这类佩戴设备 非常完美的体验 只是表带确实很low 果断购入真皮表带 到货再来晒图 京东的物流太给力 下午四点下单 第二天早上九点多就到了 
送女朋友的，挺漂亮，她很喜欢。滴滴答,送女朋友的 挺漂亮 她很喜欢。滴滴答
昨天早上下单，下午收货真给力，宝贝手表一级棒，太爱它！,昨天早上下单 下午收货真给力 宝贝手表一级棒 太爱它 
东西很好，物流给力。,东西很好 物流给力。
物流很快，大大的箱子就装了这么一只手表！很喜欢这个颜色，同事带了觉得好看，我就长草了！功能再熟悉几天就玩转了！质量不错想赶紧买个保护壳去，哈哈?,物流很快 大大的箱子就装了这么一只手表 很喜欢这个颜色 同事带了觉得好看 我就长草了 功能再熟悉几天就玩转了 质量不错想赶紧买个保护壳去 哈哈 
好东西 继续支持京东 赞赞赞,好东西 继续支持京东 赞赞赞
只带了不超过10个小时，3288转，我是3488买的，有电子发票,只带了不超过#NUM#个小时 #NUM#转 我是#NUM#买的 有电子发票
质量很好，而且比官网便宜，值得购买,质量很好 而且比官网便宜 值得购买
东西挺不错的，手感很好&hellip;充一次电可以用三天~好评&hellip;,东西挺不错的 手感很好 hellip 充一次电可以用三天 好评 hellip 
移动蜂窝还用不了，等待中&hellip;,移动蜂窝还用不了 等待中 hellip 
双十一，京东的物流出现严重问题，这个是11前买的，还没有其他网站当天买的快,双十一 京东的物流出现严重问题 这个是#NUM#前买的 还没有其他网站当天买的快
关注了很久，双十一下手的。3178送暴风眼镜。跟苹果手机配合使用很方便，虽然移动lte还未开通，有wifi也能接打电话，不会因为手机在充电，也遗漏电话。软件配合也不错，希望移动早日开通虚拟sim卡,关注了很久 双十一下手的。#NUM#送暴风眼镜。跟苹果手机配合使用很方便 虽然移动lte还未开通 有wifi也能接打电话 不会因为手机在充电 也遗漏电话。软件配合也不错 希望移动早日开通虚拟sim卡
今天终于一咬牙、恨下心拍下了！心还是很痛、但又很想要&hellip;希望京东送多一百几十颗京豆抚慰一下我的小心脏吧！,今天终于一咬牙、恨下心拍下了 心还是很痛、但又很想要 hellip 希望京东送多一百几十颗京豆抚慰一下我的小心脏吧 
还好吧。好像没有想象中那么好用    不知道是不是还不能用蜂窝的原因,还好吧。好像没有想象中那么好用 不知道是不是还不能用蜂窝的原因
爱上了苹果的产品，做工没得说，很喜欢,爱上了苹果的产品 做工没得说 很喜欢
手表挺不错的   果粉值得购买,手表挺不错的 果粉值得购买
这是老婆容我生日礼物，我长这么大第一次收到这么令我高兴的礼物，喜欢了这个表有一段时间，坐等蜂窝功能开通，比小天才电话手表高级多了，终于能换下我的小天才了，十分感谢老婆,这是老婆容我生日礼物 我长这么大第一次收到这么令我高兴的礼物 喜欢了这个表有一段时间 坐等蜂窝功能开通 比小天才电话手表高级多了 终于能换下我的小天才了 十分感谢老婆
刚买就降价,刚买就降价
挺好用的也好看时尚,挺好用的也好看时尚
发货速度很快，刚刚的,发货速度很快 刚刚的
这个蜂窝数据没开通之前还是谨慎一点，其他都好，颜值，防水，功能，没得说！,这个蜂窝数据没开通之前还是谨慎一点 其他都好 颜值 防水 功能 没得说 
已经用了，很不错，功能很实用，很智能，很棒,已经用了 很不错 功能很实用 很智能 很棒
不错，相当的不错,不错 相当的不错
手表很不错，全新未开封，早就心水apple watch，终于入手。好评！,手表很不错 全新未开封 早就心水apple watch 终于入手。好评 
总体来说还可以，就是没啥说明书，好多功能不会用暗&hellip;&hellip;&hellip;&hellip;&hellip;&hellip;&hellip;&hellip;&hellip;&hellip;&hellip;&hellip;&hellip;&hellip;&hellip;&hellip;&hellip;&hellip;&hellip;&hellip;&hellip;&hellip;&hellip;&hellip;,总体来说还可以 就是没啥说明书 好多功能不会用暗 hellip  hellip  hellip  hellip  hellip  hellip  hellip  hellip  hellip  hellip  hellip  hellip  hellip  hellip  hellip  hellip  hellip  hellip  hellip  hellip  hellip  hellip  hellip  hellip 
送货好快哦  好评,送货好快哦 好评
很不错，很漂亮，快递也很给力，未发现异常问题,很不错 很漂亮 快递也很给力 未发现异常问题
送过来之后，盒子就这样了，我是要送人，你这样的质量我能送的出手吗？快递员态度那么差，以后再不来京东了,送过来之后 盒子就这样了 我是要送人 你这样的质量我能送的出手吗 快递员态度那么差 以后再不来京东了
活动价格还是很给力的，一直想买这款，纠结颜色的问题，最后还是选了黑色！,活动价格还是很给力的 一直想买这款 纠结颜色的问题 最后还是选了黑色 
可以很满意，质量不错，快递很快，正品保证,可以很满意 质量不错 快递很快 正品保证
呵呵，不错，早就想买了。,呵呵 不错 早就想买了。
东西收到了，当日下单，隔日就到，非常效率，苹果手表感觉棒极了。,东西收到了 当日下单 隔日就到 非常效率 苹果手表感觉棒极了。
东西真心不错，下单到收货不到24小时，京东就是快。,东西真心不错 下单到收货不到#NUM#小时 京东就是快。
很给力，推荐，期待移动的数据开通,很给力 推荐 期待移动的数据开通
老公很喜欢，这老公一人一块，推荐大家购买,老公很喜欢 这老公一人一块 推荐大家购买
不错，续航应该相比前两代有提升了，常规无运动使用能续航三天。基本当成iPhone的通知设备了，平常的一些站立和深呼吸的提醒也不错。要是配合运动健身的话，应该更能发挥它的价值。LTE还无法开通使用，不知道体验如何...,不错 续航应该相比前两代有提升了 常规无运动使用能续航三天。基本当成iPhone的通知设备了 平常的一些站立和深呼吸的提醒也不错。要是配合运动健身的话 应该更能发挥它的价值。LTE还无法开通使用 不知道体验如何。
物美价廉，比超市划算，推荐购买~,物美价廉 比超市划算 推荐购买 
快递很快，质量很好，价格合适满意,快递很快 质量很好 价格合适满意
不错，电池可以支持2-3天，每天运动有点动力了,不错 电池可以支持#NUM#-#NUM#天 每天运动有点动力了
很好不错，质量很好，快递很快，很满意,很好不错 质量很好 快递很快 很满意
买了不咋会用，深度功能还没挖掘呢,买了不咋会用 深度功能还没挖掘呢
哈哈哈 用了不错 健身挺好的  1111买的 划算,哈哈哈 用了不错 健身挺好的 #NUM#买的 划算
超级大的一个箱子  用着很好哟,超级大的一个箱子 用着很好哟
正品，行货，到货速度很快～ 用起来也很方便～,正品 行货 到货速度很快  用起来也很方便 
双十一买的，期待好久了，比官网便宜不到三百，京东速度就是快，体验很好,双十一买的 期待好久了 比官网便宜不到三百 京东速度就是快 体验很好
快递真快 而且原价。,快递真快 而且原价。
物流很快很准时，东西不错,物流很快很准时 东西不错
42毫米果然有点大，小手腕38够了，虽然说为了屏幕大分辨率高点，但其实太大了不好看，买了蜂窝数据版的，就是还不能开通，搭配7使用毫无压力，速度快，配了替换表带，不然真戴不上，其他功能还在适用，最常用心率，发微信消息，接打电话不能离手机太远，总之很不错。,#NUM#毫米果然有点大 小手腕#NUM#够了 虽然说为了屏幕大分辨率高点 但其实太大了不好看 买了蜂窝数据版的 就是还不能开通 搭配#NUM#使用毫无压力 速度快 配了替换表带 不然真戴不上 其他功能还在适用 最常用心率 发微信消息 接打电话不能离手机太远 总之很不错。
非常实用，只可惜北京还没有开通微网络服务，期待开通,非常实用 只可惜北京还没有开通微网络服务 期待开通
购物上京东，省钱又轻松,购物上京东 省钱又轻松
非常不错的设备，我非常喜欢，就是功能要多学习学习,非常不错的设备 我非常喜欢 就是功能要多学习学习
物有所值,物有所值
总体来说还是不错，物流真是快的一匹,总体来说还是不错 物流真是快的一匹
还不错啊！！！！帅气死了！42毫米的还是感觉有点小。不知道那些2998怎么买的。我是3088买的,还不错啊！帅气死了 #NUM#毫米的还是感觉有点小。不知道那些#NUM#怎么买的。我是#NUM#买的
京东自营一如既往的服务好速度快,京东自营一如既往的服务好速度快
送货速度很快给个好评吧,送货速度很快给个好评吧
东西还是很好的，搭配airpods，运动的时候真心方便，可惜蜂窝数据还不能用，超级期待。唯一不爽的是6号-8号可以用券的时候没货，不是在那时候买的只能用其他券，还好提前买了，所以还是觉得有点坑&hellip;&hellip;为这个扣一星。,东西还是很好的 搭配airpods 运动的时候真心方便 可惜蜂窝数据还不能用 超级期待。唯一不爽的是#NUM#号-#NUM#号可以用券的时候没货 不是在那时候买的只能用其他券 还好提前买了 所以还是觉得有点坑 hellip  hellip 为这个扣一星。
包装不错用的也还行,包装不错用的也还行
不错，值得购买，京东品质值得信赖。方便快捷。,不错 值得购买 京东品质值得信赖。方便快捷。
目前用正常,目前用正常
宝贝挺不错的。就是老是处于缺货状态。这个要改善一下,宝贝挺不错的。就是老是处于缺货状态。这个要改善一下
东西是好东西，就是了几天之后可以领券减120，不爽。,东西是好东西 就是了几天之后可以领券减#NUM# 不爽。
非常好，转天就到货了 ！支持京东 还是不错的 ！！整体感觉非常好！！希望蜂窝技术快点开展！！！,非常好 转天就到货了  支持京东 还是不错的 ！整体感觉非常好！希望蜂窝技术快点开展！
用着很不错，太棒了，一下子方便了很多！,用着很不错 太棒了 一下子方便了很多 
观望了几代，终于忍不住买下来了，用起来真不错，续航也比较满意。,观望了几代 终于忍不住买下来了 用起来真不错 续航也比较满意。
用用看吧，应该不错的,用用看吧 应该不错的
功能强大，美观大方，蜂窝版早点可用就更好了,功能强大 美观大方 蜂窝版早点可用就更好了
发货速度快，服务好，东西也很喜欢,发货速度快 服务好 东西也很喜欢
第一次买苹果手表，本来是冲着窝峰去的，到现在还没开通有点失望，还没买的可以继续观望或者买GPS，少了主打功能和gps版功能上几乎没什么差别，还可以节省一笔费用。不会用它去听音乐，电已经不够用了。手表装比不错，和手机匹配也很好很快，平时用来运动的还ok，跑步就不完美了还得专业手表。续航比我期望的已经好太多，虽然也只是一天而已，重度使用另计，不过我已经很满足了。一下又配了5个颜色表带做换搭。总结还是希望能尽早开通窝峰，至今还在宠幸中未弃入冷宫～,第一次买苹果手表 本来是冲着窝峰去的 到现在还没开通有点失望 还没买的可以继续观望或者买GPS 少了主打功能和gps版功能上几乎没什么差别 还可以节省一笔费用。不会用它去听音乐 电已经不够用了。手表装比不错 和手机匹配也很好很快 平时用来运动的还ok 跑步就不完美了还得专业手表。续航比我期望的已经好太多 虽然也只是一天而已 重度使用另计 不过我已经很满足了。一下又配了#NUM#个颜色表带做换搭。总结还是希望能尽早开通窝峰 至今还在宠幸中未弃入冷宫 
快递员工作认真负责，物廉价美，性价比高，效果一流！,快递员工作认真负责 物廉价美 性价比高 效果一流 
还凑活吧不建议买还是买gps的吧,还凑活吧不建议买还是买gps的吧
非常时尚，功能强大。不错的一款产品,非常时尚 功能强大。不错的一款产品
这是我帮我们同事买的，最新款，手表，他是个过分，京东快递，物流相当快，给你32个赞。,这是我帮我们同事买的 最新款 手表 他是个过分 京东快递 物流相当快 给你#NUM#个赞。
非常不错，值得入手?,非常不错 值得入手 
好看的手表，APP反应快能接拨电话，还能换表带，最后一个小提示，蜂窝版不是一直蜂窝待机，而是手机和手表相近时优先蓝牙，超出范围才启用蜂窝并在表盘中间出现小点点显示。对了，买了AW后最好买个AirPods绝配啊,好看的手表 APP反应快能接拨电话 还能换表带 最后一个小提示 蜂窝版不是一直蜂窝待机 而是手机和手表相近时优先蓝牙 超出范围才启用蜂窝并在表盘中间出现小点点显示。对了 买了AW后最好买个AirPods绝配啊
发货速度慢了点说没货.正品碧官方便宜 质量挺好的.信赖京东自营....双十一购买的价格也很划算.,发货速度慢了点说没货 正品碧官方便宜 质量挺好的 信赖京东自营。双十一购买的价格也很划算 
11.11买的，价格实惠,#NUM# #NUM#买的 价格实惠
非常漂亮，功能强大，做工精致，大赞！,非常漂亮 功能强大 做工精致 大赞 
东西好用大品牌信得过。好评。,东西好用大品牌信得过。好评。
我的手腕比较小，苹果还附带一根小的腕带，赞一个,我的手腕比较小 苹果还附带一根小的腕带 赞一个
给老公买的生日礼物，主要冲着蜂窝数据来的，不知道什么时候可以开通使用,给老公买的生日礼物 主要冲着蜂窝数据来的 不知道什么时候可以开通使用
给女朋友买的女朋友很喜欢，但是这个东西真不是很好用！同步功能，感觉也不是那么顺畅。苹果药丸啊。,给女朋友买的女朋友很喜欢 但是这个东西真不是很好用 同步功能 感觉也不是那么顺畅。苹果药丸啊。
还可以牛皮就是包装,还可以牛皮就是包装
这个表比一代的确多出了很多功能，不错。,这个表比一代的确多出了很多功能 不错。
收到个超大的小米的盒子，不知道是出于什么，我拿进公司同事都说，你也会买小米的产品？不过Apple Watch3真的是很不错，远远甩出Fitbit，毕竟和手机的互动性很强,收到个超大的小米的盒子 不知道是出于什么 我拿进公司同事都说 你也会买小米的产品 不过Apple Watch#NUM#真的是很不错 远远甩出Fitbit 毕竟和手机的互动性很强
好玩意 就是辽宁现在还不支持蜂窝 半夜下单第二天早上到 终于集齐苹果四大元了 ipad iphone和手表都是京东 iPad在京东买了三个 我东没毛病,好玩意 就是辽宁现在还不支持蜂窝 半夜下单第二天早上到 终于集齐苹果四大元了 ipad iphone和手表都是京东 iPad在京东买了三个 我东没毛病
心仪iWatch很久 就等双11看有没有降价和活动  对于新品来说没想到还有满减和优惠券折扣  操作比较流畅  待机时间不太用也就三天吧  不过已经很满足了,心仪iWatch很久 就等双#NUM#看有没有降价和活动 对于新品来说没想到还有满减和优惠券折扣 操作比较流畅 待机时间不太用也就三天吧 不过已经很满足了
非常好，反应也快,非常好 反应也快
赞赞赞,赞赞赞
东西不错，性价比高的,东西不错 性价比高的
买来送给朋友的，他非常喜欢，刚开始不会手机配对，问客户她很耐心的帮我们解决了。,买来送给朋友的 他非常喜欢 刚开始不会手机配对 问客户她很耐心的帮我们解决了。
超可爱哦 粉色很喜欢 期待接下来的使用,超可爱哦 粉色很喜欢 期待接下来的使用
我给自己买的，挺不错，终于等到三了，不过还是没有蜂窝功能，运营商没有提供，独立想打电话慎重拍下,我给自己买的 挺不错 终于等到三了 不过还是没有蜂窝功能 运营商没有提供 独立想打电话慎重拍下
价格便宜   物流速度快,价格便宜 物流速度快
不错  该有的功能都有了  坐等运营商功能出来就能打电话咯,不错 该有的功能都有了 坐等运营商功能出来就能打电话咯
很好。送人是没拆。,很好。送人是没拆。
挺好的，功能还在熟悉中,挺好的 功能还在熟悉中
苹果还是很不错的，功能还在摸索中,苹果还是很不错的 功能还在摸索中
还不错，可惜不支持移动的............,还不错 可惜不支持移动的。
很好啊，帮朋友买的，希望功能越来越多,很好啊 帮朋友买的 希望功能越来越多
用上了，特价买的，感觉很值。,用上了 特价买的 感觉很值。
这个商品关注了很久，这是第一块智能手表，很满意，京东的快递包装没得说，一直都做的很好，送货速度也很快,这个商品关注了很久 这是第一块智能手表 很满意 京东的快递包装没得说 一直都做的很好 送货速度也很快
首先能把GPS，蜂窝网络，无线充电等技术集合到这么小的一个壳里本身就不是件容易的事，只当作一块表的话还是蛮不错的，待机两天，功能相对于手机还是没法比的，如果想买来切实使用的话，还是考虑一下的好，如果果粉或者娱乐的话，还有装逼哈哈，可以下手,首先能把GPS 蜂窝网络 无线充电等技术集合到这么小的一个壳里本身就不是件容易的事 只当作一块表的话还是蛮不错的 待机两天 功能相对于手机还是没法比的 如果想买来切实使用的话 还是考虑一下的好 如果果粉或者娱乐的话 还有装逼哈哈 可以下手
手表到了，最开始显示的是18号到，结果19号到的，东西很好，要是京东能赠送一张贴膜就更好了，手机开蓝牙以后耗电太快了,手表到了 最开始显示的是#NUM#号到 结果#NUM#号到的 东西很好 要是京东能赠送一张贴膜就更好了 手机开蓝牙以后耗电太快了
带着那是相当不错,带着那是相当不错
东西收到了，非常喜欢?。就喜欢京东，随时满足我的需求！,东西收到了 非常喜欢 。就喜欢京东 随时满足我的需求 
谢谢老公送的表，我很喜欢！京东快递很给力，第二天就到了！商品没问题，其他功能暂待研究中。,谢谢老公送的表 我很喜欢 京东快递很给力 第二天就到了 商品没问题 其他功能暂待研究中。
首先表扬京东的快速！不到12小时就送到了，运动款的包装是长条形的，没有所谓的&ldquo;高端感&rdquo;，但是该有的都有，手表上手不错好评！,首先表扬京东的快速 不到#NUM#小时就送到了 运动款的包装是长条形的 没有所谓的 ldquo 高端感 rdquo  但是该有的都有 手表上手不错好评 
手表收到了，非常满意，颜值高，有iphone在的情况下，各种能力强，续航的话，两天，希望esim快点开通，期待3的表现。,手表收到了 非常满意 颜值高 有iphone在的情况下 各种能力强 续航的话 两天 希望esim快点开通 期待#NUM#的表现。
不错，表带的材质很喜欢,不错 表带的材质很喜欢
很好，很不错，苹果的东西一如既往的好，就是价格小贵,很好 很不错 苹果的东西一如既往的好 就是价格小贵
质感一流！用来监督自己健身很不错！,质感一流 用来监督自己健身很不错 
不错，非常喜欢,不错 非常喜欢
很棒很棒棒,很棒很棒棒
不错，逼格很高，老婆很喜欢，喜欢能够尽快支持电话功能，这样可以更方便一点,不错 逼格很高 老婆很喜欢 喜欢能够尽快支持电话功能 这样可以更方便一点
还不错，就是还没弄明白回复微信的时候说的话转换不了中文，全是类似英文的一些东西，虽然看不懂！！！,还不错 就是还没弄明白回复微信的时候说的话转换不了中文 全是类似英文的一些东西 虽然看不懂！
说实话，如果不是双十一买来的，货又不多，我真想退掉！一个手表，直接就拿最简单的塑料袋裹一下寄过来了，是什么情况？这就是京东的物流服务吗？还好苹果的包装过硬，外包装已经被磕成那样了！不高兴！真的不高兴！,说实话 如果不是双十一买来的 货又不多 我真想退掉 一个手表 直接就拿最简单的塑料袋裹一下寄过来了 是什么情况 这就是京东的物流服务吗 还好苹果的包装过硬 外包装已经被磕成那样了 不高兴 真的不高兴 
果粉一位，很喜欢苹果的手机和手表。屏幕上有些污渍，用眼镜布擦了一下，幸好不是划痕。苹果供应商最好发货前查验一下。,果粉一位 很喜欢苹果的手机和手表。屏幕上有些污渍 用眼镜布擦了一下 幸好不是划痕。苹果供应商最好发货前查验一下。
还可以 就是没赶上促销多花了几百块,还可以 就是没赶上促销多花了几百块
物流很快，第二天就到了。有点疑问的是盒子外面没有塑封包装,物流很快 第二天就到了。有点疑问的是盒子外面没有塑封包装
体验很好，值得信赖,体验很好 值得信赖
挺好用的，就是可惜还不可以开通数据。,挺好用的 就是可惜还不可以开通数据。
不错   目前不支持蜂窝移动有点可惜    希望运营商跟进吧   东西没什么话说的   包装还是苹果家族风格   整齐    盒子刚拿到很重   吓了    充电头很重   表的重量还行,不错 目前不支持蜂窝移动有点可惜 希望运营商跟进吧 东西没什么话说的 包装还是苹果家族风格 整齐 盒子刚拿到很重 吓了 充电头很重 表的重量还行
送朋友的，朋友收到后非常满意！,送朋友的 朋友收到后非常满意 
挺好的.关注很久了.有一些提醒还不太到位.慢慢体验再追加，！！！！,挺好的 关注很久了 有一些提醒还不太到位 慢慢体验再追加 ！
除了粉色有点娘炮..其他还好....,除了粉色有点娘炮  其他还好。
很好用也很漂亮的。质量也不错。非常满意的！！！！！,很好用也很漂亮的。质量也不错。非常满意的！
非常方便，配合微信使用，很好用，待机时间也很长,非常方便 配合微信使用 很好用 待机时间也很长
好评吧，商品非常满意但延迟一天送货，显示商品有现货并表明第二天送达，结果付了款就提示本地无货正在从外地调货，大了说这其实就是欺诈消费者，商家的诚信呢？并且不是直送到我手里，很不负责的放小区云柜了，真的无语，太不负责任了！对京东越来越失望&hellip;&hellip;,好评吧 商品非常满意但延迟一天送货 显示商品有现货并表明第二天送达 结果付了款就提示本地无货正在从外地调货 大了说这其实就是欺诈消费者 商家的诚信呢 并且不是直送到我手里 很不负责的放小区云柜了 真的无语 太不负责任了 对京东越来越失望 hellip  hellip 
非常精致,非常精致
第一次启动配对后，米奇不报时，所以设置都设置好了，没有静音，Siri也没声音。第二次重新配对，打开了设置里的朗读屏幕，在关闭，所有声音都有了。这个好像是个bug啊！总体感觉很不错。升级了4.1系统。电量估计用2天没问题。,第一次启动配对后 米奇不报时 所以设置都设置好了 没有静音 Siri也没声音。第二次重新配对 打开了设置里的朗读屏幕 在关闭 所有声音都有了。这个好像是个bug啊 总体感觉很不错。升级了#NUM# #NUM#系统。电量估计用#NUM#天没问题。
冲着蜂窝网络买的，静等开通吧，换个表链更显档次。,冲着蜂窝网络买的 静等开通吧 换个表链更显档次。
从发布到现在心心念念了好久，双十一趁活动价拿下，昨天还去开通了esim服务，美滋滋,从发布到现在心心念念了好久 双十一趁活动价拿下 昨天还去开通了esim服务 美滋滋
东西还算不错，京东自营没有让我失望，质量和物流都非常给力！下次还会选择京东，赞！,东西还算不错 京东自营没有让我失望 质量和物流都非常给力 下次还会选择京东 赞 
长草已久的产品，本来准备等大陆开通蜂窝业务再入手的，但实在无法无视1111的优惠，提前拔草了。使用感觉不错，特别是通知功能，我本身工作时经常各个办公室间来回跑，所以不怎么带手机，将来能独立通话了才完美,长草已久的产品 本来准备等大陆开通蜂窝业务再入手的 但实在无法无视#NUM#的优惠 提前拔草了。使用感觉不错 特别是通知功能 我本身工作时经常各个办公室间来回跑 所以不怎么带手机 将来能独立通话了才完美
心水很久了，双十一顺利拔草，42的还是有点大，另外就是还不支持lte，之前说年底三大运营商都要上线，也不知道行不行,心水很久了 双十一顺利拔草 #NUM#的还是有点大 另外就是还不支持lte 之前说年底三大运营商都要上线 也不知道行不行
质量可以，没发现applewatch这么多版本啊，受教受教,质量可以 没发现applewatch这么多版本啊 受教受教
外观漂亮  密封严实，质量上乘 我很喜欢,外观漂亮 密封严实 质量上乘 我很喜欢
送老公的。买的时候不到三千。还送了一个眼镜。,送老公的。买的时候不到三千。还送了一个眼镜。
不错，第一次用的不习惯。,不错 第一次用的不习惯。
好看，好用,好看 好用
京东快递还是比较快，包装还行，东西挺好用的，如果特价更多就更好,京东快递还是比较快 包装还行 东西挺好用的 如果特价更多就更好
非常不错 功能正在慢慢适应,非常不错 功能正在慢慢适应
除了表面有点小之外，其他都很好，值得购买！！！,除了表面有点小之外 其他都很好 值得购买！
很完美的东西。,很完美的东西。
一般般啦&hellip;&hellip;&hellip;&hellip;,一般般啦 hellip  hellip  hellip  hellip 
做预售的时候便宜二十买的，用的还好，防水。好看。42的其实不大。,做预售的时候便宜二十买的 用的还好 防水。好看。#NUM#的其实不大。
坐等电信发力！,坐等电信发力 
非常好非常好非常好非常好,非常好非常好非常好非常好
到手使用一个星期，很满意，双十一特价二九九七买的，比原价便宜了500，相信至少半年内是跌不到这个价格了,到手使用一个星期 很满意 双十一特价二九九七买的 比原价便宜了#NUM# 相信至少半年内是跌不到这个价格了
体验：首先各方面都很流畅这个就不多说了，不管是摸上去还是用起来那种如丝般顺滑的感觉你懂的～续航上呢我的佩戴一晚上大概会消耗百分之五左右的电量，最少一晚是消耗百分之二，遇到过最多一晚消耗百分之八的，然后再使用一白天大概剩余50至70的电量，所以续航正常使用应该能用两天的样子，这个是在目前还没使用蜂窝数据的时候，可能晚些时候开通蜂窝数据会有所改变，但是正常用一天应该是没多大问题滴。另外在使用中有两个小意外，一个是第一次连接AirPods 的时候总是连不上，后来把手机和AirPods 的连接关了以后才连接上。另一个是米奇和米妮的报时问题，一开始并不报时，询问客服后告知需要断开和手机的连接再单独连接无线网并保持连接充电器的状态然后等待15分钟，但是一开始并没有效果，直到第二天晚上重启以后才意外发现米奇能报时了！！！surprise ～,体验 首先各方面都很流畅这个就不多说了 不管是摸上去还是用起来那种如丝般顺滑的感觉你懂的 续航上呢我的佩戴一晚上大概会消耗百分之五左右的电量 最少一晚是消耗百分之二 遇到过最多一晚消耗百分之八的 然后再使用一白天大概剩余#NUM#至#NUM#的电量 所以续航正常使用应该能用两天的样子 这个是在目前还没使用蜂窝数据的时候 可能晚些时候开通蜂窝数据会有所改变 但是正常用一天应该是没多大问题滴。另外在使用中有两个小意外 一个是第一次连接AirPods 的时候总是连不上 后来把手机和AirPods 的连接关了以后才连接上。另一个是米奇和米妮的报时问题 一开始并不报时 询问客服后告知需要断开和手机的连接再单独连接无线网并保持连接充电器的状态然后等待#NUM#分钟 但是一开始并没有效果 直到第二天晚上重启以后才意外发现米奇能报时了！surprise  
感觉很不错!喜欢苹果的东西!舒服舒服,感觉很不错 喜欢苹果的东西 舒服舒服
不错哎，自己是ios10.3的系统，不能匹配iwatch，只能升级了,不错哎 自己是ios#NUM# #NUM#的系统 不能匹配iwatch 只能升级了
京东挺给力2017.11.16 20:18下单，今天上午9:30就收到了，京东物流团队太给力了，佩戴挺舒服的，就是蜂窝数据不能用。,京东挺给力#NUM# #NUM# #NUM# #NUM# #NUM#下单 今天上午#NUM# #NUM#就收到了 京东物流团队太给力了 佩戴挺舒服的 就是蜂窝数据不能用。
苹果的产品就是这么简洁大方。买一款产品当作生活的润滑剂，不然生活真的蛮无聊的。其他各方面正在使用中，app还是挺少的，esim 卡也还在路上 总之实用性不太大吧！到手之后立即去楼下游泳池试了一下 防水挺不错的，在水里也可以看到屏幕，很 nice 总之喜欢就入手吧，实用性还是有待提升的。,苹果的产品就是这么简洁大方。买一款产品当作生活的润滑剂 不然生活真的蛮无聊的。其他各方面正在使用中 app还是挺少的 esim 卡也还在路上 总之实用性不太大吧 到手之后立即去楼下游泳池试了一下 防水挺不错的 在水里也可以看到屏幕 很 nice 总之喜欢就入手吧 实用性还是有待提升的。
还不错，就是快递有些慢了，不过服务倒是挺好&hellip;,还不错 就是快递有些慢了 不过服务倒是挺好 hellip 
用着还可以，就是想用蜂窝，什么时候能有啊,用着还可以 就是想用蜂窝 什么时候能有啊
物流很快，价格也很安逸,物流很快 价格也很安逸
很不错，反应也快，就是不能离开手机,很不错 反应也快 就是不能离开手机
精致，物流超快，还没有激活。,精致 物流超快 还没有激活。
还不能单独打电话 表带超级容易脏 才带了不到一个月 我已经准备换表带了 现在这个表对于我来说基本就是提醒我接电话 建议与airpods一起入 apple watch +airpods才是未来 iPhone不是,还不能单独打电话 表带超级容易脏 才带了不到一个月 我已经准备换表带了 现在这个表对于我来说基本就是提醒我接电话 建议与airpods一起入 apple watch  airpods才是未来 iPhone不是
带了一个月了，总体感觉还不错，开车时接电话挺方便的，如果尽快能支持手机手表分离接电话就好了。,带了一个月了 总体感觉还不错 开车时接电话挺方便的 如果尽快能支持手机手表分离接电话就好了。
一直忘了买个苹果表，买个玩玩，没啥用,一直忘了买个苹果表 买个玩玩 没啥用
还不错 跟想象中的差不多 就是移动蜂窝还不能用 不知道要等到什么时候,还不错 跟想象中的差不多 就是移动蜂窝还不能用 不知道要等到什么时候
货收到了，满怀期待打开一看是国行正品。很值得购买。,货收到了 满怀期待打开一看是国行正品。很值得购买。
老婆很是喜欢，双十一价格很给力,老婆很是喜欢 双十一价格很给力
大小合小小的手 不会用 关不了机,大小合小小的手 不会用 关不了机
好东东，价格双十一不错，就是esim还不能用,好东东 价格双十一不错 就是esim还不能用
苹果产品就是不一样，做工精细，包装盒用料很足。手表分量十足。高大上，价格也是比较贵，因为是新品所以没有多大优惠活动。,苹果产品就是不一样 做工精细 包装盒用料很足。手表分量十足。高大上 价格也是比较贵 因为是新品所以没有多大优惠活动。
不错。就是离了手机还不能打电话,不错。就是离了手机还不能打电话
很喜欢。功能在熟悉中。希望运营商尽快开通蜂窝功能。,很喜欢。功能在熟悉中。希望运营商尽快开通蜂窝功能。
手表拿到后发现用不了，然后又去买了个苹果手机，总体用起来还不错，很方便，网络还不能用。,手表拿到后发现用不了 然后又去买了个苹果手机 总体用起来还不错 很方便 网络还不能用。
满怀期待的买了  上手真的还是很好看,满怀期待的买了 上手真的还是很好看
给朋友买的，天天带着装逼,给朋友买的 天天带着装逼
确实蛮漂亮,确实蛮漂亮
很喜欢很好用，就是双十一居然忘记下单了嘤嘤嘤,很喜欢很好用 就是双十一居然忘记下单了嘤嘤嘤
戴快有一个月了，嗯，感觉质量还不错,戴快有一个月了 嗯 感觉质量还不错
手表还可以吧，贴了膜，,手表还可以吧 贴了膜 
新一代，方便，手机有的功能，它具备不少,新一代 方便 手机有的功能 它具备不少
个人感觉做工不够精致，收到的这台上面白板边缘还有似被撬到的痕迹，这个价位不应该只是这样的质量。最近天气不会潮湿，没办法试下效果，只好放阳台关上窗户试下干衣效果，设定低风6小时，干衣效果还可以，水箱大概有5分之一的水，如果水箱是透明可视会比较方便，这样不用每次都要拆开来看。还有噪音较大，关上玻璃门在房间还能听到跟排风扇声音，,个人感觉做工不够精致 收到的这台上面白板边缘还有似被撬到的痕迹 这个价位不应该只是这样的质量。最近天气不会潮湿 没办法试下效果 只好放阳台关上窗户试下干衣效果 设定低风#NUM#小时 干衣效果还可以 水箱大概有#NUM#分之一的水 如果水箱是透明可视会比较方便 这样不用每次都要拆开来看。还有噪音较大 关上玻璃门在房间还能听到跟排风扇声音 
不错，就是现在运营商还不支持,不错 就是现在运营商还不支持
等了一个多礼拜才送到手，不过很是不错的了，哈哈哈哈，很棒。,等了一个多礼拜才送到手 不过很是不错的了 哈哈哈 很棒。
非常好 很满意,非常好 很满意
非常满意、很喜欢,非常满意、很喜欢
感覺很不錯，一直都很想要的了，雙十一就剁下來了,感覺很不錯 一直都很想要的了 雙十一就剁下來了
忍不住终于出手了，挺好用的，铝合金是挺轻的,忍不住终于出手了 挺好用的 铝合金是挺轻的
38mm感觉够了，我比较瘦,#NUM#mm感觉够了 我比较瘦
特意用了一段时间评价的，以前一直用Fitbit hr的，可是一直脱胶，这次的苹果表应该不会了。,特意用了一段时间评价的 以前一直用Fitbit hr的 可是一直脱胶 这次的苹果表应该不会了。
很不错，东西很好用，下次会再来,很不错 东西很好用 下次会再来
第三代感觉很给力，续航也优于前面2代，不过暂时无法体验LTE功能，不知道年末什么时候才能开启,第三代感觉很给力 续航也优于前面#NUM#代 不过暂时无法体验LTE功能 不知道年末什么时候才能开启
挺好的，就是待机时间一天多,挺好的 就是待机时间一天多
非常不错，做了很多的优化。,非常不错 做了很多的优化。
虽然买的时候没有用12期免息但无所谓啦 用了plus送的减211的券还是很值等我,虽然买的时候没有用#NUM#期免息但无所谓啦 用了plus送的减#NUM#的券还是很值等我
挺好用的，功能不会的还得自己研究，苹果客服对我来说有点低能，手表反应比想象中快一点，对我来说够用了，就是太难看了，而且现在蜂窝功能还没开放，等开房了，估计我会再玩一会,挺好用的 功能不会的还得自己研究 苹果客服对我来说有点低能 手表反应比想象中快一点 对我来说够用了 就是太难看了 而且现在蜂窝功能还没开放 等开房了 估计我会再玩一会
有了她少了漏接电话、有了她多了运动、有了她看时间更方便、有了她定闹钟方便、有了她多了提醒、有了她......。希望早些开通蜂窝功能。,有了她少了漏接电话、有了她多了运动、有了她看时间更方便、有了她定闹钟方便、有了她多了提醒、有了她。希望早些开通蜂窝功能。
期待联通赶快开通网络服务，也不知道年底能用上不？,期待联通赶快开通网络服务 也不知道年底能用上不 
看了很久才下决心买的。还是有点用。不错&hellip;&hellip;,看了很久才下决心买的。还是有点用。不错 hellip  hellip 
从第一代出来就一直关注，直到今年的蜂窝版来了才下定决心拿下，虽然还有很多期待在未来得以改进强化的地方，但两三天的使用后，甚是满意。,从第一代出来就一直关注 直到今年的蜂窝版来了才下定决心拿下 虽然还有很多期待在未来得以改进强化的地方 但两三天的使用后 甚是满意。
一代用了两年，换三代，因为有游泳监测，有蜂窝数据，期待,一代用了两年 换三代 因为有游泳监测 有蜂窝数据 期待
3代不管是反应速度还是续航都很赞,#NUM#代不管是反应速度还是续航都很赞
app 点击秒开，续航 轻度使用20%-30%每天，中度50%每天，基本可以做到两天一冲。,app 点击秒开 续航 轻度使用#NUM# -#NUM# 每天 中度#NUM# 每天 基本可以做到两天一冲。
主要用来记录运用数据及健康数据，以及消息提醒。蜂窝功能坐等联通开放。,主要用来记录运用数据及健康数据 以及消息提醒。蜂窝功能坐等联通开放。
啥时候能用SIM卡功能就好了 很好很强大 锻炼身体用,啥时候能用SIM卡功能就好了 很好很强大 锻炼身体用
双十一当天比较优惠,双十一当天比较优惠
等到苹果出第四代手表才出手，这一代的提升巨大，加入了LTE功能虽然运营商还没放开，S3双核处理器，W2无线芯片，使得运行速度大大提升，电量续航比上代提升一倍，亲测能用2天多。双十一京东特价3388，每满500减30，普拉斯会员满3000减211券，外加510元京豆全部用上，最终2500不到的价钱买上了LTE42MM版，后面还花50多买了个原厂延保一年，觉得很划算了！,等到苹果出第四代手表才出手 这一代的提升巨大 加入了LTE功能虽然运营商还没放开 S#NUM#双核处理器 W#NUM#无线芯片 使得运行速度大大提升 电量续航比上代提升一倍 亲测能用#NUM#天多。双十一京东特价#NUM# 每满#NUM#减#NUM# 普拉斯会员满#NUM#减#NUM#券 外加#NUM#元京豆全部用上 最终#NUM#不到的价钱买上了LTE#NUM#MM版 后面还花#NUM#多买了个原厂延保一年 觉得很划算了 
物流很快，手表很棒，对比第一代明显速度上去了，而且铝制的轻了许多，更适合运动，满意的购物体验！,物流很快 手表很棒 对比第一代明显速度上去了 而且铝制的轻了许多 更适合运动 满意的购物体验 
真不错很喜欢,真不错很喜欢
很好 是正品 未拆封 12期分期免息 比官网舒服,很好 是正品 未拆封 #NUM#期分期免息 比官网舒服
先试试,先试试
快递员服务态度很好。手表吗也还可以。毕竟只是电子表。,快递员服务态度很好。手表吗也还可以。毕竟只是电子表。
忠实苹果粉  感觉很好用  打电话毫不费力  很喜欢,忠实苹果粉 感觉很好用 打电话毫不费力 很喜欢
42的没了 结果买38也正好。喜欢的&hellip;等下试试看,#NUM#的没了 结果买#NUM#也正好。喜欢的 hellip 等下试试看
表是好表，跑步的动力，可惜离开手机还打不了电话，一个表等于我家三辆法拉利跑车了,表是好表 跑步的动力 可惜离开手机还打不了电话 一个表等于我家三辆法拉利跑车了
jd的物流绝对没话说，apple watch3 也是不错。,jd的物流绝对没话说 apple watch#NUM# 也是不错。
非专业跑步爱好者，是时候送自己一个礼物,非专业跑步爱好者 是时候送自己一个礼物
用了一段时间感觉还可以，就是移动联通还没开通这个打电话的功能,用了一段时间感觉还可以 就是移动联通还没开通这个打电话的功能
使用了一些日子挺好的，方便！坐等移动卡,使用了一些日子挺好的 方便 坐等移动卡
除了发票出了点小插曲（已经解决），其他都好，生日礼物，用得满意！,除了发票出了点小插曲 已经解决  其他都好 生日礼物 用得满意 
双十一买的，感觉很划算，第一次使用，很方便，等蜂窝数据开通就更好了。,双十一买的 感觉很划算 第一次使用 很方便 等蜂窝数据开通就更好了。
还可以，发货快，收获也快。只是包装有点呵呵。目前还在测试中。,还可以 发货快 收获也快。只是包装有点呵呵。目前还在测试中。
手表很好用~~~测心跳 消息推送 短信推送  接电话  看股指数~~~给我生活带来了便利,手表很好用   测心跳 消息推送 短信推送 接电话 看股指数   给我生活带来了便利
非常不错的。,非常不错的。
苹果品质没得说，功能慢慢摸索，期待运营商给点力,苹果品质没得说 功能慢慢摸索 期待运营商给点力
挺好，双11买的2988，42的蜂窝版,挺好 双#NUM#买的#NUM# #NUM#的蜂窝版
东西非常好，送货相当快,东西非常好 送货相当快
为了获得金豆，我也是拼了,为了获得金豆 我也是拼了
终于拔草了，还在探索中！,终于拔草了 还在探索中 
手表不错 就是还不能脱离打电话,手表不错 就是还不能脱离打电话
给个好评，送的速度超快，挺喜欢,给个好评 送的速度超快 挺喜欢
双十一抢购的，比平时优惠不少，幸亏下单快，不然抢不到了，到手很满意，做工不错，使用方便,双十一抢购的 比平时优惠不少 幸亏下单快 不然抢不到了 到手很满意 做工不错 使用方便
长草很久，终于趁双十一下手，优惠加券入手估计再难有这种优惠了。各种功能达到预期，非常满意。当然只是这么小屏幕的智能手表一块，期待也不能太高。电量终究是个问题，省着点用两天，运动多或者提醒多也就一天，这还是新表。当跑表估计有点难撑的住，简单锻炼应该没问题。总体很满意。,长草很久 终于趁双十一下手 优惠加券入手估计再难有这种优惠了。各种功能达到预期 非常满意。当然只是这么小屏幕的智能手表一块 期待也不能太高。电量终究是个问题 省着点用两天 运动多或者提醒多也就一天 这还是新表。当跑表估计有点难撑的住 简单锻炼应该没问题。总体很满意。
好好好，就等运营商开放了,好好好 就等运营商开放了
看了很久，双十一下手了，用了几天感觉挺好。,看了很久 双十一下手了 用了几天感觉挺好。
送货速度快，除了现在用不了蜂窝其他都挺好的，定位不打开的话不是很费电。,送货速度快 除了现在用不了蜂窝其他都挺好的 定位不打开的话不是很费电。
这款手表只待开通GPS就完美了,这款手表只待开通GPS就完美了
还不错，价格可以再优惠一些就更好了。,还不错 价格可以再优惠一些就更好了。
可以的！点赞！很喜欢！,可以的 点赞 很喜欢 
"东西不错,还不错,挺好",东西不错 还不错 挺好
apple watch 3真的很棒，正品是真的，,apple watch #NUM#真的很棒 正品是真的 
还没开始使用，送人的,还没开始使用 送人的
啥也不说了，大爱啊，我特意去购买了一条陶瓷表带立马提升了档次！完美！,啥也不说了 大爱啊 我特意去购买了一条陶瓷表带立马提升了档次 完美 
给朋友买的，他很满意,给朋友买的 他很满意
我为什么喜欢在京东买东西，因为今天买明天就可以送到。我为什么每个商品的评价都一样，因为在京东买的东西太多太多了，导致积累了很多未评价的订单，所以我统一用段话作为评价内容。京东购物这么久，有买到很好的产品，也有买到比较坑的产品，如果我用这段话来评价，说明这款产品没问题，至少85分以上，而比较不好的产品，我绝对不会偷懒到复制粘贴评价，我绝对会用心的差评，这样其他消费者在购买的时候会作为参考，会影响该商品销量，而商家也会因此改进商品质量。,我为什么喜欢在京东买东西 因为今天买明天就可以送到。我为什么每个商品的评价都一样 因为在京东买的东西太多太多了 导致积累了很多未评价的订单 所以我统一用段话作为评价内容。京东购物这么久 有买到很好的产品 也有买到比较坑的产品 如果我用这段话来评价 说明这款产品没问题 至少#NUM#分以上 而比较不好的产品 我绝对不会偷懒到复制粘贴评价 我绝对会用心的差评 这样其他消费者在购买的时候会作为参考 会影响该商品销量 而商家也会因此改进商品质量。
戴着不错，挺有感觉的，功能很强大，就坐等电信商支持独立电话功能。,戴着不错 挺有感觉的 功能很强大 就坐等电信商支持独立电话功能。
反应很快很喜欢就是蜂窝数据还不能用，不知道啥时候推出，买个带着好看。,反应很快很喜欢就是蜂窝数据还不能用 不知道啥时候推出 买个带着好看。
看了好久，本来官网订的，刚好遇到双十一活动，还用了张3000-211的券，果断下单了,看了好久 本来官网订的 刚好遇到双十一活动 还用了张#NUM#-#NUM#的券 果断下单了
App功能都很简单，但相比于其他的智能手表，苹果已经做得很不错了，现在还不能用蜂窝，待机差不多可以用个2天,App功能都很简单 但相比于其他的智能手表 苹果已经做得很不错了 现在还不能用蜂窝 待机差不多可以用个#NUM#天
昨天下的单 今天就到了 速度很快 东西很漂亮 很喜欢 不过直接用个袋子装有点简陋啊 以后希望包个盒子。总体很好 第一次用的白条 很赞,昨天下的单 今天就到了 速度很快 东西很漂亮 很喜欢 不过直接用个袋子装有点简陋啊 以后希望包个盒子。总体很好 第一次用的白条 很赞
如果我这样评价了说明东西还不错，没有什么不好的,如果我这样评价了说明东西还不错 没有什么不好的
还好不错,还好不错
挺好的，双十一买的优惠力度挺大的，喜欢运动的非常值得入手！,挺好的 双十一买的优惠力度挺大的 喜欢运动的非常值得入手 
跟官网买的一样，便宜了几百还返豆，划算。,跟官网买的一样 便宜了几百还返豆 划算。
不错不错 相当方便 完全不会影响效率,不错不错 相当方便 完全不会影响效率
电量两天一充 还好就是还没有开通通话功能不是很满意,电量两天一充 还好就是还没有开通通话功能不是很满意
东西很快就收到了不错很喜欢的一件物品,东西很快就收到了不错很喜欢的一件物品
很好的表  但是不能用4g啊啊啊啊啊啊啊啊啊,很好的表 但是不能用#NUM#g啊啊啊
京东品质，值得信赖，一直以来每个月好几千都在京东买。,京东品质 值得信赖 一直以来每个月好几千都在京东买。
很好很好，毕竟苹果公司的产品，很好用哦。,很好很好 毕竟苹果公司的产品 很好用哦。
还没试用，刚收到。京东的东西应该可以信赖！继续支持！,还没试用 刚收到。京东的东西应该可以信赖 继续支持 
手表不错，接电话，看短信微信方便，就是没有什么膜可以贴，买的膜都贴不住，屏幕大家怎么保护的呢？求指教&hellip;&hellip;,手表不错 接电话 看短信微信方便 就是没有什么膜可以贴 买的膜都贴不住 屏幕大家怎么保护的呢 求指教 hellip  hellip 
终于买到了很炫酷 速度很快 好好研究,终于买到了很炫酷 速度很快 好好研究
非常好，配上x食用效果更佳！,非常好 配上x食用效果更佳 
跟想象的差不多 用起来也方便 就是不知道运营商什么时候开通蜂窝网,跟想象的差不多 用起来也方便 就是不知道运营商什么时候开通蜂窝网
很好用方便,很好用方便
非常好，包装一点问题没有。虽然比系统提示的到达时间晚一天，双11期间可以理解！,非常好 包装一点问题没有。虽然比系统提示的到达时间晚一天 双#NUM#期间可以理解 
东东很好，就是电池不耐用,东东很好 就是电池不耐用
苹果的东西还是不错的，就是对于我来说，功能不能很好的被展示，我就用了用简单功能，有点浪费了！哈哈！不过分期购买，还是不错的，没有太大压力！京东就是这么给力！,苹果的东西还是不错的 就是对于我来说 功能不能很好的被展示 我就用了用简单功能 有点浪费了 哈哈 不过分期购买 还是不错的 没有太大压力 京东就是这么给力 
送来好大一个箱子呀，手表没问题，期待移动蜂窝数据的开启，联通加油?,送来好大一个箱子呀 手表没问题 期待移动蜂窝数据的开启 联通加油 
东西收到了，非常喜欢，老公看到了也想要，所以又买了一个，另外双十一京东物流太给力了，比预计时间提前到了两天,东西收到了 非常喜欢 老公看到了也想要 所以又买了一个 另外双十一京东物流太给力了 比预计时间提前到了两天
商品非常满意，快递非常神速！,商品非常满意 快递非常神速 
搭配很完美,搭配很完美
双11活动买的。很划算。直接比官网便宜点，还可以免息分12期。这样买起就坦然多了。而且又买了简单得保险。可以放心使用两年。其次希望esim快点商用。不然就白多花斤千元了。,双#NUM#活动买的。很划算。直接比官网便宜点 还可以免息分#NUM#期。这样买起就坦然多了。而且又买了简单得保险。可以放心使用两年。其次希望esim快点商用。不然就白多花斤千元了。
终于等到我心仪已久的手表3了，只是这个物流着实让人焦虑，说12号送到，却14号才送到,终于等到我心仪已久的手表#NUM#了 只是这个物流着实让人焦虑 说#NUM#号送到 却#NUM#号才送到
没买的时候很想买，买回来觉得其实也没多大的必要，在外面接电话声音还是挺不太清楚，还要把手表放在耳朵边听，而且电耗得太快，不怎么动它，就像手表一样带着，最多也不超过两天。,没买的时候很想买 买回来觉得其实也没多大的必要 在外面接电话声音还是挺不太清楚 还要把手表放在耳朵边听 而且电耗得太快 不怎么动它 就像手表一样带着 最多也不超过两天。
东西可以的，便宜很多，最主要是京东快啊^_^,东西可以的 便宜很多 最主要是京东快啊 _ 
高端、大气、上档次！没有别的语言可以形容这款手表了。,高端、大气、上档次 没有别的语言可以形容这款手表了。
给老婆的，老婆很喜欢,给老婆的 老婆很喜欢
挺满意的，我是一代表的用户，电池撑不下去了，换到三代，感觉使用体验比一代表好太多了,挺满意的 我是一代表的用户 电池撑不下去了 换到三代 感觉使用体验比一代表好太多了
挺好看的，还在发掘功能中，大气上档次,挺好看的 还在发掘功能中 大气上档次
很不错，麻烦的是国内运营商还不能支持,很不错 麻烦的是国内运营商还不能支持
3代比1代运行更流畅，电池更耐用，今儿正常使用一天还有70%电，算是惊喜了！,#NUM#代比#NUM#代运行更流畅 电池更耐用 今儿正常使用一天还有#NUM# 电 算是惊喜了 
佩戴起来非常舒服，苹果质量真不错，这个价格比挺好了，喜欢,佩戴起来非常舒服 苹果质量真不错 这个价格比挺好了 喜欢
物流很快，东西很好，功能强大。正品，希望蜂窝功能尽快开通,物流很快 东西很好 功能强大。正品 希望蜂窝功能尽快开通
用起来很不错，在官网也买了要等到11月份，没想到抢到了京东watch，第一次使用手表购入了watch，换了表带，很时尚很商务，就是表盘比三星华为少太多，总之体验很不错，手感很好，运送表带轻便实用。表盘少了点选择。操作系统流畅，配对快，总体满意。,用起来很不错 在官网也买了要等到#NUM#月份 没想到抢到了京东watch 第一次使用手表购入了watch 换了表带 很时尚很商务 就是表盘比三星华为少太多 总之体验很不错 手感很好 运送表带轻便实用。表盘少了点选择。操作系统流畅 配对快 总体满意。
好，功能摸索中。,好 功能摸索中。
京东送货超级快，第二天就已送达了。,京东送货超级快 第二天就已送达了。
不错。用着还可以。,不错。用着还可以。
用就几天再说。,用就几天再说。
不错手感真好，显示也很不错，慢慢体会更能吧！,不错手感真好 显示也很不错 慢慢体会更能吧 
非常好，男友很喜欢。物流也很棒！,非常好 男友很喜欢。物流也很棒 
还没用，等用的时候再说吧,还没用 等用的时候再说吧
真的很漂亮，还在摸索怎么用，有小姐姐小哥哥知道怎么开蜂窝数据嘛？跪谢,真的很漂亮 还在摸索怎么用 有小姐姐小哥哥知道怎么开蜂窝数据嘛 跪谢
东西是正品,东西是正品
老婆很喜欢，现在正常使用偶尔接个电话，一般用两天没问题,老婆很喜欢 现在正常使用偶尔接个电话 一般用两天没问题
漂亮不？我是说我的阿朱跟阿紫。,漂亮不 我是说我的阿朱跟阿紫。
等了几天终于收到了，双十一优惠很不错,等了几天终于收到了 双十一优惠很不错
不错，虽然贵了点但值得购买,不错 虽然贵了点但值得购买
帮别人买的，还挺划算的,帮别人买的 还挺划算的
还没用，但是相信京东的质量,还没用 但是相信京东的质量
东西还可以，就是不知道要不要贴膜,东西还可以 就是不知道要不要贴膜
双十一京东抢的，全新正品，值得拥有,双十一京东抢的 全新正品 值得拥有
东西很不错，送货速度也很快！就是移动聊天太不给力了，还不能用电话功能！,东西很不错 送货速度也很快 就是移动聊天太不给力了 还不能用电话功能 
觉得表更新的进度太慢了，吃了个克隆电话卡之外，都和2一样,觉得表更新的进度太慢了 吃了个克隆电话卡之外 都和#NUM#一样
第一次用还不错，有点新鲜感，不过不知道怎么用蜂窝,第一次用还不错 有点新鲜感 不过不知道怎么用蜂窝
很久之前就一直想买、3代果然没有让我失望、期望附加设备赶紧上市,很久之前就一直想买、#NUM#代果然没有让我失望、期望附加设备赶紧上市
非常好，看时间，锻炼，接电话，接消息通知，续航还能一天半，足够我使用了，让我能少碰手机了,非常好 看时间 锻炼 接电话 接消息通知 续航还能一天半 足够我使用了 让我能少碰手机了
还行 有些软件小bug，相信苹果能修复，第一天待机下来78%电，感觉2天使用没问题。,还行 有些软件小bug 相信苹果能修复 第一天待机下来#NUM# 电 感觉#NUM#天使用没问题。
苹果的产品都很不错 值得学习,苹果的产品都很不错 值得学习
目前还没发挥它的重大作用，其他体验个人觉得还不错，不会错过电话信息之类的了,目前还没发挥它的重大作用 其他体验个人觉得还不错 不会错过电话信息之类的了
双11买的，第二天就收到。全新未激活，原封原包装，有京东标签。使用了一段时间才来评价的。运行很流畅，大小合适，充满电一天用30％的电。现在坐等联通运营商支持移动网络。5分。,双#NUM#买的 第二天就收到。全新未激活 原封原包装 有京东标签。使用了一段时间才来评价的。运行很流畅 大小合适 充满电一天用#NUM# 的电。现在坐等联通运营商支持移动网络。#NUM#分。
非常好非常满意?,非常好非常满意 
很喜欢，京东还是很好,很喜欢 京东还是很好
喜欢，就是这个电也太费了,喜欢 就是这个电也太费了
有时候唤醒功能不是很好,有时候唤醒功能不是很好
很好用的不错下次还开买,很好用的不错下次还开买
等了好多天。终于拿到了。打开包装还是被惊艳到了。watch的微信听写需要在手机上启用听写功能，语言选择中文，再重启手表就可以用了,等了好多天。终于拿到了。打开包装还是被惊艳到了。watch的微信听写需要在手机上启用听写功能 语言选择中文 再重启手表就可以用了
如果移动不开通蜂窝网络，单纯当手表用，这个价格有很多的选择，还有对于几乎很少运动的人来说，手表的功能几乎用不上，只能看看时间。请谨慎选择,如果移动不开通蜂窝网络 单纯当手表用 这个价格有很多的选择 还有对于几乎很少运动的人来说 手表的功能几乎用不上 只能看看时间。请谨慎选择
彻底迷上了这小家伙，真漂亮！！！！,彻底迷上了这小家伙 真漂亮！
啥也不说了，心哇凉，这件事情我知道和这个快递员没啥关系，可是货物到了，没人给送最起码应该给打个电话主动联系一下买家，你们京东并没有，还是我主动打的电话联系的，让我去自取，说我的快递地址不是可送范围之内，最起码的一点点的安慰都没有，去仓库取件，还爱打不起哩的，一个大哥找了一个人说我来取件才给我查，哎！,啥也不说了 心哇凉 这件事情我知道和这个快递员没啥关系 可是货物到了 没人给送最起码应该给打个电话主动联系一下买家 你们京东并没有 还是我主动打的电话联系的 让我去自取 说我的快递地址不是可送范围之内 最起码的一点点的安慰都没有 去仓库取件 还爱打不起哩的 一个大哥找了一个人说我来取件才给我查 哎 
无与伦比的智能科技。,无与伦比的智能科技。
外观很好看，黑色酷酷的,外观很好看 黑色酷酷的
不错，京东就是快,不错 京东就是快
苹果手表很好，东西是正品货，还在熟悉使用,苹果手表很好 东西是正品货 还在熟悉使用
不错，戴起来感觉很好。就差移动运营商开放蜂窝服务了。,不错 戴起来感觉很好。就差移动运营商开放蜂窝服务了。
手表没问题，已经验证过了，目前使用状况良好，过段时间还会再评价。,手表没问题 已经验证过了 目前使用状况良好 过段时间还会再评价。
手表不错?物流也挺快。就是现在还不能使用蜂窝数据是硬伤，希望能尽快支持。42mm对男人来说正好。续航的话，目前不开蜂窝数据能用2天，充电的话和iPhone充电时间差不多。数码产品就是个消耗品。不必太在意老化,手表不错 物流也挺快。就是现在还不能使用蜂窝数据是硬伤 希望能尽快支持。#NUM#mm对男人来说正好。续航的话 目前不开蜂窝数据能用#NUM#天 充电的话和iPhone充电时间差不多。数码产品就是个消耗品。不必太在意老化
刚上手，正在摸索中&hellip;&hellip;,刚上手 正在摸索中 hellip  hellip 
不错，完美奥！喜欢?,不错 完美奥 喜欢 
这个商品质量还可以，我觉得可以给好评,这个商品质量还可以 我觉得可以给好评
这款手表从发布会上发布后就看上了，一直耐住到双十一才下单，今天先收到，等用过后再评。,这款手表从发布会上发布后就看上了 一直耐住到双十一才下单 今天先收到 等用过后再评。
11号买的，14号才有货，14号就到了。价格也比较优惠，12期免息很划算，还送了个VR眼镜，当玩具玩玩也不错。,#NUM#号买的 #NUM#号才有货 #NUM#号就到了。价格也比较优惠 #NUM#期免息很划算 还送了个VR眼镜 当玩具玩玩也不错。
双11上手Watch3当天完成手机升Os11激活Watch3，使用便捷特别是不方便用手机接电话用Watch3太方便了，充满电可用2天~3天，还有不少功能需要继续琢磨！一句话京东送货快服务好，苹果Watch3物有所值！,双#NUM#上手Watch#NUM#当天完成手机升Os#NUM#激活Watch#NUM# 使用便捷特别是不方便用手机接电话用Watch#NUM#太方便了 充满电可用#NUM#天 #NUM#天 还有不少功能需要继续琢磨 一句话京东送货快服务好 苹果Watch#NUM#物有所值 
电池是致命弱点,电池是致命弱点
从第一代上市就想买，一直等到三代，可双11又没货，14号有货就赶紧下单，第二天就收到到了，超喜欢，喜欢的朋友可以下单啦，早买早用,从第一代上市就想买 一直等到三代 可双#NUM#又没货 #NUM#号有货就赶紧下单 第二天就收到到了 超喜欢 喜欢的朋友可以下单啦 早买早用
打不了电话，呜呜呜玩一天就扔了吧，没啥意思，快开通啊,打不了电话 呜呜呜玩一天就扔了吧 没啥意思 快开通啊
表还是不错，只是为什么电话技术支持显示过期呀！发票也没在里面。,表还是不错 只是为什么电话技术支持显示过期呀 发票也没在里面。
物流快    态度好    挺喜欢的,物流快 态度好 挺喜欢的
送货及时，东西不错，包装完整，好东西。,送货及时 东西不错 包装完整 好东西。
收到了东西很好好评,收到了东西很好好评
东西不值得购买,东西不值得购买
蜂窝网络目前用不了，否则运动时会很方便。和非蜂窝版的区别：内存16Gvs.8G，表背陶瓷vs.复合（见图），再加上表冠上有些突兀的红点（感觉还是灰色更有一体性的美感）。运动和深呼吸提示都是极好的。表带质量老实说一般，没戴几天面上的膜就破开了，差评。,蜂窝网络目前用不了 否则运动时会很方便。和非蜂窝版的区别 内存#NUM#Gvs #NUM#G 表背陶瓷vs 复合 见图  再加上表冠上有些突兀的红点 感觉还是灰色更有一体性的美感 。运动和深呼吸提示都是极好的。表带质量老实说一般 没戴几天面上的膜就破开了 差评。
是个好东西，很不错，不是第一次买了。,是个好东西 很不错 不是第一次买了。
苹果的包装是越做越low啊 一代watch有包装盒 三代就一纸盒,苹果的包装是越做越low啊 一代watch有包装盒 三代就一纸盒
东西可以，价格小贵。一直开不了白条，用不了免息分期。,东西可以 价格小贵。一直开不了白条 用不了免息分期。
还未激活，没有iOS11的系统是无法激活的，不知道咋样,还未激活 没有iOS#NUM#的系统是无法激活的 不知道咋样
以前戴的一代的一天一充，有时一天不到就没电了，很麻烦的，不知道第三代电池是否有改善，试用中...,以前戴的一代的一天一充 有时一天不到就没电了 很麻烦的 不知道第三代电池是否有改善 试用中。
真洋气酷里很用着很舒服物流超级快好评准备再给女朋友买一个,真洋气酷里很用着很舒服物流超级快好评准备再给女朋友买一个
不错的商品非常好用的,不错的商品非常好用的
除了表带有瑕疵以外，也没别的问题了，哎&hellip;&hellip;,除了表带有瑕疵以外 也没别的问题了 哎 hellip  hellip 
手机还没到。。。,手机还没到。
只待运营商开通通话功能就完美了！,只待运营商开通通话功能就完美了 
很炫酷，现在还在学习使用中，快递很给力,很炫酷 现在还在学习使用中 快递很给力
手表很好用，什么时候三大运营商开通蜂窝功能就更完美了,手表很好用 什么时候三大运营商开通蜂窝功能就更完美了
老手机不想升系统 暂时用不了 等x到了才能用 等用了再来后续评价 双11价格很给了 比官方定价要便宜500来块 希望手表没问题,老手机不想升系统 暂时用不了 等x到了才能用 等用了再来后续评价 双#NUM#价格很给了 比官方定价要便宜#NUM#来块 希望手表没问题
有优惠，发货快，孩子很喜欢,有优惠 发货快 孩子很喜欢
京东有现货，并且次日到货，很给力！,京东有现货 并且次日到货 很给力 
快递箱子居然不是京东的，写着品胜而且箱子已经多处凹陷，收货时开箱看过商品包装没损坏才收货，作为一个钻石用户真心第一次收到京东自营的商品快递包装不是京东的，手表看了出厂时间还有运动记录应该不是一手，不过算了用了券便宜了而且买了applecare+有事找苹果吧,快递箱子居然不是京东的 写着品胜而且箱子已经多处凹陷 收货时开箱看过商品包装没损坏才收货 作为一个钻石用户真心第一次收到京东自营的商品快递包装不是京东的 手表看了出厂时间还有运动记录应该不是一手 不过算了用了券便宜了而且买了applecare 有事找苹果吧
不知道怎么连接手机  只能慢慢研究。。。其他都还好  还没开始用。。。,不知道怎么连接手机 只能慢慢研究。其他都还好 还没开始用。
收到了，不得不说京东的物流很给力，头一天晚上看到到货，第二天上午就收到了。一直很信赖苹果，本来还在华为和苹果犹豫，后来考虑到手机匹配和老婆力推的原因还是选择了苹果，果然没有让我失望,收到了 不得不说京东的物流很给力 头一天晚上看到到货 第二天上午就收到了。一直很信赖苹果 本来还在华为和苹果犹豫 后来考虑到手机匹配和老婆力推的原因还是选择了苹果 果然没有让我失望
非常惊艳，漂亮，时尚，功能多，能接电话，将来要是能打电话和微信支付就完美了。大赞！,非常惊艳 漂亮 时尚 功能多 能接电话 将来要是能打电话和微信支付就完美了。大赞 
手表正品，系统用起来很流畅，窝峰网络未能使用。,手表正品 系统用起来很流畅 窝峰网络未能使用。
蛮好的.,蛮好的 
目前用着还可以噻！,目前用着还可以噻 
老爸很喜欢！,老爸很喜欢 
用一天了，感觉非常好，双十一买特优惠，坐等运营商开通蜂窝数据。。。,用一天了 感觉非常好 双十一买特优惠 坐等运营商开通蜂窝数据。
感觉一般，有点鸡肋吧，但是相比同价位的手表还是挺不错的,感觉一般 有点鸡肋吧 但是相比同价位的手表还是挺不错的
用了几天感觉挺不错的，就是蜂窝移动网络不知道多久能开通,用了几天感觉挺不错的 就是蜂窝移动网络不知道多久能开通
东西不错?，用了两天了，续航也还可以，就是不知道啥时候能用上蜂窝。,东西不错  用了两天了 续航也还可以 就是不知道啥时候能用上蜂窝。
很不错，用来锻炼的，所以功能很实用，就是有时候感觉触摸屏不是很灵敏，偶尔会按不动&hellip;&hellip;,很不错 用来锻炼的 所以功能很实用 就是有时候感觉触摸屏不是很灵敏 偶尔会按不动 hellip  hellip 
非常好用，期待新功能可以打电话,非常好用 期待新功能可以打电话
苹果的工业真还是不错。,苹果的工业真还是不错。
不错，正品带发票,不错 正品带发票
总体来讲还是很不错的，电信跟苹果还没有合作，目前电话是不能打的。,总体来讲还是很不错的 电信跟苹果还没有合作 目前电话是不能打的。
双十一买的，本想买黑色的，但一直没货，银色也好看，就等能开通一号多终端！！,双十一买的 本想买黑色的 但一直没货 银色也好看 就等能开通一号多终端！
手表很nice 送的表带也很OK,手表很nice 送的表带也很OK
非常喜欢，物超所值，早就要买的，一直等到双11,非常喜欢 物超所值 早就要买的 一直等到双#NUM#
很好玩，很细腻的oled 屏幕，功能强大，苹果的东西就是让人爱不释手！京东买东西放心。,很好玩 很细腻的oled 屏幕 功能强大 苹果的东西就是让人爱不释手 京东买东西放心。
给老婆买的，匹配快，功能多，坐等移动开通无卡sim 服务，到时应该更方便吧,给老婆买的 匹配快 功能多 坐等移动开通无卡sim 服务 到时应该更方便吧
很棒，特别喜欢,很棒 特别喜欢
watch3总体来说还不错，非常喜欢。唯一希望就是运营商能尽快适配,watch#NUM#总体来说还不错 非常喜欢。唯一希望就是运营商能尽快适配
还不错，就等电信运营商支持蜂窝,还不错 就等电信运营商支持蜂窝
很不错666,很不错#NUM#
是正品，发货超快，值得信赖，关注这款很久了，终于到手,是正品 发货超快 值得信赖 关注这款很久了 终于到手
东西收到了很不错，数码认准京东。,东西收到了很不错 数码认准京东。
东西很好，一直在jd买，又快又好，给媳妇买的,东西很好 一直在jd买 又快又好 给媳妇买的
新一代的电量更加耐用了，好评,新一代的电量更加耐用了 好评
快递很快，买了两天感觉不错，一直想买，双十一正好拿下,快递很快 买了两天感觉不错 一直想买 双十一正好拿下
"产品不错，但无法连接wifi,不能发送微信确实是遗憾，只能等能使用蜂窝网络了。",产品不错 但无法连接wifi 不能发送微信确实是遗憾 只能等能使用蜂窝网络了。
很不错，发微信，打电话，京东购物物流提醒，健康应用都不错，待机非常满意,很不错 发微信 打电话 京东购物物流提醒 健康应用都不错 待机非常满意
送给女朋友的 很喜欢,送给女朋友的 很喜欢
如果蜂窝网络能使用就真的完美了，期待蜂窝网络早点能够使用。宝贝的科技感很强，时尚，科技与一体。,如果蜂窝网络能使用就真的完美了 期待蜂窝网络早点能够使用。宝贝的科技感很强 时尚 科技与一体。
很喜欢，而且双十一便宜了很多，为京东点赞,很喜欢 而且双十一便宜了很多 为京东点赞
朋友用下来很不错，以后开通电话就好了,朋友用下来很不错 以后开通电话就好了
速度快，双十一下单，第二天就到了。感觉棒棒哒，表带手感非常好，还在研究具体功能,速度快 双十一下单 第二天就到了。感觉棒棒哒 表带手感非常好 还在研究具体功能
打开盒子的一瞬间是非常惊讶的 里面有一张破旧的粘贴 直接和客服联系了 客服让联系苹果官方的客服  不知道有没有问题  目前是没问题,打开盒子的一瞬间是非常惊讶的 里面有一张破旧的粘贴 直接和客服联系了 客服让联系苹果官方的客服 不知道有没有问题 目前是没问题
3488买的，买贵了,#NUM#买的 买贵了
很不错！运动，回复消息，震动频率都很不错,很不错 运动 回复消息 震动频率都很不错
不错 搭配iPhone很便利 也很漂亮 手表本身续航也很强 蓝牙连着手机两到三天充一次电 就是这个蜂窝数据不知道什么时候才能使用 这个可是3系列最大的卖点了 还有手机变更耗电了。。。可能因为时刻需要传输速率吧 不过有了手表日常通知通过手表查看手机使用频率倒是降低了,不错 搭配iPhone很便利 也很漂亮 手表本身续航也很强 蓝牙连着手机两到三天充一次电 就是这个蜂窝数据不知道什么时候才能使用 这个可是#NUM#系列最大的卖点了 还有手机变更耗电了。可能因为时刻需要传输速率吧 不过有了手表日常通知通过手表查看手机使用频率倒是降低了
很不错，销量在这呢，反正买东西都喜欢jd  感觉速度快  东西放心,很不错 销量在这呢 反正买东西都喜欢jd 感觉速度快 东西放心
快递过来的包装只有一个塑料袋，手表的包装盒各种磕碰，对京东快递略失望。手表还行，暂时没有什么问题。,快递过来的包装只有一个塑料袋 手表的包装盒各种磕碰 对京东快递略失望。手表还行 暂时没有什么问题。
不错 感觉还蛮好用的！！！！你们觉得呢？,不错 感觉还蛮好用的！你们觉得呢 
苹果表带上后感觉不到他的存在  外观实在没啥可说，，满大街都是了 但是可玩性还是挺高的  喜欢,苹果表带上后感觉不到他的存在 外观实在没啥可说  满大街都是了 但是可玩性还是挺高的 喜欢
后悔没买不锈钢的了,后悔没买不锈钢的了
限时送达就是好，第一次用，还不太懂！,限时送达就是好 第一次用 还不太懂 
双十一这天综合优惠了两百多，本想等支持esim的，价格合适就入手了，产品本身没的说，喜欢就入手咯。只是包装物流太简陋，就给一个外纸盒，没有缓冲，随意散放在地面&hellip;&hellip;以前买iPhone 也是这样，希望东哥给重视一下,双十一这天综合优惠了两百多 本想等支持esim的 价格合适就入手了 产品本身没的说 喜欢就入手咯。只是包装物流太简陋 就给一个外纸盒 没有缓冲 随意散放在地面 hellip  hellip 以前买iPhone 也是这样 希望东哥给重视一下
第一次买智能手表，确实不错！对得起这个价格！戴起来很有质感，很多功能还在摸索中，满意,第一次买智能手表 确实不错 对得起这个价格 戴起来很有质感 很多功能还在摸索中 满意
期待已久的终于低价购入，因为那背面表壳硬上sim卡版了，不然就买gps了，这次快递包装京东还算良心。,期待已久的终于低价购入 因为那背面表壳硬上sim卡版了 不然就买gps了 这次快递包装京东还算良心。
物流很快，功能待挖掘之中。,物流很快 功能待挖掘之中。
物流很快，国行正品，一年售后，非常好，功能很全，美中不足是不能用esim&hellip;工信部真是烂&hellip;,物流很快 国行正品 一年售后 非常好 功能很全 美中不足是不能用esim hellip 工信部真是烂 hellip 
双十一买的，便宜280，,双十一买的 便宜#NUM# 
挺好玩的，功能慢慢摸索吧，配手链戴还挺好看的，希望蜂窝数据功能可以尽快使用～双十一用券到手价格还蛮合适的，喜欢。,挺好玩的 功能慢慢摸索吧 配手链戴还挺好看的 希望蜂窝数据功能可以尽快使用 双十一用券到手价格还蛮合适的 喜欢。
很喜欢，38很适合我的小手脖，比42省钱了，屏幕小点，可是触摸很灵敏,很喜欢 #NUM#很适合我的小手脖 比#NUM#省钱了 屏幕小点 可是触摸很灵敏
双十一囤货全都在京东，品质有保证，送货快，最重要的是送货上门！送货的哥们辛苦了双十一囤货全都在京东，品质有保证，送货快，最重要的是送货上门！送货的哥们辛苦了双十一囤货全都在京东，品质有保证，送货快，最重要的是送货上门！送货的哥们辛苦了,双十一囤货全都在京东 品质有保证 送货快 最重要的是送货上门 送货的哥们辛苦了双十一囤货全都在京东 品质有保证 送货快 最重要的是送货上门 送货的哥们辛苦了双十一囤货全都在京东 品质有保证 送货快 最重要的是送货上门 送货的哥们辛苦了
好评，就是续航不能跟pebble相提并论，但是画面真得炫酷好多，跟苹果手机配，还得是苹果手表啊，希望赶紧开数据。。。,好评 就是续航不能跟pebble相提并论 但是画面真得炫酷好多 跟苹果手机配 还得是苹果手表啊 希望赶紧开数据。
暂时用不了esim!就是个玩具！,暂时用不了esim 就是个玩具 
第三代的手表不错&hellip;&hellip;就是中国这些网不支持单独使用，等等吧！,第三代的手表不错 hellip  hellip 就是中国这些网不支持单独使用 等等吧 
双十一优惠力度大，包装完整 正品。日常微信 通知等方便。下一步等待esim开通。,双十一优惠力度大 包装完整 正品。日常微信 通知等方便。下一步等待esim开通。
还不错，有货就赶紧下单了,还不错 有货就赶紧下单了
屏幕触控有些不灵敏,屏幕触控有些不灵敏
正品，不错,正品 不错
采购到立马就送货了，送货速度好评，期待服务商开通电话功能，期待健身时表现和游泳防水,采购到立马就送货了 送货速度好评 期待服务商开通电话功能 期待健身时表现和游泳防水
表带颜色比图片偏灰，每天都得摘下来充电，粘合的地方表面有些烂了，耐久度有待考验。由于联通翻车，用不了蜂窝网络，配合手机正常使用续航两天没啥问题，主要还是用来监测运动健身，看时间不用拿出手机，收收iMessage啥的还行，但是在表盘上手写输入就很不方便了，接电话的话也就开通蜂窝网络在外边跑步不带手机时用的上，其他场景我更愿意拿出手机或者用蓝牙耳机，能直连蓝牙耳机听歌也不错。整体体验还行，但是想完全脱离iPhone独立使用，目前还不现实。,表带颜色比图片偏灰 每天都得摘下来充电 粘合的地方表面有些烂了 耐久度有待考验。由于联通翻车 用不了蜂窝网络 配合手机正常使用续航两天没啥问题 主要还是用来监测运动健身 看时间不用拿出手机 收收iMessage啥的还行 但是在表盘上手写输入就很不方便了 接电话的话也就开通蜂窝网络在外边跑步不带手机时用的上 其他场景我更愿意拿出手机或者用蓝牙耳机 能直连蓝牙耳机听歌也不错。整体体验还行 但是想完全脱离iPhone独立使用 目前还不现实。
使用下来很满意，期待蜂窝网络开通。,使用下来很满意 期待蜂窝网络开通。
正品 佩戴很舒适,正品 佩戴很舒适
做工很好，包装里面有短一些的表带，想的很周到，京东物流很快，双11第二天就收到货了,做工很好 包装里面有短一些的表带 想的很周到 京东物流很快 双#NUM#第二天就收到货了
不错，挺好用,不错 挺好用
相当好，电池确实不经用，大概2天差不多吧，但是充电很快，功能很多，就等联通开通蜂窝服务了，支持多个终端就完美了,相当好 电池确实不经用 大概#NUM#天差不多吧 但是充电很快 功能很多 就等联通开通蜂窝服务了 支持多个终端就完美了
特别赞下这边的jd快递员 都快晚上八点 还把货送到了    Apple Watch Series 3智能手表（GPS+蜂窝网络款 42毫米 深空灰色铝金属表壳 黑色运动型表带 ）   二九九九 拿下的哈哈哈,特别赞下这边的jd快递员 都快晚上八点 还把货送到了 Apple Watch Series #NUM#智能手表 GPS 蜂窝网络款 #NUM#毫米 深空灰色铝金属表壳 黑色运动型表带   二九九九 拿下的哈哈哈
送老婆的，很好很方便，苹果的东西用着很放心,送老婆的 很好很方便 苹果的东西用着很放心
非常好，是正品，不过没有发票,非常好 是正品 不过没有发票
非常方便，功能简单实用 就是期望国内运营商尽管把蜂窝完善尽早能使用！,非常方便 功能简单实用 就是期望国内运营商尽管把蜂窝完善尽早能使用 
还不错哦！至今还没碰到什么问题！,还不错哦 至今还没碰到什么问题 
非常好的一次购物，因为是双11，价格也很划算，?,非常好的一次购物 因为是双#NUM# 价格也很划算  
还好，主要是考虑到防水，刚开始用，,还好 主要是考虑到防水 刚开始用 
双十一买的，价格喜人，一直信赖京东。,双十一买的 价格喜人 一直信赖京东。
京东物流很快，包装很好，服务很好，表很漂亮，是一次很好得购物,京东物流很快 包装很好 服务很好 表很漂亮 是一次很好得购物
好，很好，品质不错，双十一买的价格也比较优惠，目前主要没有蜂窝成都。,好 很好 品质不错 双十一买的价格也比较优惠 目前主要没有蜂窝成都。
宝贝收到了，看着还不错，如果开通了蜂窝就更完美了,宝贝收到了 看着还不错 如果开通了蜂窝就更完美了
早就想买个个苹果手表 先期的功能少 出新款 买下 。京东快递就是快。,早就想买个个苹果手表 先期的功能少 出新款 买下 。京东快递就是快。
买小了，不给换,买小了 不给换
很好，漂亮,很好 漂亮
各种满减再加上优惠券后，优惠好多，习惯上京东自营买东西了～,各种满减再加上优惠券后 优惠好多 习惯上京东自营买东西了 
苹果的产品一如既往好用啦,苹果的产品一如既往好用啦
东西很好未拆,东西很好未拆
从一代升到3代 速度快了不少。不过内包装没漂亮的表盒了，可惜。,从一代升到#NUM#代 速度快了不少。不过内包装没漂亮的表盒了 可惜。
速度真给力 下次还会再购买,速度真给力 下次还会再购买
非常精致的手表，太好看了！,非常精致的手表 太好看了 
很不错  主要买来做健身监督,很不错 主要买来做健身监督
从苹果推出手表开始，观察了很久，终于在双十一下手了，到手价不到3000，很实惠！打动我的除了价格外，还有外观，功能以及做工！外观方面，一如既往的惊艳，体现了世界一流水平！功能方面，生态完善，续航能力能达到2day＋，心率监测准确，操控简单&hellip;&hellip;做工方面，甩了某些国产品牌几条街&hellip;&hellip;唯一遗憾的是蜂窝数据网还没开通！期待&hellip;&hellip;,从苹果推出手表开始 观察了很久 终于在双十一下手了 到手价不到#NUM# 很实惠 打动我的除了价格外 还有外观 功能以及做工 外观方面 一如既往的惊艳 体现了世界一流水平 功能方面 生态完善 续航能力能达到#NUM#day  心率监测准确 操控简单 hellip  hellip 做工方面 甩了某些国产品牌几条街 hellip  hellip 唯一遗憾的是蜂窝数据网还没开通 期待 hellip  hellip 
还在玩转，挺好的，功能一直在研究中,还在玩转 挺好的 功能一直在研究中
211券还不错，实惠，3000拿下，电基本俩天吧，可惜还不能离开手机用，求早点支持lte,#NUM#券还不错 实惠 #NUM#拿下 电基本俩天吧 可惜还不能离开手机用 求早点支持lte
一直想买个Apple Watch，这次双十一，优惠幅度不小，就顺手买了块，犹豫了一下，现货被抢光了，变成了预约，说15号后有货，想不到13好就发货了，双十一快递走了三天，可以接受，毕竟原来要15号发货，现在已经到手了。包装完美，外包装太大了，产品完美！先用着再说！初步体验很好！再细用几天！,一直想买个Apple Watch 这次双十一 优惠幅度不小 就顺手买了块 犹豫了一下 现货被抢光了 变成了预约 说#NUM#号后有货 想不到#NUM#好就发货了 双十一快递走了三天 可以接受 毕竟原来要#NUM#号发货 现在已经到手了。包装完美 外包装太大了 产品完美 先用着再说 初步体验很好 再细用几天 
很帅，价格也优惠。果断拿下，种草很久了,很帅 价格也优惠。果断拿下 种草很久了
只是现在没办法开通LTE，待机2天没有问题。,只是现在没办法开通LTE 待机#NUM#天没有问题。
屏幕有点变色。其他优秀。,屏幕有点变色。其他优秀。
京东送货速度很快 很好,京东送货速度很快 很好
还行 刚开始不会用 很方便,还行 刚开始不会用 很方便
物流太慢了，不过货真价实，原装全新正品，可以。那个显示京东字样需要验货到底什么鬼，怎么玩？,物流太慢了 不过货真价实 原装全新正品 可以。那个显示京东字样需要验货到底什么鬼 怎么玩 
物流很快~~双十一也划算，任性了一把~~整个米奇好可爱的~~,物流很快  双十一也划算 任性了一把  整个米奇好可爱的  
东西很好用，物流也很给力，点赞。,东西很好用 物流也很给力 点赞。
相当好,相当好
东西很好，是正品，相信京东，值得拥有，虽然物流没有想象的给力,东西很好 是正品 相信京东 值得拥有 虽然物流没有想象的给力
3188分12期免息，还送一个皮的表带，很实惠了。,#NUM#分#NUM#期免息 还送一个皮的表带 很实惠了。
收到了 还在研究 微信就是不能同步 客户端不好使 其他的还不错,收到了 还在研究 微信就是不能同步 客户端不好使 其他的还不错
一直用苹果的手机，第一次体验手表，期待4G的支持，满意,一直用苹果的手机 第一次体验手表 期待#NUM#G的支持 满意
东西好的了应该正版，为啥用小米盒子装了？,东西好的了应该正版 为啥用小米盒子装了 
蜂窝网络值得期待，用用才知道。,蜂窝网络值得期待 用用才知道。
OK、虽然物流慢了点。但双十一优惠力度还是OK的,OK、虽然物流慢了点。但双十一优惠力度还是OK的
不错，很喜欢，换了条皮带，档次明显提升,不错 很喜欢 换了条皮带 档次明显提升
看了很久，终于下手了。。。最后还有一个问题没注意，就是配对的iphone必须是ios11。可怜我的6，必须升到11，卡死了。,看了很久 终于下手了。最后还有一个问题没注意 就是配对的iphone必须是ios#NUM#。可怜我的#NUM# 必须升到#NUM# 卡死了。
挺好看的，可惜买不起不锈钢的！那个更好看哈哈哈哈,挺好看的 可惜买不起不锈钢的 那个更好看哈哈哈
不错的手表，给朋友买的，用起来很舒服，希望能用的久一些！,不错的手表 给朋友买的 用起来很舒服 希望能用的久一些 
整体还行，快递包装严实，打开后和2没啥差别，激活后正常使用，不锻炼的话一天百分之五十的电，就是不能独立用蜂窝，等等吧,整体还行 快递包装严实 打开后和#NUM#没啥差别 激活后正常使用 不锻炼的话一天百分之五十的电 就是不能独立用蜂窝 等等吧
体验一般吧，装b也马马虎虎，表带档次太低,体验一般吧 装b也马马虎虎 表带档次太低
臭老公下单的，貌似挺划算的，哈哈,臭老公下单的 貌似挺划算的 哈哈
1111活动价挺给力的，手表功能丰富，质感也很优良！,#NUM#活动价挺给力的 手表功能丰富 质感也很优良 
挺好看的，还在摸索怎么同步音乐，这样跑步就可以不用带手机了&hellip;&hellip;,挺好看的 还在摸索怎么同步音乐 这样跑步就可以不用带手机了 hellip  hellip 
口水了好久，信仰充值一波，就等运营商开通蜂窝功能了。,口水了好久 信仰充值一波 就等运营商开通蜂窝功能了。
可以的 嘻嘻,可以的 嘻嘻
第一次弄这个手表   好多功能没发现如何使用   添加apple pay  失败了 n次 还没加进去   可使用的app 少的可怜 Q  Q没加上  其他的 用用再说吧  静等手机虚拟号开通 这才是重点......,第一次弄这个手表 好多功能没发现如何使用 添加apple pay 失败了 n次 还没加进去 可使用的app 少的可怜 Q Q没加上 其他的 用用再说吧 静等手机虚拟号开通 这才是重点。
太高大上了 超喜欢?,太高大上了 超喜欢 
挺好看，就是表带质感真心不好，带上感觉就和儿童智能手表一样，感觉很滑稽。。。,挺好看 就是表带质感真心不好 带上感觉就和儿童智能手表一样 感觉很滑稽。
刚到手，还没来玩，不过颜色挺喜欢的！,刚到手 还没来玩 不过颜色挺喜欢的 
真是太惊喜了，原显示15号送到，结果快递小哥，冒雨连夜送快递，真是太谢谢京东小哥了，非常敬业。非常喜欢，原以为手表可以听歌，结果还要买蓝牙耳机连上才行，应用用起来还是不是特别舒服，看不见聊天表情，聊天界面有点像老年机，稍微有点厚吧，不过还是很能装逼的,真是太惊喜了 原显示#NUM#号送到 结果快递小哥 冒雨连夜送快递 真是太谢谢京东小哥了 非常敬业。非常喜欢 原以为手表可以听歌 结果还要买蓝牙耳机连上才行 应用用起来还是不是特别舒服 看不见聊天表情 聊天界面有点像老年机 稍微有点厚吧 不过还是很能装逼的
特别喜欢,特别喜欢
非常高大上，很实用,非常高大上 很实用
不错很好?，没啥说的，主要是奔着能打电话去的,不错很好  没啥说的 主要是奔着能打电话去的
怎么说呢，几许激动，几许失落吧。毕竟是第一块iwatch，犹豫了几天才下定决心白条分期买的。拿到手后戴着很舒服，跟手臂也很贴合。但是，我想说的是如果不是特别的专注于健身的话，的确有点鸡肋。,怎么说呢 几许激动 几许失落吧。毕竟是第一块iwatch 犹豫了几天才下定决心白条分期买的。拿到手后戴着很舒服 跟手臂也很贴合。但是 我想说的是如果不是特别的专注于健身的话 的确有点鸡肋。
手表用了一天，功能还没熟悉，品质很满意,手表用了一天 功能还没熟悉 品质很满意
还不错，就等开通信号了,还不错 就等开通信号了
还不错，我也不知道啊，我也不知道啊，,还不错 我也不知道啊 我也不知道啊 
哎呀，喜欢的不得了,哎呀 喜欢的不得了
价格便宜，现在还不能用窝峰功能还没有开通，其他还可以,价格便宜 现在还不能用窝峰功能还没有开通 其他还可以
好用，但还没开通蜂窝服务 还得等...,好用 但还没开通蜂窝服务 还得等。
赶上活动价入手，白条免息12期更划算了。小红点很骚气，符合我的气质，可以在一定程度上解放手机，待机两天，也很适合喜欢运动的朋友。,赶上活动价入手 白条免息#NUM#期更划算了。小红点很骚气 符合我的气质 可以在一定程度上解放手机 待机两天 也很适合喜欢运动的朋友。
好漂亮，功能好棒，使用时间2天不用充电，满意。,好漂亮 功能好棒 使用时间#NUM#天不用充电 满意。
发货速度很快，一有货当天就到达了。还以为隔天才到。666的。,发货速度很快 一有货当天就到达了。还以为隔天才到。#NUM#的。
配上我的兰博基尼特别棒，苹果果然黑科技,配上我的兰博基尼特别棒 苹果果然黑科技
非常好用，很喜欢，而且感觉很适合锻炼，坐等运营商,非常好用 很喜欢 而且感觉很适合锻炼 坐等运营商
包装很好，替朋友买的，很时尚，就是不知道什么时候移动能开蜂窝,包装很好 替朋友买的 很时尚 就是不知道什么时候移动能开蜂窝
快递速度快，好评好评好评,快递速度快 好评好评好评
已经关注这件商品很久了，最近太忙了，确认晚了，没来得及写评论。东西是很好的，呵呵，谢了。我为什么喜欢在京东买东西，因为今天买的东西今天就可以送到。第一次下手，首发买的，二手的概率小一点。没有翻车。手感还不错。京东物流速度很快，上午买的，下午就到了，快递小哥态度很好。,已经关注这件商品很久了 最近太忙了 确认晚了 没来得及写评论。东西是很好的 呵呵 谢了。我为什么喜欢在京东买东西 因为今天买的东西今天就可以送到。第一次下手 首发买的 二手的概率小一点。没有翻车。手感还不错。京东物流速度很快 上午买的 下午就到了 快递小哥态度很好。
物流很快很快，比官网的快多了，师傅负责，安全可靠,物流很快很快 比官网的快多了 师傅负责 安全可靠
手表性能超快，很喜欢,手表性能超快 很喜欢
京东快递，一个字&ldquo;快&rdquo;,京东快递 一个字 ldquo 快 rdquo 
激活用了一会儿，感觉挺不错，,激活用了一会儿 感觉挺不错 
非常精美！很喜欢！,非常精美 很喜欢 
出了三代就很心水这代，特别是那个红色等表冠，画龙点睛的效果。,出了三代就很心水这代 特别是那个红色等表冠 画龙点睛的效果。
三代最大的特点就是支持Lte蜂窝网络，可以打电话，自带存储实现蓝牙耳机听歌。,三代最大的特点就是支持Lte蜂窝网络 可以打电话 自带存储实现蓝牙耳机听歌。
京东11.11的活动很给力，结合PLUS会员的优惠，做到了很优惠的价格，所以毫不犹豫的入手。,京东#NUM# #NUM#的活动很给力 结合PLUS会员的优惠 做到了很优惠的价格 所以毫不犹豫的入手。
当时本地没有货，京东通过体系内调货，很快的就送到了手上，非常的棒！,当时本地没有货 京东通过体系内调货 很快的就送到了手上 非常的棒 
京东物流永远那么屌 次日必达,京东物流永远那么屌 次日必达
第一次用iwatch，虽然还是不能用蜂窝网络，但是总体感觉还行，电量也没传说中那么不经用，但是经常误操作，特别是听歌的时候，可能是还没用习惯，慢慢就好了吧,第一次用iwatch 虽然还是不能用蜂窝网络 但是总体感觉还行 电量也没传说中那么不经用 但是经常误操作 特别是听歌的时候 可能是还没用习惯 慢慢就好了吧
带了，功能还需继续学习,带了 功能还需继续学习
买来搭配我的iPhoneX的，感觉真心不错，就是目前蜂窝移动网络功能用不了，不然就太强大了～,买来搭配我的iPhoneX的 感觉真心不错 就是目前蜂窝移动网络功能用不了 不然就太强大了 
东西收到了，不错，正在研究中。,东西收到了 不错 正在研究中。
感觉作用不大。后面追评,感觉作用不大。后面追评
一代真的坚持不了了，正逢双十一有优惠就剁手了三代，丝滑般流畅，续航也给力了，女朋友终于开始担心我晚上是否回家了,一代真的坚持不了了 正逢双十一有优惠就剁手了三代 丝滑般流畅 续航也给力了 女朋友终于开始担心我晚上是否回家了
蛮好的，期待LTE功能的开通使用，相信功能会越来越完善强大的！,蛮好的 期待LTE功能的开通使用 相信功能会越来越完善强大的 
11号买的13号晚上就到了，很开心，没有瑕疵,#NUM#号买的#NUM#号晚上就到了 很开心 没有瑕疵
发货速度很快，价格实惠，京东无假货，件件都放心！,发货速度很快 价格实惠 京东无假货 件件都放心 
一代换到了3代就窝蜂网是我升级的动力，然而并没有投入运营，1111还是忍不住入了！nice,一代换到了#NUM#代就窝蜂网是我升级的动力 然而并没有投入运营 #NUM#还是忍不住入了 nice
双11抢的这个东西性价比给5分，扣一分给买完之后不能增够延保服务,双#NUM#抢的这个东西性价比给#NUM#分 扣一分给买完之后不能增够延保服务
快递非常好！速度快！Apple Watch3期待已久双11活动很给力！毫无考虑拿下！使用中一切还不错！,快递非常好 速度快 Apple Watch#NUM#期待已久双#NUM#活动很给力 毫无考虑拿下 使用中一切还不错 
不错不错，可惜没苹果用不到,不错不错 可惜没苹果用不到
非常好用，符合预期，满分10分可以打9分了。不开电话待机两天无压力。速度也很快。,非常好用 符合预期 满分#NUM#分可以打#NUM#分了。不开电话待机两天无压力。速度也很快。
很方便，快捷，速度很快，是正品，完美,很方便 快捷 速度很快 是正品 完美
女朋友很喜欢，用起来不错，一直带着，用一段时间再来追评,女朋友很喜欢 用起来不错 一直带着 用一段时间再来追评
适用范围,适用范围
包装单位,包装单位
卷/包数,卷 包数
产品产地,产品产地
就是不能测睡眠，别的挺好的,就是不能测睡眠 别的挺好的
发货快 双11买的 12号早晨就收到了 666 点赞 大大的赞,发货快 双#NUM#买的 #NUM#号早晨就收到了 #NUM# 点赞 大大的赞
终于送来了，双11媳妇帮我买的，昨天晚上发的货今天到了，很给力，100个赞，期待到时候运营商把卡解决。就可以手表打电话了,终于送来了 双#NUM#媳妇帮我买的 昨天晚上发的货今天到了 很给力 #NUM#个赞 期待到时候运营商把卡解决。就可以手表打电话了
大爱，坐等蜂窝数据网开通～,大爱 坐等蜂窝数据网开通 
整体体验还不错，续航差不多两天，运动的时候戴着挺舒服的，就是现在不支持蜂窝数据。,整体体验还不错 续航差不多两天 运动的时候戴着挺舒服的 就是现在不支持蜂窝数据。
第一必须表扬京东的快递，送货太快了，在我们县城只用了两天就到了，收到手表的那一刻太惊喜了，手表很精致，很漂亮，终于买到了自己喜欢的产品，很高兴，很多功能需要研究，我买的带蜂窝移动功能的，这是一个很大的亮点，现在很期盼三大运营商开通这个功能，那就真shiyi,第一必须表扬京东的快递 送货太快了 在我们县城只用了两天就到了 收到手表的那一刻太惊喜了 手表很精致 很漂亮 终于买到了自己喜欢的产品 很高兴 很多功能需要研究 我买的带蜂窝移动功能的 这是一个很大的亮点 现在很期盼三大运营商开通这个功能 那就真shiyi
拿到手表戴了几天，一切顺利，就今儿开始充电，连续摔表两次&hellip;&hellip;磁力太不牢固了&hellip;&hellip;稍微一碰就掉了&hellip;&hellip;啊，摔的我心惊胆战的&hellip;&hellip;&macr;\_(ツ)_/&macr;,拿到手表戴了几天 一切顺利 就今儿开始充电 连续摔表两次 hellip  hellip 磁力太不牢固了 hellip  hellip 稍微一碰就掉了 hellip  hellip 啊 摔的我心惊胆战的 hellip  hellip  macr  _   _  macr 
上手了，效果挺好，表带透气轻薄,上手了 效果挺好 表带透气轻薄
在黑色和粉色中选择了后者，选择没错，喜欢就好,在黑色和粉色中选择了后者 选择没错 喜欢就好
第三代待机时间更长，速度更快，防水，等到国内开通蜂窝就完美了,第三代待机时间更长 速度更快 防水 等到国内开通蜂窝就完美了
双11下单，有优惠，很快送到，很好看。,双#NUM#下单 有优惠 很快送到 很好看。
感觉还可以，用了2天，还有20%的电，还需要进一步摸索功能。,感觉还可以 用了#NUM#天 还有#NUM# 的电 还需要进一步摸索功能。
第一次用苹果??，体验性还算满意。电量可以用两到三天左右,第一次用苹果？ 体验性还算满意。电量可以用两到三天左右
东西很好用，就是电池时间太短。其他都不错！,东西很好用 就是电池时间太短。其他都不错 
不错很精致,不错很精致
12期无息买的，很合适。适合男生的手腕戴，女生戴着会觉得太大个。,#NUM#期无息买的 很合适。适合男生的手腕戴 女生戴着会觉得太大个。
非常好，等年底数据业务出来应该更加好用,非常好 等年底数据业务出来应该更加好用
手表挺好的，正在使用中～满意,手表挺好的 正在使用中 满意
正品行货，一直相信京东，虽然在双十一之前买的，还是给了双十一的金额保护，谢谢京东！,正品行货 一直相信京东 虽然在双十一之前买的 还是给了双十一的金额保护 谢谢京东 
东西不错，就是好像没有WI-FI？,东西不错 就是好像没有WI-FI 
不愧是苹果手表，期待了好久双11终于到手了，预计14号到的，结果13号就到了，很满意！手表的功能正在探索中，手机中的通知在手表上都能收到，黑色表带帅的一批！还送了个VR眼镜。找对象，找对象，找对象，心地善良，有爱心，有孝心，相信缘分，相信爱情，相信幸福，愿意为老公，为家庭，为孩子付出所有的有素养的女孩子，请给我留言，我也愿为你付出所有，我条件不错喜欢读书，23岁，比较闷骚，比较内涵。以上皆属事实，非诚勿扰，勿喷，谢谢大家！,不愧是苹果手表 期待了好久双#NUM#终于到手了 预计#NUM#号到的 结果#NUM#号就到了 很满意 手表的功能正在探索中 手机中的通知在手表上都能收到 黑色表带帅的一批 还送了个VR眼镜。找对象 找对象 找对象 心地善良 有爱心 有孝心 相信缘分 相信爱情 相信幸福 愿意为老公 为家庭 为孩子付出所有的有素养的女孩子 请给我留言 我也愿为你付出所有 我条件不错喜欢读书 #NUM#岁 比较闷骚 比较内涵。以上皆属事实 非诚勿扰 勿喷 谢谢大家 
挺不错的，二九九七入手，第一次用有点不习惯，工业设计没得说,挺不错的 二九九七入手 第一次用有点不习惯 工业设计没得说
挺喜欢功能强大时尚新颖,挺喜欢功能强大时尚新颖
送货很快，赶上活动价格便宜。,送货很快 赶上活动价格便宜。
最新款 和和店里价格一样,最新款 和和店里价格一样
我不运动，但是又不想花大价钱买个手表的，我觉得这个既不会给你丢面子也同时尽到了表的作用,我不运动 但是又不想花大价钱买个手表的 我觉得这个既不会给你丢面子也同时尽到了表的作用
趁着双十一活动，优惠很大,趁着双十一活动 优惠很大
快递神速，态度好,快递神速 态度好
眼前一亮 很漂亮,眼前一亮 很漂亮
手表很不错哦，给100分,手表很不错哦 给#NUM#分
哇，第一次买苹果手表，不错，真不错，,哇 第一次买苹果手表 不错 真不错 
我就等着双11出手，老刘没让我失望,我就等着双#NUM#出手 老刘没让我失望
超级棒，就是蜂窝国内目前用不了，晚些时候应该可以,超级棒 就是蜂窝国内目前用不了 晚些时候应该可以
东西还是好东西 蛮好用  今天自己不小心 把屏幕刮花了一点点  不过还好 是边上不是 中间,东西还是好东西 蛮好用 今天自己不小心 把屏幕刮花了一点点 不过还好 是边上不是 中间
手表终于到了，期待移动支持蜂窝数据的那一天，这样就可以甩开手机了，喂～～～～,手表终于到了 期待移动支持蜂窝数据的那一天 这样就可以甩开手机了 喂   
这个好评是给apple的，东西做的真赞,这个好评是给apple的 东西做的真赞
满减的时候买的，试了发现尼龙的表带还舒服一点,满减的时候买的 试了发现尼龙的表带还舒服一点
没有移动服务真不好,没有移动服务真不好
还不错吧，第一次用，还不清楚怎么用，有什么功能,还不错吧 第一次用 还不清楚怎么用 有什么功能
京东自营快递非常好，当天下单当天就拿到了，还在测试中，只是不知道为什么微信有时候发不出去。,京东自营快递非常好 当天下单当天就拿到了 还在测试中 只是不知道为什么微信有时候发不出去。
快递非常给力，晚上十二点多下的单，早上就被快递吵醒了   京东商城不负所望,快递非常给力 晚上十二点多下的单 早上就被快递吵醒了 京东商城不负所望
终于买了，3193的价格，期待尽快用到SIM卡啦,终于买了 #NUM#的价格 期待尽快用到SIM卡啦
完美，无可挑剔！准备再买一个,完美 无可挑剔 准备再买一个
挺好玩。可以操作拍照，不用担心自拍杆废掉了，哈哈哈哈,挺好玩。可以操作拍照 不用担心自拍杆废掉了 哈哈哈
其他运动健身还没试，支持的挺多。以为很小一个盒子，结果比iPhone的盒子大多了。,其他运动健身还没试 支持的挺多。以为很小一个盒子 结果比iPhone的盒子大多了。
赞一下快递，双十一的速度不是吹的！,赞一下快递 双十一的速度不是吹的 
价格可以，东西不错，好评吧,价格可以 东西不错 好评吧
不错，挺喜欢的，准备换个表带了，38mm的真够小的。?,不错 挺喜欢的 准备换个表带了 #NUM#mm的真够小的。 
真的很很很方便，可以短时间不用随身带手机了,真的很很很方便 可以短时间不用随身带手机了
手表真的不错。就是不知道什么时候可以绑卡。,手表真的不错。就是不知道什么时候可以绑卡。
正常用电池可以坚持两天左右，蜂窝网络什么时候开通啊啊啊啊啊啊啊啊啊啊！,正常用电池可以坚持两天左右 蜂窝网络什么时候开通啊啊啊 
老婆很喜欢  期待后续功能！,老婆很喜欢 期待后续功能 
一如既往的速度快&hellip;&hellip;&hellip;&hellip;,一如既往的速度快 hellip  hellip  hellip  hellip 
东西不错，就是应该买42毫米的,东西不错 就是应该买#NUM#毫米的
很好好强大，唯一不强大的就是电池真心就是个渣 渣,很好好强大 唯一不强大的就是电池真心就是个渣 渣
帮同事买的，他说挺好的，图是别人得，大家看看吧,帮同事买的 他说挺好的 图是别人得 大家看看吧
用了两天来评价的，还算好比官方低了几百块还有12期免息，真的是比较费电这点不得不说，等待esim?这个只要在wifi网络下可以玩的真的很多,用了两天来评价的 还算好比官方低了几百块还有#NUM#期免息 真的是比较费电这点不得不说 等待esim 这个只要在wifi网络下可以玩的真的很多
真的很不错，还能分期，在京东买没错的！,真的很不错 还能分期 在京东买没错的 
给老妈买的生日礼物，物流很及时，前一天晚上下单，第二天下午就到货了。很适合送给家长的礼物，可以叮嘱他们随时运动！,给老妈买的生日礼物 物流很及时 前一天晚上下单 第二天下午就到货了。很适合送给家长的礼物 可以叮嘱他们随时运动 
手表买早了，早知道双十一在买了，价格优惠还有赠品。,手表买早了 早知道双十一在买了 价格优惠还有赠品。
种草很久了，终于双十一特价入手，叠加300-211的券，很超值,种草很久了 终于双十一特价入手 叠加#NUM#-#NUM#的券 很超值
下午就到货，超级喜欢，好看啊,下午就到货 超级喜欢 好看啊
送人了！不知道！,送人了 不知道 
第一次从京东购物，比苹果官网便宜不少，支持京东！,第一次从京东购物 比苹果官网便宜不少 支持京东 
特别好,特别好
冲动啊，买完回家连iphone6连不上，需要升级ios，而且现在只能升ios11，6升完ios11还能用吗？这不是逼用户换手机么？苹果绝对的jianshang。不说了，赶紧去看看iphoneX还有没有货了。,冲动啊 买完回家连iphone#NUM#连不上 需要升级ios 而且现在只能升ios#NUM# #NUM#升完ios#NUM#还能用吗 这不是逼用户换手机么 苹果绝对的jianshang。不说了 赶紧去看看iphoneX还有没有货了。
没蜂窝还的带手机。快快支持吧！！双十一买的很便宜。,没蜂窝还的带手机。快快支持吧！双十一买的很便宜。
买完就降价，京东二货，哈哈哈哈,买完就降价 京东二货 哈哈哈
买来运动带的，还是蛮不错的,买来运动带的 还是蛮不错的
送货极快 双11特价购物 就是还不能用电话的功能,送货极快 双#NUM#特价购物 就是还不能用电话的功能
用了一周，感觉不错,用了一周 感觉不错
配送速度很快，使用体验很好,配送速度很快 使用体验很好
非常不错的，适合我们年轻人佩戴,非常不错的 适合我们年轻人佩戴
正在体验中  还不错  希望联通能尽早开放移动蜂窝网络,正在体验中 还不错 希望联通能尽早开放移动蜂窝网络
一直都很信赖京东，真品！双十一依然很快，快递小哥也是很负责！就是觉得买小了，?应该买42的！,一直都很信赖京东 真品 双十一依然很快 快递小哥也是很负责 就是觉得买小了  应该买#NUM#的 
双十一剁手成功，物流超快。,双十一剁手成功 物流超快。
米奇表盘还不能报时，不知道有没有成功的同学，可以分享一下怎么搞定报时功能的。,米奇表盘还不能报时 不知道有没有成功的同学 可以分享一下怎么搞定报时功能的。
本来以为这么小的屏幕操作会很不方便，没想到这么顺畅,本来以为这么小的屏幕操作会很不方便 没想到这么顺畅
不错，黑科技体验感很强，反应灵敏，引导使用者关注健康,不错 黑科技体验感很强 反应灵敏 引导使用者关注健康
非常漂亮给力，已经追了好久了，终于有货！,非常漂亮给力 已经追了好久了 终于有货 
好看又好用，就等运营商支持啦,好看又好用 就等运营商支持啦
不错，电池比较满意,不错 电池比较满意
还在探索中，用起来还行，很方便,还在探索中 用起来还行 很方便
次日一早就接到快递师傅电话，超赞,次日一早就接到快递师傅电话 超赞
手表操作简单，苹果出品必为精品，好评！,手表操作简单 苹果出品必为精品 好评 
不错哦，喜欢喜欢。就是有点玩不明白,不错哦 喜欢喜欢。就是有点玩不明白
非常赞，双十一活动也很给力，期待联通开通sim卡功能,非常赞 双十一活动也很给力 期待联通开通sim卡功能
说是周日送货，没想到周六就送到了，很不错，迫不及待的用上了，感觉很方便，颜值也不错，送了风暴盒子，不过真心觉得还不如送个膜和保护套什么的，总体感觉很好，就等以后支持蜂窝了,说是周日送货 没想到周六就送到了 很不错 迫不及待的用上了 感觉很方便 颜值也不错 送了风暴盒子 不过真心觉得还不如送个膜和保护套什么的 总体感觉很好 就等以后支持蜂窝了
还没有用 但是应该是挺不错的！！！！,还没有用 但是应该是挺不错的！
用了一段时间 感觉一般吧 纯粹就是一块表 也没有多智能 日常携带是没有问题 耗电也不是特别快,用了一段时间 感觉一般吧 纯粹就是一块表 也没有多智能 日常携带是没有问题 耗电也不是特别快
双十一买的，比平常便宜了三百多，很划算,双十一买的 比平常便宜了三百多 很划算
不错，挺好的，喜欢！！！,不错 挺好的 喜欢！
苹果手表收到啦，还不错哦，,苹果手表收到啦 还不错哦 
送货速度是绝逼的快，12个小时就拿到了，东西很好，就是这个运动表链跟表太不般配了，还是自己配一根。,送货速度是绝逼的快 #NUM#个小时就拿到了 东西很好 就是这个运动表链跟表太不般配了 还是自己配一根。
稀里糊涂的就买了。试试水。不知道用起来怎么样。又有新的小伙伴可以一起嗨了,稀里糊涂的就买了。试试水。不知道用起来怎么样。又有新的小伙伴可以一起嗨了
苹果的东西还是挺精致的，就是表带有点丑，比想象中强吧，期待网络抓紧开放,苹果的东西还是挺精致的 就是表带有点丑 比想象中强吧 期待网络抓紧开放
很好的黑科技，听说春节右可能可以用蜂窝网络,很好的黑科技 听说春节右可能可以用蜂窝网络
好用，功能强大。户外戴着方便，好评,好用 功能强大。户外戴着方便 好评
买来给老公的生日礼物，老公很喜欢,买来给老公的生日礼物 老公很喜欢
产品较一代确实好了很多，但作为这么这么大的电商企业，这一层一分钱的塑料袋贴的真是让我摸不着头脑，还是个自营，不如马爸爸的十块钱包装，真是无语?,产品较一代确实好了很多 但作为这么这么大的电商企业 这一层一分钱的塑料袋贴的真是让我摸不着头脑 还是个自营 不如马爸爸的十块钱包装 真是无语 
双11活动时候买的，表值得拥有，移动快支持吧,双#NUM#活动时候买的 表值得拥有 移动快支持吧
送货是个打折扣的环节，苹果手表本身是好东西，期待移动开通套餐,送货是个打折扣的环节 苹果手表本身是好东西 期待移动开通套餐
嗯，还可以，先用用看看！,嗯 还可以 先用用看看 
非常满意的一次购物，包装大气上档次，产品精美，通过认真学习，现在己经用上了，早晚测心率，下午跑步有各种数据，来电来短信一个不漏。我己离不开它了，哈哈！,非常满意的一次购物 包装大气上档次 产品精美 通过认真学习 现在己经用上了 早晚测心率 下午跑步有各种数据 来电来短信一个不漏。我己离不开它了 哈哈 
用了一段时间才来评价的，感觉还是挺方便的，不管是听歌还是付款，都不用拿手机，感觉挺好用的,用了一段时间才来评价的 感觉还是挺方便的 不管是听歌还是付款 都不用拿手机 感觉挺好用的
质感很好，大气，简单是它一贯的风格！,质感很好 大气 简单是它一贯的风格 
用了两天 电池续航还算满意 京东配送当天就到了,用了两天 电池续航还算满意 京东配送当天就到了
双十一买的，第二天收到，京东快递真的狠给力，之所以买这个是想以后出门锻练可以不带手机，目前国内还不支持但应该不会太久。,双十一买的 第二天收到 京东快递真的狠给力 之所以买这个是想以后出门锻练可以不带手机 目前国内还不支持但应该不会太久。
做工完美，功能强大，流畅度还是不太够，等以后移动开通蜂窝数据再看看好用不，目前用的很好,做工完美 功能强大 流畅度还是不太够 等以后移动开通蜂窝数据再看看好用不 目前用的很好
第一次在网上买这么贵重的东西 确实很可靠！！好评！！！,第一次在网上买这么贵重的东西 确实很可靠！好评！
功能太多了，我估计我要花1个月学习&hellip;&hellip;,功能太多了 我估计我要花#NUM#个月学习 hellip  hellip 
宝贝收到了，媳妇很喜欢,宝贝收到了 媳妇很喜欢
首先赞一下京东快递，速度快，服务态度好！手表收到试用阶段各种功能还在熟悉中，很满意！,首先赞一下京东快递 速度快 服务态度好 手表收到试用阶段各种功能还在熟悉中 很满意 
京东实惠，送货速度快，赞。正品,京东实惠 送货速度快 赞。正品
真心喜欢，在京东第一次购物，超开心,真心喜欢 在京东第一次购物 超开心
第一次购买watch，很满意，信任京东品质！,第一次购买watch 很满意 信任京东品质 
期待好久了，终于入手了，很好用,期待好久了 终于入手了 很好用
关注很久，这次赶上双十一活动，果断出手，值得！,关注很久 这次赶上双十一活动 果断出手 值得 
2997买的蜂窝版，还是很不错的，虽然现在还用不了蜂窝，等吧，整体很满意,#NUM#买的蜂窝版 还是很不错的 虽然现在还用不了蜂窝 等吧 整体很满意
京东的快递还是不错的，双十一下午入单，隔一天上午就拿到手了，得赞一下！手表非常喜欢，本来定黑色的结果没货，没想到灰色也很搭，喜欢！晚上出去运动了一下，没拿手机，虽然也没有开通蜂窝，但最喜欢的咕咚使用效果非常好，手表里还有轨迹图，回家打开手机咕咚后自动共享。又试了自带的健身训练，选择了户外跑步和走步，一样回家手机里健身APP里自动显示运动轨迹图及各种运动数据，觉得买的很值得，如果喜欢运动，并且一直喜欢使用手机咕咚的，更是值得的。,京东的快递还是不错的 双十一下午入单 隔一天上午就拿到手了 得赞一下 手表非常喜欢 本来定黑色的结果没货 没想到灰色也很搭 喜欢 晚上出去运动了一下 没拿手机 虽然也没有开通蜂窝 但最喜欢的咕咚使用效果非常好 手表里还有轨迹图 回家打开手机咕咚后自动共享。又试了自带的健身训练 选择了户外跑步和走步 一样回家手机里健身APP里自动显示运动轨迹图及各种运动数据 觉得买的很值得 如果喜欢运动 并且一直喜欢使用手机咕咚的 更是值得的。
挺好的哈哈哈哈哈但是我还是么怎么用。电池续航能力我觉得不是很久。 手机有时候没开蓝牙没开Wi-Fi但是手表也可以用。但是我开了数据流量。 嗯。可以购买吧哈哈哈哈哈,挺好的哈哈哈但是我还是么怎么用。电池续航能力我觉得不是很久。 手机有时候没开蓝牙没开Wi-Fi但是手表也可以用。但是我开了数据流量。 嗯。可以购买吧哈哈哈
还不错，价格优惠，目前不能用蜂窝网络,还不错 价格优惠 目前不能用蜂窝网络
送给老婆的，老婆很喜欢。,送给老婆的 老婆很喜欢。
不错，双十一大促，很优惠果断出手,不错 双十一大促 很优惠果断出手
原本以为这个表带是类似DW的那种尼龙表带，其实是魔力贴那种软软的，戴着比胶带更有安全感，电池很耐用了，运动模式五十分钟才掉一格电，就是不知道开了4G能不能也这么坚挺，这个配色也真是爱不释手！和二代没有什么本质区别，二代也很给力！！,原本以为这个表带是类似DW的那种尼龙表带 其实是魔力贴那种软软的 戴着比胶带更有安全感 电池很耐用了 运动模式五十分钟才掉一格电 就是不知道开了#NUM#G能不能也这么坚挺 这个配色也真是爱不释手 和二代没有什么本质区别 二代也很给力！
不错的体验,不错的体验
很好好好好好,很好好好
手表很好看，性能还不错,手表很好看 性能还不错
虽然还没开始使用，但感觉还不错！,虽然还没开始使用 但感觉还不错 
很好，快滴速度快，京东质量有保证,很好 快滴速度快 京东质量有保证
直接就打开用了，是我想象的样子，好,直接就打开用了 是我想象的样子 好
和8p一起买的，手表电池比一代耐用很多，3100到手，还算可以，还可以分期12期免息,和#NUM#p一起买的 手表电池比一代耐用很多 #NUM#到手 还算可以 还可以分期#NUM#期免息
东西正品比官网便宜很多买下来的支持。。。。。,东西正品比官网便宜很多买下来的支持。
东西不错，送货舒服真是巨快，性价比也非常高，很喜欢。,东西不错 送货舒服真是巨快 性价比也非常高 很喜欢。
截止到双十一的最低价入手。包装完好。就手表本身来说，耗电量比一代底低很多，只查看不回复，可以用两天，界面升级很多。操作也简洁和丰富很多。新手妈咪几天不关注，就失误了。买了个蜂窝数据的版本，结果不能用？！！晕倒。希望电信可以早日写号！！不然我亏大了！！,截止到双十一的最低价入手。包装完好。就手表本身来说 耗电量比一代底低很多 只查看不回复 可以用两天 界面升级很多。操作也简洁和丰富很多。新手妈咪几天不关注 就失误了。买了个蜂窝数据的版本 结果不能用 ！晕倒。希望电信可以早日写号！不然我亏大了！
双十一前一天买的 双十一降价给退了差价,双十一前一天买的 双十一降价给退了差价
物流特别快，东西不错！,物流特别快 东西不错 
媳妇很喜欢，第二天就到了，快递也很快，功能很强大，买的42女士佩戴有点大，还好里面有个备用表带是小的，可以更换女士佩戴，很不错，活动也很实惠，价格便宜,媳妇很喜欢 第二天就到了 快递也很快 功能很强大 买的#NUM#女士佩戴有点大 还好里面有个备用表带是小的 可以更换女士佩戴 很不错 活动也很实惠 价格便宜
很棒的手表，体验不错！银色表盘百搭，换别的颜色表带完全hold住！希望蜂窝快快开！,很棒的手表 体验不错 银色表盘百搭 换别的颜色表带完全hold住 希望蜂窝快快开 
东西收到了、 试了一下还可以接电话、很满意！,东西收到了、 试了一下还可以接电话、很满意 
一般好。喜欢就好，,一般好。喜欢就好 
没到手的时候蛮期待的，到手了感觉也就一般般，东西不错！,没到手的时候蛮期待的 到手了感觉也就一般般 东西不错 
运行速度比一代快多了，待机达到了二天，双十一很优惠就下手了，很喜欢，5星好评！,运行速度比一代快多了 待机达到了二天 双十一很优惠就下手了 很喜欢 #NUM#星好评 
按时到货 给力,按时到货 给力
用了两天感觉不错，首先就是快电子表。然后能打电话，发微信。挺好,用了两天感觉不错 首先就是快电子表。然后能打电话 发微信。挺好
个人觉得挺好的，就是只有这个颜色了，太女性了，不太适合我，好评，质量包装超级好，相信京东正品,个人觉得挺好的 就是只有这个颜色了 太女性了 不太适合我 好评 质量包装超级好 相信京东正品
很喜欢 还在熟悉中，就是不知道蜂窝数据什么时候可以使用,很喜欢 还在熟悉中 就是不知道蜂窝数据什么时候可以使用
送货很快！有个大箱子 手表还有待研究,送货很快 有个大箱子 手表还有待研究
双十一买的 性价比高 快递很给力,双十一买的 性价比高 快递很给力
一直用这个产品，真的很不错,一直用这个产品 真的很不错
双十一买的！收到啦～有点激动，等了那么久买了蜂窝版。坐等运营商支持！,双十一买的 收到啦 有点激动 等了那么久买了蜂窝版。坐等运营商支持 
比官网送货速度快多了，watch3功能很强大，慢慢研究,比官网送货速度快多了 watch#NUM#功能很强大 慢慢研究
关注了好久，本来一直想买蓝宝石面的那个，结果标准版的打折了，折扣还很大！双十一叭叭折的卷用不了本来不想买了，结果双十一突然出来个满减，连减带卷什么的一减，哇哦我的天啊，下单下单！用起来还是挺舒服的，比想象中轻不少，戴惯机械表都感觉不到手腕上有什么压力了。运行流畅画面亮度可以，不至于白天看不到时间和信息。苹果里只能塞一张卡不方便，这个等着运营商解锁了以后把老号绑上接电话收短信，苹果里放流量卡。不知道这样可不可以呢。很省电。晚上充满电第二天戴一天晚上一看还有80%的电量。震动很好识别，终于不会经常错过电话喽。总之大大的赞！这价格很值,关注了好久 本来一直想买蓝宝石面的那个 结果标准版的打折了 折扣还很大 双十一叭叭折的卷用不了本来不想买了 结果双十一突然出来个满减 连减带卷什么的一减 哇哦我的天啊 下单下单 用起来还是挺舒服的 比想象中轻不少 戴惯机械表都感觉不到手腕上有什么压力了。运行流畅画面亮度可以 不至于白天看不到时间和信息。苹果里只能塞一张卡不方便 这个等着运营商解锁了以后把老号绑上接电话收短信 苹果里放流量卡。不知道这样可不可以呢。很省电。晚上充满电第二天戴一天晚上一看还有#NUM# 的电量。震动很好识别 终于不会经常错过电话喽。总之大大的赞 这价格很值
手表还不错，朋友很喜欢，就是感觉有点大。,手表还不错 朋友很喜欢 就是感觉有点大。
观望了很久，还是忍不住双11京东的优惠下手了，不错，先用用看,观望了很久 还是忍不住双#NUM#京东的优惠下手了 不错 先用用看
挺好的 第一次用apple watch 希望有惊喜吧,挺好的 第一次用apple watch 希望有惊喜吧
挺快的,挺快的
使用中，感觉还不错，有意思,使用中 感觉还不错 有意思
双十一价格相当给力！送的vr眼镜还没用过。看好京东！,双十一价格相当给力 送的vr眼镜还没用过。看好京东 
总体来说还不错,总体来说还不错
先体验,先体验
正在玩，目前蜂窝网络还没开通，先玩玩再说,正在玩 目前蜂窝网络还没开通 先玩玩再说
还没拆开，之前在tm买的退了，双十一活动价真心便宜。用后追评。,还没拆开 之前在tm买的退了 双十一活动价真心便宜。用后追评。
挺好用，价格也很不错,挺好用 价格也很不错
超级喜欢 期待开启蜂窝数据功能 很好用,超级喜欢 期待开启蜂窝数据功能 很好用
比较小巧，适合女性佩戴，蜂窝功能不知道还能不能用，积累呀鸡肋。,比较小巧 适合女性佩戴 蜂窝功能不知道还能不能用 积累呀鸡肋。
很好 保真很方便的很好用哇,很好 保真很方便的很好用哇
还可以  用着还不错  续航也能接受  两三天一充,还可以 用着还不错 续航也能接受 两三天一充
产品真的不错，便宜了5-0-0 左右，性价比还行，就是等待esim了，功能是单一性的！电池没想象中的差，一个小时平均10%左右（全部功能开启状态下，屏幕亮度二格）！拼单为了更大点优惠，牺牲了分期，只能选择6期！,产品真的不错 便宜了#NUM#-#NUM#-#NUM# 左右 性价比还行 就是等待esim了 功能是单一性的 电池没想象中的差 一个小时平均#NUM# 左右 全部功能开启状态下 屏幕亮度二格  拼单为了更大点优惠 牺牲了分期 只能选择#NUM#期 
向往已久的手表，感觉不能再好了,向往已久的手表 感觉不能再好了
刚发售Apple Watch的时候就关注了，一直到第三代才入手，带了几天还不错，主要是不掏手机就能直接回微信或者接电话了，期待蜂窝功能早日能启用,刚发售Apple Watch的时候就关注了 一直到第三代才入手 带了几天还不错 主要是不掏手机就能直接回微信或者接电话了 期待蜂窝功能早日能启用
商品满意度,商品满意度
5分,#NUM#分
还不错，物流很快，包装也很好，质感比想象中好,还不错 物流很快 包装也很好 质感比想象中好
不错，但感觉没华为的那个手表好看，功能也没那个强大,不错 但感觉没华为的那个手表好看 功能也没那个强大
放购物车很久，双11价格看起来合适，果断下单，当天到货，惊喜。表比想象中要厚，不太会用，还在摸索中。,放购物车很久 双#NUM#价格看起来合适 果断下单 当天到货 惊喜。表比想象中要厚 不太会用 还在摸索中。
双11价格超赞 等了两代总算支持lte了,双#NUM#价格超赞 等了两代总算支持lte了
东西很不错，就是买亏了，京东11月1号搞预售就买了，双十一便宜了300多至少，真是坑,东西很不错 就是买亏了 京东#NUM#月#NUM#号搞预售就买了 双十一便宜了#NUM#多至少 真是坑
商品用了几天，挺好的很不错。,商品用了几天 挺好的很不错。
用了半天了，感觉还行。满满研究,用了半天了 感觉还行。满满研究
快递超快，东西很好，但是反应没有想象的那么灵敏，系统也不像传统IOS那么顺滑，有明显停滞,快递超快 东西很好 但是反应没有想象的那么灵敏 系统也不像传统IOS那么顺滑 有明显停滞
用着还不错，还不大会使呢。,用着还不错 还不大会使呢。
手表不错，使用也没任何问题，就是心在流血啊,手表不错 使用也没任何问题 就是心在流血啊
挺好的，京东很快，也比其他网站上便宜，希望苹果公司能尽快恢复峰窝网络！,挺好的 京东很快 也比其他网站上便宜 希望苹果公司能尽快恢复峰窝网络 
很好，银色表壳的好换表带搭配,很好 银色表壳的好换表带搭配
看见包装那么新我就放心了,看见包装那么新我就放心了
速度很快 一天就到了 不知道电量怎么样 京东一如既往的 诚信给力  期待离开手机也能接打电话,速度很快 一天就到了 不知道电量怎么样 京东一如既往的 诚信给力 期待离开手机也能接打电话
京东给力,京东给力
很好，表带差点就戴不了了，38mm的适合瘦人,很好 表带差点就戴不了了 #NUM#mm的适合瘦人
佩戴效果很好，确实节省了很多时间。,佩戴效果很好 确实节省了很多时间。
第一次买智能手表．京东自营的商品应该没问题,第一次买智能手表 京东自营的商品应该没问题
手表跟我预期的一样，主要买来辅助锻炼之类的。包装精美，设计完美，京东送货速度快！42毫米的男生用起来都很完美！后期感受等追加评论,手表跟我预期的一样 主要买来辅助锻炼之类的。包装精美 设计完美 京东送货速度快 #NUM#毫米的男生用起来都很完美 后期感受等追加评论
还可以还可以还可以.,还可以还可以还可以 
超值，功能实用，没有别的选择，支付，健康离不开身，不用掏手机了，外出方便，期待未来电信开通手机功能，基本手机就可以不带了,超值 功能实用 没有别的选择 支付 健康离不开身 不用掏手机了 外出方便 期待未来电信开通手机功能 基本手机就可以不带了
目前没发现什么问题,目前没发现什么问题
好看、就是运行有时候卡,好看、就是运行有时候卡
很好用一次买了两个，苹果质量没得说,很好用一次买了两个 苹果质量没得说
好好好，真的很强大，推荐购买,好好好 真的很强大 推荐购买
还不错，买了皮质回环表带，可以摆脱手机无束缚运动，很方便，搭配airpods 运动起来很爽。,还不错 买了皮质回环表带 可以摆脱手机无束缚运动 很方便 搭配airpods 运动起来很爽。
真的好心疼东哥，这么大的纸箱不浪费钱吗？现在的纸箱这么贵,真的好心疼东哥 这么大的纸箱不浪费钱吗 现在的纸箱这么贵
帮朋友下单买的，次日就收到了，朋友非常喜欢，黑色的就是比粉色的好看,帮朋友下单买的 次日就收到了 朋友非常喜欢 黑色的就是比粉色的好看
不错，就是配对的时候比较麻烦。等半天。,不错 就是配对的时候比较麻烦。等半天。
凑齐了 蜂窝款 和 airpods不错的哈 灰色比黑色好看也百搭啊,凑齐了 蜂窝款 和 airpods不错的哈 灰色比黑色好看也百搭啊
质量还是不错的，不过感觉没什么用，,质量还是不错的 不过感觉没什么用 
昨天晚上收到的 京东的物流速度真的是很赞，可惜昨天快递是直接让大家找，不过也能理解快递小哥吧 不容易。手表整体的感觉让人感觉特别好  坐等联通爸爸开网,昨天晚上收到的 京东的物流速度真的是很赞 可惜昨天快递是直接让大家找 不过也能理解快递小哥吧 不容易。手表整体的感觉让人感觉特别好 坐等联通爸爸开网
很帅气，很喜欢,很帅气 很喜欢
苹果的东西确实强大，不过如果下次购买我肯定就买不锈钢那一款了。现在发现不锈钢款的确实漂亮许多。,苹果的东西确实强大 不过如果下次购买我肯定就买不锈钢那一款了。现在发现不锈钢款的确实漂亮许多。
原来的手环掉了，看来看去还是这个吧，东西是好，性价比不行。,原来的手环掉了 看来看去还是这个吧 东西是好 性价比不行。
从刚出就开始关注，一直到现在才够买。很不错的智能手表，很喜欢。,从刚出就开始关注 一直到现在才够买。很不错的智能手表 很喜欢。
运动和健康跟踪方面很不错，其他功能还在摸索，期待中国移动放开蜂窝网络&hellip;&hellip;,运动和健康跟踪方面很不错 其他功能还在摸索 期待中国移动放开蜂窝网络 hellip  hellip 
非常好。等到lte开通了之后就更好了。,非常好。等到lte开通了之后就更好了。
仍在开挖中,仍在开挖中
有时候需要重启一下。,有时候需要重启一下。
好好的好好爱你们么么哒&hellip;&hellip;,好好的好好爱你们么么哒 hellip  hellip 
可以说是非常霸气了 一天收货,可以说是非常霸气了 一天收货
期待使用嘿嘿,期待使用嘿嘿
非常好 物流非常给力 京东值得信赖,非常好 物流非常给力 京东值得信赖
连接比较费劲。其他还行吧,连接比较费劲。其他还行吧
等待蜂窝网开通！,等待蜂窝网开通 
双11价格好的不要不要的,双#NUM#价格好的不要不要的
刚收到、包装完美还得开机、手机得升ios11,刚收到、包装完美还得开机、手机得升ios#NUM#
不错双十一快递太给力了，早上一点下单，下午一点就到达了。,不错双十一快递太给力了 早上一点下单 下午一点就到达了。
我是11号下的单，物流信息显示是13才能到，但是京东的发货速度很快，12号晚上就到我手里了，上手的感觉也很好，只是操作还不是很熟悉，不过整体上手效果很好。,我是#NUM#号下的单 物流信息显示是#NUM#才能到 但是京东的发货速度很快 #NUM#号晚上就到我手里了 上手的感觉也很好 只是操作还不是很熟悉 不过整体上手效果很好。
很喜欢，发货特别快，就是我不太会用，还得慢慢研究,很喜欢 发货特别快 就是我不太会用 还得慢慢研究
心仪已久，双十一活动买的,心仪已久 双十一活动买的
很不错哦，双11前买的，还有送赠品。,很不错哦 双#NUM#前买的 还有送赠品。
每次到苹果体验店，把iwatch拿起又放下，所以还是觉得买一个吧。没想到孩子会兴奋得不肯睡觉,每次到苹果体验店 把iwatch拿起又放下 所以还是觉得买一个吧。没想到孩子会兴奋得不肯睡觉
送人的，第一时间有货还是赞赞哒，希望s3不会掉漆,送人的 第一时间有货还是赞赞哒 希望s#NUM#不会掉漆
除了esim没法使用，其他没有什么区别，,除了esim没法使用 其他没有什么区别 
第一次购买手表，功能还没研究透，正常使用肯定不低于两天待机，带着睡觉就算了，略沉不舒服反正也没睡眠监测,第一次购买手表 功能还没研究透 正常使用肯定不低于两天待机 带着睡觉就算了 略沉不舒服反正也没睡眠监测
游泳昨晚带了，比较准确，质量不错哦！,游泳昨晚带了 比较准确 质量不错哦 
手表不错！送货挺快的！赞一个！,手表不错 送货挺快的 赞一个 
很好用  好困啊8部哦的我,很好用 好困啊#NUM#部哦的我
双十一做活动买的，42mm蜂窝版用券价格能做到两千九百多，还可以免息分期12期,双十一做活动买的 #NUM#mm蜂窝版用券价格能做到两千九百多 还可以免息分期#NUM#期
第一句话，网购电子产品，不管小电子还是家用电器，还是推荐来京东购买，当然这仅仅是个人观点。反正iwatch我实双十一在某Bao取消的订单，然后来京东下的订单。第二句话，手表拿到手上没问题，物流也真是快，双十一下单，第二天就到了。第三句话，本身产品看个人喜好，有觉得用着不错的，也有觉得没什么好用的，所以还是看个人。我也才用了一天，所以也无法评价怎么样，只是我是半个果粉，mac，iphone，ipad都用，所以才买的iwatch。,第一句话 网购电子产品 不管小电子还是家用电器 还是推荐来京东购买 当然这仅仅是个人观点。反正iwatch我实双十一在某Bao取消的订单 然后来京东下的订单。第二句话 手表拿到手上没问题 物流也真是快 双十一下单 第二天就到了。第三句话 本身产品看个人喜好 有觉得用着不错的 也有觉得没什么好用的 所以还是看个人。我也才用了一天 所以也无法评价怎么样 只是我是半个果粉 mac iphone ipad都用 所以才买的iwatch。
快递满分，11当天到2997入手的,快递满分 #NUM#当天到#NUM#入手的
东西都一样，京东就是物流快！好评,东西都一样 京东就是物流快 好评
京东正品，送货速度快，苹果精品！,京东正品 送货速度快 苹果精品 
不错，用的不错，挺喜欢的，么么哒,不错 用的不错 挺喜欢的 么么哒
没想到双十一，京东物流这么给力,没想到双十一 京东物流这么给力
苹果产品。那是相当的好啊。没有瑕疵,苹果产品。那是相当的好啊。没有瑕疵
第一次配对使用微信 发送消息 是英文 和发送失败 取消配对 重新配对 时候 在手表上选择中文语音 即可 同步歌曲 需要iPhone手机操作 查询快递订单很好 手表Siri 比手机的识别度高很多 扬声器声音很合适 很清晰  带着很舒服 也很方便 唯一就是通知状态回复微信可以手写 在聊天界面却不能手写回复 只能语音,第一次配对使用微信 发送消息 是英文 和发送失败 取消配对 重新配对 时候 在手表上选择中文语音 即可 同步歌曲 需要iPhone手机操作 查询快递订单很好 手表Siri 比手机的识别度高很多 扬声器声音很合适 很清晰 带着很舒服 也很方便 唯一就是通知状态回复微信可以手写 在聊天界面却不能手写回复 只能语音
手表功能强大，外观也很好看，可以搭配各种衣服场合,手表功能强大 外观也很好看 可以搭配各种衣服场合
买的第一块苹果手表，感觉不错。就是好多的不懂，慢慢体验。京东自营的送货速度真没毛病，双11还是一天就到了。送货员的服务态度都相当好。手表在网上查了下，是正品，保修时间也没问题。一直信赖京东，京东也没让我失望。以后也会继续支持的。,买的第一块苹果手表 感觉不错。就是好多的不懂 慢慢体验。京东自营的送货速度真没毛病 双#NUM#还是一天就到了。送货员的服务态度都相当好。手表在网上查了下 是正品 保修时间也没问题。一直信赖京东 京东也没让我失望。以后也会继续支持的。
送老公的生日礼物，还未拆包，等过几天生日再拆吧，应该没问题,送老公的生日礼物 还未拆包 等过几天生日再拆吧 应该没问题
给老婆买的生日礼物，很喜欢，唯一的遗憾就是蜂窝网络现在还用不了，如果能用就完美了,给老婆买的生日礼物 很喜欢 唯一的遗憾就是蜂窝网络现在还用不了 如果能用就完美了
目前不错，但是感觉跟预期还有点差距,目前不错 但是感觉跟预期还有点差距
还不错、不过峰网还要等,还不错、不过峰网还要等
不错哦 便宜不少11 11,不错哦 便宜不少#NUM# #NUM#
发货有点慢，但快递很快。很满意，手表很漂亮，一分钱一分货。必须跟iOS11系统的设备相连。只是我的iPhone7怎么安装不了ios11，试了很多遍，总是出错，真麻烦，导致现在还没有打开。求大神们帮忙，谢谢。,发货有点慢 但快递很快。很满意 手表很漂亮 一分钱一分货。必须跟iOS#NUM#系统的设备相连。只是我的iPhone#NUM#怎么安装不了ios#NUM# 试了很多遍 总是出错 真麻烦 导致现在还没有打开。求大神们帮忙 谢谢。
速度快 省电 双十一价格给力,速度快 省电 双十一价格给力
好用，就是屏幕不经用，不知道怎么屏幕已经磨了。,好用 就是屏幕不经用 不知道怎么屏幕已经磨了。
挺好的东西，很美观很有质感,挺好的东西 很美观很有质感
就这个盒子都要给京东满分，这么大的盒子666,就这个盒子都要给京东满分 这么大的盒子#NUM#
11号晚上订的12号就送到了，这速度没谁了,#NUM#号晚上订的#NUM#号就送到了 这速度没谁了
看起来还行，折腾了一下午，微信不能发送语音的问题解决了，但是applepay还是不能添加卡，不知道咋解决,看起来还行 折腾了一下午 微信不能发送语音的问题解决了 但是applepay还是不能添加卡 不知道咋解决
嗯，不错！帮别人买的。没看到货。,嗯 不错 帮别人买的。没看到货。
好用！比一代好多了，终于不用等应用开启了，siri反应也快很多。就是esim还用不了，也不知道工信部啥时候给批。最后给大家建议，能买到Nike版的还是nike的透气性好，当然京东的优惠是官网不能比的～,好用 比一代好多了 终于不用等应用开启了 siri反应也快很多。就是esim还用不了 也不知道工信部啥时候给批。最后给大家建议 能买到Nike版的还是nike的透气性好 当然京东的优惠是官网不能比的 
好东西 不多解释,好东西 不多解释
现在感觉不错,现在感觉不错
非常好，手感不错，就是不能配对成功，提示手机系统太低，要更新到最新版,非常好 手感不错 就是不能配对成功 提示手机系统太低 要更新到最新版
第一次买电子表，督促自己努力运动，减肥。加油,第一次买电子表 督促自己努力运动 减肥。加油
买的第二款手表了，带惯了42的，换了38的觉得好小呀，而且这种表带的怎么不带备用表带呢？有点坑呀。,买的第二款手表了 带惯了#NUM#的 换了#NUM#的觉得好小呀 而且这种表带的怎么不带备用表带呢 有点坑呀。
哈哈哈 很不错的手表！?? 就是不知道是不是苹果太匆忙的缘故 很多东西都没有适配好 很多地方有Bug 卡丝的情况 期待改进啊 希望不要跟iPod系列一样 消失于其他啊。,哈哈哈 很不错的手表 ？ 就是不知道是不是苹果太匆忙的缘故 很多东西都没有适配好 很多地方有Bug 卡丝的情况 期待改进啊 希望不要跟iPod系列一样 消失于其他啊。
运营商啥时候开通服务呢,运营商啥时候开通服务呢
给媳妇买的,给媳妇买的
媳妇很满意,媳妇很满意
不支持北京，有点坑啊，本来是打算用来当个手机用的，结果不支持，有点失望。。。。。。,不支持北京 有点坑啊 本来是打算用来当个手机用的 结果不支持 有点失望。
京东送货速度很快，手表一般。希望早日开通蜂窝数据,京东送货速度很快 手表一般。希望早日开通蜂窝数据
不错的！一直用watch2.如今换成3速度快了不少，货真足矣,不错的 一直用watch#NUM# 如今换成#NUM#速度快了不少 货真足矣
京东物流快是快但是包装太简陋了吧。。 一打开表里面就有灰尘。。不是很开心,京东物流快是快但是包装太简陋了吧。。 一打开表里面就有灰尘。。不是很开心
立减120然后白条12期分期免息，京东很给力,立减#NUM#然后白条#NUM#期分期免息 京东很给力
不错，物美价廉，货真价实,不错 物美价廉 货真价实
收到了 还在研究功能 很满意 快递哥很用心一定要当我面亲手交付给我！,收到了 还在研究功能 很满意 快递哥很用心一定要当我面亲手交付给我 
手表到了挺好的，装个逼没问题，3200R。男士42mm，在小就不好看了,手表到了挺好的 装个逼没问题 #NUM#R。男士#NUM#mm 在小就不好看了
我就奇怪为啥我的是正方形的盒子，你们的是长方形的呢,我就奇怪为啥我的是正方形的盒子 你们的是长方形的呢
老婆有个1代，一直觉得只有看信息用，今年换代了支持独立通话了才决定买个，做工一如既往的苹果！,老婆有个#NUM#代 一直觉得只有看信息用 今年换代了支持独立通话了才决定买个 做工一如既往的苹果 
戴了几天感觉很不错，值得购买,戴了几天感觉很不错 值得购买
是原装真品和手机用打电话微信回信息OK。什么都不用说了好好的,是原装真品和手机用打电话微信回信息OK。什么都不用说了好好的
物流速度相当的给力，杠杠的。产品没得说，苹果的产品，必须给五星好评。,物流速度相当的给力 杠杠的。产品没得说 苹果的产品 必须给五星好评。
12小时都不到就送来了，京东的速度真是快。,#NUM#小时都不到就送来了 京东的速度真是快。
物流炒鸡快 先玩段时间哈哈哈,物流炒鸡快 先玩段时间哈哈哈
还行吧，挺智能的，就是电池不禁用，两天就要充电,还行吧 挺智能的 就是电池不禁用 两天就要充电
之前买的是三星s3的手表，转手卖了。现在的这个很灵敏，快递很快，正在摸索中，希望不要有什么问题！,之前买的是三星s#NUM#的手表 转手卖了。现在的这个很灵敏 快递很快 正在摸索中 希望不要有什么问题 
带了几天，感觉还不错！就是有点费电，2天就没电了。接电话的话，信号有点不大好，不过还可以接受，希望可以带的住，别坏的太快了！,带了几天 感觉还不错 就是有点费电 #NUM#天就没电了。接电话的话 信号有点不大好 不过还可以接受 希望可以带的住 别坏的太快了 
宝贝很不错，很喜欢，带上手感也不错。,宝贝很不错 很喜欢 带上手感也不错。
速度快，质量好,速度快 质量好
这是我买的第二个apple watch了，第一个是一代前几天丢了，正好看到京东有活动，就又买了一个，这一代的比第一代的确实速度快了很多，然后因为是50米防水，带着游泳也可以了，用几天感觉非常喜欢。,这是我买的第二个apple watch了 第一个是一代前几天丢了 正好看到京东有活动 就又买了一个 这一代的比第一代的确实速度快了很多 然后因为是#NUM#米防水 带着游泳也可以了 用几天感觉非常喜欢。
昨天下单今天就到啦，但是手机系统还没升级，有点犹豫,昨天下单今天就到啦 但是手机系统还没升级 有点犹豫
一直就等着买呢，其实想要回环的，结果一直没有，这个正好便宜一些搞活动。不过没抢到500的券挺伤心,一直就等着买呢 其实想要回环的 结果一直没有 这个正好便宜一些搞活动。不过没抢到#NUM#的券挺伤心
隔天到的，双11速度还算不错。东西很好完美。,隔天到的 双#NUM#速度还算不错。东西很好完美。
申请换货,申请换货
很不错 很喜欢,很不错 很喜欢
关注了很久了，终于下手买了，很好的。包装很到位，快递很快。,关注了很久了 终于下手买了 很好的。包装很到位 快递很快。
双11第一单送到，由于抢下单地址错留成公司的了，特地跑那边取回。苹果的东西，总是让人喜欢让人惊叹！从09年的iPhone 3G开始用苹果的产品，至今新品仍让人赞不绝口。为了适配这个Watch 3，把手上的iphone7升级到了最新版，连接设置好，上手后非常惊艳，连接手机打电话感觉有那么一秒钟的滞后，不知道何原因，没有手机那么直接。东西满分，3480-100-180-211拿下，应该是低价。没抢到的同学们后悔吧哈哈。坐等国内运营商开通频段。,双#NUM#第一单送到 由于抢下单地址错留成公司的了 特地跑那边取回。苹果的东西 总是让人喜欢让人惊叹 从#NUM#年的iPhone #NUM#G开始用苹果的产品 至今新品仍让人赞不绝口。为了适配这个Watch #NUM# 把手上的iphone#NUM#升级到了最新版 连接设置好 上手后非常惊艳 连接手机打电话感觉有那么一秒钟的滞后 不知道何原因 没有手机那么直接。东西满分 #NUM#-#NUM#-#NUM#-#NUM#拿下 应该是低价。没抢到的同学们后悔吧哈哈。坐等国内运营商开通频段。
非常好，正品保证，快递很快，值得够买,非常好 正品保证 快递很快 值得够买
3488买的，减去211，后来降价保价280，算下啦2997，真的太值了，给哥哥抢的。,#NUM#买的 减去#NUM# 后来降价保价#NUM# 算下啦#NUM# 真的太值了 给哥哥抢的。
期待已久，终于到手了，那么，现在就坐等ESIM,期待已久 终于到手了 那么 现在就坐等ESIM
用了一段时间，就是不能打电话，其他的挺好用,用了一段时间 就是不能打电话 其他的挺好用
当时买这个AppleWatch的时候显示有货第二天可以送到，然后就下单了，结果付完钱了显示没货，需要从外地调货，等了好几天才送到，挺恼人的！不过东西还是挺稳，没什么问题。其实不差钱的话建议选择不锈钢款的，好看很多，铝制款的真的挺丑的。我都有点后悔了。然后就是，这三件套我终于凑齐了，AirPods我是很早就买了，另两个终于也凑齐了。一家三口在一起用，简直太方便了。,当时买这个AppleWatch的时候显示有货第二天可以送到 然后就下单了 结果付完钱了显示没货 需要从外地调货 等了好几天才送到 挺恼人的 不过东西还是挺稳 没什么问题。其实不差钱的话建议选择不锈钢款的 好看很多 铝制款的真的挺丑的。我都有点后悔了。然后就是 这三件套我终于凑齐了 AirPods我是很早就买了 另两个终于也凑齐了。一家三口在一起用 简直太方便了。
太快了，昨晚上八点买的，今早上八点就拿到了,太快了 昨晚上八点买的 今早上八点就拿到了
双11败的，非常好，除了蜂窝还没开通，其他都很好啊。,双#NUM#败的 非常好 除了蜂窝还没开通 其他都很好啊。
"双11收到的第一件货品,还是京东的速度快,价格合适,满减+211券买下来27xx,还12期免息,满足了.",双#NUM#收到的第一件货品 还是京东的速度快 价格合适 满减 #NUM#券买下来#NUM#xx 还#NUM#期免息 满足了 
不错哦,不错哦
用过之后才过来评价的，本来戴着不习惯想退货来着，可是厂家不给退，只能慢慢适应楼。非常好的产品，发自内心的喜欢,用过之后才过来评价的 本来戴着不习惯想退货来着 可是厂家不给退 只能慢慢适应楼。非常好的产品 发自内心的喜欢
很不错，希望早日开通数据功能！,很不错 希望早日开通数据功能 
之前不喜欢戴智能手表的，看到苹果第三代手表可以支持虚拟手机卡，想想还是买一个玩玩，手表做工还可以，比较精致，屏幕有轻微颗粒感，体验上目前感觉一般，由于运营商没有放开还用不了虚拟卡，所以现在离了手机也就只能看个时间，计个步啥的了，续航方面，日常当表用的话可以撑三天，要是连网连手机用啥的，差不多两天的样子,之前不喜欢戴智能手表的 看到苹果第三代手表可以支持虚拟手机卡 想想还是买一个玩玩 手表做工还可以 比较精致 屏幕有轻微颗粒感 体验上目前感觉一般 由于运营商没有放开还用不了虚拟卡 所以现在离了手机也就只能看个时间 计个步啥的了 续航方面 日常当表用的话可以撑三天 要是连网连手机用啥的 差不多两天的样子
送货神速，品质也好，现在京东已成为首选,送货神速 品质也好 现在京东已成为首选
有惊无险！早上收到包裹里面只有赠品，没有手表，吓坏宝宝了！还好后来又找到下午给送过来了！快递员辛苦了！后面两张是赠品！,有惊无险 早上收到包裹里面只有赠品 没有手表 吓坏宝宝了 还好后来又找到下午给送过来了 快递员辛苦了 后面两张是赠品 
非常喜欢，颜值高的一塌糊涂,非常喜欢 颜值高的一塌糊涂
正品，比苹果官网到货还快，颜色好看，大方，一如既往地好，质量也有保证,正品 比苹果官网到货还快 颜色好看 大方 一如既往地好 质量也有保证
正品，已激活使用，非常喜欢，双十一凌晨抢的，下午就送到了，真是极好的效率支持京东，越做越好！,正品 已激活使用 非常喜欢 双十一凌晨抢的 下午就送到了 真是极好的效率支持京东 越做越好 
双11就入了。还能免分期。运营商早点支持。以后就方便了。苹果的产品还是那么像艺术品。功能感觉还是有那么点鸡肋。希望以后越做越好。盒子倒是挺精致。好重,双#NUM#就入了。还能免分期。运营商早点支持。以后就方便了。苹果的产品还是那么像艺术品。功能感觉还是有那么点鸡肋。希望以后越做越好。盒子倒是挺精致。好重
物流很快，价格给力，用券加屏幕保险总共3062，比某b便宜，最重要的是12期免息,物流很快 价格给力 用券加屏幕保险总共#NUM# 比某b便宜 最重要的是#NUM#期免息
盒子好大,盒子好大
还不错哟,还不错哟
iwatch3应该变得很成熟了，所以立马入手了一款。不出所料，必须精致并且超级喜欢。把玩了一下，速度的确比以前提升了不少，而且戴在手上感觉极好。京东也给力，必须好评。,iwatch#NUM#应该变得很成熟了 所以立马入手了一款。不出所料 必须精致并且超级喜欢。把玩了一下 速度的确比以前提升了不少 而且戴在手上感觉极好。京东也给力 必须好评。
不错不错，还在熟悉中。凌晨下单，下午4点送到，赞！,不错不错 还在熟悉中。凌晨下单 下午#NUM#点送到 赞 
很好。戴在手上很好看，蛮潮流的。,很好。戴在手上很好看 蛮潮流的。
关注有一段时间了，昨天直接买了，果断买了。  今天就到了。用着挺好。心满意足了,关注有一段时间了 昨天直接买了 果断买了。 今天就到了。用着挺好。心满意足了
使用了一下 感觉挺好的 就是这个表带真的够骗人的 就是布的 弄的感觉好像金属一样,使用了一下 感觉挺好的 就是这个表带真的够骗人的 就是布的 弄的感觉好像金属一样
很好的手表，活动价太给力，毫不犹豫出手,很好的手表 活动价太给力 毫不犹豫出手
看了很久的手表今天到手了，?原本以为蜂窝数据没开通地区不可以打电话，试了下居然可以?棒！方便开车人不用怕用手机打电话被罚款了。很多功能继续研究中&hellip;,看了很久的手表今天到手了  原本以为蜂窝数据没开通地区不可以打电话 试了下居然可以 棒 方便开车人不用怕用手机打电话被罚款了。很多功能继续研究中 hellip 
棒棒的，老婆非常喜欢，希望年底能用上蜂窝,棒棒的 老婆非常喜欢 希望年底能用上蜂窝
还不错比第一代好很多，电池续航很不错，京东给力，现在京东的在线客服都是shi的，问啥啥都不懂。还搞个什么机器人,还不错比第一代好很多 电池续航很不错 京东给力 现在京东的在线客服都是shi的 问啥啥都不懂。还搞个什么机器人
还不错！回来升级4.1的系统之后好用多了！不支持FaceTime。不知道什么时候开放蜂窝数据功能？,还不错 回来升级#NUM# #NUM#的系统之后好用多了 不支持FaceTime。不知道什么时候开放蜂窝数据功能 
东西蛮好的 带了一个星期了,东西蛮好的 带了一个星期了
感觉还可以，随便用用吧！,感觉还可以 随便用用吧 
好用功能也很齐全，希望国内早点开通蜂窝网络功能。比之前用安卓手机买的moto360不知好了多少。没有对比就没有伤害，所以就该它摩托罗拉倒闭,好用功能也很齐全 希望国内早点开通蜂窝网络功能。比之前用安卓手机买的moto#NUM#不知好了多少。没有对比就没有伤害 所以就该它摩托罗拉倒闭
犹豫了很久还是买了，其实一代买了就戴过几天，续航恼火。3代是不是好一点啊。,犹豫了很久还是买了 其实一代买了就戴过几天 续航恼火。#NUM#代是不是好一点啊。
使用正常，用来跑步听歌很方便,使用正常 用来跑步听歌很方便
非常好的手表，超级喜欢，包装最好的苹果,非常好的手表 超级喜欢 包装最好的苹果
二九四七入，双十一就是便宜。包装挺大，还送东西。,二九四七入 双十一就是便宜。包装挺大 还送东西。
老早就收到了 挺好用的运动电子手表，对微信等等app的支持还不如华为手表。没有啥惊喜，期待下电信支持。,老早就收到了 挺好用的运动电子手表 对微信等等app的支持还不如华为手表。没有啥惊喜 期待下电信支持。
买了刚过7天就降价,买了刚过#NUM#天就降价
很不错，好用，很漂亮。就是网络还不知道怎么用。正在研究。,很不错 好用 很漂亮。就是网络还不知道怎么用。正在研究。
期盼已久了。京东很给力 价格也很优惠,期盼已久了。京东很给力 价格也很优惠
送人的还没有打开，希望没问题,送人的还没有打开 希望没问题
太小了 一点都不好用,太小了 一点都不好用
大品牌，质量好，京东送货速度快,大品牌 质量好 京东送货速度快
不错原封正品，运动工作用着都很方便！?,不错原封正品 运动工作用着都很方便  
刚到，还未带，和老婆的白色表比较，像情侣表。,刚到 还未带 和老婆的白色表比较 像情侣表。
功能强大，用起来感觉不错，谢谢快递小哥的热情服务,功能强大 用起来感觉不错 谢谢快递小哥的热情服务
京东物流很快，服务态度好，支持京东,京东物流很快 服务态度好 支持京东
没有蜂窝的话还是比较鸡肋啊,没有蜂窝的话还是比较鸡肋啊
还是挺漂亮的,还是挺漂亮的
在京东买了很多东西啦   一直相信京东,在京东买了很多东西啦 一直相信京东
还行，但不知道怎么弄蜂窝网络,还行 但不知道怎么弄蜂窝网络
东西很炫酷 就是价格降得快,东西很炫酷 就是价格降得快
特别好！！！目前还没有发现问题，就是不能用网络。,特别好！目前还没有发现问题 就是不能用网络。
手表不错，带了一天没有什么问题,手表不错 带了一天没有什么问题
不错，充电也快，打电话声音清晰,不错 充电也快 打电话声音清晰
很好的，没的说，送货速度也快，黑色大气，优惠很多,很好的 没的说 送货速度也快 黑色大气 优惠很多
很好，各方面都很方便，就是充电两天不到就要冲一次，坐等年底运营商出蜂窝服务,很好 各方面都很方便 就是充电两天不到就要冲一次 坐等年底运营商出蜂窝服务
还不错，这东西实用性不强，很多应用没法独立于手里，纯粹是为了拔掉心里长的草,还不错 这东西实用性不强 很多应用没法独立于手里 纯粹是为了拔掉心里长的草
打白条买的可以分期付款,打白条买的可以分期付款
不错，这个颜色怎么那么少人买呢！,不错 这个颜色怎么那么少人买呢 
之前没用过这种智能手表，操作起来还需要适应很长一段时间。现在有一个问题还没有解决。就是脱离手机在Wi-Fi下无法发送短信。官网上介绍是可以发送短信的,之前没用过这种智能手表 操作起来还需要适应很长一段时间。现在有一个问题还没有解决。就是脱离手机在Wi-Fi下无法发送短信。官网上介绍是可以发送短信的
一直想买这个手表 等呀等呀等呀 终于到双十一了 赶上活动赶紧下单 手表用起来很不错 蜂窝网络还没有开通 希望可以快点开通 而且京东配送很给力 11号早上下的单 晚上就送到了 必须点个赞,一直想买这个手表 等呀等呀等呀 终于到双十一了 赶上活动赶紧下单 手表用起来很不错 蜂窝网络还没有开通 希望可以快点开通 而且京东配送很给力 #NUM#号早上下的单 晚上就送到了 必须点个赞
苹果的东西就是令人满意，包装都很精美！,苹果的东西就是令人满意 包装都很精美 
用了半个月，感觉很不错，就是系统还不完善，很多问题。待机时间还是挺满意的，不知如果开通LTE后会不会特别耗电，现在还没开通！,用了半个月 感觉很不错 就是系统还不完善 很多问题。待机时间还是挺满意的 不知如果开通LTE后会不会特别耗电 现在还没开通 
用了一段时间过来评价，充满电差不多可以撑48小时，平时的运动提醒、消息提醒和来电提醒都很方便。表带是专门选的这一款，佩戴时很柔软，洗手洗脸需要摘下来，防止打湿表带。听说手表可以代替指纹解锁电脑，但是操作很多次也没有成功?，可能因为个人技术不够，哪位成功的大神可以评论区指教??，多谢啦！,用了一段时间过来评价 充满电差不多可以撑#NUM#小时 平时的运动提醒、消息提醒和来电提醒都很方便。表带是专门选的这一款 佩戴时很柔软 洗手洗脸需要摘下来 防止打湿表带。听说手表可以代替指纹解锁电脑 但是操作很多次也没有成功  可能因为个人技术不够 哪位成功的大神可以评论区指教？ 多谢啦 
不错不错 非常好用的手表 值得购买,不错不错 非常好用的手表 值得购买
京东货源还是挺足的。果粉期待了很久。,京东货源还是挺足的。果粉期待了很久。
送货师傅很辛苦，很晚还在送货，双十一也很快到货?,送货师傅很辛苦 很晚还在送货 双十一也很快到货 
手表很赞 双十一价格实惠 物流相当给力 当天到达,手表很赞 双十一价格实惠 物流相当给力 当天到达
期待期待！京东就是给力！当天下单当天就到！苹果产品没得说！拿到手就感觉这就是我想要的！晒晒！,期待期待 京东就是给力 当天下单当天就到 苹果产品没得说 拿到手就感觉这就是我想要的 晒晒 
京东物流没得说 双11订货 今天就到了 厉害,京东物流没得说 双#NUM#订货 今天就到了 厉害
非常棒   好用  哈哈哈,非常棒 好用 哈哈哈
小哥送的好快啊，这是我双十一到货第一件！给京东小哥打call，66666,小哥送的好快啊 这是我双十一到货第一件 给京东小哥打call #NUM#
用了几天，发现微信闪退的毛病，其他都挺好的,用了几天 发现微信闪退的毛病 其他都挺好的
买回来就被老婆拿走了 感觉带上去还是很不错的,买回来就被老婆拿走了 感觉带上去还是很不错的
第一次买iwatch，本来想换个dw简单点的，结果被我对象说了?，与其那么贵买个普普通通的，不如你再添点钱买个iwatch呢，细想想也对，室友有带2的，当时感觉确实挺6，毕竟他是我周围朋友中第一个带的，现在拿到三，瞬间把他秒成渣&hellip;&hellip;各种功能多到无法想象，刚到手寻思问问他，问一个他就回我我知道2怎么做，但是3我不清楚&hellip;&hellip;?，为了个手表冲了个会员，哎&hellip;&hellip;有点憋屈，人家钻石会员109一年，我铜牌会员149，领个券人家满3000减211，我满4500减211，哎&hellip;&hellip;不就是我不经常在京东买东西么，至于么&hellip;&hellip;最后讲一下京东物流，确实牛，12点下单，晚上8点就到了，赞赞赞,第一次买iwatch 本来想换个dw简单点的 结果被我对象说了  与其那么贵买个普普通通的 不如你再添点钱买个iwatch呢 细想想也对 室友有带#NUM#的 当时感觉确实挺#NUM# 毕竟他是我周围朋友中第一个带的 现在拿到三 瞬间把他秒成渣 hellip  hellip 各种功能多到无法想象 刚到手寻思问问他 问一个他就回我我知道#NUM#怎么做 但是#NUM#我不清楚 hellip  hellip   为了个手表冲了个会员 哎 hellip  hellip 有点憋屈 人家钻石会员#NUM#一年 我铜牌会员#NUM# 领个券人家满#NUM#减#NUM# 我满#NUM#减#NUM# 哎 hellip  hellip 不就是我不经常在京东买东西么 至于么 hellip  hellip 最后讲一下京东物流 确实牛 #NUM#点下单 晚上#NUM#点就到了 赞赞赞
送货很快，还没开始研究呢。,送货很快 还没开始研究呢。
还不错，京东给力,还不错 京东给力
东西不错价格便宜送货快,东西不错价格便宜送货快
心念念了好久，终于如愿以偿了，太不容易了,心念念了好久 终于如愿以偿了 太不容易了
发货速度很快、第二天就到了、用着还不错很喜欢、继续使用看看,发货速度很快、第二天就到了、用着还不错很喜欢、继续使用看看
非常喜欢，快递速度非常快，我是双十一凌晨一点二十下的单，晚上八点就送到了，谢谢快递师傅认真负责！辛苦了！老婆非常喜欢，感谢京东如此有保障,非常喜欢 快递速度非常快 我是双十一凌晨一点二十下的单 晚上八点就送到了 谢谢快递师傅认真负责 辛苦了 老婆非常喜欢 感谢京东如此有保障
非常喜欢，快递速度非常快，我是双十一凌晨一点二十下的单，晚上八点就送到了，谢谢快递师傅认真负责！辛苦了！,非常喜欢 快递速度非常快 我是双十一凌晨一点二十下的单 晚上八点就送到了 谢谢快递师傅认真负责 辛苦了 
还在摸索中，目前不错 。。。,还在摸索中 目前不错 。
正在用，感觉没什么，就是好奇才买的，,正在用 感觉没什么 就是好奇才买的 
不得不夸快递小哥真敬业，本想着让放到门口商店，结果因为贵重物品商店不收，都已经晚上七点多了让快递小哥足足等了半个多小时，大爱呀,不得不夸快递小哥真敬业 本想着让放到门口商店 结果因为贵重物品商店不收 都已经晚上七点多了让快递小哥足足等了半个多小时 大爱呀
手表还不错 最方便的就是来电和信息提示了 就是连上手机后siri有点卡 其他都不错 期待赶紧支持蜂窝 不枉费小红点,手表还不错 最方便的就是来电和信息提示了 就是连上手机后siri有点卡 其他都不错 期待赶紧支持蜂窝 不枉费小红点
还在摸索中. 目前使用感不错..需要ios11以上才可以匹配.. 快递很快 提前一天就送到了..,还在摸索中  目前使用感不错  需要ios#NUM#以上才可以匹配   快递很快 提前一天就送到了  
月初拿到，用了一周了，现在每天都尽力锻炼合上那三个圈。,月初拿到 用了一周了 现在每天都尽力锻炼合上那三个圈。
Apple果然强，可以说是目前最完美的智能手表了。,Apple果然强 可以说是目前最完美的智能手表了。
东西绝对的正品，正在使用摸索中。,东西绝对的正品 正在使用摸索中。
表盘感觉好小啊&hellip;&hellip;手感还可以 电话有时候通了没声音,表盘感觉好小啊 hellip  hellip 手感还可以 电话有时候通了没声音
好用，当天到货,好用 当天到货
每天都戴着 离不开了 点个赞,每天都戴着 离不开了 点个赞
如果你是要跑步运动的人，我还是推荐的。如果是为了装逼的呢，要不买个更高级的机械表啊吧,如果你是要跑步运动的人 我还是推荐的。如果是为了装逼的呢 要不买个更高级的机械表啊吧
金色的很不错，刚拿到手慢慢学习中物流很快，很给力双十一下午就收到了，谢谢,金色的很不错 刚拿到手慢慢学习中物流很快 很给力双十一下午就收到了 谢谢
光棍节下单的。当天到货，对于速度很满意，不过嘛。11.1号就激活了，二手dong名不虚传哦,光棍节下单的。当天到货 对于速度很满意 不过嘛。#NUM# #NUM#号就激活了 二手dong名不虚传哦
一直很喜欢苹果的手表，去年就想买，但是忍住了，今年增加了蜂窝数据，果断下手抢购,一直很喜欢苹果的手表 去年就想买 但是忍住了 今年增加了蜂窝数据 果断下手抢购
京东这速度还能说什么？是真的快,京东这速度还能说什么 是真的快
手表很好 就等移动快点支持iwatch,手表很好 就等移动快点支持iwatch
双11之前买了一个以为很便宜，没想到双11当天更便宜。38mm比42mm小了好多，价格没差多少。还是买42mm的合适！,双#NUM#之前买了一个以为很便宜 没想到双#NUM#当天更便宜。#NUM#mm比#NUM#mm小了好多 价格没差多少。还是买#NUM#mm的合适 
用了几天才来评价的，首先得赞京东快递上午下单下午就到了，表里有11.2G的空间想听歌的够了吧，不过下载有点麻烦，首先得手机下载好然后同步到手表里，同步的时候只能在手表充电的时候才能同步，，3488块钱，现在移动的蜂窝还用不了，不知道以后能不能用，，如果不能用的话3488块就真的不直了,用了几天才来评价的 首先得赞京东快递上午下单下午就到了 表里有#NUM# #NUM#G的空间想听歌的够了吧 不过下载有点麻烦 首先得手机下载好然后同步到手表里 同步的时候只能在手表充电的时候才能同步  #NUM#块钱 现在移动的蜂窝还用不了 不知道以后能不能用  如果不能用的话#NUM#块就真的不直了
送货速度很快，凌晨一点买的，下午就送到家了，赞一个，包装也很到位，正品。,送货速度很快 凌晨一点买的 下午就送到家了 赞一个 包装也很到位 正品。
好玩，新鲜！,好玩 新鲜 
做工精致，从第一代等到第三代终于等到可以脱离iPhone的通话功能，很喜欢,做工精致 从第一代等到第三代终于等到可以脱离iPhone的通话功能 很喜欢
好用 京东依旧靠谱,好用 京东依旧靠谱
不错， 就是目前中国不支持蜂窝网络,不错  就是目前中国不支持蜂窝网络
东西好，做工精致，符合苹果的品质，智能手表在功能上切割与手机的功能产生连接而不是取代，这一点来说watch做的也不错。基本上还是得带着手机和手表一起配合。,东西好 做工精致 符合苹果的品质 智能手表在功能上切割与手机的功能产生连接而不是取代 这一点来说watch做的也不错。基本上还是得带着手机和手表一起配合。
对着手表说话延伸了手表的交互i，不过siri不太好听中文，而且在人群里大声喊siri也总是怪怪的。运动的时候这么做还可以。,对着手表说话延伸了手表的交互i 不过siri不太好听中文 而且在人群里大声喊siri也总是怪怪的。运动的时候这么做还可以。
微信的同步功能略微显慢。基本上除了运动中抬手看看微信，最好还是用iphone回微信。siri回微信也只能用iphone上操作。,微信的同步功能略微显慢。基本上除了运动中抬手看看微信 最好还是用iphone回微信。siri回微信也只能用iphone上操作。
app的开发还是不够完美。都三代了也还是没很好的场景开发。,app的开发还是不够完美。都三代了也还是没很好的场景开发。
东西还不错，就是各运营商开工流量功能了～～～,东西还不错 就是各运营商开工流量功能了   
还不错，挺好用的！坐等移动网络开通！！！！！！！！！,还不错 挺好用的 坐等移动网络开通！
双十一抢购的不到三千，感觉挺好。,双十一抢购的不到三千 感觉挺好。
老公很喜欢，还在逐渐摸索中。凌晨一点购买，晚上7点多到货，物流速度杠杠的,老公很喜欢 还在逐渐摸索中。凌晨一点购买 晚上#NUM#点多到货 物流速度杠杠的
好，非常喜欢,好 非常喜欢
抱歉抱歉，到现在才评价。手表已经用了一个多星期了，感觉还是很好，我基本上都是两天充一次电，带电还是可以的，嗯，下面就是我一个视频的简介。我感觉手表唯一的缺点就是，他现在还不管使用卡,抱歉抱歉 到现在才评价。手表已经用了一个多星期了 感觉还是很好 我基本上都是两天充一次电 带电还是可以的 嗯 下面就是我一个视频的简介。我感觉手表唯一的缺点就是 他现在还不管使用卡
苹果的东西没的说，不过快递包装差评，随便包了一下就送过来了，一点保护措施都没有。其他都还好，上午买的下午就到。,苹果的东西没的说 不过快递包装差评 随便包了一下就送过来了 一点保护措施都没有。其他都还好 上午买的下午就到。
我的第一个苹果手表，等了三年，终于等到我满意的一个版本。,我的第一个苹果手表 等了三年 终于等到我满意的一个版本。
双11中午下的订单，下午六点不到，就收到了，比我还先到家，赞,双#NUM#中午下的订单 下午六点不到 就收到了 比我还先到家 赞
非常好！就是好像用不上啊&hellip;&hellip;蜂窝已经知道用什么办法开通了，希望一切顺利！,非常好 就是好像用不上啊 hellip  hellip 蜂窝已经知道用什么办法开通了 希望一切顺利 
收到了，速度飞快,收到了 速度飞快
高端大气,高端大气
绝对不错，相当的喜欢,绝对不错 相当的喜欢
收货时间不到24小时，真快，功能强大,收货时间不到#NUM#小时 真快 功能强大
不错，喜欢。,不错 喜欢。
关注好久了就等双十一便宜了360横满意，第一次用智能手表。还在摸索中。不知道多久出蜂窝我。手机远了就打不了电话了不知道是不是还没开通蜂窝网的原因。,关注好久了就等双十一便宜了#NUM#横满意 第一次用智能手表。还在摸索中。不知道多久出蜂窝我。手机远了就打不了电话了不知道是不是还没开通蜂窝网的原因。
就是蜂窝通信没法用，其它都很满意,就是蜂窝通信没法用 其它都很满意
东西东西不错下次还会购买,东西东西不错下次还会购买
一直用苹果品牌，会一直继续支持下去,一直用苹果品牌 会一直继续支持下去
挺好的，京东送货快呀。每天记录自己的运动量，游泳试带了一下，效果不错！,挺好的 京东送货快呀。每天记录自己的运动量 游泳试带了一下 效果不错 
不错，很好的东西，谢谢快递员了,不错 很好的东西 谢谢快递员了
终于等到你，想买Apple Watch已经很久了，这次遇到双十一，活动非常给力，毫不犹豫就下单了。中间还有点小波折，一开始优惠券使用有点问题，不过客服耐心的给我解决了，手动点赞。,终于等到你 想买Apple Watch已经很久了 这次遇到双十一 活动非常给力 毫不犹豫就下单了。中间还有点小波折 一开始优惠券使用有点问题 不过客服耐心的给我解决了 手动点赞。
买回来还没用呢，不过给媳妇买的同款挺好用,买回来还没用呢 不过给媳妇买的同款挺好用
挺好用，希望蜂窝模式早点能用,挺好用 希望蜂窝模式早点能用
给媳妇买的，媳妇的细收脖，刚刚好！等待蜂窝可用！,给媳妇买的 媳妇的细收脖 刚刚好 等待蜂窝可用 
双十一都能当天到达 给个赞，包装很好，比iPhone包装好多了,双十一都能当天到达 给个赞 包装很好 比iPhone包装好多了
入手的第二块，还是很不错,入手的第二块 还是很不错
昨晚零点秒杀抢单，比平时优惠了一百多元，今天下午就收到货了，女儿很喜欢，苹果品质值得信赖.,昨晚零点秒杀抢单 比平时优惠了一百多元 今天下午就收到货了 女儿很喜欢 苹果品质值得信赖 
物流超赞，当天就收到了！第二天双十一，比我前一天买的便宜了，我以为一百块钱，没想到客服那么好，给我返回280，服务相当的好，赞一个，好样的京东,物流超赞 当天就收到了 第二天双十一 比我前一天买的便宜了 我以为一百块钱 没想到客服那么好 给我返回#NUM# 服务相当的好 赞一个 好样的京东
京东物流真的快，凌晨抢的表下午就到了，给东哥赞一下,京东物流真的快 凌晨抢的表下午就到了 给东哥赞一下
还不错?，瞅着双十一买的，便宜211还能分十二期。,还不错  瞅着双十一买的 便宜#NUM#还能分十二期。
超赞啦真心不错,超赞啦真心不错
用了一段时间才来评价的，整体还是不错的，特别期待蜂窝功能的到来？,用了一段时间才来评价的 整体还是不错的 特别期待蜂窝功能的到来 
质量没的说。完美绝配。,质量没的说。完美绝配。
3368元买的，送3368京豆+336京豆，12期免息分期。自己喜欢的银色。就是要抢！,#NUM#元买的 送#NUM#京豆 #NUM#京豆 #NUM#期免息分期。自己喜欢的银色。就是要抢 
升级到4.1版本。可以独立控制WIFI了。,升级到#NUM# #NUM#版本。可以独立控制WIFI了。
手表设置apple pay遇到点小麻烦，已顺利解决。,手表设置apple pay遇到点小麻烦 已顺利解决。
从2013年开始，用过山寨的两个智能表，另外还用过一个三星的，一个sony的，一个LG的，其中LG的插独立SIM，android wear系统，感觉还可以。感觉还是apple watch的设计和软件要强得多，软件也很人性化。但是价格也贵。,从#NUM#年开始 用过山寨的两个智能表 另外还用过一个三星的 一个sony的 一个LG的 其中LG的插独立SIM android wear系统 感觉还可以。感觉还是apple watch的设计和软件要强得多 软件也很人性化。但是价格也贵。
遗憾的是不能微信支付，不过由apple pay和支*宝也够了。,遗憾的是不能微信支付 不过由apple pay和支 宝也够了。
很不错，就是目前不能单独联网打电话,很不错 就是目前不能单独联网打电话
才上手，挺好用的，始终是大品牌。,才上手 挺好用的 始终是大品牌。
一如既往的支持，好评，赞一个！！！！！！！！,一如既往的支持 好评 赞一个！
看着还不错，使用一下看看比我原来的2代如何,看着还不错 使用一下看看比我原来的#NUM#代如何
挺好的，特别喜欢，可惜过了7天不能保价了,挺好的 特别喜欢 可惜过了#NUM#天不能保价了
商品非常不错，值得购买,商品非常不错 值得购买
送货很快的，选择京东自营也是出于信任，包装很好，也是正品，好评。,送货很快的 选择京东自营也是出于信任 包装很好 也是正品 好评。
时尚大方，你值得拥有！,时尚大方 你值得拥有 
用抵扣券后不到3k到手，双十一之前的当机立断，满意，只等移动的电话功能开通了,用抵扣券后不到#NUM#k到手 双十一之前的当机立断 满意 只等移动的电话功能开通了
养草养了好久了，双十一入手，很不错,养草养了好久了 双十一入手 很不错
快递很快 凌晨十二点多下的单 当天下午就到了 神速 手表不错充满电飞行模式下可以待机三天 现在就等着各大运营商支持esim卡了,快递很快 凌晨十二点多下的单 当天下午就到了 神速 手表不错充满电飞行模式下可以待机三天 现在就等着各大运营商支持esim卡了
很好，很实用,很好 很实用
比第一代好用很多。速度快，戴在手腕上更舒服了。推荐！,比第一代好用很多。速度快 戴在手腕上更舒服了。推荐 
非常不错的产品，流畅，功能多，老婆很喜欢,非常不错的产品 流畅 功能多 老婆很喜欢
虽然还不支持lte，先用着，新一代电也经用很多,虽然还不支持lte 先用着 新一代电也经用很多
快递很快，东西质量也很棒,快递很快 东西质量也很棒
外观不好看，苹果下坡路,外观不好看 苹果下坡路
这次购买就是更新换代，速度比一代快了N倍,这次购买就是更新换代 速度比一代快了N倍
没有对比就没有伤害，哈哈哈，完爆，不管是反应速度还是抬腕灵敏度，功能就更别提了。性价比真的是碗毒鸡汤,没有对比就没有伤害 哈哈哈 完爆 不管是反应速度还是抬腕灵敏度 功能就更别提了。性价比真的是碗毒鸡汤
刚买两天就降了160,刚买两天就降了#NUM#
很实用，到货快。衣食住行都在京东置办了。继续支持,很实用 到货快。衣食住行都在京东置办了。继续支持
不能退，不能退，不能退，不能退。买前谨慎。现在全国不支持虚拟Sim卡，联通我取消了。,不能退 不能退 不能退 不能退。买前谨慎。现在全国不支持虚拟Sim卡 联通我取消了。
期待已久了，终于买到手,期待已久了 终于买到手
送男朋友,送男朋友
一直很信赖京东........,一直很信赖京东。
还是很炫很惊艳的，不管是现实效果或者操作！,还是很炫很惊艳的 不管是现实效果或者操作 
想不到买什么给女友，就买了这个。目前使用起来还不错，但缺了esim 还是感觉经常慢一拍，期待早日开通,想不到买什么给女友 就买了这个。目前使用起来还不错 但缺了esim 还是感觉经常慢一拍 期待早日开通
用了几天才评价的，电池的续航能力提升很大。期待蜂窝功能表开通。,用了几天才评价的 电池的续航能力提升很大。期待蜂窝功能表开通。
坦率的说京东的高频率价格变动相当不厚道，就这仨瓜俩枣的算计短期能见到一些利润增长，从长久来看能否行得通呢，毕竟消费者并不是傻子，京东啊~且行且珍惜吧。。。。。。,坦率的说京东的高频率价格变动相当不厚道 就这仨瓜俩枣的算计短期能见到一些利润增长 从长久来看能否行得通呢 毕竟消费者并不是傻子 京东啊 且行且珍惜吧。
很好看，老公给买的，功能多还没用熟，适合运动的人,很好看 老公给买的 功能多还没用熟 适合运动的人
做工精致，运动功能比想象中要实用。,做工精致 运动功能比想象中要实用。
一切都很好，五星好评,一切都很好 五星好评
送货挺快的，皮带挺舒服的,送货挺快的 皮带挺舒服的
终于赶上有apple watch 3蜂窝版的手表了，叠加plus的活动，还是挺划算的，可惜没有不锈钢版。总体还不错。,终于赶上有apple watch #NUM#蜂窝版的手表了 叠加plus的活动 还是挺划算的 可惜没有不锈钢版。总体还不错。
不错，还在使用感受中,不错 还在使用感受中
很喜欢，特别是每次运动提醒，很贴心，京东的物流就不多说了，上午下单，下午就到！,很喜欢 特别是每次运动提醒 很贴心 京东的物流就不多说了 上午下单 下午就到 
买给女票的，图1那个彩虹手上戴的，图2戴的很隐蔽。。。很好很强大,买给女票的 图#NUM#那个彩虹手上戴的 图#NUM#戴的很隐蔽。很好很强大
正品 非常不错,正品 非常不错
不错，等ESIM卡开通了体验手表打电话效果了,不错 等ESIM卡开通了体验手表打电话效果了
商品本身不错，就是京东的物流太随意了。就用一个塑料袋随便包装一下，没有用任何的其它东西，导致外包装有磕碰，不完美。,商品本身不错 就是京东的物流太随意了。就用一个塑料袋随便包装一下 没有用任何的其它东西 导致外包装有磕碰 不完美。
不错 价格合适 希望早日能用移动网络,不错 价格合适 希望早日能用移动网络
用了一周，还不错,用了一周 还不错
非常不错我很喜欢。。,非常不错我很喜欢。。
表盘特别不耐刮，这个蓝宝石玻璃不行。没我自己手表的好。,表盘特别不耐刮 这个蓝宝石玻璃不行。没我自己手表的好。
运动比较多用的合适，唯一不爽的是没睡眠监测,运动比较多用的合适 唯一不爽的是没睡眠监测
早想买了，很好的东西,早想买了 很好的东西
没有黑色了，这个凑合吧，还不错,没有黑色了 这个凑合吧 还不错
很不错的一款手表，目前正在研究中,很不错的一款手表 目前正在研究中
比预想中的还要漂亮，用了几天，很好用，就等运营商支持蜂窝网络了,比预想中的还要漂亮 用了几天 很好用 就等运营商支持蜂窝网络了
用了几天，部分软件可能是兼容性问题，比如微信,用了几天 部分软件可能是兼容性问题 比如微信
特别方便，解放了双手，很实用,特别方便 解放了双手 很实用
买之前一直纠结尺寸问题，胳膊太细，怕42mm的不合适，直营店懒得去了，感觉38的挺合适的，续航比预期的好点，最长一次用了将近三天，基本上用来看看时间，综合使用估计也就是一天吧，毕竟后期开通esim后，耗电量肯定会增加，整体感觉不错? 另外有一点，这个颜色和现实的图片不一样，表带是偏银色的,买之前一直纠结尺寸问题 胳膊太细 怕#NUM#mm的不合适 直营店懒得去了 感觉#NUM#的挺合适的 续航比预期的好点 最长一次用了将近三天 基本上用来看看时间 综合使用估计也就是一天吧 毕竟后期开通esim后 耗电量肯定会增加 整体感觉不错  另外有一点 这个颜色和现实的图片不一样 表带是偏银色的
期待已久，终于可以看到它了???,期待已久 终于可以看到它了？
今天刚收到，还没使用，用过再评价，京东物流挺好的，就是包装过于简陋，,今天刚收到 还没使用 用过再评价 京东物流挺好的 就是包装过于简陋 
再便宜些就好了，苹果出品各方面都不错。希望早点能独立打电话。,再便宜些就好了 苹果出品各方面都不错。希望早点能独立打电话。
还是不错的啊，实用性挺强的，比官网便宜一点点，哈哈哈,还是不错的啊 实用性挺强的 比官网便宜一点点 哈哈哈
9号晚上拍的，10号下午收到，玩了一晚上，感觉很满意，期待独立通话功能,#NUM#号晚上拍的 #NUM#号下午收到 玩了一晚上 感觉很满意 期待独立通话功能
是正品，客服给力。,是正品 客服给力。
第一天下单，第二天早上就收到了。配送超速，宝贝也戴上了，和希望的一样，很喜欢,第一天下单 第二天早上就收到了。配送超速 宝贝也戴上了 和希望的一样 很喜欢
自己先买了块42的，用着确实好用，第二天就给老婆买了个38的，不过蜂窝暂时用不了，等移动开通！,自己先买了块#NUM#的 用着确实好用 第二天就给老婆买了个#NUM#的 不过蜂窝暂时用不了 等移动开通 
挺满意的，，，，，，，,挺满意的   
很喜欢是正品！下次还会再来希望手表的Wi-Fi功能早日开通,很喜欢是正品 下次还会再来希望手表的Wi-Fi功能早日开通
感觉苹果手表功能太多了，很实用,感觉苹果手表功能太多了 很实用
送货快，优惠大，使用起来体验也很完美！,送货快 优惠大 使用起来体验也很完美 
评价20元以上的商品超过10个字就有机会获得京东豆～,评价#NUM#元以上的商品超过#NUM#个字就有机会获得京东豆 
不错的。就是现在还不支持网络。。。。。。。。。,不错的。就是现在还不支持网络。
产品不错，挺好的，值得推荐,产品不错 挺好的 值得推荐
表戴着，很好看，以为祝沙色会很难看，其实颜色很好看，网络什么时候能开通的？ 着急,表戴着 很好看 以为祝沙色会很难看 其实颜色很好看 网络什么时候能开通的  着急
是正品，和描述的一样，值得购买。就是蜂窝数据暂不支持,是正品 和描述的一样 值得购买。就是蜂窝数据暂不支持
送货真的是快 连接手机速度还行 等用几天再来评价,送货真的是快 连接手机速度还行 等用几天再来评价
还可以不错的！喜欢！,还可以不错的 喜欢 
发货速度快，还可以免息分期，京东棒棒的！,发货速度快 还可以免息分期 京东棒棒的 
给媳妇买的 很好  很喜欢 非常棒,给媳妇买的 很好 很喜欢 非常棒
非常好 很好很好 功能很强大  坐等蜂窝,非常好 很好很好 功能很强大 坐等蜂窝
多快好省，多快好省，多快好省。目前不支持网络,多快好省 多快好省 多快好省。目前不支持网络
冲动消费看着十二期免息没忍住就买了,冲动消费看着十二期免息没忍住就买了
到手了，因为运营商服务还没开通，所以没有体验到cellular功能，但其他部分非常满意，运动记录和信息提醒功能大爱，通话的时候mic的拾音效果也很好。,到手了 因为运营商服务还没开通 所以没有体验到cellular功能 但其他部分非常满意 运动记录和信息提醒功能大爱 通话的时候mic的拾音效果也很好。
一点不爽，买错版本还不能退啊,一点不爽 买错版本还不能退啊
回环表带真的很舒服，不会出现，前一个扣太紧，后一个扣又太松。而且戴了一天，不会感觉闷。手表打开应用的速度很快，配合iphone一起，真的非常方便。平时接个电话，回个微信，都不用掏手机出来。,回环表带真的很舒服 不会出现 前一个扣太紧 后一个扣又太松。而且戴了一天 不会感觉闷。手表打开应用的速度很快 配合iphone一起 真的非常方便。平时接个电话 回个微信 都不用掏手机出来。
非常不错很好,非常不错很好
刚入手，系统很流畅，反应也很快，其他正在摸索中！,刚入手 系统很流畅 反应也很快 其他正在摸索中 
完美，运行通畅，唯一的遗憾就是目前还不能电话，当然我指的是单独电话。,完美 运行通畅 唯一的遗憾就是目前还不能电话 当然我指的是单独电话。
可以的,可以的
目前用下俩没有问题，价格又点高了哦,目前用下俩没有问题 价格又点高了哦
外观很惊艳，手感很不错，有点遗憾还没有支持联网,外观很惊艳 手感很不错 有点遗憾还没有支持联网
与介绍的一样，功能丰富，正在使用摸索中。,与介绍的一样 功能丰富 正在使用摸索中。
不错，可以下载个软件没事锻炼下，希望能用个一两年，就是送货箱有点夸张一个大大的转一个小小的,不错 可以下载个软件没事锻炼下 希望能用个一两年 就是送货箱有点夸张一个大大的转一个小小的
还未开张 不错不错,还未开张 不错不错
还可以，用起来很流畅,还可以 用起来很流畅
带电确实可以，两天，啥时候能开通蜂窝就可以了，用起来还可以啊，不错的选择,带电确实可以 两天 啥时候能开通蜂窝就可以了 用起来还可以啊 不错的选择
大牌，宝贝不错，一直在用的品牌。京东发货快，包装也很好，送货超快,大牌 宝贝不错 一直在用的品牌。京东发货快 包装也很好 送货超快
整体还可以，续航两天左右，操作偶尔会卡一下。,整体还可以 续航两天左右 操作偶尔会卡一下。
很好啊很好啊很好啊啊啊啊啊！,很好啊很好啊很好啊啊啊 
目前当运动手表用，测一下运动之类的，等蜂窝,目前当运动手表用 测一下运动之类的 等蜂窝
苹果的东西确实精致。送货速度也满意！但商家应该送的3D魔镜没有送，不知道是什么原因？,苹果的东西确实精致。送货速度也满意 但商家应该送的#NUM#D魔镜没有送 不知道是什么原因 
东西还不错，就是到现在运营商还不能开通通话和上网功能，很不开心。,东西还不错 就是到现在运营商还不能开通通话和上网功能 很不开心。
物品收到，东西很好，没什么问题,物品收到 东西很好 没什么问题
不错的，质感很棒，买来主要是游泳的,不错的 质感很棒 买来主要是游泳的
非常不错。买了两块了。,非常不错。买了两块了。
首先双十一物流很快，完全没有延迟发货，第一次用苹果表，或许还有很多功能没有完全熟悉，但是它的智能型很强大，外观很有科技感，不错，很喜欢,首先双十一物流很快 完全没有延迟发货 第一次用苹果表 或许还有很多功能没有完全熟悉 但是它的智能型很强大 外观很有科技感 不错 很喜欢
还行还行，2900拿下的,还行还行 #NUM#拿下的
是正品不是二手的，但是不知道为什么绑定不了apple pay,是正品不是二手的 但是不知道为什么绑定不了apple pay
不错，是正品，用着挺好，就是打电话有点费劲！,不错 是正品 用着挺好 就是打电话有点费劲 
和老公在一起的时候就说要送我个好点的手表，因为带小孩的原因，我没要买和他的天梭的情侣款，买的这款可以连手机的手表！虽然我觉得表带很丑，但不得不说确实很实用！我抱着孩子炒菜来电话随时就能接能打！闹钟醒我也不用爬起来关，每天走了多少步一步都不会漏啦！这点我可能有强迫症，每天要有一万步以上才舒心！手表充满电很快，满电状态下能用两天多，我要放歌听也可以直接用手表打开，不用去拿手机！手机上的软件都在手表上，还有很多模式可以选！对于我带孩子的宝妈来说是一款超方便的手表！点赞点赞！,和老公在一起的时候就说要送我个好点的手表 因为带小孩的原因 我没要买和他的天梭的情侣款 买的这款可以连手机的手表 虽然我觉得表带很丑 但不得不说确实很实用 我抱着孩子炒菜来电话随时就能接能打 闹钟醒我也不用爬起来关 每天走了多少步一步都不会漏啦 这点我可能有强迫症 每天要有一万步以上才舒心 手表充满电很快 满电状态下能用两天多 我要放歌听也可以直接用手表打开 不用去拿手机 手机上的软件都在手表上 还有很多模式可以选 对于我带孩子的宝妈来说是一款超方便的手表 点赞点赞 
种草很久了，忍不住买了。挺好用的，喜欢,种草很久了 忍不住买了。挺好用的 喜欢
第一次到货的时候没顾上看，结果手慢了又缺货。等到第二次到货就赶紧下手了。plus会员还返了京豆。,第一次到货的时候没顾上看 结果手慢了又缺货。等到第二次到货就赶紧下手了。plus会员还返了京豆。
东西很赞！京东配送很给力！晚上10:50下单，第二天一早还不到11点就到了,东西很赞 京东配送很给力 晚上#NUM# #NUM#下单 第二天一早还不到#NUM#点就到了
使用体验还是不错的 计步方便了许多 不用随时随时想着拿着手机 期待蜂窝网络的开放,使用体验还是不错的 计步方便了许多 不用随时随时想着拿着手机 期待蜂窝网络的开放
就是买来游泳的,就是买来游泳的
功能正在加紧开发！用一段时间再说,功能正在加紧开发 用一段时间再说
第二只手表了 就是表带款式太少 手表还是和以前一样外观好看 唯一的还是微信电话连接那叫一个坑 半天没反应 说三代改进过了 我看价格改进了 比一代贵 其他老样子,第二只手表了 就是表带款式太少 手表还是和以前一样外观好看 唯一的还是微信电话连接那叫一个坑 半天没反应 说三代改进过了 我看价格改进了 比一代贵 其他老样子
还是不错，虽然还没有摸清很多功能，不过好像买了也就那样，没有说太多特别的，没有想象中那个爽。,还是不错 虽然还没有摸清很多功能 不过好像买了也就那样 没有说太多特别的 没有想象中那个爽。
哎哟，不错哟，就是不适合男生。这个颜色,哎哟 不错哟 就是不适合男生。这个颜色
存在的意义是没有明显的让你觉得存在，明显解决了很多事情，到没有显得累赘&hellip;,存在的意义是没有明显的让你觉得存在 明显解决了很多事情 到没有显得累赘 hellip 
正在试用中，，，感觉还可以,正在试用中   感觉还可以
物流非常快，上午下单下午4点多钟就到了，包装很好。功能很多，正在适应中。,物流非常快 上午下单下午#NUM#点多钟就到了 包装很好。功能很多 正在适应中。
很满意，价格比官网还便宜，坐等蜂窝数据开通～,很满意 价格比官网还便宜 坐等蜂窝数据开通 
很不错，很方便。,很不错 很方便。
第一件属于自己的watch还是不错的，只是不知道蜂窝数据什么时候能用、唉,第一件属于自己的watch还是不错的 只是不知道蜂窝数据什么时候能用、唉
刚开始不会用，感谢客服耐心知道，不知道为什么来点时，屏幕不亮，都是这种情况吗,刚开始不会用 感谢客服耐心知道 不知道为什么来点时 屏幕不亮 都是这种情况吗
用了再来追评,用了再来追评
比起一代来快了好多，这个颜色比想象中的好看，是一种浅灰色。,比起一代来快了好多 这个颜色比想象中的好看 是一种浅灰色。
很好哦,很好哦
手表很好，没有什么问题，只是这个包装我必须要好好说道说道，这好歹三千多块钱的东西就用个塑料袋给我装一下就完了，连个盒子都不给，也太小气了吧！这点真的让我很不爽，希望以后可以改进。,手表很好 没有什么问题 只是这个包装我必须要好好说道说道 这好歹三千多块钱的东西就用个塑料袋给我装一下就完了 连个盒子都不给 也太小气了吧 这点真的让我很不爽 希望以后可以改进。
很好看很好看，哈哈哈，首先它是一块表，然后你会发现它的功能很多，回环的做装饰品也很好看,很好看很好看 哈哈哈 首先它是一块表 然后你会发现它的功能很多 回环的做装饰品也很好看
1.京东的快递还是很给力的；2.包装盒的一角有点磕碰；3.用券后价格比官网要便宜一些，挺合适；4.佩戴还是挺舒适的，苹果产品用了很多，watch这是第一块，屏幕的黑框有点粗，希望以后也能出更大屏的；5.对于日常对自己的身材苛刻，需要督促自己多动动的上班族来说，这是个好东西；6.蜂窝功能有待确认，在手机附近可以正常拨打通话没问题。总的来看，果粉手头宽裕可以入手。,#NUM# 京东的快递还是很给力的 #NUM# 包装盒的一角有点磕碰 #NUM# 用券后价格比官网要便宜一些 挺合适 #NUM# 佩戴还是挺舒适的 苹果产品用了很多 watch这是第一块 屏幕的黑框有点粗 希望以后也能出更大屏的 #NUM# 对于日常对自己的身材苛刻 需要督促自己多动动的上班族来说 这是个好东西 #NUM# 蜂窝功能有待确认 在手机附近可以正常拨打通话没问题。总的来看 果粉手头宽裕可以入手。
到了，但是发现不能连接ipad    难道为了买个iwatch3还要买个ipone?,到了 但是发现不能连接ipad 难道为了买个iwatch#NUM#还要买个ipone 
很好 不像网上说的那么不好,很好 不像网上说的那么不好
还不是很适应  但觉得好舒服,还不是很适应 但觉得好舒服
不会用，将就用吧。,不会用 将就用吧。
非常棒，就是感觉有点小！没有手机啥都不是,非常棒 就是感觉有点小 没有手机啥都不是
电池确实很耐用，两天没问题，比预想的要好。,电池确实很耐用 两天没问题 比预想的要好。
很好，很炫，支持京东,很好 很炫 支持京东
东西还算好吃，就是油水有点点大，跟我有点不太合适。,东西还算好吃 就是油水有点点大 跟我有点不太合适。
还可以，东西没有问题。,还可以 东西没有问题。
很喜欢喔 为了手表配了个iPhone X,很喜欢喔 为了手表配了个iPhone X
用保鲜膜包装我也是醉了,用保鲜膜包装我也是醉了
初次体验watch感觉还可以，耗电也还行，功能也挺丰富，就是触屏反馈有点延迟，先用上一段时间。,初次体验watch感觉还可以 耗电也还行 功能也挺丰富 就是触屏反馈有点延迟 先用上一段时间。
应该不错吧,应该不错吧
不是我用，我也不知道怎么样，就好吧,不是我用 我也不知道怎么样 就好吧
还不错，第一款watch，功能很强大，第一次带着它游泳，体验还可以,还不错 第一款watch 功能很强大 第一次带着它游泳 体验还可以
续航很不错。这一代终于可以用了,续航很不错。这一代终于可以用了
挺好的，用了一个礼拜了。,挺好的 用了一个礼拜了。
过程中有一次卡住了，时间持续了将近五六分钟，摁住侧面两个按键重启的，不知道以后会不会复发或者更严重，然后是手表端微信语音转文字会转成英文，目前还不知道怎么设置，手表发语音的时候也会卡住，但是录音功能正常。,过程中有一次卡住了 时间持续了将近五六分钟 摁住侧面两个按键重启的 不知道以后会不会复发或者更严重 然后是手表端微信语音转文字会转成英文 目前还不知道怎么设置 手表发语音的时候也会卡住 但是录音功能正常。
电量的话，用两天还剩下百分之20。,电量的话 用两天还剩下百分之#NUM#。
新手表一直很神往，目前正在测试中。,新手表一直很神往 目前正在测试中。
很满意，比官网便宜，比官网出货快多了,很满意 比官网便宜 比官网出货快多了
用着还不错,用着还不错
很喜欢这块表，关注了很久了，拿到手正在研究中！,很喜欢这块表 关注了很久了 拿到手正在研究中 
还不错，没有瑕疵,还不错 没有瑕疵
终于等来了3，能完全脱离手机使用是最大亮点,终于等来了#NUM# 能完全脱离手机使用是最大亮点
货真价实,货真价实
质量没问题，颜值在线还不错，好评，,质量没问题 颜值在线还不错 好评 
体验了一下用着特别方便！,体验了一下用着特别方便 
非常完美古德,非常完美古德
入手的这段时间，一直在体验，各种提醒很棒，特别是微信提醒，我感觉很棒，智能手表对生活很补助，刚拿到手那一会，沉甸甸，一打开很亮眼，很值得入手，接下来就等蜂窝数据了，很棒，赞,入手的这段时间 一直在体验 各种提醒很棒 特别是微信提醒 我感觉很棒 智能手表对生活很补助 刚拿到手那一会 沉甸甸 一打开很亮眼 很值得入手 接下来就等蜂窝数据了 很棒 赞
还不错，挺好的，京东配送速度也很快。。。,还不错 挺好的 京东配送速度也很快。
跟了好久，终于拿下，攒的京豆全花了。戴着很舒服，,跟了好久 终于拿下 攒的京豆全花了。戴着很舒服 
犹豫了许久，还是决定入手非常不错的一款表，信赖京东自营。,犹豫了许久 还是决定入手非常不错的一款表 信赖京东自营。
还是一如既往的给力，货物很快就收到了，一如既往的好，活动很给力，很实惠的，比去实体店买还便宜还方便还快速到货，测试了一下，和介绍描述的完全一致，质量很好，正品无疑，使用效果也很不错，很满意！京东商品种类确实很多，和其他网站相比选择余地也就大了很多。 而且可以用同类商品做比较。商品的价格也不贵，性价比挺高的。,还是一如既往的给力 货物很快就收到了 一如既往的好 活动很给力 很实惠的 比去实体店买还便宜还方便还快速到货 测试了一下 和介绍描述的完全一致 质量很好 正品无疑 使用效果也很不错 很满意 京东商品种类确实很多 和其他网站相比选择余地也就大了很多。 而且可以用同类商品做比较。商品的价格也不贵 性价比挺高的。
感谢京东快递员小哥的兢兢业业、恪尽职守，在最快的时间里将东西完好无损地送到手上，辛苦了！京东自营的商品总让人很放心，值得信赖，无论是订单处理，服务态度，物流速度还是售后流程都让人非常满意，包装非常仔细、严实，真正做到了一条龙服务，必须点个赞！希望京东不要辜负大家的期望，在未来越做越好，带给大家更好更棒的商品！五星好评！,感谢京东快递员小哥的兢兢业业、恪尽职守 在最快的时间里将东西完好无损地送到手上 辛苦了 京东自营的商品总让人很放心 值得信赖 无论是订单处理 服务态度 物流速度还是售后流程都让人非常满意 包装非常仔细、严实 真正做到了一条龙服务 必须点个赞 希望京东不要辜负大家的期望 在未来越做越好 带给大家更好更棒的商品 五星好评 
用了大概有4  5天   感觉挺好的   电源一般都是可以待机2天多   电话  微信都可以聊   挺不错的,用了大概有#NUM# #NUM#天 感觉挺好的 电源一般都是可以待机#NUM#天多 电话 微信都可以聊 挺不错的
漂亮的,漂亮的
非常喜欢。 很好看。很强大。喜欢的朋友可以果断入手,非常喜欢。 很好看。很强大。喜欢的朋友可以果断入手
送货速度很快，包装完好，京东自营值得信赖，下次继续，入手吧,送货速度很快 包装完好 京东自营值得信赖 下次继续 入手吧
送过老婆的，很喜欢，就等移动开通服务了。,送过老婆的 很喜欢 就等移动开通服务了。
送货快，质量好，京东越来越棒啦，支持！,送货快 质量好 京东越来越棒啦 支持 
正在摸索怎么应用，现在还不错,正在摸索怎么应用 现在还不错
超级喜欢，刚到货，刚开始匹配呢，而且很舒服，物流超级快，京东值得信赖。,超级喜欢 刚到货 刚开始匹配呢 而且很舒服 物流超级快 京东值得信赖。
用起来感觉很不错哦，配合8p使用，方便了很多,用起来感觉很不错哦 配合#NUM#p使用 方便了很多
"这东西买的还是很爽的,以为活动会爆仓,没想到能按时到!外观很时尚,使用方便,出去跑步也不用带手机听歌了!现在就等运营商支持了.",这东西买的还是很爽的 以为活动会爆仓 没想到能按时到 外观很时尚 使用方便 出去跑步也不用带手机听歌了 现在就等运营商支持了 
手表还没有用，上午下单下午就送到了也就京东可以！很完美,手表还没有用 上午下单下午就送到了也就京东可以 很完美
还没学会怎么用，用一段时间再来评价,还没学会怎么用 用一段时间再来评价
还不错，不过还没有窝峰功能！！！,还不错 不过还没有窝峰功能！
升级换代，一代换三代，速度快了，希望快点能使用蜂窝功能,升级换代 一代换三代 速度快了 希望快点能使用蜂窝功能
支持京东，钟爱苹果,支持京东 钟爱苹果
还没搞懂怎么玩,还没搞懂怎么玩
非常有个性,非常有个性
还不错，比一代快很多，就是目前还不能开通4G，期待着,还不错 比一代快很多 就是目前还不能开通#NUM#G 期待着
物流还是那么滴快，因为X还没到，手表还没激活，等我来追加评价,物流还是那么滴快 因为X还没到 手表还没激活 等我来追加评价
外包装箱子很大，东西是全新的，没有拆封过，正在使用，一天一充。,外包装箱子很大 东西是全新的 没有拆封过 正在使用 一天一充。
非常非常好，一分钱一分货，体验简直太棒了,非常非常好 一分钱一分货 体验简直太棒了
给媳妇买的，平时手机放包包里，还可以看时间，接打电话，发微信什么的，防水，待机两天一冲，很方便很美,给媳妇买的 平时手机放包包里 还可以看时间 接打电话 发微信什么的 防水 待机两天一冲 很方便很美
虽然经历了一番波折还是顺利到手了，感谢配送大哥，手表刚上手，还挺舒服的，这款总是没货，好不容易抢到的，虽然表带感觉用久了还是会毛的，但是又买了几个表带配着还不错，好玩的功能是可以控制相机，哈哈哈哈所以可以好好拍照啦～其他功能还在摸索，不少软件不支持，早点开蜂窝移动啊～等的好急呢～,虽然经历了一番波折还是顺利到手了 感谢配送大哥 手表刚上手 还挺舒服的 这款总是没货 好不容易抢到的 虽然表带感觉用久了还是会毛的 但是又买了几个表带配着还不错 好玩的功能是可以控制相机 哈哈哈所以可以好好拍照啦 其他功能还在摸索 不少软件不支持 早点开蜂窝移动啊 等的好急呢 
东西还可以，就是降价太快了,东西还可以 就是降价太快了
用一个很大的箱子包装的，都吓死我了。物流相当快，点个大赞！手表目前摸索中,用一个很大的箱子包装的 都吓死我了。物流相当快 点个大赞 手表目前摸索中
非常好，而且实用。就是期待国内的iWatch4g业务赶紧运行，买它就是为了这个。运动超级方便,非常好 而且实用。就是期待国内的iWatch#NUM#g业务赶紧运行 买它就是为了这个。运动超级方便
东西很好，手表很好，送货也很快,东西很好 手表很好 送货也很快
为了买这watch3，我尽然去开通了京东plus，花了一百多大洋，不过还好，有个卷便宜了好多，真是操碎了心，最主要是广东都没货啊，我去啊，什么情况啊，只是个手表而已，怎么会断货，只能设定到货提醒了。这会好了，好不容易等到有货通知，我看，靠，还是付定金的，真是醉了，好吧，我看这么多人抢，只能等了。收到货后，第一觉得这包装盒子好大啊，里面这么小的表，不用这么大的盒吧？或许苹果是豪点的？好吧，说说蜂窝数据吧，现在广东联通都不支持了，别说移动电信了，电话功能是用不上了，但是以后会有的，这点比较放心，续航我个人觉得挺好的了，充满电用两天，我看过时间了  足足两天哈，前提是不重度使用，有时候做做运动，回一下微信，接过电话，算可以的了，还有就是我手机是6S，最操心了，逼着上IOS11，虽然知道是卡，但是没办法啊，苹果真会做生意吧，我的6s再撑一年就该换了。,为了买这watch#NUM# 我尽然去开通了京东plus 花了一百多大洋 不过还好 有个卷便宜了好多 真是操碎了心 最主要是广东都没货啊 我去啊 什么情况啊 只是个手表而已 怎么会断货 只能设定到货提醒了。这会好了 好不容易等到有货通知 我看 靠 还是付定金的 真是醉了 好吧 我看这么多人抢 只能等了。收到货后 第一觉得这包装盒子好大啊 里面这么小的表 不用这么大的盒吧 或许苹果是豪点的 好吧 说说蜂窝数据吧 现在广东联通都不支持了 别说移动电信了 电话功能是用不上了 但是以后会有的 这点比较放心 续航我个人觉得挺好的了 充满电用两天 我看过时间了 足足两天哈 前提是不重度使用 有时候做做运动 回一下微信 接过电话 算可以的了 还有就是我手机是#NUM#S 最操心了 逼着上IOS#NUM# 虽然知道是卡 但是没办法啊 苹果真会做生意吧 我的#NUM#s再撑一年就该换了。
首先京东的物流还是值得表扬的，其次手表功能上没有我预期的那么丰富，比如微信都是简单的回复和语音。期待开通蜂窝后能给我惊喜！,首先京东的物流还是值得表扬的 其次手表功能上没有我预期的那么丰富 比如微信都是简单的回复和语音。期待开通蜂窝后能给我惊喜 
正品，物流快、服务号，老婆收到很高兴,正品 物流快、服务号 老婆收到很高兴
第一次用iWatch，还在试用过程，希望好用。,第一次用iWatch 还在试用过程 希望好用。
真快，上午下单，下午到货！正品，支持！,真快 上午下单 下午到货 正品 支持 
第一次买了，希望不要让我失望。,第一次买了 希望不要让我失望。
用了几天了，感觉不错，流畅度及电池比老款强多了，效率提高很多，再也不用心烦卡顿以及老早没电了。,用了几天了 感觉不错 流畅度及电池比老款强多了 效率提高很多 再也不用心烦卡顿以及老早没电了。
买苹果除了贵没有什么不满意的,买苹果除了贵没有什么不满意的
还行，就是手机用过别的id下载过应用，或者越狱，或者有除appstore下载的应用，这手表就用不了了，手表除了自带的应用都会打不开！全部闪退！苹果太损了&hellip;&hellip;,还行 就是手机用过别的id下载过应用 或者越狱 或者有除appstore下载的应用 这手表就用不了了 手表除了自带的应用都会打不开 全部闪退 苹果太损了 hellip  hellip 
很好，非常漂亮，希望尽快可以使用蜂窝网络,很好 非常漂亮 希望尽快可以使用蜂窝网络
挺好用的，可以插卡的。一如既往,挺好用的 可以插卡的。一如既往
这个商品很好，经常买了，京东服务是最好的，退换货无忧，以后买东西就是京东了。,这个商品很好 经常买了 京东服务是最好的 退换货无忧 以后买东西就是京东了。
很好看 不错哦 就是没抢到黑色的 灰色的感觉没黑色好看,很好看 不错哦 就是没抢到黑色的 灰色的感觉没黑色好看
不错，送给我姐的礼物，姐姐很喜欢，看着也不错！！！就是感觉买大了，买小号的好了！！！,不错 送给我姐的礼物 姐姐很喜欢 看着也不错！就是感觉买大了 买小号的好了！
刚拿到货！用完后后面在追加吧！,刚拿到货 用完后后面在追加吧 
手表很不错我很满意下次还会考虑在京东购买！,手表很不错我很满意下次还会考虑在京东购买 
非常好用～LTE现在还没有开通～开通之后肯定还有惊喜～,非常好用 LTE现在还没有开通 开通之后肯定还有惊喜 
京东真不错！之前我在apple官网定了一只，寄了20多天才收到，后面又需要买两只，发现京东自营也有，下单后隔天就收到了！真是给力！越来越喜欢京东自营了！,京东真不错 之前我在apple官网定了一只 寄了#NUM#多天才收到 后面又需要买两只 发现京东自营也有 下单后隔天就收到了 真是给力 越来越喜欢京东自营了 
物流很快东西很好用电池很耐用,物流很快东西很好用电池很耐用
还不错，心率打开，续航两天，关注自己的身体健康，挺好,还不错 心率打开 续航两天 关注自己的身体健康 挺好
很不错，这带续航好多了，可以用三天，速度也快，快递小哥服务也好,很不错 这带续航好多了 可以用三天 速度也快 快递小哥服务也好
送货速度还是很快的，东西可以,送货速度还是很快的 东西可以
高大上，好用。不过没有网络，希望尽快开通。,高大上 好用。不过没有网络 希望尽快开通。
还不错哦。包装盒有两条腕带，小中号和大中号各一条，完全不担心手腕粗细问题，正在升级中。。。刚拿来的时候遇到一个问题就是绑定iWatch一直失败，后来发现是因为我手机蓝牙连着小米手环的。所以绑定之前，请把手机连接的其他蓝牙设备关闭。,还不错哦。包装盒有两条腕带 小中号和大中号各一条 完全不担心手腕粗细问题 正在升级中。刚拿来的时候遇到一个问题就是绑定iWatch一直失败 后来发现是因为我手机蓝牙连着小米手环的。所以绑定之前 请把手机连接的其他蓝牙设备关闭。
太正了，很精致，喜欢喜欢,太正了 很精致 喜欢喜欢
s2还没卖出去，谁要?春节刚买的，保养完好，配件齐全，就差外包装盒,s#NUM#还没卖出去 谁要 春节刚买的 保养完好 配件齐全 就差外包装盒
老婆送给我的生日礼物，老婆知道我是个伪果粉，也知道我一直想买，就是不舍得买！直接到位，支持蜂窝网络，虽然现在联通叫停了！我相信将来肯定支持蜂窝网络的。谢谢，老婆。生日礼物很喜欢，手表确实不错。,老婆送给我的生日礼物 老婆知道我是个伪果粉 也知道我一直想买 就是不舍得买 直接到位 支持蜂窝网络 虽然现在联通叫停了 我相信将来肯定支持蜂窝网络的。谢谢 老婆。生日礼物很喜欢 手表确实不错。
用了满1000减120的券和12期免息分期，感觉很棒，手表比想象中要小一点，虽然本人手腕也细才15cm，幸亏包装盒还附带一条s/m的腕带，原本就有佳明的fenix3 hr用于平常跑步，冲着苹果系统的生态完整匹配度和蜂窝通讯功能，入手一块3带蜂窝aw可以不用在腰间带一个腰包放手机，期待运营商早日开放蜂窝支持，今天第一次佩戴aw脱离手机，负担轻了，可是效果不如所想，除了时间和心率正常的外，距离严重不符合，最后两张图是同一地方的aw咕咚记录和以前的手机咕咚记录???感觉想退货了,用了满#NUM#减#NUM#的券和#NUM#期免息分期 感觉很棒 手表比想象中要小一点 虽然本人手腕也细才#NUM#cm 幸亏包装盒还附带一条s m的腕带 原本就有佳明的fenix#NUM# hr用于平常跑步 冲着苹果系统的生态完整匹配度和蜂窝通讯功能 入手一块#NUM#带蜂窝aw可以不用在腰间带一个腰包放手机 期待运营商早日开放蜂窝支持 今天第一次佩戴aw脱离手机 负担轻了 可是效果不如所想 除了时间和心率正常的外 距离严重不符合 最后两张图是同一地方的aw咕咚记录和以前的手机咕咚记录？感觉想退货了
非常不错的手表，终于拿到手，等了半年~,非常不错的手表 终于拿到手 等了半年 
非常好玩的小玩意！运营商什么时候开通电话卡业务啊！那就无敌了！,非常好玩的小玩意 运营商什么时候开通电话卡业务啊 那就无敌了 
还没弄明白怎么用呢！慢慢研究吧！,还没弄明白怎么用呢 慢慢研究吧 
快递员服务态度非常好,快递员服务态度非常好
很好的表，就是还不能入网，是目前的遗憾。,很好的表 就是还不能入网 是目前的遗憾。
到货非常快。服务非常好,到货非常快。服务非常好
虽然用不起来蜂窝还是先买了。还要搞个蓝牙耳机配上,虽然用不起来蜂窝还是先买了。还要搞个蓝牙耳机配上
买这个东西真的是一波三折，25号前广州一直没货，刚找到同学在上海收货，没想到过了晚上十二点进预售场了，只能付了定金又等了一个礼拜到一号才发货。说好的尾款免息结果付款的时候又不行，付了钱第二天客服又说可以免息，京东给处理了还没完成，待评价。手表还不错，没有那么省电也没这么耗电，一天下来大概还有60%左右的电，我习惯一天一充。功能确实还不足，微信什么的还算方便，但是看不了朋友圈了，尤其是eSIM卡现在还开不了很郁闷，不知道什么时候有机会用得上，暂时就是个手机的附属品。搭配AirPods也很舒服，跑步的时候可以不带手机边听歌确实很方便，不得不说苹果自家的东西连接起来用效果很好，手表配对也很迅速，没蓝牙的地方还可以接Wi-Fi用比我想的方便一些。手表暂时没有发现有什么瑕疵，但是待机一晚有时候6%，有时候11%不太稳定。再使用一段时间，给后续,买这个东西真的是一波三折 #NUM#号前广州一直没货 刚找到同学在上海收货 没想到过了晚上十二点进预售场了 只能付了定金又等了一个礼拜到一号才发货。说好的尾款免息结果付款的时候又不行 付了钱第二天客服又说可以免息 京东给处理了还没完成 待评价。手表还不错 没有那么省电也没这么耗电 一天下来大概还有#NUM# 左右的电 我习惯一天一充。功能确实还不足 微信什么的还算方便 但是看不了朋友圈了 尤其是eSIM卡现在还开不了很郁闷 不知道什么时候有机会用得上 暂时就是个手机的附属品。搭配AirPods也很舒服 跑步的时候可以不带手机边听歌确实很方便 不得不说苹果自家的东西连接起来用效果很好 手表配对也很迅速 没蓝牙的地方还可以接Wi-Fi用比我想的方便一些。手表暂时没有发现有什么瑕疵 但是待机一晚有时候#NUM#  有时候#NUM# 不太稳定。再使用一段时间 给后续
京东物流很快，包装的不错，手机没到还没用，以后追评。,京东物流很快 包装的不错 手机没到还没用 以后追评。
功能强大 京东快递就是快  第一次在京东买这么贵的东西 没让我失望    用几天再过来评价,功能强大 京东快递就是快 第一次在京东买这么贵的东西 没让我失望 用几天再过来评价
物流很快就不多说了，东西很正，只是连接和设置的时候浪费了一些时间，手机和手表都重启了好几次，买完以后用了几天觉得，其实对生活的提升没想象中那么大吧，加上电子产品的更新速度，建议大家买之前好好思考下自己的实际需求吧，东西还是不错，毕竟苹果的产品，也差不到哪里去，最后，希望蜂窝移动网络早点开通吧，运营商真心不给力。,物流很快就不多说了 东西很正 只是连接和设置的时候浪费了一些时间 手机和手表都重启了好几次 买完以后用了几天觉得 其实对生活的提升没想象中那么大吧 加上电子产品的更新速度 建议大家买之前好好思考下自己的实际需求吧 东西还是不错 毕竟苹果的产品 也差不到哪里去 最后 希望蜂窝移动网络早点开通吧 运营商真心不给力。
静静等待可以打电话,静静等待可以打电话
不知道为什么收到货时外边没有京东的封条，虽然不大可能拆封过但还是感觉不大好。总体来说使用流畅，耗电量控制得不错，但是想要坚持两天还是有些不现实，希望watch版本的app质量能够越来越高。,不知道为什么收到货时外边没有京东的封条 虽然不大可能拆封过但还是感觉不大好。总体来说使用流畅 耗电量控制得不错 但是想要坚持两天还是有些不现实 希望watch版本的app质量能够越来越高。
超喜欢，终于等到了第三代，虽然小贵，但是苹果就是苹果，品质超赞！,超喜欢 终于等到了第三代 虽然小贵 但是苹果就是苹果 品质超赞 
再用了，用了减211的券和12期免息,再用了 用了减#NUM#的券和#NUM#期免息
质量不错，简洁美观,质量不错 简洁美观
相当好啊,相当好啊
好东西啊，值得拥有！,好东西啊 值得拥有 
很好很满意，购物我只认京东,很好很满意 购物我只认京东
有优惠券就不等双十一当天了  到手用了后只能说苹果产品值得购买,有优惠券就不等双十一当天了 到手用了后只能说苹果产品值得购买
双十一降价怎么办 会不会哭一报,双十一降价怎么办 会不会哭一报
今年买了个表，没什么好说的，还差个MaCBOOK就全了。闹钟功能不错。,今年买了个表 没什么好说的 还差个MaCBOOK就全了。闹钟功能不错。
东西不错，终于收到了,东西不错 终于收到了
小我还以为多大呢，带手上就一点点，不绝得有多重，很时尚,小我还以为多大呢 带手上就一点点 不绝得有多重 很时尚
蛮酷的，和苹果手机适配，挺好玩的。运动功能应该比较强大还没开始用,蛮酷的 和苹果手机适配 挺好玩的。运动功能应该比较强大还没开始用
很喜欢很好看,很喜欢很好看
还在试用中，等待国内蜂窝数据开通,还在试用中 等待国内蜂窝数据开通
还没拆 送老婆的生日礼物,还没拆 送老婆的生日礼物
我大apple的 watch就是帅啊 带上之后直接上天入地  已经无敌了,我大apple的 watch就是帅啊 带上之后直接上天入地 已经无敌了
不错，用了个券，感觉非常好，少妇说很喜欢?！！！,不错 用了个券 感觉非常好 少妇说很喜欢 ！
苹果的东西重量比预想的大 外观没的挑剔,苹果的东西重量比预想的大 外观没的挑剔
不错不错，手表很好很漂亮，就期待着可以用上蜂窝了,不错不错 手表很好很漂亮 就期待着可以用上蜂窝了
提醒运动很实用,提醒运动很实用
物流，客服都是棒哒，过段时间追评吧！,物流 客服都是棒哒 过段时间追评吧 
想买好久了，本人也是属于电子产品爱好者，看见苹果手表出了3代也是终于没忍住下单了，目前刚开始使用，希望表现不错,想买好久了 本人也是属于电子产品爱好者 看见苹果手表出了#NUM#代也是终于没忍住下单了 目前刚开始使用 希望表现不错
就是不错，3288入手。还在发倔中,就是不错 #NUM#入手。还在发倔中
很不错，很漂亮，还在摸索中,很不错 很漂亮 还在摸索中
相当不错，包装很精美。,相当不错 包装很精美。
东西很不错，送货及时,东西很不错 送货及时
还是不错的还是不错的,还是不错的还是不错的
很棒，物流也神速。,很棒 物流也神速。
暂时没有问题，还不错，老婆很喜欢，再研究研究,暂时没有问题 还不错 老婆很喜欢 再研究研究
国内买蜂窝都没有啥用 移动的不支持 速度是挺快的 昨天买今天到的。物流给赞。,国内买蜂窝都没有啥用 移动的不支持 速度是挺快的 昨天买今天到的。物流给赞。
主要是看看时间，收收微信，两天一冲，可以接受,主要是看看时间 收收微信 两天一冲 可以接受
跟前两代比较是不错的！但是还没达到我的性价比  如果不运动  这个手表就比较鸡肋   而且到现在联通都没消息  估计独立数据链接应该是胎死腹中了  买完就有点后悔了  建议考虑的亲可以直接买gps   我是冲着apple品牌买的  但是忘了这只是个手表   京东配送不用说 很快   也没怀疑直接打开链接  但是官网查询保修日期是我激活的前三天开始  所以我也不是很理解   无理由拆包不退换  只能用了  挺好看   但是没什么大用   个人觉得不太值  如果想买块表  不建议买这个玩具,跟前两代比较是不错的 但是还没达到我的性价比 如果不运动 这个手表就比较鸡肋 而且到现在联通都没消息 估计独立数据链接应该是胎死腹中了 买完就有点后悔了 建议考虑的亲可以直接买gps 我是冲着apple品牌买的 但是忘了这只是个手表 京东配送不用说 很快 也没怀疑直接打开链接 但是官网查询保修日期是我激活的前三天开始 所以我也不是很理解 无理由拆包不退换 只能用了 挺好看 但是没什么大用 个人觉得不太值 如果想买块表 不建议买这个玩具
非常好！当天订货当天就收到了。包装完整！比官网上订方便快速多了！,非常好 当天订货当天就收到了。包装完整 比官网上订方便快速多了 
用了些天才来评价，这款产品各个方面都非常完美??,用了些天才来评价 这款产品各个方面都非常完美？
与第一代区别最大就是&hellip;'快'，现在可以用两三天（当然运动了就不行，其实初代刚用的时候也是可以用两天&hellip;两年左右就基本每天充了）期待蜂窝数据开通,与第一代区别最大就是 hellip  快  现在可以用两三天 当然运动了就不行 其实初代刚用的时候也是可以用两天 hellip 两年左右就基本每天充了 期待蜂窝数据开通
给女朋友买的，很喜欢,给女朋友买的 很喜欢
东西正，服务好，物流快，很好，好用,东西正 服务好 物流快 很好 好用
包装高大上啊，没有拆开呢，等下拆开看看,包装高大上啊 没有拆开呢 等下拆开看看
Apple Watch Series 3智能手表（GPS+蜂窝网络款 42毫米 深空灰色铝金属表壳 黑色运动型表带） 电池的使用时间经过测试在正常功能使用包含接电话微信等发信息可以达到整整两天时间。应该可以满足自己需求了。,Apple Watch Series #NUM#智能手表 GPS 蜂窝网络款 #NUM#毫米 深空灰色铝金属表壳 黑色运动型表带  电池的使用时间经过测试在正常功能使用包含接电话微信等发信息可以达到整整两天时间。应该可以满足自己需求了。
虚拟SIM的解绑也在手机端进行：手表和手机解除配对即可免除虚拟的激活；再换张手机卡到手机上，重新激活手表重复这个过程就相当换了张虚拟SIM卡。给Apple Watch加入单独的通讯能力并不是让它变成手机，虽然从功能上看它已经具备这样的能力，但主要功能不是取代手表，而是在一些特别的环境里暂时告别手机，例如户外跑步、越野，甚至只是临时下楼买个东西不带手机。,虚拟SIM的解绑也在手机端进行 手表和手机解除配对即可免除虚拟的激活 再换张手机卡到手机上 重新激活手表重复这个过程就相当换了张虚拟SIM卡。给Apple Watch加入单独的通讯能力并不是让它变成手机 虽然从功能上看它已经具备这样的能力 但主要功能不是取代手表 而是在一些特别的环境里暂时告别手机 例如户外跑步、越野 甚至只是临时下楼买个东西不带手机。
挺好的，就是表带不是喜欢的类型。,挺好的 就是表带不是喜欢的类型。
一般般吧 设置起来比较麻烦 适用的场景较少 体验较差 续航短 要不是冬天带佳明fx5不方便（太厚太大）估计我不会买,一般般吧 设置起来比较麻烦 适用的场景较少 体验较差 续航短 要不是冬天带佳明fx#NUM#不方便 太厚太大 估计我不会买
黑色很搭 最后的选择是对的 休息时间佩戴 以示警戒不要太懒散 多多运动 戒掉LoL,黑色很搭 最后的选择是对的 休息时间佩戴 以示警戒不要太懒散 多多运动 戒掉LoL
喜欢，特别炫,喜欢 特别炫
苹果的东西 物有所值 一如既往的的好！,苹果的东西 物有所值 一如既往的的好 
物流太给力了，一天就送到！货已到手，还是摸索中,物流太给力了 一天就送到 货已到手 还是摸索中
不错的选择。苹果的产品就是牛，是正品，放心购买,不错的选择。苹果的产品就是牛 是正品 放心购买
还没用不知道咋样。期待中。,还没用不知道咋样。期待中。
特别帅，一直想入手，今天终于到手了，很满意,特别帅 一直想入手 今天终于到手了 很满意
手表很漂亮，但愿质量好点,手表很漂亮 但愿质量好点
买了手表后不在频繁的打开手机了。微信，看时间，看天气等日常的琐碎操作都开始在手表上完成。总之，买吧。另外运送表带稍微有点硬，没试过回环，不评价。,买了手表后不在频繁的打开手机了。微信 看时间 看天气等日常的琐碎操作都开始在手表上完成。总之 买吧。另外运送表带稍微有点硬 没试过回环 不评价。
第一次用苹果手表，宝贝很好用，很喜欢，超赞。,第一次用苹果手表 宝贝很好用 很喜欢 超赞。
非常不错，值得购买，相信京东的品控。值得期待的一款产品。,非常不错 值得购买 相信京东的品控。值得期待的一款产品。
突然给我推送这个 只能说 时刻准备着！,突然给我推送这个 只能说 时刻准备着 
很棒！！！简直帅呆了。和苹果手机一起买的，在实验使用中。,很棒！简直帅呆了。和苹果手机一起买的 在实验使用中。
等了很久才有货，感觉用起来还不错，就是支持的app比较少,等了很久才有货 感觉用起来还不错 就是支持的app比较少
第一次买这个手表，虽然没有想象中那么强大,第一次买这个手表 虽然没有想象中那么强大
但是还是比较适合锻炼使用,但是还是比较适合锻炼使用
手表外观非常时尚，第三代终于把基本功能都补齐了，加入了LTE功能，只是现在国内的运营商还没有支持。,手表外观非常时尚 第三代终于把基本功能都补齐了 加入了LTE功能 只是现在国内的运营商还没有支持。
帮狗子买的，狗子说带着不错。,帮狗子买的 狗子说带着不错。
手表收到，物流神速，就是买完了之后有优惠券了，但不是降价，所以不能保价了，现在正在研究中,手表收到 物流神速 就是买完了之后有优惠券了 但不是降价 所以不能保价了 现在正在研究中
续航大大提升,续航大大提升
反应速度加快,反应速度加快
坐等蜂窝数据开通,坐等蜂窝数据开通
一直很好，信任京东和苹果,一直很好 信任京东和苹果
不错，需要慢慢摸索，盒子很高大上,不错 需要慢慢摸索 盒子很高大上
应该还行吧，先用着看看，期待快一点开网络吧,应该还行吧 先用着看看 期待快一点开网络吧
3代蜂窝版一出就想买，登记预约秒杀没打开就结束了一直在等待都没有货，结果双十一前可以参加预存活动，付完尾款后当天就收到货了物流真快！使用一段时间后非常满意，现在就等蜂窝功能早点用上！,#NUM#代蜂窝版一出就想买 登记预约秒杀没打开就结束了一直在等待都没有货 结果双十一前可以参加预存活动 付完尾款后当天就收到货了物流真快 使用一段时间后非常满意 现在就等蜂窝功能早点用上 
非常满意，学习使用中，很好,非常满意 学习使用中 很好
还不错吧，就等联通开通lte,还不错吧 就等联通开通lte
不错 还好是买的42滴,不错 还好是买的#NUM#滴
手表超级好，非常非常棒。最近在减肥，手表也在一点点的监督自己??,手表超级好 非常非常棒。最近在减肥 手表也在一点点的监督自己？
用券优惠120在双十一前抢到了一个，戴上手感觉不错，男的用42mm的刚好，可惜联通还未正式开通一号多终端服务有点浪费，更多功能有待发掘。,用券优惠#NUM#在双十一前抢到了一个 戴上手感觉不错 男的用#NUM#mm的刚好 可惜联通还未正式开通一号多终端服务有点浪费 更多功能有待发掘。
东西非常不错，佩戴大小刚刚合适就是不知道什么时候支持手机卡,东西非常不错 佩戴大小刚刚合适就是不知道什么时候支持手机卡
手表戴了很长时间了 才来评论。手表用处还不错 ！就是蜂窝网三家通讯公司现在不能开很难受。,手表戴了很长时间了 才来评论。手表用处还不错  就是蜂窝网三家通讯公司现在不能开很难受。
正品，配送一如既往的快！产品感觉还可以！待机时间比想象的好,正品 配送一如既往的快 产品感觉还可以 待机时间比想象的好
电子表来说，还算精致。。。,电子表来说 还算精致。
东西很好买小了给老婆用了又重新买了一个,东西很好买小了给老婆用了又重新买了一个
东西是新的，就是没有ios11的系统，逼老子买i8PLUS的节奏啊，老子的i6sp不敢升到11啊，怕回不了头,东西是新的 就是没有ios#NUM#的系统 逼老子买i#NUM#PLUS的节奏啊 老子的i#NUM#sp不敢升到#NUM#啊 怕回不了头
关键时刻还得我大京东，果断官网退货，配货速度奇快，价格美丽,关键时刻还得我大京东 果断官网退货 配货速度奇快 价格美丽
宝贝收到，还在熟悉中，与我的6SP已经匹配，,宝贝收到 还在熟悉中 与我的#NUM#SP已经匹配 
包装是真心的简陋。这也是没救了,包装是真心的简陋。这也是没救了
非常喜欢Apple的产品，资深果粉，十分好用，有减免券加免息分期，非常好！,非常喜欢Apple的产品 资深果粉 十分好用 有减免券加免息分期 非常好 
第一次购买手表，正在摸索中。希望能督促自己多运动运动。,第一次购买手表 正在摸索中。希望能督促自己多运动运动。
很满意，东西不错，考虑再三买的,很满意 东西不错 考虑再三买的
优惠券还是蛮给力的 好评,优惠券还是蛮给力的 好评
等着运营商支持，中国移动加油，不然就白花了几百块，装13不得劲啊！,等着运营商支持 中国移动加油 不然就白花了几百块 装#NUM#不得劲啊 
是包装更新了吗  看别人的评论是长盒子的  我收到的是方盒子  我手腕17cm戴38mm真的超合适  还好没选择42mm的 给大家参考下  之前很喜欢粉砂色运动表环  可是考虑到便捷度和易清洁还是选择了回环式的  第一次买apple watch 主要是为了这款watch外出可以不带手机接打电话看时间  孩子正学走路期间领他出去玩带着7plus真心没那么大的口袋装 用挂绳手机壳还容易打到孩子  正好配上我的AirPods真的是超赞 期待联通尽快开通蜂窝网络,是包装更新了吗 看别人的评论是长盒子的 我收到的是方盒子 我手腕#NUM#cm戴#NUM#mm真的超合适 还好没选择#NUM#mm的 给大家参考下 之前很喜欢粉砂色运动表环 可是考虑到便捷度和易清洁还是选择了回环式的 第一次买apple watch 主要是为了这款watch外出可以不带手机接打电话看时间 孩子正学走路期间领他出去玩带着#NUM#plus真心没那么大的口袋装 用挂绳手机壳还容易打到孩子 正好配上我的AirPods真的是超赞 期待联通尽快开通蜂窝网络
和想象的一样好，刚开始用打开那个界面需要加载几秒，不过会变快，手表的初衷就是作为手表的功能，在此基础上的一切创新都可以说是让人眼前一亮。,和想象的一样好 刚开始用打开那个界面需要加载几秒 不过会变快 手表的初衷就是作为手表的功能 在此基础上的一切创新都可以说是让人眼前一亮。
新款的 速度很快 防水 哈哈哈和x很配,新款的 速度很快 防水 哈哈哈和x很配
蜂窝网络什么时候能用呀？蜂窝网络什么时候能用呀？蜂窝网络什么时候能用呀？蜂窝网络什么时候能用呀？,蜂窝网络什么时候能用呀 蜂窝网络什么时候能用呀 蜂窝网络什么时候能用呀 蜂窝网络什么时候能用呀 
送货非常快，产品包装很不错！唯一缺少了发票。,送货非常快 产品包装很不错 唯一缺少了发票。
挺好的，用分期买没有压力，很早就想买了，期待能和中国移动合作,挺好的 用分期买没有压力 很早就想买了 期待能和中国移动合作
给我老婆的，期待移动赶快开通网络就好了,给我老婆的 期待移动赶快开通网络就好了
性能提升很多，我是直接从初代升级过来的，京东送货也很快,性能提升很多 我是直接从初代升级过来的 京东送货也很快
宝贝很喜欢，但蜂窝还得等运营商开通，配果机一起很好用。,宝贝很喜欢 但蜂窝还得等运营商开通 配果机一起很好用。
用了好大一个盒子来装这手表，收到的时候还在猜是什么。用了几小时，感觉不错，一直对iwatch不感兴趣，最近喜欢上了健身才开始关注这货,用了好大一个盒子来装这手表 收到的时候还在猜是什么。用了几小时 感觉不错 一直对iwatch不感兴趣 最近喜欢上了健身才开始关注这货
用起来还不错，等待esim开通吧,用起来还不错 等待esim开通吧
還不錯還不錯還不錯還不錯,還不錯還不錯還不錯還不錯
京东的东西我还是相信的，自营送货也还算快，问题是，我买两个苹果手表，一个上午送货，一个是下午送货，呃，一起送来不好吗？还有一个严重的问题，偌大的盒子，里面几乎没有填充，拿着一直晃，唉，以后能多塞点东西吗？包装扣1星。其他都挺好！,京东的东西我还是相信的 自营送货也还算快 问题是 我买两个苹果手表 一个上午送货 一个是下午送货 呃 一起送来不好吗 还有一个严重的问题 偌大的盒子 里面几乎没有填充 拿着一直晃 唉 以后能多塞点东西吗 包装扣#NUM#星。其他都挺好 
表好看，就是希望移动早点开通蜂窝数据功能！为的就是这功能才买的！,表好看 就是希望移动早点开通蜂窝数据功能 为的就是这功能才买的 
第一次买苹果watch  还算可以  表带比想象的舒服    有空好好研究下。 期待蜂窝网络功能   用段时间在来追评,第一次买苹果watch 还算可以 表带比想象的舒服 有空好好研究下。 期待蜂窝网络功能 用段时间在来追评
东西很好很喜欢,东西很好很喜欢
不错，比想象中更有质感，流畅度也比想象中好,不错 比想象中更有质感 流畅度也比想象中好
是正品，很好用的手表，值得购买,是正品 很好用的手表 值得购买
给单位买的，好东西，快递也快,给单位买的 好东西 快递也快
iPhone绝配，就是什么时候才能开通sim卡服务啊，不开还是个半残品，希望苹果给点力,iPhone绝配 就是什么时候才能开通sim卡服务啊 不开还是个半残品 希望苹果给点力
送女朋友的生日礼物，苹果的东西没话说！,送女朋友的生日礼物 苹果的东西没话说 
确实很不错的！42毫米的还是好多了！38实在是小了点！,确实很不错的 #NUM#毫米的还是好多了 #NUM#实在是小了点 
Apple Watch Series 3智能手表（GPS+蜂窝网络款 42毫米 深空灰色铝金属表壳 黑色运动型表带,Apple Watch Series #NUM#智能手表 GPS 蜂窝网络款 #NUM#毫米 深空灰色铝金属表壳 黑色运动型表带
东西还不错，比较有保障,东西还不错 比较有保障
速度超快&hellip;就是买完plus会员又有更优惠的券了,速度超快 hellip 就是买完plus会员又有更优惠的券了
没用之前的两代，确实很方便 ，不会漏接任何信息和电话,没用之前的两代 确实很方便  不会漏接任何信息和电话
抢抢抢，终于抢到了，不容易啦，粉红色的表带有点花，换个黑表带,抢抢抢 终于抢到了 不容易啦 粉红色的表带有点花 换个黑表带
心心念念了很久，很棒，42大小刚好。,心心念念了很久 很棒 #NUM#大小刚好。
非常喜欢京东，品质非常棒棒棒！！！继续支持！,非常喜欢京东 品质非常棒棒棒！继续支持 
不错，希望朋友满意&hellip;&hellip;,不错 希望朋友满意 hellip  hellip 
给女朋友买的，女朋友很开心，很好！！,给女朋友买的 女朋友很开心 很好！
应该还行。,应该还行。
买电子产品还是得来京东 放心些,买电子产品还是得来京东 放心些
还没开始用，应该还可以,还没开始用 应该还可以
使用了一段时间，还不错，电量能支撑两天，只是目前蜂窝功能还不能用，不能发挥出真正的价值,使用了一段时间 还不错 电量能支撑两天 只是目前蜂窝功能还不能用 不能发挥出真正的价值
手表反应速度很快，待机时间实测将近可以使用三天，当然是普通程度使用，打电话开GPS只能一天。,手表反应速度很快 待机时间实测将近可以使用三天 当然是普通程度使用 打电话开GPS只能一天。
本来觉得38会不会太小，带上感觉正好，很不错,本来觉得#NUM#会不会太小 带上感觉正好 很不错
东西收到啦，东哥速度，值得信赖。买的送人的，没有打开包装，不过朋友反应，确实很不错。就是价格没有降，有点小贵。,东西收到啦 东哥速度 值得信赖。买的送人的 没有打开包装 不过朋友反应 确实很不错。就是价格没有降 有点小贵。
逼格超级高，正在学习怎么用,逼格超级高 正在学习怎么用
送给老婆的生日礼物，希望尽快能独立通话,送给老婆的生日礼物 希望尽快能独立通话
待机时间提升很大，正常使用1天半到两天,待机时间提升很大 正常使用#NUM#天半到两天
给朋友买的他非常喜欢，不知道双11有优惠不我自己也买一个,给朋友买的他非常喜欢 不知道双#NUM#有优惠不我自己也买一个
物流非常快，总体感觉一级棒，只是蜂窝数据暂时没开放，坐等移动，联通，电信快一点,物流非常快 总体感觉一级棒 只是蜂窝数据暂时没开放 坐等移动 联通 电信快一点
东西很完美  非常喜欢,东西很完美 非常喜欢
心心念念的看了几个月，一会想买，一会又不想买，就像我媳妇说的：只要动了&ldquo;杀机&rdquo;，最后还是得买，所以在看到12期免息和优惠120的一刻，下手了&hellip;&hellip;,心心念念的看了几个月 一会想买 一会又不想买 就像我媳妇说的 只要动了 ldquo 杀机 rdquo  最后还是得买 所以在看到#NUM#期免息和优惠#NUM#的一刻 下手了 hellip  hellip 
东西收到，很喜欢,东西收到 很喜欢
第一次用智能手表，很多地方不懂，慢慢摸索吧！挺好玩的，现在手机里所有通知都推送到手表上面了，真的方便。就是举着手表听电话在别人看来有点傻，而且只有扬声器。。总的来说还是很不错的，京东的物流就是快，晚上下单，第二天就到了。,第一次用智能手表 很多地方不懂 慢慢摸索吧 挺好玩的 现在手机里所有通知都推送到手表上面了 真的方便。就是举着手表听电话在别人看来有点傻 而且只有扬声器。。总的来说还是很不错的 京东的物流就是快 晚上下单 第二天就到了。
特特特特别的给力,特特特别的给力
京东快递迅速，货真价实。好评全五分！,京东快递迅速 货真价实。好评全五分 
挺厉害的手表，暂时还没全懂，但是有事就咨询，服务还是很好，剩下的以后开发。,挺厉害的手表 暂时还没全懂 但是有事就咨询 服务还是很好 剩下的以后开发。
手表还可以，只是还不能脱离手机单独打电话，期待三大运营商能加快完成这件事情。,手表还可以 只是还不能脱离手机单独打电话 期待三大运营商能加快完成这件事情。
还可以，挺喜欢的,还可以 挺喜欢的
漂亮的一一一一,漂亮的一一一
不错优惠也很大还免息，东西运送很快，运行起来也很满意,不错优惠也很大还免息 东西运送很快 运行起来也很满意
应该不错的,应该不错的
趁着双十一活动 ，买买买,趁着双十一活动  买买买
可以，不错，拿到手之后立马去跑了一次步，希望运营商尽快开通蜂窝功能。,可以 不错 拿到手之后立马去跑了一次步 希望运营商尽快开通蜂窝功能。
蛮给力的，就是不知道怎么跟老婆说，老婆不让买的！,蛮给力的 就是不知道怎么跟老婆说 老婆不让买的 
有点儿太过分了，东西因为什么原因的送来晚也就算了，不用京东自己的箱子也就算了，麻烦您至少别暴力快递吧！！！送过来箱子明显就是摔碎了又粘起来的！！！跟人家网易严选的比比！完犊子玩意！越来越废！,有点儿太过分了 东西因为什么原因的送来晚也就算了 不用京东自己的箱子也就算了 麻烦您至少别暴力快递吧！送过来箱子明显就是摔碎了又粘起来的！跟人家网易严选的比比 完犊子玩意 越来越废 
苹果的东西，不用说，买就对了,苹果的东西 不用说 买就对了
京东物流太给力了，中午下单，下午昌平已经收到货了,京东物流太给力了 中午下单 下午昌平已经收到货了
42mm，大小还可以，蛮好用的,#NUM#mm 大小还可以 蛮好用的
戴了半个月了，自己感觉还不错,戴了半个月了 自己感觉还不错
手表做工很精致，续航好，操作简单！,手表做工很精致 续航好 操作简单 
不错的智能手表，棒棒的！,不错的智能手表 棒棒的 
用了快半个月，续航能力比想象的能力好，蜂窝现在还没有开通，希望早日开通。买了半个月不到...就变相降价120有点伤心?,用了快半个月 续航能力比想象的能力好 蜂窝现在还没有开通 希望早日开通。买了半个月不到。就变相降价#NUM#有点伤心 
手表包装盒比我想象中要长，一个小臂的长度，没谁了，哈哈。手表刚刚上手体验，感觉其实实用性一般，没有开通网络 手表要依赖手机，另外吐槽下包装纸盒，为啥是个优乐美的纸箱包装，也是服，手表暂时一切都正常，手机为了手表被迫升级iOS11，感觉电耗哗哗哗的。,手表包装盒比我想象中要长 一个小臂的长度 没谁了 哈哈。手表刚刚上手体验 感觉其实实用性一般 没有开通网络 手表要依赖手机 另外吐槽下包装纸盒 为啥是个优乐美的纸箱包装 也是服 手表暂时一切都正常 手机为了手表被迫升级iOS#NUM# 感觉电耗哗哗哗的。
送货快&hellip;&hellip;外观完整&hellip;&hellip;期望不要随意再降价,送货快 hellip  hellip 外观完整 hellip  hellip 期望不要随意再降价
和官方一样！关键送货快！很不错！值得购买！,和官方一样 关键送货快 很不错 值得购买 
很棒，等了很久。终于在生日那天无意中看见有货了。立马拍下。很开心，小女生戴粉色38就够了。打算换一条表带的，这个很闷。,很棒 等了很久。终于在生日那天无意中看见有货了。立马拍下。很开心 小女生戴粉色#NUM#就够了。打算换一条表带的 这个很闷。
有了有一段时间了，电池一般用一到两天，有些功能比较实用,有了有一段时间了 电池一般用一到两天 有些功能比较实用
还不错，就是还不是特别完善,还不错 就是还不是特别完善
慢慢把玩，刚上手不太适应，用了一天还是挺好的，运动绝配,慢慢把玩 刚上手不太适应 用了一天还是挺好的 运动绝配
箱子真的大！！京东就是快，上午下单下午到！,箱子真的大！京东就是快 上午下单下午到 
从2等到3，终于下手...一次买了俩，手表未激活未开封...全新产品...目前良好顺畅，,从#NUM#等到#NUM# 终于下手。一次买了俩 手表未激活未开封。全新产品。目前良好顺畅 
物流很快，帮我朋友买的。他很喜欢,物流很快 帮我朋友买的。他很喜欢
很多功能还在摸索中！,很多功能还在摸索中 
很好看，速度也很快，表带颜色也好看，配对很方便，安装也是，摸索了一下，基本都能正常使用，好评。一直觉得watch 缺少的一个功能就是检测睡眠，要是能增加这个就更棒了??,很好看 速度也很快 表带颜色也好看 配对很方便 安装也是 摸索了一下 基本都能正常使用 好评。一直觉得watch 缺少的一个功能就是检测睡眠 要是能增加这个就更棒了？
东西还不错  挺满意,东西还不错 挺满意
还没有使用，相信不错的,还没有使用 相信不错的
首先点赞京东的物流 非常准时很快 一大早下单 晚上准时达！其次正好碰到iWatch有优惠120 等了两天周一终于买好啦 性价比还是很高的 应该是正品 包装什么的都很好 一点都没损伤 不过一拿到手就送男友啦 自己没来得及仔细看 但他很喜欢呦！下次有需要会再在京东上购买这类电子产品！,首先点赞京东的物流 非常准时很快 一大早下单 晚上准时达 其次正好碰到iWatch有优惠#NUM# 等了两天周一终于买好啦 性价比还是很高的 应该是正品 包装什么的都很好 一点都没损伤 不过一拿到手就送男友啦 自己没来得及仔细看 但他很喜欢呦 下次有需要会再在京东上购买这类电子产品 
包装很大气，第一次买iwatch，对新功能还是很期待特别是esim，但也讨厌苹果的捆绑，缺少自由度，离开iphone活不成了。特别提出表扬快递小哥的速度，提前一天送到。,包装很大气 第一次买iwatch 对新功能还是很期待特别是esim 但也讨厌苹果的捆绑 缺少自由度 离开iphone活不成了。特别提出表扬快递小哥的速度 提前一天送到。
挺好的，不错不错吧。值得拥有/,挺好的 不错不错吧。值得拥有 
好东西。可以打电话发短信。期待运营商提供网络服务,好东西。可以打电话发短信。期待运营商提供网络服务
发货快，比前几代手表快多了,发货快 比前几代手表快多了
真心不错 自营的速度还是一如既往的快 手表非常好用 各种功能都很喜欢 希望各大运营商能够赶紧开放Apple watch的蜂窝功能,真心不错 自营的速度还是一如既往的快 手表非常好用 各种功能都很喜欢 希望各大运营商能够赶紧开放Apple watch的蜂窝功能
非常喜欢，每天都要完成任务，坐等网络开通,非常喜欢 每天都要完成任务 坐等网络开通
一天就到货，京东的物流还是靠谱，已经开始使用，不错！除了蜂窝数据还是个遗憾，其他都还可以，表盘选项很多,一天就到货 京东的物流还是靠谱 已经开始使用 不错 除了蜂窝数据还是个遗憾 其他都还可以 表盘选项很多
还可以吧，客服人员态度很好，就是我买的有点小,还可以吧 客服人员态度很好 就是我买的有点小
京东物流没得说，临近双11也能保证物流速度。还有活动参与，很划算,京东物流没得说 临近双#NUM#也能保证物流速度。还有活动参与 很划算
不错，京东值得信赖,不错 京东值得信赖
第二次购买，物流相当快 下午就送过来了 期待明年蜂窝开通 就是没有纸质发票,第二次购买 物流相当快 下午就送过来了 期待明年蜂窝开通 就是没有纸质发票
非常好看，质量很好，发货快，功能齐全,非常好看 质量很好 发货快 功能齐全
一般般吧！不好用,一般般吧 不好用
相当好，从一代升级到三代。提升很明显。,相当好 从一代升级到三代。提升很明显。
很好看呀喜欢喜欢,很好看呀喜欢喜欢
我都不知道，我买的是啥呢？为啥它不显示出来呢？照片去哪儿了？很健康,我都不知道 我买的是啥呢 为啥它不显示出来呢 照片去哪儿了 很健康
很好很不错卖家服务态度很好,很好很不错卖家服务态度很好
东西很不错，价格便宜，快递员态度很好，满意全五分,东西很不错 价格便宜 快递员态度很好 满意全五分
非常满意！是正品！真心为京东的快递速度赞一个！！！就是外包装盒貌似被扎了，还好里面东西没坏！包装有点简单，就套个塑料袋,非常满意 是正品 真心为京东的快递速度赞一个！就是外包装盒貌似被扎了 还好里面东西没坏 包装有点简单 就套个塑料袋
买来跑步骑车的。帮助很大。不知道游泳可以不。说是防水 但不敢试,买来跑步骑车的。帮助很大。不知道游泳可以不。说是防水 但不敢试
非常满意的一次购物，快递也很给力,非常满意的一次购物 快递也很给力
"2015年买的&yen;4588的今年年初出现了硬件故障导致有些功能用不了,所以纠结了很久才下手。想尝试摆脱手机。",#NUM#年买的 yen #NUM#的今年年初出现了硬件故障导致有些功能用不了 所以纠结了很久才下手。想尝试摆脱手机。
还不错速度快大小刚刚好正常用二天对喜欢健身的人士非常合适,还不错速度快大小刚刚好正常用二天对喜欢健身的人士非常合适
三代终于推出了蜂窝网络版本。终于可以独立使用了，不过～什么时候运营商才能开通呢？东西本身没说的，非常好。,三代终于推出了蜂窝网络版本。终于可以独立使用了 不过 什么时候运营商才能开通呢 东西本身没说的 非常好。
京东就是快，比之前的2代快很多,京东就是快 比之前的#NUM#代快很多
送给我弟弟的生日礼物，到现在用起来没有不好的反馈，好评，应该是正品,送给我弟弟的生日礼物 到现在用起来没有不好的反馈 好评 应该是正品
货很快就收到了，打开试用一下，很棒，但有些功能还要逐渐熟悉，感谢京东！！！,货很快就收到了 打开试用一下 很棒 但有些功能还要逐渐熟悉 感谢京东！
萍果手表3功能很强，更期待运营商早日开通电话功能。,萍果手表#NUM#功能很强 更期待运营商早日开通电话功能。
质量超级好，用起手感不错，功能很强大，值得拥有的智能产品。,质量超级好 用起手感不错 功能很强大 值得拥有的智能产品。
还没用呢，不过看起来非常不错！,还没用呢 不过看起来非常不错 
可以的，京东快递跨省到我们小地方居然第二天到，下单到收货都没超过30小时，666,可以的 京东快递跨省到我们小地方居然第二天到 下单到收货都没超过#NUM#小时 #NUM#
关注很久的一款产品，真的非常不错额。哈哈，燥起来。,关注很久的一款产品 真的非常不错额。哈哈 燥起来。
非常好，想买很久了，到手非常喜欢。,非常好 想买很久了 到手非常喜欢。
苹果的东西就是好,苹果的东西就是好
包装结实，Apple的产品不用多阐述，质量不错,包装结实 Apple的产品不用多阐述 质量不错
好东西应该分享，谢谢京东商城,好东西应该分享 谢谢京东商城
7天内第二次抢购，很不错的产品，希望尽快开通移动4G童话功能～,#NUM#天内第二次抢购 很不错的产品 希望尽快开通移动#NUM#G童话功能 
好看，好喜欢,好看 好喜欢
货很不错，送人很喜欢，快递也非常给力，赞一个,货很不错 送人很喜欢 快递也非常给力 赞一个
给老婆的礼物，不怕静音错过电话了，蜂窝网络快快开通吧,给老婆的礼物 不怕静音错过电话了 蜂窝网络快快开通吧
很不错物流很好，速度快 东西好。,很不错物流很好 速度快 东西好。
感觉还是很不错的。京东送货也很快！,感觉还是很不错的。京东送货也很快 
关注很久了，结果入手的是3。,关注很久了 结果入手的是#NUM#。
挺好的物流挺快配送员好评,挺好的物流挺快配送员好评
不错，盯着好久，一直没蜂窝版，有了蜂窝版，又没喜欢的颜色，好不容易等到你的出现，果断下单，用了满减211的券，用了京豆，再加上12期免息，到手不到3000，比官网便宜不少啊,不错 盯着好久 一直没蜂窝版 有了蜂窝版 又没喜欢的颜色 好不容易等到你的出现 果断下单 用了满减#NUM#的券 用了京豆 再加上#NUM#期免息 到手不到#NUM# 比官网便宜不少啊
还不错，是正品  速度快。,还不错 是正品 速度快。
初次体验很不错，推送及时。期待更完善的健康体验！只是配对时必须连WiFi，升级也必须充电状态。,初次体验很不错 推送及时。期待更完善的健康体验 只是配对时必须连WiFi 升级也必须充电状态。
aw3蜂窝 坐等联通开启一号多终端,aw#NUM#蜂窝 坐等联通开启一号多终端
iwatch颜色非常漂亮，手表很好，非常喜欢,iwatch颜色非常漂亮 手表很好 非常喜欢
表带颜色比照片好看，不知道什么时候能开蜂窝,表带颜色比照片好看 不知道什么时候能开蜂窝
入手三代??电池续航大大提升赞,入手三代？电池续航大大提升赞
一直都没有货终于抢到了手表好漂亮非常喜欢,一直都没有货终于抢到了手表好漂亮非常喜欢
蓄电能力比较强，一天下来还有70%,蓄电能力比较强 一天下来还有#NUM# 
无论从流畅度还是应用反应速度上都是挺好的，开始米奇不能报时，升级并重启后就行了，还是很有意思的，坐等运营商网络,无论从流畅度还是应用反应速度上都是挺好的 开始米奇不能报时 升级并重启后就行了 还是很有意思的 坐等运营商网络
神速送达 产品无瑕疵,神速送达 产品无瑕疵
哈哈，手表不错，特别是那红的一点，特别好看,哈哈 手表不错 特别是那红的一点 特别好看
完美，快递也很给力,完美 快递也很给力
第一次接触苹果手表，好是好，电量真的不耐用，，再有的是网络真的不知道什么时候可以用上，有些人想要的，真的想清楚。,第一次接触苹果手表 好是好 电量真的不耐用  再有的是网络真的不知道什么时候可以用上 有些人想要的 真的想清楚。
给客户买的，一直没货，终于抢到了。很好,给客户买的 一直没货 终于抢到了。很好
不错，依旧喜欢苹果产品，希望尽快实现蜂窝网络功能！,不错 依旧喜欢苹果产品 希望尽快实现蜂窝网络功能 
没有苹果手机，买了苹果手表，尴尬了,没有苹果手机 买了苹果手表 尴尬了
使用中，目前感觉良好,使用中 目前感觉良好
男女各一块，本来38的没货，结果半夜到货才拍到！等联通开通手机通话！,男女各一块 本来#NUM#的没货 结果半夜到货才拍到 等联通开通手机通话 
三天到货，功能强大,三天到货 功能强大
东西还不错。只是还不支持移动网。希望早点运营商支持。等的花儿都谢了。这些健康功能有啥用呢。没一个官方说法，听听星月。这个价格也不便宜。,东西还不错。只是还不支持移动网。希望早点运营商支持。等的花儿都谢了。这些健康功能有啥用呢。没一个官方说法 听听星月。这个价格也不便宜。
东西不错，带着比较舒服,东西不错 带着比较舒服
的确是好东西！,的确是好东西 
非常不错，很好的产品，京东物流也很快,非常不错 很好的产品 京东物流也很快
非常好用，就是软件还有点少，不过针对运动来讲的话也够了,非常好用 就是软件还有点少 不过针对运动来讲的话也够了
相信京东，相信自营，东西很好用,相信京东 相信自营 东西很好用
可以66666,可以#NUM#
送自己的生日礼物，非常赞！期待了好久，终于在生日前显示有货了，于是立刻下单，领了PLUS优惠券，买下来挺划算。希望蜂窝数据能够早日开通，就不用整天带个手机到处跑了。,送自己的生日礼物 非常赞 期待了好久 终于在生日前显示有货了 于是立刻下单 领了PLUS优惠券 买下来挺划算。希望蜂窝数据能够早日开通 就不用整天带个手机到处跑了。
不错，用的还挺好的，值得推荐,不错 用的还挺好的 值得推荐
云雾灰很耐看，佩戴舒服。定位还是以运动为主，运动记录全方位，从常规的步数距离热量到心率和海拔，很全面。开车接打电话同样非常方便。,云雾灰很耐看 佩戴舒服。定位还是以运动为主 运动记录全方位 从常规的步数距离热量到心率和海拔 很全面。开车接打电话同样非常方便。
还行吧，不能用蜂窝是个遗憾,还行吧 不能用蜂窝是个遗憾
第一次使用Apple watch，很满意，希望年底能开通蜂窝数据,第一次使用Apple watch 很满意 希望年底能开通蜂窝数据
发货挺快的，这款42黑色不定时没有货，提示所选区域到货通知，纠结了一段时间（铝壳版和不锈钢版）还是拿下了，建议和我一样有强迫症的，去知乎看下那些使用者的笔记，最终拿下这款还是因为铝金属更轻，上手无感。铝金属表壳 跟 不锈钢表壳  无论手感 质感 光泽度 都不在一个层面上。还是那句话贵有贵的道理，没有对比就没有伤害,发货挺快的 这款#NUM#黑色不定时没有货 提示所选区域到货通知 纠结了一段时间 铝壳版和不锈钢版 还是拿下了 建议和我一样有强迫症的 去知乎看下那些使用者的笔记 最终拿下这款还是因为铝金属更轻 上手无感。铝金属表壳 跟 不锈钢表壳 无论手感 质感 光泽度 都不在一个层面上。还是那句话贵有贵的道理 没有对比就没有伤害
最后不得不说作为消费者的理性思考的话-----两者适用人群不一样，想对我来说，经常运动，所以选铝金属更符合自己！,最后不得不说作为消费者的理性思考的话---两者适用人群不一样 想对我来说 经常运动 所以选铝金属更符合自己 
最重要是适合自己，对吧？,最重要是适合自己 对吧 
挺好的，挺合适女生，就是不知道啥时候能够用网络,挺好的 挺合适女生 就是不知道啥时候能够用网络
我比较喜欢它的运动功能，比较适合喜欢运动的人,我比较喜欢它的运动功能 比较适合喜欢运动的人
很棒的产品,很棒的产品
手表很好，之前官网入过一个series1，但是那时候太鸡肋就退了。现在看到有了蜂窝功能，觉得符合自己的功能要求，看到京东有货，开plus会员还能有优惠券，就果断入手。物流快（京东还真没慢过），当日凌晨下单，第二天就到了。就是不知道为什么我的京享值过了两天就降了700左右？,手表很好 之前官网入过一个series#NUM# 但是那时候太鸡肋就退了。现在看到有了蜂窝功能 觉得符合自己的功能要求 看到京东有货 开plus会员还能有优惠券 就果断入手。物流快 京东还真没慢过  当日凌晨下单 第二天就到了。就是不知道为什么我的京享值过了两天就降了#NUM#左右 
十分不错，物流快，送货小哥热情，商品也十分满意！！！很赞！！！,十分不错 物流快 送货小哥热情 商品也十分满意！很赞！
手表不错 很喜欢一直再用苹果 等待蜂窝中,手表不错 很喜欢一直再用苹果 等待蜂窝中
很喜欢，物流也很快，必须赞,很喜欢 物流也很快 必须赞
上手效果还可以，不过感觉没什么用，对于我这种不爱社交的人，微信，电话啥的功能都没啥用，就看看时间，不值这么多钱,上手效果还可以 不过感觉没什么用 对于我这种不爱社交的人 微信 电话啥的功能都没啥用 就看看时间 不值这么多钱
非常满意的一款产品，个人觉得很满意很喜欢，反应速度也不错，就是不能记步数，很郁闷,非常满意的一款产品 个人觉得很满意很喜欢 反应速度也不错 就是不能记步数 很郁闷
不错，挺好看的，不过现在不支持蜂窝网络,不错 挺好看的 不过现在不支持蜂窝网络
特地用了几天才来评价，包装非常好，凌晨下的单，下午就到，快递小哥很给力，每天只是用来看时间，充满电能用三天，还算可以，给个赞,特地用了几天才来评价 包装非常好 凌晨下的单 下午就到 快递小哥很给力 每天只是用来看时间 充满电能用三天 还算可以 给个赞
特意用了两天才来评价，这是对自己和大家的负责！宝贝质量不错，很喜欢了。谢谢掌柜。一个字好，两个字很好，三个字太好了！哈哈&hellip;&hellip;,特意用了两天才来评价 这是对自己和大家的负责 宝贝质量不错 很喜欢了。谢谢掌柜。一个字好 两个字很好 三个字太好了 哈哈 hellip  hellip 
心心念念的apple watch3终于到了，一样优秀的体验，帅到爆,心心念念的apple watch#NUM#终于到了 一样优秀的体验 帅到爆
棒棒的，在玩弄，物流和质量这两个品牌就不要说了,棒棒的 在玩弄 物流和质量这两个品牌就不要说了
还没拆封，相信京东的品质,还没拆封 相信京东的品质
给京东满分，昨天晚上下的单，本来一直想买Mac.活动变了  不值得下手   ，看3出来了还带蜂窝，注:暂时用不上，年底之前能用上就行 。第一个智能手表?喜欢   ，苹果还是大气，盒子真大。 刚才看还有一块这个表了，要的赶紧下手  ！,给京东满分 昨天晚上下的单 本来一直想买Mac 活动变了 不值得下手  看#NUM#出来了还带蜂窝 注 暂时用不上 年底之前能用上就行 。第一个智能手表 喜欢  苹果还是大气 盒子真大。 刚才看还有一块这个表了 要的赶紧下手  
比我想象的更好，漂亮！功能摸索中，盼营运商早点开通网络服务,比我想象的更好 漂亮 功能摸索中 盼营运商早点开通网络服务
很喜欢这手表。就是有点小了,很喜欢这手表。就是有点小了
收到啦！终于抢到啦！兴奋啊,收到啦 终于抢到啦 兴奋啊
不错，续航水平满意，坐等开通蜂窝功能,不错 续航水平满意 坐等开通蜂窝功能
苹果手表非常棒，很实用,苹果手表非常棒 很实用
特别好 除了待机一般 就是不知道什么时候能开通esim,特别好 除了待机一般 就是不知道什么时候能开通esim
不错很好还需要研究研究功能,不错很好还需要研究研究功能
外观还算好看，实际功能有点鸡肋，蜂窝用不了,外观还算好看 实际功能有点鸡肋 蜂窝用不了
虽然没什么用 但是觉得很好看 就等联通开esim服务了,虽然没什么用 但是觉得很好看 就等联通开esim服务了
不错，就是第一次接触弄了一天,不错 就是第一次接触弄了一天
比较满意,比较满意
总是被颜色困扰 最终选择深橄榄色 不负所望 百搭耐看  匹对的时候费了点时间  如果遇到问题就打苹果客服吧 快速帮你解决 总之 棒棒哒,总是被颜色困扰 最终选择深橄榄色 不负所望 百搭耐看 匹对的时候费了点时间 如果遇到问题就打苹果客服吧 快速帮你解决 总之 棒棒哒
显示效果超级好，厚度比前几代有所增加，只可以国内还没有蜂窝网络,显示效果超级好 厚度比前几代有所增加 只可以国内还没有蜂窝网络
很好用，发货很快，质量也好，就是评价太麻烦,很好用 发货很快 质量也好 就是评价太麻烦
终于等到你，还好买到了，便宜了500。给力,终于等到你 还好买到了 便宜了#NUM#。给力
很漂亮，戴着也挺舒适，就是现在还不能脱离手机,很漂亮 戴着也挺舒适 就是现在还不能脱离手机
用了211券入手+12期免息，虽然运动款是入门级 但是做工真的很好，回头买个水凝膜贴一下,用了#NUM#券入手 #NUM#期免息 虽然运动款是入门级 但是做工真的很好 回头买个水凝膜贴一下
这个颜色是给老公买的 虽然他不会用 但是 他很喜欢～66666～以后再也不怕漏接电话了,这个颜色是给老公买的 虽然他不会用 但是 他很喜欢 #NUM# 以后再也不怕漏接电话了
不得不说京东还是给力 一点也不用等 分期付也没有手续费,不得不说京东还是给力 一点也不用等 分期付也没有手续费
嗯～为京东疯狂打call?,嗯 为京东疯狂打call 
不错，很棒，速度相比一代明显提升，很喜欢！,不错 很棒 速度相比一代明显提升 很喜欢 
昨天到的    摆弄了一晚上   总算弄明白了    这个简直就是太好用了    就是收了我们可以打电话的钱   得赶紧让我们用上这个作用啊&hellip;&hellip;顺便说一下   防水性能是真强悍啊,昨天到的 摆弄了一晚上 总算弄明白了 这个简直就是太好用了 就是收了我们可以打电话的钱 得赶紧让我们用上这个作用啊 hellip  hellip 顺便说一下 防水性能是真强悍啊
产品好，物流快，就是后悔买黑色，太一般，没得玩儿，表带不好搭配，从一代纠结到三代，必须要支持一下了,产品好 物流快 就是后悔买黑色 太一般 没得玩儿 表带不好搭配 从一代纠结到三代 必须要支持一下了
正在使用中，目前还没发现问题。买的是带蜂窝数据的版本，希望尽快能用起来,正在使用中 目前还没发现问题。买的是带蜂窝数据的版本 希望尽快能用起来
很棒，很喜欢，坐等运营商开通,很棒 很喜欢 坐等运营商开通
昨天晚上下单，今天上午就到了，京东物流就是快！相信京东！,昨天晚上下单 今天上午就到了 京东物流就是快 相信京东 
等电子sim卡开通就完美了。,等电子sim卡开通就完美了。
开心很喜欢,开心很喜欢
非常非常好，静等开通手机功能。,非常非常好 静等开通手机功能。
外观与设计都不错,外观与设计都不错
第一次用京准达 还不错 优惠券优惠两百多 挺好,第一次用京准达 还不错 优惠券优惠两百多 挺好
为什么找不到无线网络的标志？？？,为什么找不到无线网络的标志？
颜值100分，功能100分，值,颜值#NUM#分 功能#NUM#分 值
真是太喜欢了，方便好用。等到货等的花儿?都谢了，还以为先预定会有优惠，其实跟双十一活动一样。但是很喜欢?，很方便，开车打电话??也超OK。棒棒哒????,真是太喜欢了 方便好用。等到货等的花儿 都谢了 还以为先预定会有优惠 其实跟双十一活动一样。但是很喜欢  很方便 开车打电话？也超OK。棒棒哒？
还没有使用，暂时没有发现任何问题。,还没有使用 暂时没有发现任何问题。
正品，行货，昨晚下单，今天中午就到了，京东快递就是快??，宝贝未开封，配对很快。京东服务态度很好，有问必答，反应快，还有电话回访宝贝质量，为京东服务点赞！,正品 行货 昨晚下单 今天中午就到了 京东快递就是快？ 宝贝未开封 配对很快。京东服务态度很好 有问必答 反应快 还有电话回访宝贝质量 为京东服务点赞 
第一个watch 就是蜂窝还不能用 功能有待发掘,第一个watch 就是蜂窝还不能用 功能有待发掘
质量完美 新产品果然很好 遗憾是运营商暂时不支持移动数据 说要等到年底 期待新功能,质量完美 新产品果然很好 遗憾是运营商暂时不支持移动数据 说要等到年底 期待新功能
买来玩玩,买来玩玩
男人还是用42的比较好，建议不爱运动的人还是不要买了,男人还是用#NUM#的比较好 建议不爱运动的人还是不要买了
很好很好,很好很好
一切都还可以，只求快点开通蜂窝。,一切都还可以 只求快点开通蜂窝。
京东自营的商品，服务，物流都没得说，一个字，赞！电子产品一直信赖京东！,京东自营的商品 服务 物流都没得说 一个字 赞 电子产品一直信赖京东 
超级棒！物流很快！,超级棒 物流很快 
手机必须升11系统才能联，蜂窝数据暂时用不了,手机必须升#NUM#系统才能联 蜂窝数据暂时用不了
手表还挺好看的，用了两天重启过一次！,手表还挺好看的 用了两天重启过一次 
正品，行货，苹果手表就是好用，,正品 行货 苹果手表就是好用 
送货很及时，可惜买贵了，又不能价保,送货很及时 可惜买贵了 又不能价保
非常不错，已经戴上了。。。。。,非常不错 已经戴上了。
怎么说呢，哎，没有想象中的好啊，不过也就那样吧，敏感词不给发,怎么说呢 哎 没有想象中的好啊 不过也就那样吧 敏感词不给发
还不错，给老婆买点，配x用。zzz,还不错 给老婆买点 配x用。zzz
买了iwatch3蜂窝加GPS的，可以蜂窝运营商还不支持，先用其他功能，期待运营商快点支持。表很漂亮,买了iwatch#NUM#蜂窝加GPS的 可以蜂窝运营商还不支持 先用其他功能 期待运营商快点支持。表很漂亮
宝贝收到质量很好,宝贝收到质量很好
都说电用不久。那只能说你们太忙...我充一次可以用3天,都说电用不久。那只能说你们太忙。我充一次可以用#NUM#天
第一次买苹果手表，用了几天感觉还是不错，第三代的手表做工还是达到一定的水准。真心值得推荐。,第一次买苹果手表 用了几天感觉还是不错 第三代的手表做工还是达到一定的水准。真心值得推荐。
整体还是满意的，买了第二个watch了，之前一直想买一直没货，终于有货了，发货速度很快，很不错！京东购物有保障，比第二代的快一点，电池也耐用一些，唯一一点不满意的就是现在蜂窝移动数据不能用，什么时候能用，希望尽快能够使用，那才是真正的手表！,整体还是满意的 买了第二个watch了 之前一直想买一直没货 终于有货了 发货速度很快 很不错 京东购物有保障 比第二代的快一点 电池也耐用一些 唯一一点不满意的就是现在蜂窝移动数据不能用 什么时候能用 希望尽快能够使用 那才是真正的手表 
赶上京东有活动，就赶紧下单了，虽然不能用蜂窝，不过能有各种信息提醒才是我需要的，去看了38和42的，男生还是42吧，即使手腕很细，例如我,赶上京东有活动 就赶紧下单了 虽然不能用蜂窝 不过能有各种信息提醒才是我需要的 去看了#NUM#和#NUM#的 男生还是#NUM#吧 即使手腕很细 例如我
好评。谢谢京东商城,好评。谢谢京东商城
用着还不熟练，不过整体感觉很好，非常满意！,用着还不熟练 不过整体感觉很好 非常满意 
感觉还不错哈，除了还在适应各种功能之外，没遇到什么问题。好评啦~~~~~,感觉还不错哈 除了还在适应各种功能之外 没遇到什么问题。好评啦   
京东快递就是快，用了两天还不错，以后还会买新款苹果表嘿嘿,京东快递就是快 用了两天还不错 以后还会买新款苹果表嘿嘿
还行吧，买来就是看个时间开车啥的方便点,还行吧 买来就是看个时间开车啥的方便点
预定的，比原价便宜200多块，发货很快，质量很好，应用程序少,预定的 比原价便宜#NUM#多块 发货很快 质量很好 应用程序少
苹果刚出的新款手表，网络还不能用,苹果刚出的新款手表 网络还不能用
不愧是名牌。,不愧是名牌。
质量非常好?，质量非常好?,质量非常好  质量非常好 
一下买了两只，到手才发现确实不怎么实用，给孩子当玩具了,一下买了两只 到手才发现确实不怎么实用 给孩子当玩具了
手表很爽，就是这个表带，没有图片上那么好看，另外，希望蜂窝数据早一点可以使用，最后，智能设备充电是个大问题，出去玩带三个充电器！手机，耳机，手表，只能说伤心，希望电池这一块能有大的突破吧。,手表很爽 就是这个表带 没有图片上那么好看 另外 希望蜂窝数据早一点可以使用 最后 智能设备充电是个大问题 出去玩带三个充电器 手机 耳机 手表 只能说伤心 希望电池这一块能有大的突破吧。
收到以后。比较轻。在升级系统,收到以后。比较轻。在升级系统
很好，很好，非常好，特别好，我很满意。,很好 很好 非常好 特别好 我很满意。
到了第三代，已经是很成熟的产品，希望蜂窝功能早点开通,到了第三代 已经是很成熟的产品 希望蜂窝功能早点开通
还不错，还不错,还不错 还不错
用了一段时间，感觉还不错，电量也足够用了，感觉三天没问题，就等蜂窝了,用了一段时间 感觉还不错 电量也足够用了 感觉三天没问题 就等蜂窝了
送人外观看上去挺好 应该没什么问题 有问题联系京东就好,送人外观看上去挺好 应该没什么问题 有问题联系京东就好
比上一代顺畅了很多，电话还没试,比上一代顺畅了很多 电话还没试
很好，很好好好,很好 很好好好
挺好的。蜂窝数据赶紧开通吧！,挺好的。蜂窝数据赶紧开通吧 
手表很好看 云雾灰色比想象中还漂亮！ 功能还在慢慢摸索 期待出网络！！,手表很好看 云雾灰色比想象中还漂亮  功能还在慢慢摸索 期待出网络！
备货送货速度超给力，就是很期待运营商开通蜂窝网络服务，否则跟Gps版本就没区别了。,备货送货速度超给力 就是很期待运营商开通蜂窝网络服务 否则跟Gps版本就没区别了。
手表很舒服。很合适，现在就等移动支持网络了.,手表很舒服。很合适 现在就等移动支持网络了 
速度超级快！东西很好,速度超级快 东西很好
很好 好用 装x神器 很多功能待发掘,很好 好用 装x神器 很多功能待发掘
外观蛮不错的 戴起来还行,外观蛮不错的 戴起来还行
快递部分：一块手表用那么大个箱子也是醉了，虽然里面有泡沫但是角落还是无法做到很好的保护，但是快的速度值得称谓&hellip;那是一个快&hellip;早上起床11.1以为自己起晚了马上结账&hellip;下午三点就到货了！绝妙！,快递部分 一块手表用那么大个箱子也是醉了 虽然里面有泡沫但是角落还是无法做到很好的保护 但是快的速度值得称谓 hellip 那是一个快 hellip 早上起床#NUM# #NUM#以为自己起晚了马上结账 hellip 下午三点就到货了 绝妙 
功能部分：功能跟之前fitbit运动手环强太多全面太多&hellip;需要花时间研究&hellip;胶带手感一流&hellip;好奇尼龙手感如何？,功能部分 功能跟之前fitbit运动手环强太多全面太多 hellip 需要花时间研究 hellip 胶带手感一流 hellip 好奇尼龙手感如何 
价格部分：双11+plus会员&hellip;优惠赞！,价格部分 双#NUM# plus会员 hellip 优惠赞 
还是京东好。不错。很满意,还是京东好。不错。很满意
终于拔草了 做工很精细 漂亮,终于拔草了 做工很精细 漂亮
苹果一直出品很棒，讨厌弄脏就直接买个软套，脏了再换,苹果一直出品很棒 讨厌弄脏就直接买个软套 脏了再换
思前想后很久，终于把它买了。快递第二天就送到了。充满电使用两天完全没问题。,思前想后很久 终于把它买了。快递第二天就送到了。充满电使用两天完全没问题。
不错  很喜欢  关注很久了    只是移动还不支持蜂窝数据,不错 很喜欢 关注很久了 只是移动还不支持蜂窝数据
不是香槟金是玫瑰金，很早就想买这款表了，有些分量，也确实不错，逼格很高，再换个表带就行了。,不是香槟金是玫瑰金 很早就想买这款表了 有些分量 也确实不错 逼格很高 再换个表带就行了。
第二天就到了，用了两天，切换任务时死机一次，微信闪退手动重启一次,第二天就到了 用了两天 切换任务时死机一次 微信闪退手动重启一次
总体还不错~只不过现在还只能靠蓝牙连接~不知道运营商什么时候才能开通,总体还不错 只不过现在还只能靠蓝牙连接 不知道运营商什么时候才能开通
非常高兴，非常喜欢，非常好用。,非常高兴 非常喜欢 非常好用。
手表不错、可惜的是蜂窝数据不能用！必须和手机一起用,手表不错、可惜的是蜂窝数据不能用 必须和手机一起用
好用好用好用,好用好用好用
觉得这一代的watch很有看点 如果开放蜂窝就完美了 缺点就是屏幕依旧很脆 要小心了,觉得这一代的watch很有看点 如果开放蜂窝就完美了 缺点就是屏幕依旧很脆 要小心了
还行吧，有色差,还行吧 有色差
手表漂亮，好玩，有意思，值得买！,手表漂亮 好玩 有意思 值得买 
喜欢好久了，就不等什么活动了。怕在没货.....,喜欢好久了 就不等什么活动了。怕在没货。
很好包装很严实,很好包装很严实
目前看起来不错，不过还不能用蜂窝网络,目前看起来不错 不过还不能用蜂窝网络
还挺漂亮的,还挺漂亮的
非常棒！   目前最可惜的就是蜂窝还不能用，期待！,非常棒  目前最可惜的就是蜂窝还不能用 期待 
带了两天了，感觉还不错，用电也省，很喜欢,带了两天了 感觉还不错 用电也省 很喜欢
和iphone配对之后挺方便的,和iphone配对之后挺方便的
不错，快递很快,不错 快递很快
还可以！物流很快哦！！！,还可以 物流很快哦！
外观漂亮优雅，功能强大，很喜欢,外观漂亮优雅 功能强大 很喜欢
用了几天，很不错，续航也可以。,用了几天 很不错 续航也可以。
速度不是一般快，昨天下单今天就到，就是还没有Esim卡，期待运营商赶紧推出，外包装好像是在打广告。,速度不是一般快 昨天下单今天就到 就是还没有Esim卡 期待运营商赶紧推出 外包装好像是在打广告。
用于健身锻炼，更新系统版本有点慢，其余还好啦！还不怎么会用，慢慢摸索吧,用于健身锻炼 更新系统版本有点慢 其余还好啦 还不怎么会用 慢慢摸索吧
不错，小生喜欢，值得购买,不错 小生喜欢 值得购买
很好看,很好看
送货速度不错，就是老婆不让买，还没拆，有需要的联系我，原价转,送货速度不错 就是老婆不让买 还没拆 有需要的联系我 原价转
给太太买的礼物，相信京东自营的品质，拆箱很满意，看着不像接盘货，用上211的券价格也很合适，总体很满意，无形之中成了京东粉，估计以后不会喂猫了。五颗星。,给太太买的礼物 相信京东自营的品质 拆箱很满意 看着不像接盘货 用上#NUM#的券价格也很合适 总体很满意 无形之中成了京东粉 估计以后不会喂猫了。五颗星。
先赞一下京东物流，30多小时800多公里送到，包装真安全，箱子大的我以为送了几台iPhone X呢?。表一戴上就爱不释手，刚开始上手还有些懵，玩了一下午发现越来越佩服苹果的设计，非常实用贴心方便，屏幕操作顺滑流畅，直连WiFi有点啰嗦，OS4.1很强大。续航不错，两天没问题，如果以后开通esim 卡强大不止一个档次。强悍！建议男士选42㎜，比想象中小。,先赞一下京东物流 #NUM#多小时#NUM#多公里送到 包装真安全 箱子大的我以为送了几台iPhone X呢 。表一戴上就爱不释手 刚开始上手还有些懵 玩了一下午发现越来越佩服苹果的设计 非常实用贴心方便 屏幕操作顺滑流畅 直连WiFi有点啰嗦 OS#NUM# #NUM#很强大。续航不错 两天没问题 如果以后开通esim 卡强大不止一个档次。强悍 建议男士选#NUM#mm 比想象中小。
12期免息超级爽。然后用的京东会员卷  便宜好多 一直相信京东 本人手腕17厘米 带42的刚刚好,#NUM#期免息超级爽。然后用的京东会员卷 便宜好多 一直相信京东 本人手腕#NUM#厘米 带#NUM#的刚刚好
还可以，海贝回环表带比运动好看且舒服,还可以 海贝回环表带比运动好看且舒服
速度快，产品质量好,速度快 产品质量好
非常好，使用方便，外观好看。,非常好 使用方便 外观好看。
活动迫不及待买的，希望别太快掉价！今天早上就到了，可是活动量大吧，快递小哥一直没送来，晚上等不及了，我就自己去站里取的！东东很喜欢！还有快递小哥辛苦了！,活动迫不及待买的 希望别太快掉价 今天早上就到了 可是活动量大吧 快递小哥一直没送来 晚上等不及了 我就自己去站里取的 东东很喜欢 还有快递小哥辛苦了 
超出预期的好 坐等支持电子sim卡 到时就可以不带手机出门了,超出预期的好 坐等支持电子sim卡 到时就可以不带手机出门了
手表很给力 就是暂时无法激活蜂窝,手表很给力 就是暂时无法激活蜂窝
感觉挺好的，快递员也很客气，很满意,感觉挺好的 快递员也很客气 很满意
赞 很赞 非常赞 京东的速度 杠杠的,赞 很赞 非常赞 京东的速度 杠杠的
还不错哦 我很喜欢 第二快了 之前的是1,还不错哦 我很喜欢 第二快了 之前的是#NUM#
物流很快，目前感觉很好，等待联通开通蜂窝数据,物流很快 目前感觉很好 等待联通开通蜂窝数据
今天刚到，刚打开感觉很亮眼，表带很舒服，戴在手腕上几乎没什么重量，功能正在探索中,今天刚到 刚打开感觉很亮眼 表带很舒服 戴在手腕上几乎没什么重量 功能正在探索中
表还可以，就是费电快点,表还可以 就是费电快点
用了一整天，微信不少，电话一般，信息也不少，还有这么多电，比预想好很多，女生戴，稍微大了点点，个人觉得，但是屏幕大看起来舒服,用了一整天 微信不少 电话一般 信息也不少 还有这么多电 比预想好很多 女生戴 稍微大了点点 个人觉得 但是屏幕大看起来舒服
刚收到 用用看！第一次用 慢慢摸索！,刚收到 用用看 第一次用 慢慢摸索 
很不错，是正品！速度比较快，快递也比较快！总体评价五星，但是不知道什么时候蜂窝数据可以用，这才是买点！,很不错 是正品 速度比较快 快递也比较快 总体评价五星 但是不知道什么时候蜂窝数据可以用 这才是买点 
收到以后非常惊艳，很漂亮的，,收到以后非常惊艳 很漂亮的 
我只想说俗拧**比京东便宜100元！！！！！！！客服告诉我 渠道不一样！！！,我只想说俗拧  比京东便宜#NUM#元！客服告诉我 渠道不一样！
非常不错，很好用，带了一天非常舒服非常好，很适应的，很方便，就是暂时不能接电话其他都非常好，棒，客服也很棒,非常不错 很好用 带了一天非常舒服非常好 很适应的 很方便 就是暂时不能接电话其他都非常好 棒 客服也很棒
速度快。服务好。早上下单，下午就收到了，迫不及待的先摆下,速度快。服务好。早上下单 下午就收到了 迫不及待的先摆下
到手，还没有连接手机，有点小丑，还没有使用，具体情况使用后再说,到手 还没有连接手机 有点小丑 还没有使用 具体情况使用后再说
从预购开始到今天收到，一切非常顺利。京东物流很给力，物流跟踪信息很赞。表是正品，与手机绑定也很顺利。这次购物很满意！,从预购开始到今天收到 一切非常顺利。京东物流很给力 物流跟踪信息很赞。表是正品 与手机绑定也很顺利。这次购物很满意 
手表非常好，坐等移动开通蜂窝网络。满意、满意、满意,手表非常好 坐等移动开通蜂窝网络。满意、满意、满意
产品很不错，非常新潮，现在还在研究中，真的很炫酷,产品很不错 非常新潮 现在还在研究中 真的很炫酷
速度较快，包装美观，满意,速度较快 包装美观 满意
一般吧，没有让我惊艳的感觉，功能不是很多，不过还行吧，离开手机就当个饰品。,一般吧 没有让我惊艳的感觉 功能不是很多 不过还行吧 离开手机就当个饰品。
第一次买&hellip;&hellip;刚开始还不会连手机！整体上还不错哦 ！,第一次买 hellip  hellip 刚开始还不会连手机 整体上还不错哦  
黑色很喜欢很多功能需要摸索,黑色很喜欢很多功能需要摸索
正品，包裹防护周全，外包装完好无缺，送货快，送货员责任心强！,正品 包裹防护周全 外包装完好无缺 送货快 送货员责任心强 
用上了！,用上了 
手表到了，感觉不错，不过应该更晚点买的，有券会更便宜。,手表到了 感觉不错 不过应该更晚点买的 有券会更便宜。
还可以慢慢用似乎还不错,还可以慢慢用似乎还不错
实物比图片看起来更漂亮，这个颜色的手表真的很好看,实物比图片看起来更漂亮 这个颜色的手表真的很好看
还是很不错的,还是很不错的
这一代加入了esim卡，但是服务还没有开通，预售的时候入手了一个，搭配8p使用，很不错，较前代有了一个不错的提升。我是预售购买的，室友是在我付尾款的时候直接购买的，同一个型号，比我便宜一点，若不是参加了预售就在一号直接下单购买了，还能够便宜一点。,这一代加入了esim卡 但是服务还没有开通 预售的时候入手了一个 搭配#NUM#p使用 很不错 较前代有了一个不错的提升。我是预售购买的 室友是在我付尾款的时候直接购买的 同一个型号 比我便宜一点 若不是参加了预售就在一号直接下单购买了 还能够便宜一点。
手表收到了，真的是非常漂亮，不多说好评通过。,手表收到了 真的是非常漂亮 不多说好评通过。
好歹上钱块钱的电子产品，快递包装还真是简陋，也不怕摔坏了么！,好歹上钱块钱的电子产品 快递包装还真是简陋 也不怕摔坏了么 
还是很满意的,还是很满意的
nice，昨天收到货，因为新手机还没到，只能用朋友的手机先激活，现在的我感觉在用小天才手表，也只能当看看时间了,nice 昨天收到货 因为新手机还没到 只能用朋友的手机先激活 现在的我感觉在用小天才手表 也只能当看看时间了
手感很好，很多功能还在摸索中，下次游泳的时候，试试效果！很期待,手感很好 很多功能还在摸索中 下次游泳的时候 试试效果 很期待
挺好的。就是蜂窝数据还不能用。电池?省些能坚持两天，费电的话一天吧。,挺好的。就是蜂窝数据还不能用。电池 省些能坚持两天 费电的话一天吧。
没拆开，买来送人的，应该很不错，送货超级快，好评,没拆开 买来送人的 应该很不错 送货超级快 好评
很好看的 大小合适,很好看的 大小合适
用的第二块apple watch 了，感觉还可以，比2快一些，但是现在蜂窝网络还不能用很坑&hellip;&hellip;,用的第二块apple watch 了 感觉还可以 比#NUM#快一些 但是现在蜂窝网络还不能用很坑 hellip  hellip 
挺好的，送货快，包装的也比较严实,挺好的 送货快 包装的也比较严实
挺好的，一贯的苹果品质，舒适，简便，实用,挺好的 一贯的苹果品质 舒适 简便 实用
可以 还不错,可以 还不错
功能强大，还在摸索中,功能强大 还在摸索中
换了个表带，比一代小表面好看,换了个表带 比一代小表面好看
挺好的，还买了延保，非常喜欢,挺好的 还买了延保 非常喜欢
别人都是用箱子装，里边放有真空袋，我的直接就如下图这样把手表送来了，差那么多啊，京东唉,别人都是用箱子装 里边放有真空袋 我的直接就如下图这样把手表送来了 差那么多啊 京东唉
东西很好。送货速度很快,东西很好。送货速度很快
东西到的挺快的，不错！,东西到的挺快的 不错 
还没打开，送朋友的，应该不错，相信京东,还没打开 送朋友的 应该不错 相信京东
希望早点能用上蜂窝网络,希望早点能用上蜂窝网络
目前就是电池不算太给力啊，其他的完美，啥时候虚拟卡开通了就更好了,目前就是电池不算太给力啊 其他的完美 啥时候虚拟卡开通了就更好了
产品还是不错的。就是夏天带起肯定还是会热,产品还是不错的。就是夏天带起肯定还是会热
12期免息买的 觉得还不错 比较划算 第一次买watch 一直觉得比较贵 买了个plus会员 减了200多块 觉得比较划算 。说说手表吧 很赞 苹果的东西创新一直是非常棒的 操作系统比较流畅 就是陕西还没开通虚拟SIM卡功能 目前用着都还很不错 刚开始不会用慢慢就习惯了 搭配i7  用 必须是iOS 11 才可以  以后用用再追评！,#NUM#期免息买的 觉得还不错 比较划算 第一次买watch 一直觉得比较贵 买了个plus会员 减了#NUM#多块 觉得比较划算 。说说手表吧 很赞 苹果的东西创新一直是非常棒的 操作系统比较流畅 就是陕西还没开通虚拟SIM卡功能 目前用着都还很不错 刚开始不会用慢慢就习惯了 搭配i#NUM# 用 必须是iOS #NUM# 才可以 以后用用再追评 
期待已久&hellip;,期待已久 hellip 
是正品，感觉还不错，，，，，,是正品 感觉还不错   
很喜欢这款，实体店看过还是觉得42的比较好,很喜欢这款 实体店看过还是觉得#NUM#的比较好
一如既往的苹果，精致，运行速度快，就是蜂窝遥遥无期,一如既往的苹果 精致 运行速度快 就是蜂窝遥遥无期
买了用了好几天了 续航基本可以用2天 挺满意的,买了用了好几天了 续航基本可以用#NUM#天 挺满意的
2号早上收到的，上手感觉还不错。用一段时间再来评价,#NUM#号早上收到的 上手感觉还不错。用一段时间再来评价
表是正品，发货也很快,表是正品 发货也很快
可以，苹果表用用再说。整体感觉好,可以 苹果表用用再说。整体感觉好
42mm有点重，原来用gearfit2，iwatch3至少是fit2的三倍，我个人觉得健身程序没有三星那么内容清晰，不过也可能是还没用习惯！希望蜂窝功能尽快能用，否则就白买了,#NUM#mm有点重 原来用gearfit#NUM# iwatch#NUM#至少是fit#NUM#的三倍 我个人觉得健身程序没有三星那么内容清晰 不过也可能是还没用习惯 希望蜂窝功能尽快能用 否则就白买了
非常好，快递小哥也非常的给力,非常好 快递小哥也非常的给力
挺好的，就是费电,挺好的 就是费电
哈哈大笑?????,哈哈大笑？
物美价不廉,物美价不廉
很好，正品，未激活,很好 正品 未激活
新时代的产物，性价比算不错的，希望联通尽快重新开通服务吧&hellip;&hellip;,新时代的产物 性价比算不错的 希望联通尽快重新开通服务吧 hellip  hellip 
还不错，称心如意，京东的12期免息超赞,还不错 称心如意 京东的#NUM#期免息超赞
一切都挺好，之前玩过三星和松拓的表，但要说做工还真就是苹果表最完美，松拓其实也不错。,一切都挺好 之前玩过三星和松拓的表 但要说做工还真就是苹果表最完美 松拓其实也不错。
11月1日拍下，今天已经到货了，第一次带苹果手表，感觉很酷炫，很多东西还需要慢慢研究！,#NUM#月#NUM#日拍下 今天已经到货了 第一次带苹果手表 感觉很酷炫 很多东西还需要慢慢研究 
本来在Apple Store直营店已经拿到了现货，但是突然收到京东的到货提醒，没有犹豫果断下单12期免息~东西质量跟官方肯定一样啦，毕竟京东是授权经销商。一如既往的好，12期免息给穷学生巨大的金融支持,本来在Apple Store直营店已经拿到了现货 但是突然收到京东的到货提醒 没有犹豫果断下单#NUM#期免息 东西质量跟官方肯定一样啦 毕竟京东是授权经销商。一如既往的好 #NUM#期免息给穷学生巨大的金融支持
东西不错，信赖京东,东西不错 信赖京东
当天下单当天收到，不过现在又有满一千减120了&hellip;&hellip;,当天下单当天收到 不过现在又有满一千减#NUM#了 hellip  hellip 
一分钱一分货，但多出来的几百块钱，功能并没有什么用，时间就睡觉睡觉睡觉,一分钱一分货 但多出来的几百块钱 功能并没有什么用 时间就睡觉睡觉睡觉
物流很快，看着很不错，,物流很快 看着很不错 
我喜欢喜欢 早点一卡多终端 就让我们更嗨皮了 啦啦啦啦啦啦啦啦,我喜欢喜欢 早点一卡多终端 就让我们更嗨皮了 啦啦啦
手表不错，特意用了一段时间来评价,手表不错 特意用了一段时间来评价
很完美 带上去非常舒服 还在熟悉中 666,很完美 带上去非常舒服 还在熟悉中 #NUM#
发货速度快，京东值得信赖,发货速度快 京东值得信赖
没毛病，蜂窝数据网必备，等了好久,没毛病 蜂窝数据网必备 等了好久
没买又想买，买了又当初的感觉。个人感觉实用性不大，权当手表用了。在京东买了N次东西，第一次物流有点小慢  比预期慢一天,没买又想买 买了又当初的感觉。个人感觉实用性不大 权当手表用了。在京东买了N次东西 第一次物流有点小慢 比预期慢一天
包装很好，那么小的东西那么大一个盒子装，要抱回来有木有?，小米手环可以退休了,包装很好 那么小的东西那么大一个盒子装 要抱回来有木有  小米手环可以退休了
已到货，正在摸索中&mdash;&mdash;,已到货 正在摸索中 mdash  mdash 
这个颜色我怎么看都不像金色，更像玫瑰金，买了根金色表带颜色竟然不一致！习惯了机械表戴这个很奇怪，好厚一个表盘。功能还在探索中，给自己运动找个动力买的，提醒功能不错！另外，京东配送超快的！,这个颜色我怎么看都不像金色 更像玫瑰金 买了根金色表带颜色竟然不一致 习惯了机械表戴这个很奇怪 好厚一个表盘。功能还在探索中 给自己运动找个动力买的 提醒功能不错 另外 京东配送超快的 
附加程序太多，一些从来不用的程序删除不了，每次找程序的时候都有些困难。灰色表带看起来偏白太多。如果可以的话还是选择黑的会更好些。,附加程序太多 一些从来不用的程序删除不了 每次找程序的时候都有些困难。灰色表带看起来偏白太多。如果可以的话还是选择黑的会更好些。
京东的包装也真的的是...，不过东西好就ok了！,京东的包装也真的的是。 不过东西好就ok了 
原来有一个回环了，于是又买了一个配情侣表。不得不说Apple watch真的是一个艺术品。蜂窝暂时不能用。续航还是很给力，2天一充吧,原来有一个回环了 于是又买了一个配情侣表。不得不说Apple watch真的是一个艺术品。蜂窝暂时不能用。续航还是很给力 #NUM#天一充吧
买过一，用了大半年卖了，能打电话又买了3，希望赶紧开通啊，联通给力呀，快点,买过一 用了大半年卖了 能打电话又买了#NUM# 希望赶紧开通啊 联通给力呀 快点
一直想买终于等到了分期免息果断入手,一直想买终于等到了分期免息果断入手
非常喜欢这款新watch，比朋友的一代快的不是一点半点，功能既覆盖运动又能满足生活，希望国内运营商能快点开通eSim卡功能。,非常喜欢这款新watch 比朋友的一代快的不是一点半点 功能既覆盖运动又能满足生活 希望国内运营商能快点开通eSim卡功能。
还没来，看包装不错，酝酿一下就试试吧。,还没来 看包装不错 酝酿一下就试试吧。
深空灰和黑色还是很不一样的。买的时候要注意了。四方形的盒子有标准版的错觉。3k买到了可以播音乐打电话的Apple nano还是可以的嘛。运动maniac，所以对这表很满意。,深空灰和黑色还是很不一样的。买的时候要注意了。四方形的盒子有标准版的错觉。#NUM#k买到了可以播音乐打电话的Apple nano还是可以的嘛。运动maniac 所以对这表很满意。
还在摸索中，很好,还在摸索中 很好
不错了，是我喜欢的款,不错了 是我喜欢的款
给了两条表链，可以自己换，这样就可以先让媳妇用了，等自己需要用时就可以换长的了！哈哈,给了两条表链 可以自己换 这样就可以先让媳妇用了 等自己需要用时就可以换长的了 哈哈
暂时还没用。。。不过体验挺好的 治也是正品 就是包装也太不走心了！！！！不过还是5星好评！,暂时还没用。不过体验挺好的 治也是正品 就是包装也太不走心了！不过还是#NUM#星好评 
用了一天。感觉还可以,用了一天。感觉还可以
给朋友买的，东西不错。。。。。。。,给朋友买的 东西不错。
速度无敌  充电第一次遇到些坎坷  但后来又好了  没事  售后应该还是可以的  有保障！,速度无敌 充电第一次遇到些坎坷 但后来又好了 没事 售后应该还是可以的 有保障 
到货速度非常快，支持京东。东西还在熟悉中，后面再追评,到货速度非常快 支持京东。东西还在熟悉中 后面再追评
很喜欢，42mm的刚刚好,很喜欢 #NUM#mm的刚刚好
冲着蜂窝数据去的，买了才知道用不了,冲着蜂窝数据去的 买了才知道用不了
非常棒的购物体验，给太太的礼物，当晚购物第二天就收到了,非常棒的购物体验 给太太的礼物 当晚购物第二天就收到了
棒棒的,棒棒的
之前还看别人说用小米盒子，我现在收到时绿厂的,之前还看别人说用小米盒子 我现在收到时绿厂的
哈哈，手表不错。喜欢。 比之前用过的1提升不少！,哈哈 手表不错。喜欢。 比之前用过的#NUM#提升不少 
和iPhone以及苹果的蓝牙无线耳机组成铁三角，大大提高了使用便利性。,和iPhone以及苹果的蓝牙无线耳机组成铁三角 大大提高了使用便利性。
好，原封正品，物流很快,好 原封正品 物流很快
非常非常漂亮且好用！耗电能够接受，希望能改掉经常看手机的毛病！,非常非常漂亮且好用 耗电能够接受 希望能改掉经常看手机的毛病 
一有货就买了，目前没有福利上网不算实用,一有货就买了 目前没有福利上网不算实用
不错的第三代apple watch LTE版本。,不错的第三代apple watch LTE版本。
正品，物流快，在摸索使用中，一直很满意京东的购物体验,正品 物流快 在摸索使用中 一直很满意京东的购物体验
包装也太简陋了吧，好歹拿盒子帮我装一下嘛。其他的没撒太多问题，后期使用在追加评论。苹果产品，大爱。,包装也太简陋了吧 好歹拿盒子帮我装一下嘛。其他的没撒太多问题 后期使用在追加评论。苹果产品 大爱。
很不错 戴在手上就感觉没有戴一样 很方便 开车的时候 要是电话卡能用好了 屏幕不耐刮,很不错 戴在手上就感觉没有戴一样 很方便 开车的时候 要是电话卡能用好了 屏幕不耐刮
有点创意,有点创意
第一次用Apple Watch，蜗峰功能没开通没什么意外惊喜，看看开通蜗峰功能会不会有惊喜，就等着开通了，喜欢运动的人可以选择Apple Watch，值得拥有,第一次用Apple Watch 蜗峰功能没开通没什么意外惊喜 看看开通蜗峰功能会不会有惊喜 就等着开通了 喜欢运动的人可以选择Apple Watch 值得拥有
不错，感觉跟1代没区别，主要买来看时间的！,不错 感觉跟#NUM#代没区别 主要买来看时间的 
强烈推荐好东西啊啊啊啊,强烈推荐好东西啊啊啊
还不错，就是不能输入中文，必须得在手机上切换输入法才可以，很麻烦，其他的用着都还不错，逼格也挺高的。,还不错 就是不能输入中文 必须得在手机上切换输入法才可以 很麻烦 其他的用着都还不错 逼格也挺高的。
特别棒的购物体验，京东的购物体验非常好，速度快！保证正品！,特别棒的购物体验 京东的购物体验非常好 速度快 保证正品 
昨天拿到就用上了，不错，对于喜欢运动的朋友很有帮助。,昨天拿到就用上了 不错 对于喜欢运动的朋友很有帮助。
收到货了京东就是快一直信赖京东,收到货了京东就是快一直信赖京东
苹果产品非常棒。一天就到。虽然是7点多到的。但还是很快了,苹果产品非常棒。一天就到。虽然是#NUM#点多到的。但还是很快了
比1厚一点，但电池应该可以用原来的三倍多时间，可以三天充一次电，开应用也终于不卡了,比#NUM#厚一点 但电池应该可以用原来的三倍多时间 可以三天充一次电 开应用也终于不卡了
希望蜂窝快点可用啊,希望蜂窝快点可用啊
自己喜欢。本次送货.....,自己喜欢。本次送货。
发货快，自营的东西值得信赖,发货快 自营的东西值得信赖
很不错的手表，很多新功能,很不错的手表 很多新功能
刚收到还没用所以不知道,刚收到还没用所以不知道
速度太快了,速度太快了
很时尚，漂亮，功能很强大,很时尚 漂亮 功能很强大
速度好快，设置挺麻烦，但是感觉很好玩。就是必须升级手机系统这一点不太好，还是喜欢以前的界面。再用用吧，希望蜂窝快点开放没有觉得42的大，还是屏幕大一点好吧,速度好快 设置挺麻烦 但是感觉很好玩。就是必须升级手机系统这一点不太好 还是喜欢以前的界面。再用用吧 希望蜂窝快点开放没有觉得#NUM#的大 还是屏幕大一点好吧
戴着非常速度，外观很好，毕竟是大公司的作品，唯一缺憾的是现在不能单独打电话，希望早点可以用,戴着非常速度 外观很好 毕竟是大公司的作品 唯一缺憾的是现在不能单独打电话 希望早点可以用
挺好的 健身娱乐两不误  支持下,挺好的 健身娱乐两不误 支持下
很喜欢，正品无疑。非常满意。,很喜欢 正品无疑。非常满意。
送货很快，当天就收到货，虽然还不能用蜂窝，但以后肯定会开通的,送货很快 当天就收到货 虽然还不能用蜂窝 但以后肯定会开通的
第一次用，没有想象那么好用啊,第一次用 没有想象那么好用啊
正品正品正品，重要的事说三遍 快递速度非常快。赞一个,正品正品正品 重要的事说三遍 快递速度非常快。赞一个
手表还行吧，功能挺多的 还得慢慢摸索，但物流实在太差了 又慢送过来的包装还破破烂烂，快递员很差  送的晚了人不在家还一个劲催催催 你要按时送不就没这回事了。  本来手表是五星的 物流快递员都不行 就四星好了。,手表还行吧 功能挺多的 还得慢慢摸索 但物流实在太差了 又慢送过来的包装还破破烂烂 快递员很差 送的晚了人不在家还一个劲催催催 你要按时送不就没这回事了。 本来手表是五星的 物流快递员都不行 就四星好了。
东西是好东西，非常棒，但是有句话一定要说，没有苹果手机是没法激活的!!!,东西是好东西 非常棒 但是有句话一定要说 没有苹果手机是没法激活的！
昨天刚到手，又多了几张券可以抵扣，不知道双十一还会有活动没，有点心塞，期待运营商能快点开通蜂窝功能,昨天刚到手 又多了几张券可以抵扣 不知道双十一还会有活动没 有点心塞 期待运营商能快点开通蜂窝功能
正品，这个回环很轻啊，比硅胶的手表带要舒服，就不知耐用不。,正品 这个回环很轻啊 比硅胶的手表带要舒服 就不知耐用不。
不错不错啊,不错不错啊
除了巨厚之外，没毛病??为虾米苹果还不研发出薄一点的，厚度真的能惊呆,除了巨厚之外 没毛病？为虾米苹果还不研发出薄一点的 厚度真的能惊呆
可以可以 真的很不错 喜欢,可以可以 真的很不错 喜欢
发到北京，让同学顺丰到四川&hellip;&hellip;用了几天，还不是特别了解，试了几晚飞行模式睡觉，第一晚调百分之三十多&hellip;&hellip;吓死我，后面几晚关了后台刷新掉电十几&hellip;&hellip;感觉还是有点多&hellip;&hellip;不知道你们的掉电多不多&hellip;&hellip;感觉表带的话运动，沾水就不是特别方便&hellip;&hellip;,发到北京 让同学顺丰到四川 hellip  hellip 用了几天 还不是特别了解 试了几晚飞行模式睡觉 第一晚调百分之三十多 hellip  hellip 吓死我 后面几晚关了后台刷新掉电十几 hellip  hellip 感觉还是有点多 hellip  hellip 不知道你们的掉电多不多 hellip  hellip 感觉表带的话运动 沾水就不是特别方便 hellip  hellip 
手表用了一周才来评价  真的不错  巡航差不多三天左右  也能接受  只是期待运营商的支持早点来 那就更完美了,手表用了一周才来评价 真的不错 巡航差不多三天左右 也能接受 只是期待运营商的支持早点来 那就更完美了
这个用上了感觉还不错，坐等蜂窝开通。,这个用上了感觉还不错 坐等蜂窝开通。
手表真的很好 深橄榄色 原来是绿色 为什么不标注深橄榄绿 大家注意了 五星给京东物流,手表真的很好 深橄榄色 原来是绿色 为什么不标注深橄榄绿 大家注意了 五星给京东物流
速度很快 这是我在京东买东西最快的一次了 早上八点多下单 傍晚就收到了 目前正在研究中 好评！,速度很快 这是我在京东买东西最快的一次了 早上八点多下单 傍晚就收到了 目前正在研究中 好评 
很大气，漂亮，运动方便，女王很喜欢，只等移动开通e-sim卡，这样手机可以短暂离开使用了，专卖店试戴了一下没货，就等京东了，物流快，一贯信任京东，一如往常支持京东，继续甘当京东自营精神股东,很大气 漂亮 运动方便 女王很喜欢 只等移动开通e-sim卡 这样手机可以短暂离开使用了 专卖店试戴了一下没货 就等京东了 物流快 一贯信任京东 一如往常支持京东 继续甘当京东自营精神股东
还行吧，正在使用中,还行吧 正在使用中
很不错的产品，值得购买，买吧快买吧！,很不错的产品 值得购买 买吧快买吧 
买的有些早了，没有赶上优惠活动&hellip;&hellip;,买的有些早了 没有赶上优惠活动 hellip  hellip 
还不错挺好的，蜂窝功能还不能用，等着开通，运行速度也很快了,还不错挺好的 蜂窝功能还不能用 等着开通 运行速度也很快了
还好吧,还好吧
好好体验一下,好好体验一下
比官网便宜，推荐购买,比官网便宜 推荐购买
很好很好 包装很不错...,很好很好 包装很不错。
首次入手apple watch，真的很不错，让我更重视健康了,首次入手apple watch 真的很不错 让我更重视健康了
有待测试,有待测试
不错不错  就等蜂窝数据通信技术合作          赶紧的让我体验,不错不错 就等蜂窝数据通信技术合作 赶紧的让我体验
苹果的品质不用多说，就是我不太会用！,苹果的品质不用多说 就是我不太会用 
终于入手了，最看重的是脱离手机的电话功能，可惜还不能用,终于入手了 最看重的是脱离手机的电话功能 可惜还不能用
感觉不错挺喜欢的就是不咋会用。,感觉不错挺喜欢的就是不咋会用。
很好，很不错，很喜欢，听歌还要蓝牙耳机,很好 很不错 很喜欢 听歌还要蓝牙耳机
抢到货不容易，都是半夜上架，可惜也抢早了，没用上减211的券。。。,抢到货不容易 都是半夜上架 可惜也抢早了 没用上减#NUM#的券。
戴了一段才来评价，佩戴感觉比较舒服，比三星s3轻不少，就是不知道虚拟卡功能什么时候才能用上.手表放到耳朵边经常能听到电流声不知为什么.应用没有想象中丰富，好多应用装上不能用.待机时间还是不行，坚持不了第二天，这点不如三星，gear s3至少能用两天.买的38的，小了,戴了一段才来评价 佩戴感觉比较舒服 比三星s#NUM#轻不少 就是不知道虚拟卡功能什么时候才能用上 手表放到耳朵边经常能听到电流声不知为什么 应用没有想象中丰富 好多应用装上不能用 待机时间还是不行 坚持不了第二天 这点不如三星 gear s#NUM#至少能用两天 买的#NUM#的 小了
配送很快 颜色跟预期的不太一样，还行凑合用吧,配送很快 颜色跟预期的不太一样 还行凑合用吧
有了第二个智能手表，三代确实升级了不少功能，性能也非常不错了吧，直接打开快递的包装盒，盒子确实很大，费了九牛二虎之力把黑色的w3展现在我的眼前，眼前一亮，很漂亮哦，之前还是喜欢机械表的我，没有后悔买了个智能手表?，高兴的直接上手，功能有待考察。买的时候没想等双十一，但也优惠了不少，谢谢快递小哥的热情服务！,有了第二个智能手表 三代确实升级了不少功能 性能也非常不错了吧 直接打开快递的包装盒 盒子确实很大 费了九牛二虎之力把黑色的w#NUM#展现在我的眼前 眼前一亮 很漂亮哦 之前还是喜欢机械表的我 没有后悔买了个智能手表  高兴的直接上手 功能有待考察。买的时候没想等双十一 但也优惠了不少 谢谢快递小哥的热情服务 
物流非常给力！当天下午就到了，原来可以换表带的。手腕小也可以带上不过女生还是买38吧,物流非常给力 当天下午就到了 原来可以换表带的。手腕小也可以带上不过女生还是买#NUM#吧
本来看到cellular 设置还以为联通恢复开通了呢，哎可惜。黑色视觉效果很舒服。硅胶表带有个致命的缺点就是太沾灰了。,本来看到cellular 设置还以为联通恢复开通了呢 哎可惜。黑色视觉效果很舒服。硅胶表带有个致命的缺点就是太沾灰了。
不错还可以,不错还可以
手表质感很好，爱死了，就是还玩不太明白！用用就好啦！苹果的东西就是世界第一，棒极了！物流也很快啊得表扬一下，早晨下单下午就到了,手表质感很好 爱死了 就是还玩不太明白 用用就好啦 苹果的东西就是世界第一 棒极了 物流也很快啊得表扬一下 早晨下单下午就到了
非常好，京东速度超快，配iphone x,非常好 京东速度超快 配iphone x
性价比超高的产品！支持京东商城！,性价比超高的产品 支持京东商城 
也是关注了很久，居然发现京东有现货了，虽然国内还不支持这个蜂巢网，还是觉得万一就支持了呢&hellip;&hellip;,也是关注了很久 居然发现京东有现货了 虽然国内还不支持这个蜂巢网 还是觉得万一就支持了呢 hellip  hellip 
到货速度很快。怎么老降价呢。提前预定了几天丝毫没有价格优势呢&hellip;&hellip;真是气死了简直。手表还行吧。看后续使用吧,到货速度很快。怎么老降价呢。提前预定了几天丝毫没有价格优势呢 hellip  hellip 真是气死了简直。手表还行吧。看后续使用吧
不错 很精致 带上手感可以 需要进一步研究 总体比较满意,不错 很精致 带上手感可以 需要进一步研究 总体比较满意
总体还行，就是目前不支持运营商,总体还行 就是目前不支持运营商
手表反应速度很快 就是还不能支持LTE 期待快速支持,手表反应速度很快 就是还不能支持LTE 期待快速支持
第三代超级棒,第三代超级棒
拿到，目前在熟悉使用中,拿到 目前在熟悉使用中
42寸就是高大尚，带着还是舒服,#NUM#寸就是高大尚 带着还是舒服
喜欢！送给女儿的生日礼物！超赞！配送快！京东赞?！,喜欢 送给女儿的生日礼物 超赞 配送快 京东赞  
漂亮，很好用，匹配速度快，现在只能短距离拨打电话，期待远距离使用！,漂亮 很好用 匹配速度快 现在只能短距离拨打电话 期待远距离使用 
42mm戴着感觉好重，早知道买38mm的了,#NUM#mm戴着感觉好重 早知道买#NUM#mm的了
手表很好好的我都不知该用什么词语来形容了,手表很好好的我都不知该用什么词语来形容了
满意，送货速度快，满意！满意！,满意 送货速度快 满意 满意 
质量非常好，太帅了，苹果产品就是好用，功能又多。,质量非常好 太帅了 苹果产品就是好用 功能又多。
买了两只，大小各一只，都是蜂窝版，这款是42的。这表续航能力还不错，正常使用，每天都有至少一小时的运动量，打开GPS还是能勉强支撑48小时。不过因为想使用蜂窝独立打电话，所以多付了几百元。但这蜂窝功能何时才能用上，至今尚不得而知，如果不能用上这功能，是否可以考虑起诉苹果公司**宣传呢?,买了两只 大小各一只 都是蜂窝版 这款是#NUM#的。这表续航能力还不错 正常使用 每天都有至少一小时的运动量 打开GPS还是能勉强支撑#NUM#小时。不过因为想使用蜂窝独立打电话 所以多付了几百元。但这蜂窝功能何时才能用上 至今尚不得而知 如果不能用上这功能 是否可以考虑起诉苹果公司  宣传呢 
选了很久，选了这款，性价比感觉比较高！,选了很久 选了这款 性价比感觉比较高 
比一代要快很多，但感觉系统还是不怎么稳定，Siri经常罢工。,比一代要快很多 但感觉系统还是不怎么稳定 Siri经常罢工。
非常好的选择,非常好的选择
非常非常喜欢 一番波折终于等到,非常非常喜欢 一番波折终于等到
手表纠结了好久好久才买的，用了12期分期免息，一个月266吧，还是很开心选择了红点点的，虽然用不到目前，我买她就是为了打电话，开车打电话，哈哈哈，可能会问有蓝牙耳机啊！呃，想不起来用。总丢，哈哈，总之很开心买了她！,手表纠结了好久好久才买的 用了#NUM#期分期免息 一个月#NUM#吧 还是很开心选择了红点点的 虽然用不到目前 我买她就是为了打电话 开车打电话 哈哈哈 可能会问有蓝牙耳机啊 呃 想不起来用。总丢 哈哈 总之很开心买了她 
手表完美匹配，非常好，坐等蜂窝网络,手表完美匹配 非常好 坐等蜂窝网络
在没用4g（目前也没得用，无奈）的条件下，正常使用续航能到两天，比较满意了。,在没用#NUM#g 目前也没得用 无奈 的条件下 正常使用续航能到两天 比较满意了。
但是这个表带看着是好看，但戴起来的手感比不上运动表带，所以还是推荐运动表带。,但是这个表带看着是好看 但戴起来的手感比不上运动表带 所以还是推荐运动表带。
非常不错，当天下单当天拿到，体验很好，当晚跑步就用上了，外观和功能都符合要求,非常不错 当天下单当天拿到 体验很好 当晚跑步就用上了 外观和功能都符合要求
健身的话，效果很好，还是很方便的，能接电话信息提示，不用一天到晚拿手机看了！还能打白条分期，要啥自行车?！,健身的话 效果很好 还是很方便的 能接电话信息提示 不用一天到晚拿手机看了 还能打白条分期 要啥自行车  
今天到货试戴了一下总体感觉还不错，机器好像是一年保修客服解答了，试用一段时间再来聊聊,今天到货试戴了一下总体感觉还不错 机器好像是一年保修客服解答了 试用一段时间再来聊聊
还不错?比官网优惠多多，用了211的券很实惠，蜂窝功能暂时无法使用，看以后吧！,还不错 比官网优惠多多 用了#NUM#的券很实惠 蜂窝功能暂时无法使用 看以后吧 
很漂亮，慢慢学习中。,很漂亮 慢慢学习中。
手表相比较2代流畅很多，只是现在网络还用不了，这个手表听歌现在暂时只能用Apple Music听歌，不支持第三方播放器，也不支持其他品牌的耳机，只能跟苹果官方的耳机才能配对。手机和手表的同步还是无缝的。,手表相比较#NUM#代流畅很多 只是现在网络还用不了 这个手表听歌现在暂时只能用Apple Music听歌 不支持第三方播放器 也不支持其他品牌的耳机 只能跟苹果官方的耳机才能配对。手机和手表的同步还是无缝的。
给媳妇买的，用了一个多礼拜了，没任何问题，手表好看，设置也方便。就是现在暂时没支持esim业务，这个业务要开通了表就完美了。另外快递也跟给力，准时送达，好评。,给媳妇买的 用了一个多礼拜了 没任何问题 手表好看 设置也方便。就是现在暂时没支持esim业务 这个业务要开通了表就完美了。另外快递也跟给力 准时送达 好评。
用了一个多礼拜了，没任何问题，手表好看，设置也方便。就是现在暂时没支持esim业务，这个业务要开通了表就完美了。另外快递也跟给力，准时送达，好评。,用了一个多礼拜了 没任何问题 手表好看 设置也方便。就是现在暂时没支持esim业务 这个业务要开通了表就完美了。另外快递也跟给力 准时送达 好评。
很喜欢，很漂亮，希望继续发掘更多的功能。。。,很喜欢 很漂亮 希望继续发掘更多的功能。
非常喜欢，自己又在京东买了米兰尼斯表带，大爱,非常喜欢 自己又在京东买了米兰尼斯表带 大爱
挺好的 官网没货京东有货 赞,挺好的 官网没货京东有货 赞
很好很强大，就是快,很好很强大 就是快
非常喜欢一款手表,非常喜欢一款手表
bucuo 还可以,bucuo 还可以
买亏了差了几天可以用211的神券亏大发了。,买亏了差了几天可以用#NUM#的神券亏大发了。
戴了三天 很喜欢 等了很久了 同事都说实物比照片好看 哈哈 双十一要是减价还想买,戴了三天 很喜欢 等了很久了 同事都说实物比照片好看 哈哈 双十一要是减价还想买
手表很漂亮，外观和第一代差别不大，电池续航能力要强些。就是现在还不能实现独立通话功能，,手表很漂亮 外观和第一代差别不大 电池续航能力要强些。就是现在还不能实现独立通话功能 
还行，就是有些地方不完善，不耽误使用,还行 就是有些地方不完善 不耽误使用
很棒，功能很强大，部分功能仍待开发中,很棒 功能很强大 部分功能仍待开发中
给老婆买的，京东快递宇宙第一??完全碾压USPS，UPS,给老婆买的 京东快递宇宙第一？完全碾压USPS UPS
物流快，服务态度超级好！商品非常喜欢！,物流快 服务态度超级好 商品非常喜欢 
目前用着怎么不错，待考察。,目前用着怎么不错 待考察。
用了两周 续航两天 没有沃峰数据不知道要等到什么时候,用了两周 续航两天 没有沃峰数据不知道要等到什么时候
现在就等运营商啥时候开始多号应用了,现在就等运营商啥时候开始多号应用了
用了一段时间了 个人感觉当做iPhone的辅助工具的话很方便很多时候确实很便利 但想彻底取代手机或者当做不是手机但是功能也很丰富的智能设备的话还是不现实,用了一段时间了 个人感觉当做iPhone的辅助工具的话很方便很多时候确实很便利 但想彻底取代手机或者当做不是手机但是功能也很丰富的智能设备的话还是不现实
还行吧，感觉没多大用，就那回事,还行吧 感觉没多大用 就那回事
喜欢喜欢喜欢，美美美。,喜欢喜欢喜欢 美美美。
东西很好，是正品，样式也不错，值得购买,东西很好 是正品 样式也不错 值得购买
颜色太炫了，有点hold不住的感觉,颜色太炫了 有点hold不住的感觉
这个感觉还可以  就是应该相信京东,这个感觉还可以 就是应该相信京东
感觉还可以，还不太会用，得慢慢研究用法,感觉还可以 还不太会用 得慢慢研究用法
还不错，目前还在摸索中。,还不错 目前还在摸索中。
感觉还可以，其实我最期待的还是蜂窝数据功能，买它也是因为这个。,感觉还可以 其实我最期待的还是蜂窝数据功能 买它也是因为这个。
虽然不能用esim，但毕竟是趋势所以还是决定买蜂窝版～手表和之前变化不大，但是硬件变化确实翻天覆地，值得购买,虽然不能用esim 但毕竟是趋势所以还是决定买蜂窝版 手表和之前变化不大 但是硬件变化确实翻天覆地 值得购买
表带很不错，推荐下，运动用也很舒服。其他的没啥太多说的了，这表值得拥有。,表带很不错 推荐下 运动用也很舒服。其他的没啥太多说的了 这表值得拥有。
非常不错，坐等年底开蜂窝了,非常不错 坐等年底开蜂窝了
买贵了，心情不太爽！但是因为不会跟手机绑定，所以问客服，客服人员很耐心的给解答了，所以怨气也就渐渐没了，好用就行，满意,买贵了 心情不太爽 但是因为不会跟手机绑定 所以问客服 客服人员很耐心的给解答了 所以怨气也就渐渐没了 好用就行 满意
速度一如既往的快，但包装有些简陋了，还好没事,速度一如既往的快 但包装有些简陋了 还好没事
体验的还不错，一直连接WiFi 接收信息九个小时耗电百分之16，遗憾的是还不支持运营商通讯功能。,体验的还不错 一直连接WiFi 接收信息九个小时耗电百分之#NUM# 遗憾的是还不支持运营商通讯功能。
正版行货无误，就是移动联动esim卡现在不能用，在意的慎拍，毕竟出门付款干嘛的还的带手机。其他运动方面还行，可以督促自己运动。做静息训练虽然不知道有没有用（手动滑稽）,正版行货无误 就是移动联动esim卡现在不能用 在意的慎拍 毕竟出门付款干嘛的还的带手机。其他运动方面还行 可以督促自己运动。做静息训练虽然不知道有没有用 手动滑稽 
用了一天时间，还是不错的。,用了一天时间 还是不错的。
第一支Apple Watch 很酷,第一支Apple Watch 很酷
使用中,使用中
送的表带只有一半啊，不流畅，苹果店体验了不是这样的啊。快递很快好评。只能慢慢摸索了。,送的表带只有一半啊 不流畅 苹果店体验了不是这样的啊。快递很快好评。只能慢慢摸索了。
可以，用着不错，效果不错,可以 用着不错 效果不错
非常好用，颜色也好看，推送很方便，蓝牙距离也够远，复式楼都可以覆盖到。,非常好用 颜色也好看 推送很方便 蓝牙距离也够远 复式楼都可以覆盖到。
帮朋友在京东上买的，感觉很好，用了一段时间，朋友的反馈也很好，京东都是正品，相信京东物流很快，服务很好棒棒的。,帮朋友在京东上买的 感觉很好 用了一段时间 朋友的反馈也很好 京东都是正品 相信京东物流很快 服务很好棒棒的。
送人的礼物。用起来挺顺手。,送人的礼物。用起来挺顺手。
实在等不及了就买了个粉色的，自己又多买了几条表带，完美，之前每天都打开京东看十几次，非常好，主要支持蜂窝网络，,实在等不及了就买了个粉色的 自己又多买了几条表带 完美 之前每天都打开京东看十几次 非常好 主要支持蜂窝网络 
棒棒哒，女生带38刚刚好，粉色超好看就是不知道用久了会不会变色，微信和支付bao 什么的用起来也很方便，电池续航比2好~就等着年底运营商能不能支持蜂窝数据了 ！！！期待手表手机分离的时候！,棒棒哒 女生带#NUM#刚刚好 粉色超好看就是不知道用久了会不会变色 微信和支付bao 什么的用起来也很方便 电池续航比#NUM#好 就等着年底运营商能不能支持蜂窝数据了 ！期待手表手机分离的时候 
第一次，还不太会用,第一次 还不太会用
老婆很喜欢，就是不知道哪个米奇怎么不说话,老婆很喜欢 就是不知道哪个米奇怎么不说话
不错，正品放心。。。。。。。。。。。。,不错 正品放心。
特别好，期待好久的设备了，总算买下来了，还在研究功能中，京东快递这速度真的快,特别好 期待好久的设备了 总算买下来了 还在研究功能中 京东快递这速度真的快
挺喜欢的 还想再买东西了 值得买,挺喜欢的 还想再买东西了 值得买
女孩子戴42，妥妥hold 住。希望蜂窝网功能快点开通。目前使用WiFi 和蓝牙，电量一天够用。,女孩子戴#NUM# 妥妥hold 住。希望蜂窝网功能快点开通。目前使用WiFi 和蓝牙 电量一天够用。
包装也太大了吧！还还可以，就是蜂窝网络还不能用&hellip;&hellip;,包装也太大了吧 还还可以 就是蜂窝网络还不能用 hellip  hellip 
物美价廉，物流发货也快。蛮好的！,物美价廉 物流发货也快。蛮好的 
速度挺快，戴着也挺漂亮,速度挺快 戴着也挺漂亮
好，非常好，快速。,好 非常好 快速。
东西真不错，就是不知道网络功能什么时候可以用上。,东西真不错 就是不知道网络功能什么时候可以用上。
第一个watch.感觉很好用！,第一个watch 感觉很好用 
蜂窝版，感觉还不错，回头再买些表带,蜂窝版 感觉还不错 回头再买些表带
正品就是颜色拍错了,正品就是颜色拍错了
第一次使用，还要好好琢磨一下。苹果的做工毋庸置疑的，十分精美！京东物流也是最棒的！,第一次使用 还要好好琢磨一下。苹果的做工毋庸置疑的 十分精美 京东物流也是最棒的 
手机的功能的延伸，能收信息，能打电话。挺漂亮,手机的功能的延伸 能收信息 能打电话。挺漂亮
期盼已久，第三代功能没话说反应速度快，打开软件没有延迟感，可以随时监控自己一天的运动量和心率.总之总的感觉还是不错,期盼已久 第三代功能没话说反应速度快 打开软件没有延迟感 可以随时监控自己一天的运动量和心率 总之总的感觉还是不错
京东自营就是快！毕竟自己的仓库，下单不到五个小时就送到手了！不过手表的很多app功能都很鸡肋&hellip;就等着入网了！,京东自营就是快 毕竟自己的仓库 下单不到五个小时就送到手了 不过手表的很多app功能都很鸡肋 hellip 就等着入网了 
没啥好说的，给老婆买的，我觉得没啥用，她喜欢就好,没啥好说的 给老婆买的 我觉得没啥用 她喜欢就好
表带上水难干，不是很合适&hellip;&hellip;&hellip;&hellip;&hellip;&hellip;,表带上水难干 不是很合适 hellip  hellip  hellip  hellip  hellip  hellip 
邮了半个月不说、包装就张破纸 苹果盒子都扁了还好表没坏 快递是自己开车取的 差评  电话支持过期什么鬼  苹果表大家都知道 对京东的服务越来越不满意,邮了半个月不说、包装就张破纸 苹果盒子都扁了还好表没坏 快递是自己开车取的 差评 电话支持过期什么鬼 苹果表大家都知道 对京东的服务越来越不满意
挺不错的，老婆喜欢。,挺不错的 老婆喜欢。
等了好久 终于有货了 果断抢下 12期分期 满电用个两天没问题,等了好久 终于有货了 果断抢下 #NUM#期分期 满电用个两天没问题
非常棒！铁果粉还能说什么呢？就是不知道配个什么样的表带好呢,非常棒 铁果粉还能说什么呢 就是不知道配个什么样的表带好呢
超级好用&hellip;&hellip;好漂亮&hellip;&hellip;等不了双十一了。马上入手了。快递员超级棒&hellip;&hellip;配送的超级快&hellip;&hellip;,超级好用 hellip  hellip 好漂亮 hellip  hellip 等不了双十一了。马上入手了。快递员超级棒 hellip  hellip 配送的超级快 hellip  hellip 
表看着美观大气上档次。一直信任京东。质量不错，送货很快，服务很好！ 太漂亮，大气，档次高，超喜欢。 货比三家，选的也好是辛苦啊?现在除了一碗热气腾腾的拉面，在强哥这里买不到其他的，只有你想不到没有买不到? 上午下单，下午到家速度啊！看着还行 货品不错，装了实用。质量可以。是值得购买 不错不错不错！！！！！！用了还可以，刚开始用有点涩。很干净，质感也不错，价位适中，性价比一般吧。 不错 物流一天就到了 整体感觉很不错，收到就用了，挺喜欢的，这个用的好，还要买多几个。 物美价廉，用着看看吧，免去市场购物之劳 ，推荐答案 我为什么喜欢在京东买东西，因为今天买明天就可以送到。我为什么每个商品的评价都一样，因为在京东买的东西太多太多了，导致积累了很多未评价的订单，所以我统一用段话作为评价内容。京东购物这么久，有买到很好的产品，也有外表看着美观大气上档次。一直信任京东。质量不错，送货很快，服务很好！ 太漂亮，大气，档次高，超喜欢。 货比三家，买到比较坑的产品，如果我用这段话来评价，说明这款产品没问题，至少85分以上， 宝贝收到了，非常喜欢，质量很好，卖家热情，物流给力，非常愉快的一次购物，好评！,表看着美观大气上档次。一直信任京东。质量不错 送货很快 服务很好  太漂亮 大气 档次高 超喜欢。 货比三家 选的也好是辛苦啊 现在除了一碗热气腾腾的拉面 在强哥这里买不到其他的 只有你想不到没有买不到  上午下单 下午到家速度啊 看着还行 货品不错 装了实用。质量可以。是值得购买 不错不错不错！用了还可以 刚开始用有点涩。很干净 质感也不错 价位适中 性价比一般吧。 不错 物流一天就到了 整体感觉很不错 收到就用了 挺喜欢的 这个用的好 还要买多几个。 物美价廉 用着看看吧 免去市场购物之劳  推荐答案 我为什么喜欢在京东买东西 因为今天买明天就可以送到。我为什么每个商品的评价都一样 因为在京东买的东西太多太多了 导致积累了很多未评价的订单 所以我统一用段话作为评价内容。京东购物这么久 有买到很好的产品 也有外表看着美观大气上档次。一直信任京东。质量不错 送货很快 服务很好  太漂亮 大气 档次高 超喜欢。 货比三家 买到比较坑的产品 如果我用这段话来评价 说明这款产品没问题 至少#NUM#分以上  宝贝收到了 非常喜欢 质量很好 卖家热情 物流给力 非常愉快的一次购物 好评 
电池很给力，充一次电，能用2天半左右。,电池很给力 充一次电 能用#NUM#天半左右。
很精致，屏幕还差点意思,很精致 屏幕还差点意思
嗯还可以,嗯还可以
装B神器，运动起来更加方便,装B神器 运动起来更加方便
还没有使用，期待运营商早日开通esim卡功能,还没有使用 期待运营商早日开通esim卡功能
挺好的东西，挺实用的^-^,挺好的东西 挺实用的 - 
不错，京东白条12期免息！好好,不错 京东白条#NUM#期免息 好好
哇哦，抢到不容易啊，三代确实不错，自己又换了个表带，最主要运行很快，打开软件很快，打开软件很快，这个不是前两代感觉，入手吧。,哇哦 抢到不容易啊 三代确实不错 自己又换了个表带 最主要运行很快 打开软件很快 打开软件很快 这个不是前两代感觉 入手吧。
用了两天，续航能力不错，基本充满电可以用一整天没问题，用的少可以两天，记录运动的功能不错，检测睡眠的话我买了一个autosleep的软件18元，只要简单设置下就能记录睡眠了，自带的的硅胶表带戴着手感挺好的，开摩拜单车只要靠近就能开锁了，其他功能正在摸索中。,用了两天 续航能力不错 基本充满电可以用一整天没问题 用的少可以两天 记录运动的功能不错 检测睡眠的话我买了一个autosleep的软件#NUM#元 只要简单设置下就能记录睡眠了 自带的的硅胶表带戴着手感挺好的 开摩拜单车只要靠近就能开锁了 其他功能正在摸索中。
还可以吧，目前还用不了gps功能,还可以吧 目前还用不了gps功能
一直想买，终于买上了，好货，真品，唯一的不开心就是快递速度。,一直想买 终于买上了 好货 真品 唯一的不开心就是快递速度。
手表很不错，目前还没蜂窝数据，不知道单独使用是否方便,手表很不错 目前还没蜂窝数据 不知道单独使用是否方便
不错，挺好的！显示清晰，运行速度快！拿回来80%多的电用了40多个小时！各种提醒恰到好处！第一次用很多功能还在摸索中,不错 挺好的 显示清晰 运行速度快 拿回来#NUM# 多的电用了#NUM#多个小时 各种提醒恰到好处 第一次用很多功能还在摸索中
外观还可以，纯粹是手表，虽然该有的配置都有，但还是离不开手机和蓝牙，除了运动、心率、呼吸检测、其他功能基本都需要连接蓝牙和手机才能实现，esim由于运营商原因还未能体验，且行且看吧,外观还可以 纯粹是手表 虽然该有的配置都有 但还是离不开手机和蓝牙 除了运动、心率、呼吸检测、其他功能基本都需要连接蓝牙和手机才能实现 esim由于运营商原因还未能体验 且行且看吧
第二天就收到了，速度挺快。Apple pay也绑定了支付起来很方便。运动功能可以不借助手机 手表就带GPS。期待运营商开通一号多终端业务,第二天就收到了 速度挺快。Apple pay也绑定了支付起来很方便。运动功能可以不借助手机 手表就带GPS。期待运营商开通一号多终端业务
昨天下午收到啦。很赞，速度快，充电技术很棒。不知道esim什么时候支持。早点用起来吧,昨天下午收到啦。很赞 速度快 充电技术很棒。不知道esim什么时候支持。早点用起来吧
终于抢到了，早上下单傍晚就收到了，用了几天才来评价，棒棒哒超喜欢！,终于抢到了 早上下单傍晚就收到了 用了几天才来评价 棒棒哒超喜欢 
等了好久才等到蜂窝版的，目前用起来还可以，电池差不多可以用两天,等了好久才等到蜂窝版的 目前用起来还可以 电池差不多可以用两天
确实漂亮，没搞清楚必须与手机一起用。,确实漂亮 没搞清楚必须与手机一起用。
产品不错，苹果的产品还是值得信耐的,产品不错 苹果的产品还是值得信耐的
大小正合适，功能还在摸索中，感觉应该不错，电池基本能维持三天左右,大小正合适 功能还在摸索中 感觉应该不错 电池基本能维持三天左右
东西不错，京东送货及时。,东西不错 京东送货及时。
货已收到，感觉还可以,货已收到 感觉还可以
还不错，正品，但是包装太坑了用了一个vivo x20的超大盒子装在里面，泡沫都没放一块，激活查阅序列号更坑才10月底，显示激活日期是11  月，醉了?(&oline;_&oline;)?,还不错 正品 但是包装太坑了用了一个vivo x#NUM#的超大盒子装在里面 泡沫都没放一块 激活查阅序列号更坑才#NUM#月底 显示激活日期是#NUM# 月 醉了   oline _ oline   
挺好的 很不错 京东有保障。 大家都来买吧,挺好的 很不错 京东有保障。 大家都来买吧
功能还在熟悉，设置比较复杂,功能还在熟悉 设置比较复杂
外观炫酷，性能也很好,外观炫酷 性能也很好
玩了一整天，简单有趣，期待运营商尽早实现蜂窝支持,玩了一整天 简单有趣 期待运营商尽早实现蜂窝支持
等了好久才看到有货，买了个会员能优惠100块，第二天就到货了，正在体验中！,等了好久才看到有货 买了个会员能优惠#NUM#块 第二天就到货了 正在体验中 
东西还不错，是自己想要的东西。只不过第一天买，第二天就优惠券直接降价两百，心里崩溃。找京东理论，不能退，不给价保，也是醉了。看看让人家（某宁），watch还支持30天价保，7天无理由退货，服务现在也上来了， 完全不差京东。可能京东做大了，第一也怕无理由退回来假货嗯，这点能理解，但一棍子打死，好吧，虽不能认可，但你说怎样就怎样吧。虽然不认可京东这样的做法，但生气就动肝火，伤肝，不值当。就这样吧，希望给后来者一个建议，不支持7天无理由的，还是多考虑考虑再下单！谢谢,东西还不错 是自己想要的东西。只不过第一天买 第二天就优惠券直接降价两百 心里崩溃。找京东理论 不能退 不给价保 也是醉了。看看让人家 某宁  watch还支持#NUM#天价保 #NUM#天无理由退货 服务现在也上来了  完全不差京东。可能京东做大了 第一也怕无理由退回来假货嗯 这点能理解 但一棍子打死 好吧 虽不能认可 但你说怎样就怎样吧。虽然不认可京东这样的做法 但生气就动肝火 伤肝 不值当。就这样吧 希望给后来者一个建议 不支持#NUM#天无理由的 还是多考虑考虑再下单 谢谢
东西真的不错。就是还没开通蜂窝,东西真的不错。就是还没开通蜂窝
今天早上买的，激活后没有声音升级后好了。siri比想象的慢，没有iphone上响应快。不过用的说很满意。,今天早上买的 激活后没有声音升级后好了。siri比想象的慢 没有iphone上响应快。不过用的说很满意。
非常不错，操作逻辑跟iPhone一样但是还需要适应一下，平时主要用于运动，这块苹果已经做的很不错了，目前还缺少睡眠这块的检测，跟原来有的佳明相比，功能有待完善！,非常不错 操作逻辑跟iPhone一样但是还需要适应一下 平时主要用于运动 这块苹果已经做的很不错了 目前还缺少睡眠这块的检测 跟原来有的佳明相比 功能有待完善 
快递很快，东西不错，38男的带有点偏小,快递很快 东西不错 #NUM#男的带有点偏小
很不错的苹果手表买来送老婆的。 看她天天戴着 还行。,很不错的苹果手表买来送老婆的。 看她天天戴着 还行。
等了很久但一直没货啊！晚上10点多手机提醒来货了，立马下单！第二天9点京东小哥就打我电话了，这速度，完美啊！手表就不评价了，包装什么的也都很靠谱！,等了很久但一直没货啊 晚上#NUM#点多手机提醒来货了 立马下单 第二天#NUM#点京东小哥就打我电话了 这速度 完美啊 手表就不评价了 包装什么的也都很靠谱 
苹果手表还不错，京东送货速度很快，比官网快的不是一点,苹果手表还不错 京东送货速度很快 比官网快的不是一点
一波三折，这个表收到的两个，表带都有问题，14号拍的，到今天才完全处理完，正好两周，中间经历了收货换货收货退货，好在京东售后服务好，十九大期间这种速度已经不错了。,一波三折 这个表收到的两个 表带都有问题 #NUM#号拍的 到今天才完全处理完 正好两周 中间经历了收货换货收货退货 好在京东售后服务好 十九大期间这种速度已经不错了。
退了这个今天又重拍的不锈钢的，不知道为了不锈钢和蓝宝石多花一千五值不值，但好看呀，女人终归还是外貌协会的。,退了这个今天又重拍的不锈钢的 不知道为了不锈钢和蓝宝石多花一千五值不值 但好看呀 女人终归还是外貌协会的。
手表没问题，全新未拆封，未激活，很满意！京东的品质值得信赖！,手表没问题 全新未拆封 未激活 很满意 京东的品质值得信赖 
3代让我很满意，期待蜂窝功能尽快开通,#NUM#代让我很满意 期待蜂窝功能尽快开通
了却碎碎念啊，哈哈，就是电话功能还用不了，不然就完美了哈哈,了却碎碎念啊 哈哈 就是电话功能还用不了 不然就完美了哈哈
下午就收到了挺好的 就是开始担心它会被磕磕碰碰了,下午就收到了挺好的 就是开始担心它会被磕磕碰碰了
高大上，看看那里能搞定一号多终端的业务,高大上 看看那里能搞定一号多终端的业务
送老婆的，很喜欢，和手机配对很快，等运营商开通吧！,送老婆的 很喜欢 和手机配对很快 等运营商开通吧 
感觉还不错，云雾灰比想象中好看很多。38毫米的版本感觉正好。健身功能和监测都特别实用，最近两天为了完成目标一直在锻炼。唯一感觉不好的地方就是这块oled的屏幕，色彩还原和iPhone比有差距，而且分辨率低到就是可以看到颗粒那种。希望以后苹果能提升下分辨率吧。,感觉还不错 云雾灰比想象中好看很多。#NUM#毫米的版本感觉正好。健身功能和监测都特别实用 最近两天为了完成目标一直在锻炼。唯一感觉不好的地方就是这块oled的屏幕 色彩还原和iPhone比有差距 而且分辨率低到就是可以看到颗粒那种。希望以后苹果能提升下分辨率吧。
手机还不错但是，中国移动现在还不能用，不知道以后会怎样。,手机还不错但是 中国移动现在还不能用 不知道以后会怎样。
不错，我只用健康检测。电量可以支撑2天多！,不错 我只用健康检测。电量可以支撑#NUM#天多 
用了两天感觉挺好，轻度使用两天多没问题，反映速度快，适合运动也适合经常开车用，但是苹果很多地方在过于保守（明明很多功能可以加，但是就是喜欢挤牙膏）。,用了两天感觉挺好 轻度使用两天多没问题 反映速度快 适合运动也适合经常开车用 但是苹果很多地方在过于保守 明明很多功能可以加 但是就是喜欢挤牙膏 。
这款是个布带子,这款是个布带子
非常满意，用的挺好就是蜂窝还用不了，Npc支持的地方太少了,非常满意 用的挺好就是蜂窝还用不了 Npc支持的地方太少了
买来一个多星期自己激活都不成功，去下售后就搞定了，很赞,买来一个多星期自己激活都不成功 去下售后就搞定了 很赞
38 不算小 手腕细的 42有点大,#NUM# 不算小 手腕细的 #NUM#有点大
东西不错，很合适，价格也很实惠。比官网价格便宜了200多呢。,东西不错 很合适 价格也很实惠。比官网价格便宜了#NUM#多呢。
其实应该买GPS款 目前来说根本没用,其实应该买GPS款 目前来说根本没用
真是不错的，优惠了211元,真是不错的 优惠了#NUM#元
这么一小个东西三千多，不知道值不值，且用且珍惜,这么一小个东西三千多 不知道值不值 且用且珍惜
整体不错，嗯就是嗯就是那个国内还没有开通蜂窝网络功能，如果开通可能会体验会更好,整体不错 嗯就是嗯就是那个国内还没有开通蜂窝网络功能 如果开通可能会体验会更好
正品 物流很快 很漂亮 大概2天一充电 可以打电话 现在打电话基本用它  很方便,正品 物流很快 很漂亮 大概#NUM#天一充电 可以打电话 现在打电话基本用它 很方便
终于有货了，赶紧买了，上午下单，下午送到，很多功能还没试，京东值得信赖,终于有货了 赶紧买了 上午下单 下午送到 很多功能还没试 京东值得信赖
还不错帮朋友买的希望她喜欢,还不错帮朋友买的希望她喜欢
感觉42的不是很大 推荐买42的，用着还行挺流畅的就是米奇不会报时怎么搞呢。,感觉#NUM#的不是很大 推荐买#NUM#的 用着还行挺流畅的就是米奇不会报时怎么搞呢。
不错，送给女朋友的，很喜欢，京东的物流也黑了，第二天就到了，是正品，和官网上面一个价，强烈推荐！,不错 送给女朋友的 很喜欢 京东的物流也黑了 第二天就到了 是正品 和官网上面一个价 强烈推荐 
只是一只手表而已，京东给发了这么大一个盒子，放了好多防撞棉！太棒了！必须好评！手表比我的卡西欧秀气多啦！简单易操作！不错?而且，这次是验证码取货！保证了我们消费者权益！能够真正做到本人取货！这点很好，以免贵重物品丢失！总体来说！这次购物很是满意！,只是一只手表而已 京东给发了这么大一个盒子 放了好多防撞棉 太棒了 必须好评 手表比我的卡西欧秀气多啦 简单易操作 不错 而且 这次是验证码取货 保证了我们消费者权益 能够真正做到本人取货 这点很好 以免贵重物品丢失 总体来说 这次购物很是满意 
东西不错，京东快递很给力,东西不错 京东快递很给力
2888的黑色缺货，只好加价买了这个，电话功能估计是个鸡肋~手表还是可以的，比安卓的好很多~先用着看看~~,#NUM#的黑色缺货 只好加价买了这个 电话功能估计是个鸡肋 手表还是可以的 比安卓的好很多 先用着看看  
很棒哦，早上醒来就抢到了哈哈哈哈,很棒哦 早上醒来就抢到了哈哈哈
好 功能强大 其实这个颜色很好看,好 功能强大 其实这个颜色很好看
纠结于铝还是不锈钢的，去实体店试了一下，又想了想我的运动诉求，还是入手铝的了，给男朋友也买了一只黑色，他也觉得好。,纠结于铝还是不锈钢的 去实体店试了一下 又想了想我的运动诉求 还是入手铝的了 给男朋友也买了一只黑色 他也觉得好。
盼望已久今天刚收到就迫不及待的打开盒、手感不错、看到配件里面是含有耳机的，怎么没有耳机呢,盼望已久今天刚收到就迫不及待的打开盒、手感不错、看到配件里面是含有耳机的 怎么没有耳机呢
原装，赞,原装 赞
还可以还可以还可以还可以,还可以还可以还可以还可以
早就想买了，前几天总算买到手了，刚带上还没来得及琢磨就出差了，总算把这玩意儿搞明白了，科技感爆棚，颜值也高，太喜欢了,早就想买了 前几天总算买到手了 刚带上还没来得及琢磨就出差了 总算把这玩意儿搞明白了 科技感爆棚 颜值也高 太喜欢了
原装正品机,原装正品机
坐等苹果X了，还可以。,坐等苹果X了 还可以。
时尚漂亮！,时尚漂亮 
产品已收到，非常满意，高大上,产品已收到 非常满意 高大上
手表不错，很有质感，带在手上很有档次！！,手表不错 很有质感 带在手上很有档次！
"送人的，没打开用，不好评论。不过京东发货送货非常快，客服服务态度超nice,赞！",送人的 没打开用 不好评论。不过京东发货送货非常快 客服服务态度超nice 赞 
心痒了很久入手，功能没话说，双11这个没什么优惠，还是稀缺商品，期待电话功能开启,心痒了很久入手 功能没话说 双#NUM#这个没什么优惠 还是稀缺商品 期待电话功能开启
超赞，送货快，正品，赞赞赞,超赞 送货快 正品 赞赞赞
刚买回来对功能不是太了解 但是感觉不会差的 颜值高很喜欢,刚买回来对功能不是太了解 但是感觉不会差的 颜值高很喜欢
第一次买苹果手表，京东白条免息分期购买，物流速度快，手表带在手上大气，就是耗电快，还有就是不知道蜂窝网络什么时候开通?,第一次买苹果手表 京东白条免息分期购买 物流速度快 手表带在手上大气 就是耗电快 还有就是不知道蜂窝网络什么时候开通 
非常高大上，物流也很快，京东保证正品，老公带着非常喜欢爱不释手,非常高大上 物流也很快 京东保证正品 老公带着非常喜欢爱不释手
舍不得开机，看看就很美，打算过两天送心仪的对象～～,舍不得开机 看看就很美 打算过两天送心仪的对象  
不错的东西，苹果的东西就是贵啊,不错的东西 苹果的东西就是贵啊
可惜网络还不能用,可惜网络还不能用
虽然没有开通4G网络但是只要连接手机不用连接蓝牙，有无线网就可以直接打电话。苹果，做的确实好。或者用手机4G网络也可以直接打电话。。比如聊微信更不在话下。本人亲自测试。,虽然没有开通#NUM#G网络但是只要连接手机不用连接蓝牙 有无线网就可以直接打电话。苹果 做的确实好。或者用手机#NUM#G网络也可以直接打电话。。比如聊微信更不在话下。本人亲自测试。
一直在京东买，速度没的说,一直在京东买 速度没的说
漂亮，实用续航能力秒杀一切穿戴通话设备，用省电模式，不开4G用蓝牙连接手机我一天大约接打10个电话，待机大约50小时左右，还有百分之二十电量。注意官方公布是18小时。相信国际大品牌。,漂亮 实用续航能力秒杀一切穿戴通话设备 用省电模式 不开#NUM#G用蓝牙连接手机我一天大约接打#NUM#个电话 待机大约#NUM#小时左右 还有百分之二十电量。注意官方公布是#NUM#小时。相信国际大品牌。
东西没说的，挺好用的，就是快递不给力。延迟了一天送到的，还好出差前送过来了。,东西没说的 挺好用的 就是快递不给力。延迟了一天送到的 还好出差前送过来了。
京东包装好夸张哦，那么大一盒子！打开一看，很满意，苹果的东西做的是细致，纠结了好几天，终于等来了这款GPS+蜂窝网络版的，索性一步到位，选择了这款。42mm很适合，估计38mm屏幕很小，很人性化，还附送了小尺码的表带，像我的手腕很细，所以只能用小尺码的表带了！,京东包装好夸张哦 那么大一盒子 打开一看 很满意 苹果的东西做的是细致 纠结了好几天 终于等来了这款GPS 蜂窝网络版的 索性一步到位 选择了这款。#NUM#mm很适合 估计#NUM#mm屏幕很小 很人性化 还附送了小尺码的表带 像我的手腕很细 所以只能用小尺码的表带了 
plus会员给了很大优惠，加上12期免息，很值了。,plus会员给了很大优惠 加上#NUM#期免息 很值了。
东西不错，实用，苹果的东西值得信赖，不像大疆少配件还不承认。,东西不错 实用 苹果的东西值得信赖 不像大疆少配件还不承认。
送货速度好快！全新，开机按步骤设置，完美～,送货速度好快 全新 开机按步骤设置 完美 
东西不错，电池续航不是很好，一天多要充电,东西不错 电池续航不是很好 一天多要充电
东西收到了不错了,东西收到了不错了
很不错 体验很好 还蛮值得买,很不错 体验很好 还蛮值得买
很赞，速度快，和airpods搭配很完美，日常使用很方便,很赞 速度快 和airpods搭配很完美 日常使用很方便
很好使用，非常喜欢,很好使用 非常喜欢
用起来还不错，希望蜂窝网尽快能够使用,用起来还不错 希望蜂窝网尽快能够使用
挺不错的，非常喜欢的手表,挺不错的 非常喜欢的手表
抢了半个月，抢到了，就是不可以用卡，不爽,抢了半个月 抢到了 就是不可以用卡 不爽
还在摸索中，外形是相当的酷炫,还在摸索中 外形是相当的酷炫
还可以，功能慢慢摸索,还可以 功能慢慢摸索
送货快，测试心率比较准，不过如果健身课不是很适合。因为健身课是属于综合训练，有力量，有氧，腹部，功能性训练混合一起的。另外睡眠不可用。电池还算耐用。,送货快 测试心率比较准 不过如果健身课不是很适合。因为健身课是属于综合训练 有力量 有氧 腹部 功能性训练混合一起的。另外睡眠不可用。电池还算耐用。
很骚的一块手表，现在只能看看时间。等苏州开通移动数据。,很骚的一块手表 现在只能看看时间。等苏州开通移动数据。
宝贝很不错，包装特别好，好大一个箱子，里面慢慢的缓震充气袋，完全不用担心磕碰&lsquo;而且速度非常快，晚上下单，第二天早上就收到啦！,宝贝很不错 包装特别好 好大一个箱子 里面慢慢的缓震充气袋 完全不用担心磕碰 lsquo 而且速度非常快 晚上下单 第二天早上就收到啦 
很不错，比前两代提升很多。12期免息非常人性化。推荐。,很不错 比前两代提升很多。#NUM#期免息非常人性化。推荐。
京东真的很神速 昨天买的今天上午就到了 很漂亮,京东真的很神速 昨天买的今天上午就到了 很漂亮
手表不错，主要是为了锻炼记录用，功能很多也很好用，如果开通通话功能就太爽了，很满意,手表不错 主要是为了锻炼记录用 功能很多也很好用 如果开通通话功能就太爽了 很满意
还用说什么吗?，哈哈哈哈哈?,还用说什么吗  哈哈哈 
用了一礼拜，感觉很省电，如图用了两天还有一半多的电量，和我运动量不大有关系，运营商们赶紧给点力吧！,用了一礼拜 感觉很省电 如图用了两天还有一半多的电量 和我运动量不大有关系 运营商们赶紧给点力吧 
物流快，东西很好，官网定的那个38退了，还是京东方便,物流快 东西很好 官网定的那个#NUM#退了 还是京东方便
不错，颜值可能没有三星高。期待开通通话功能,不错 颜值可能没有三星高。期待开通通话功能
感觉还不错，晚上12点推送说有货，就用京东e卡买了。,感觉还不错 晚上#NUM#点推送说有货 就用京东e卡买了。
第三代反应速度快，打开app没有延迟感 可以随时监测心率 总之 使用感觉不错,第三代反应速度快 打开app没有延迟感 可以随时监测心率 总之 使用感觉不错
很不错，比官网速度快多了，凌晨提醒有货，立即下单，期待esim能用。。。,很不错 比官网速度快多了 凌晨提醒有货 立即下单 期待esim能用。
去实体店看了这块表，心仪了很久最终下手了，很不错，就是app质量有待优化，电池还是比较耐用，心仪的小伙伴赶快下手吧！,去实体店看了这块表 心仪了很久最终下手了 很不错 就是app质量有待优化 电池还是比较耐用 心仪的小伙伴赶快下手吧 
耗电情况比想象中好点，一天的话40%左右吧。只可惜esim现在用不了,耗电情况比想象中好点 一天的话#NUM# 左右吧。只可惜esim现在用不了
感觉不错，内存13  个G，反应灵敏，坐等运营商提供打电话服务,感觉不错 内存#NUM# 个G 反应灵敏 坐等运营商提供打电话服务
我媳妇收到以后非常喜欢！！对表带赞不绝口！速度给力！,我媳妇收到以后非常喜欢！对表带赞不绝口 速度给力 
一般吧，买的两只粉色戴手上，另外一只灰色戴脚上，但是感觉不能变身，差评。不推荐,一般吧 买的两只粉色戴手上 另外一只灰色戴脚上 但是感觉不能变身 差评。不推荐
一般吧，这只买给左脚戴的，另外两只粉色戴手上，但是感觉不能变身，差评,一般吧 这只买给左脚戴的 另外两只粉色戴手上 但是感觉不能变身 差评
还行，但是不能解锁mac，不开心,还行 但是不能解锁mac 不开心
正在使用中，很喜欢。,正在使用中 很喜欢。
虽然还不能写号，第一次到货没买上，第二次看见到货立马就买了，三代手表真的很赞，特别是这个米奇的整点报时，太萌了。关注好几年今年终于下手了，而且选的是零服务费分期，完全没有任何还款压力，很不错。,虽然还不能写号 第一次到货没买上 第二次看见到货立马就买了 三代手表真的很赞 特别是这个米奇的整点报时 太萌了。关注好几年今年终于下手了 而且选的是零服务费分期 完全没有任何还款压力 很不错。
多说无益，就一个字，好！,多说无益 就一个字 好 
送货真快，服务态度没的说，东西也很漂亮,送货真快 服务态度没的说 东西也很漂亮
还可以吧,还可以吧
很好，就是远了就没信号了。快点开通3G吧,很好 就是远了就没信号了。快点开通#NUM#G吧
本来是因为信任京东，所以在京东买，可为什么包装是这样的？,本来是因为信任京东 所以在京东买 可为什么包装是这样的 
苹果自家产品还是应该搭配自己的配件，好用。,苹果自家产品还是应该搭配自己的配件 好用。
gps版和蜂窝版纠结了好久，正好看到蜂窝版有货，不纠结了，直接下单！又是白条12期免息，很给力！,gps版和蜂窝版纠结了好久 正好看到蜂窝版有货 不纠结了 直接下单 又是白条#NUM#期免息 很给力 
非常好，速度快，就等开通esim了，慢慢研究,非常好 速度快 就等开通esim了 慢慢研究
非常漂亮！就冲着游泳可以记录还有蜂窝数据买的，希望早日开通蜂窝数据的服务啊,非常漂亮 就冲着游泳可以记录还有蜂窝数据买的 希望早日开通蜂窝数据的服务啊
从1代38mm升上来的，总体感觉确实大了碍事一些，但好看多了，不知道运营商什么时候开始支持，不能浪费了我的小红点&hellip;,从#NUM#代#NUM#mm升上来的 总体感觉确实大了碍事一些 但好看多了 不知道运营商什么时候开始支持 不能浪费了我的小红点 hellip 
双11活动plus会员减免211到手，好爽！期待开通蜂窝网络！,双#NUM#活动plus会员减免#NUM#到手 好爽 期待开通蜂窝网络 
很不错的,很不错的
挺好用的，还在研究更高级的玩法。唯一不爽的就是保价得重新下单，可是没货了,挺好用的 还在研究更高级的玩法。唯一不爽的就是保价得重新下单 可是没货了
可以，用起来很顺手,可以 用起来很顺手
很赞的表，期待以后运营商的支持。京东配送没话说，速度快还放心,很赞的表 期待以后运营商的支持。京东配送没话说 速度快还放心
京东确实给力!配货迅速、发货迅速、配送细致！一如既往支持京东！不网购则已，网购必上京东！,京东确实给力 配货迅速、发货迅速、配送细致 一如既往支持京东 不网购则已 网购必上京东 
包装太夸张了&hellip;&hellip;,包装太夸张了 hellip  hellip 
东西不错，坐等蜂窝开通。。。,东西不错 坐等蜂窝开通。
挺好用的，刚开始开机有点慢，平时用的很不错,挺好用的 刚开始开机有点慢 平时用的很不错
等了几天才有货，不错速度挺快的,等了几天才有货 不错速度挺快的
心仪已久的小东西，终于是到手了，爱不释手有木有哈哈哈,心仪已久的小东西 终于是到手了 爱不释手有木有哈哈哈
外观精美，等使用，过段时间再看看。,外观精美 等使用 过段时间再看看。
比官网快多了，3代确实快了很多，而且电量也靠谱，一天正常戴下来还有70多的电,比官网快多了 #NUM#代确实快了很多 而且电量也靠谱 一天正常戴下来还有#NUM#多的电
确实跟图片描述的一样，物流到手也很快,确实跟图片描述的一样 物流到手也很快
手表很不错，大小合适，老婆戴着非常漂亮。而且非常容易上手！很好设置使用方便！,手表很不错 大小合适 老婆戴着非常漂亮。而且非常容易上手 很好设置使用方便 
赶上12期免息很不错，质量没问题，包装的也还可以，用了两天不太费电，但是系统仍需优化,赶上#NUM#期免息很不错 质量没问题 包装的也还可以 用了两天不太费电 但是系统仍需优化
意想不到的金色，是这么美，大赞，当天拍就剩下一台，抓紧入手,意想不到的金色 是这么美 大赞 当天拍就剩下一台 抓紧入手
还在熟悉中，坐等运营商开通一卡多终端业务,还在熟悉中 坐等运营商开通一卡多终端业务
京东快递真的不错，比官网快，东西上手很强势,京东快递真的不错 比官网快 东西上手很强势
刚刚滴,刚刚滴
23号在官网下的单，24号京东提醒了，就赶紧买了，然后把官网的订单取消了，京东白条分期免息。到手之后迫不及待的带上，感觉挺好的，第一块苹果手表，很多功能还有待发掘。,#NUM#号在官网下的单 #NUM#号京东提醒了 就赶紧买了 然后把官网的订单取消了 京东白条分期免息。到手之后迫不及待的带上 感觉挺好的 第一块苹果手表 很多功能还有待发掘。
大男生的粉色系列产品。有时候真是让人毛骨悚然&hellip;&hellip;?喜欢,大男生的粉色系列产品。有时候真是让人毛骨悚然 hellip  hellip  喜欢
非常好物流快 用着舒心 希望赶快能用上蜂窝数据,非常好物流快 用着舒心 希望赶快能用上蜂窝数据
好宝贝，就是不知道有什么用。,好宝贝 就是不知道有什么用。
建议买尺寸42的，38的只适合比较娇小玲珑的女人戴。目前三大运营商都没有开放手表单独打电话业务，所以还不知道脱离iPhone 的感受。应用软件开发商太敷衍了。像京东、逃饱、zhifubao（只能打拼音你懂的）之类的软件里就2-3个功能选项。只有音乐软件还比较完善。看来这个领域还是有很大的拓展空间的。,建议买尺寸#NUM#的 #NUM#的只适合比较娇小玲珑的女人戴。目前三大运营商都没有开放手表单独打电话业务 所以还不知道脱离iPhone 的感受。应用软件开发商太敷衍了。像京东、逃饱、zhifubao 只能打拼音你懂的 之类的软件里就#NUM#-#NUM#个功能选项。只有音乐软件还比较完善。看来这个领域还是有很大的拓展空间的。
买来没多久出双十一活动,买来没多久出双十一活动
很好 正品 物流超赞 可惜蜂窝不能用,很好 正品 物流超赞 可惜蜂窝不能用
送给老婆的礼物，很喜欢，坐等运营商出esim卡了,送给老婆的礼物 很喜欢 坐等运营商出esim卡了
速度很快，系统不错。待机基本两天。心率测试也挺快的。运动表带舒适度也可以。就是没钱买贵的表带,速度很快 系统不错。待机基本两天。心率测试也挺快的。运动表带舒适度也可以。就是没钱买贵的表带
挺好的，还不错哦，值得购买，推荐哈,挺好的 还不错哦 值得购买 推荐哈
还不错，就等运营商了,还不错 就等运营商了
感觉确实比一代快，还在使用中。,感觉确实比一代快 还在使用中。
真的非常快头天下单第二天中午就到手了！,真的非常快头天下单第二天中午就到手了 
未开封正版，送货比官网快多了，前天半夜下单，昨天下午就到了,未开封正版 送货比官网快多了 前天半夜下单 昨天下午就到了
很不错，喜欢,很不错 喜欢
东西是好东西，想买很久了，可是跟我手机不能配，5s不支持呀，必须得高等级的手机才行，所以，放在家睡觉了，等换了手机再拿出来用吧,东西是好东西 想买很久了 可是跟我手机不能配 #NUM#s不支持呀 必须得高等级的手机才行 所以 放在家睡觉了 等换了手机再拿出来用吧
很不错 第二天一早就送到了 很好！,很不错 第二天一早就送到了 很好 
挺好的，唯一遗憾是还不能单独打电话！这移动赶紧开通吧！,挺好的 唯一遗憾是还不能单独打电话 这移动赶紧开通吧 
第一次用苹果的手表，感觉还可以,第一次用苹果的手表 感觉还可以
邮到朋友家了 好不容易抢到的 还额外送一套 表带很不错哦,邮到朋友家了 好不容易抢到的 还额外送一套 表带很不错哦
感觉还可以啊&hellip;&hellip;昨天晚上刚充的电，对我来说，这够用了，软件的话，除了运动之外的基本都是自带的,感觉还可以啊 hellip  hellip 昨天晚上刚充的电 对我来说 这够用了 软件的话 除了运动之外的基本都是自带的
非常不错，系统流畅，做工精细,非常不错 系统流畅 做工精细
别说，真棒，在外面加价的情况下还能买到更低的价格，还能分期免息，还能提前到货，也只有京东了。,别说 真棒 在外面加价的情况下还能买到更低的价格 还能分期免息 还能提前到货 也只有京东了。
Apple的产品不多说，就是很好,Apple的产品不多说 就是很好
正品，东西不赖，老婆非常喜欢,正品 东西不赖 老婆非常喜欢
颜色很喜欢，以前用的二代黑色运动，跟二代没有太多的区别，在还没有开通esim的情况下，只能算个玩具,颜色很喜欢 以前用的二代黑色运动 跟二代没有太多的区别 在还没有开通esim的情况下 只能算个玩具
退了官网的，买了京东的，自己配了皮表带，很喜欢。自带的表带也很漂亮哦。,退了官网的 买了京东的 自己配了皮表带 很喜欢。自带的表带也很漂亮哦。
重庆的 一直等京东到货 结果都没抢到 后来看见陕西有货然后买了喊那边的朋友发过来的,重庆的 一直等京东到货 结果都没抢到 后来看见陕西有货然后买了喊那边的朋友发过来的
第一次用Apple Watch 主要冲着蜂窝功能去的 感觉是一种创新 其实用处也不大 除了健身时可以不带手机又不错过消息,第一次用Apple Watch 主要冲着蜂窝功能去的 感觉是一种创新 其实用处也不大 除了健身时可以不带手机又不错过消息
用了两天 总体感觉有惊喜 但也不是很大 原来用的小米手环2也非常不错 还可以睡眠监测 Apple Watch只能借助第三方应用来监测 Apple Watch的优点是能够显示更多内容并且支持部分应用回复 小企鹅不支持是个遗憾,用了两天 总体感觉有惊喜 但也不是很大 原来用的小米手环#NUM#也非常不错 还可以睡眠监测 Apple Watch只能借助第三方应用来监测 Apple Watch的优点是能够显示更多内容并且支持部分应用回复 小企鹅不支持是个遗憾
试了下运动监测 内置GPS准确性不错 运动项目也很多 果然是运动手表,试了下运动监测 内置GPS准确性不错 运动项目也很多 果然是运动手表
圆环记录健身完成度很喜欢 还有呼吸应用和久坐提醒都比较好 呼吸提醒可以让自己放松身心 只要每天坚持 相信作用还是很大的,圆环记录健身完成度很喜欢 还有呼吸应用和久坐提醒都比较好 呼吸提醒可以让自己放松身心 只要每天坚持 相信作用还是很大的
耗电情况我觉得还不错 中度使用加半小时的健身 使用2**题是不大的 建议大家把后台应用刷新给关了 这个功能对于iOS和watchos来说没什么用处,耗电情况我觉得还不错 中度使用加半小时的健身 使用#NUM#  题是不大的 建议大家把后台应用刷新给关了 这个功能对于iOS和watchos来说没什么用处
简单来说后台应用刷新就是设置你暂停的应用是否可检查有没有更新和新内容的 对于现在的网速来说 你打开应用瞬间就加载好了 不需要后台再麻烦了 ps 不影响通知功能,简单来说后台应用刷新就是设置你暂停的应用是否可检查有没有更新和新内容的 对于现在的网速来说 你打开应用瞬间就加载好了 不需要后台再麻烦了 ps 不影响通知功能
最后只要想买 有能力买那就买 没有值不值得 只有愿不愿意,最后只要想买 有能力买那就买 没有值不值得 只有愿不愿意
非常好??，一天半送到物流很快，现在学习当中,非常好？ 一天半送到物流很快 现在学习当中
挺好挺好就是感觉充电费劲 用电有点快,挺好挺好就是感觉充电费劲 用电有点快
终于拿到了，MDZZ，现在京东全有货了，赶紧买买买，12期免息美滋滋，买几个表带玩玩，可惜没有其他颜色的回环表带了,终于拿到了 MDZZ 现在京东全有货了 赶紧买买买 #NUM#期免息美滋滋 买几个表带玩玩 可惜没有其他颜色的回环表带了
很漂亮，但是现在工信部的认证还没有通过，不论联通，还是移动电信，都不能用虚拟号的方式打电话,很漂亮 但是现在工信部的认证还没有通过 不论联通 还是移动电信 都不能用虚拟号的方式打电话
刚出的时候就想买。但是一直没有货。后来就等啊等。终于等到有货了。果断买了一台蜂窝版本的。虽然现在国内运营商还没开通服务。但是该有的总会有。先买着。反应很快。本来想再下一单给父母各来一台结果就没货了。。。只能说我还是幸运的。继续等待运营商支持服务,刚出的时候就想买。但是一直没有货。后来就等啊等。终于等到有货了。果断买了一台蜂窝版本的。虽然现在国内运营商还没开通服务。但是该有的总会有。先买着。反应很快。本来想再下一单给父母各来一台结果就没货了。只能说我还是幸运的。继续等待运营商支持服务
很喜欢apple watch，希望尽快支持流量。喜欢运动的人必备,很喜欢apple watch 希望尽快支持流量。喜欢运动的人必备
速度快，质量好，信赖京东的服务~,速度快 质量好 信赖京东的服务 
就是喜欢才买的，还没搞懂。,就是喜欢才买的 还没搞懂。
挺好的，终于等到了，，，一直没货,挺好的 终于等到了   一直没货
蛮舒服的， 不知道什么时候开启蜂窝,蛮舒服的  不知道什么时候开启蜂窝
东西不错，带了两天，大概2天半充一次电，使用的话还在研究，基本功能比较清晰,东西不错 带了两天 大概#NUM#天半充一次电 使用的话还在研究 基本功能比较清晰
试用了几天，感觉很不错，运动表带很舒服，在东北比不锈钢稍微暖和一点，系统很流畅，操作几天就熟悉了。电池一次充足差不多用2整天。唯一的遗憾就是现在还不能esim，只能等待了。,试用了几天 感觉很不错 运动表带很舒服 在东北比不锈钢稍微暖和一点 系统很流畅 操作几天就熟悉了。电池一次充足差不多用#NUM#整天。唯一的遗憾就是现在还不能esim 只能等待了。
挺好的送货到家期待使用效果,挺好的送货到家期待使用效果
送货速度真的很快下单后，第二天早上就到了，东西还是很漂亮的，送男朋友，他很喜欢！具体情况使用后再来评价,送货速度真的很快下单后 第二天早上就到了 东西还是很漂亮的 送男朋友 他很喜欢 具体情况使用后再来评价
42mm正好，屏幕触感非常棒！以后可以用来跑步检测了！,#NUM#mm正好 屏幕触感非常棒 以后可以用来跑步检测了 
等了好几天，蜂窝版黑色终于有货了，犹豫了一下，相等双十一看看有没有优惠，又怕货源太紧张到了双十一又没货了，就果断下手了。上手用了一天，很喜欢。但是电话支持确实像其他评价一样显示过期状态，不知道为什么。,等了好几天 蜂窝版黑色终于有货了 犹豫了一下 相等双十一看看有没有优惠 又怕货源太紧张到了双十一又没货了 就果断下手了。上手用了一天 很喜欢。但是电话支持确实像其他评价一样显示过期状态 不知道为什么。
二代用的就很好 三代电池更耐用了 蜂窝也不急了 什么时候出再用,二代用的就很好 三代电池更耐用了 蜂窝也不急了 什么时候出再用
京东小哥的速度真是杠杠的，昨夜里订上午就收到了。,京东小哥的速度真是杠杠的 昨夜里订上午就收到了。
上次拍了 忘记没付款 京东就把号黑了领不鸟优惠券、这选好颜色送给朋友！不知道号能恢复不。钻石加plus  MMP,上次拍了 忘记没付款 京东就把号黑了领不鸟优惠券、这选好颜色送给朋友 不知道号能恢复不。钻石加plus MMP
好，不错，性价比高，还会买，免息不错,好 不错 性价比高 还会买 免息不错
最新款的就是不一样哦，功能强大。京东也很给力呢，就最后一件货被我抢了，第二天就送过来了。都很喜欢。,最新款的就是不一样哦 功能强大。京东也很给力呢 就最后一件货被我抢了 第二天就送过来了。都很喜欢。
挺快的。买的是灰色。本来想买黑色的。分分钟抢完,挺快的。买的是灰色。本来想买黑色的。分分钟抢完
东西很好。查了是正品,东西很好。查了是正品
很漂亮，颜色正，表带的质感很舒服,很漂亮 颜色正 表带的质感很舒服
刚刚上手，效果不错，主要用来提高效率，放下手机,刚刚上手 效果不错 主要用来提高效率 放下手机
犹豫了好久，下单了，要开始减肥了,犹豫了好久 下单了 要开始减肥了
货到了  包装  大的吓人以为送啥东西了  京东速度赞  包装防震赞 快递员赞 手表先带着看看咋样  值得买  好看还能消遣下,货到了 包装 大的吓人以为送啥东西了 京东速度赞 包装防震赞 快递员赞 手表先带着看看咋样 值得买 好看还能消遣下
电池一天半没问题。非常满意，期待打电话功能赶紧开,电池一天半没问题。非常满意 期待打电话功能赶紧开
为了游泳特地买的，颜值很高,为了游泳特地买的 颜值很高
期盼已久苹果手表终于到了，京东商城的物流超级棒，手表正在使用中，爱不释手?,期盼已久苹果手表终于到了 京东商城的物流超级棒 手表正在使用中 爱不释手 
很好很强大 毕竟是苹果   买了有好几天了  两天一冲根本没问题   心率也很好,很好很强大 毕竟是苹果 买了有好几天了 两天一冲根本没问题 心率也很好
预约了自动下单，第二天就到货了，一直想要一块智能手表，蜂窝功能在国内虽然用不成，但是总会有的，于是决定一步到位了。苹果手表确实能帮你改变生活中的很多细微的习惯，现在每天早上被腕上闹钟叫醒，完成活动目标，及时查看各种通知。的确是非常令人满意的商品，就等虚拟卡在国内能用了。另外新品白条免息确实太给力了，绝对好过双11的折扣。五颗星～,预约了自动下单 第二天就到货了 一直想要一块智能手表 蜂窝功能在国内虽然用不成 但是总会有的 于是决定一步到位了。苹果手表确实能帮你改变生活中的很多细微的习惯 现在每天早上被腕上闹钟叫醒 完成活动目标 及时查看各种通知。的确是非常令人满意的商品 就等虚拟卡在国内能用了。另外新品白条免息确实太给力了 绝对好过双#NUM#的折扣。五颗星 
还可以 电子表加强版  就是不能用蜂窝网络 微信闪退 只能看个信息 接打电话,还可以 电子表加强版 就是不能用蜂窝网络 微信闪退 只能看个信息 接打电话
挺好的 非常不错,挺好的 非常不错
一有提醒就马上下单，果断退订官网订单，就是表和表带连接的地方有一边比较松，不知道是不是都这样。,一有提醒就马上下单 果断退订官网订单 就是表和表带连接的地方有一边比较松 不知道是不是都这样。
终于被我在有货的时候抢到，官网实在慢，新款各方面都有进步，就等蜂窝了。,终于被我在有货的时候抢到 官网实在慢 新款各方面都有进步 就等蜂窝了。
今天刚到用一用在评价,今天刚到用一用在评价
蛮好的，就在等联通何时开通网络了，目前使用正常，功能在慢慢琢磨，微信操作有些繁琐,蛮好的 就在等联通何时开通网络了 目前使用正常 功能在慢慢琢磨 微信操作有些繁琐
一般使用，每天跑步一小时，收微信和两三个电话，电量能用两天半，就是这个贴膜不好买,一般使用 每天跑步一小时 收微信和两三个电话 电量能用两天半 就是这个贴膜不好买
感觉还不错，速度也不卡顿！功能简陋点，特别是微信功能尤其尤其的简陋&hellip;希望以后会改得更好！开机速度比较慢，打电话很清晰！现在最期待的就是等待蜂窝功能开通，能脱离手机使用最好！因为买这手表来就是为了去健身房用的而已，配上蓝牙耳机，手表能打电话，又能听音乐，又能回复微信，还能记录运动数据，这样就够了！手机一大个！拿着很不方便！所以满心都在等待电信早日开通这个watch3的蜂窝功能！女孩子用这个颜色我觉得最好看！再配上&ldquo;BB&rdquo;的哑光金耳机，简直就是一套的，颜色简直不要太搭！（当然音质有点渣，不知道用久了能不能听起来圆润点）总之就是为了方便，只要不让我用手拿着一大台手机！！我就觉得省事！！一个懒癌晚期的心声,感觉还不错 速度也不卡顿 功能简陋点 特别是微信功能尤其尤其的简陋 hellip 希望以后会改得更好 开机速度比较慢 打电话很清晰 现在最期待的就是等待蜂窝功能开通 能脱离手机使用最好 因为买这手表来就是为了去健身房用的而已 配上蓝牙耳机 手表能打电话 又能听音乐 又能回复微信 还能记录运动数据 这样就够了 手机一大个 拿着很不方便 所以满心都在等待电信早日开通这个watch#NUM#的蜂窝功能 女孩子用这个颜色我觉得最好看 再配上 ldquo BB rdquo 的哑光金耳机 简直就是一套的 颜色简直不要太搭  当然音质有点渣 不知道用久了能不能听起来圆润点 总之就是为了方便 只要不让我用手拿着一大台手机！我就觉得省事！一个懒癌晚期的心声
入手第一块apple watch!戴在手上感觉不错！,入手第一块apple watch 戴在手上感觉不错 
好不容易买到的，刚到货十分钟就卖光了。两天一充，很好看,好不容易买到的 刚到货十分钟就卖光了。两天一充 很好看
apple watch 3此前一直令人意外的热销，苹果店里没有现货，官网要2-3周才能送到。后来发现京东可以代 下单，于是就抢到了一个（最近好像已经放开，可以随意买了）。,apple watch #NUM#此前一直令人意外的热销 苹果店里没有现货 官网要#NUM#-#NUM#周才能送到。后来发现京东可以代 下单 于是就抢到了一个 最近好像已经放开 可以随意买了 。
apple watch 3与2相比，增加了接打电话功能，但现在还没法用。可以独立使用watch存储音乐。此外，宣传中号称的处理能力和速度提高了多少等等，基本感觉不出来。外形据说稍厚点，但基本感觉不出来。待机时间有所增加，并不明显。apple watch主要还是用来作为来电/微信/短信提醒，健身计步，简单app应用。开启户外跑步的话，大概待机时间6个小时左右，应付全马尚可，但长距离越野显然不够用。,apple watch #NUM#与#NUM#相比 增加了接打电话功能 但现在还没法用。可以独立使用watch存储音乐。此外 宣传中号称的处理能力和速度提高了多少等等 基本感觉不出来。外形据说稍厚点 但基本感觉不出来。待机时间有所增加 并不明显。apple watch主要还是用来作为来电 微信 短信提醒 健身计步 简单app应用。开启户外跑步的话 大概待机时间#NUM#个小时左右 应付全马尚可 但长距离越野显然不够用。
"I like it,so i buy it.",I like it so i buy it 
就，很喜欢。,就 很喜欢。
用了三天，感觉不错，送货第二天就到了，跟着锻炼了两天。电量基本可以用两天。就是没有优惠啊。,用了三天 感觉不错 送货第二天就到了 跟着锻炼了两天。电量基本可以用两天。就是没有优惠啊。
首先 我只能说 我老公命太好了 之前想买因为今天过生日 结果就查一下 没货了 就一直在等 结果昨天晚上10点多 说有货了 我老公今天生日 所以说这就是他命里有这个 果断下单了 今天一早不到9点就送到了 就等老公晚上回来一个惊喜 还没适应 因为需要把我手机系统升级 我就没尝试用 等晚上老公设置完再追加吧,首先 我只能说 我老公命太好了 之前想买因为今天过生日 结果就查一下 没货了 就一直在等 结果昨天晚上#NUM#点多 说有货了 我老公今天生日 所以说这就是他命里有这个 果断下单了 今天一早不到#NUM#点就送到了 就等老公晚上回来一个惊喜 还没适应 因为需要把我手机系统升级 我就没尝试用 等晚上老公设置完再追加吧
速度很快，产品也不错，目前还在试用。,速度很快 产品也不错 目前还在试用。
能打电话的苹果表( ?&deg; ?? ?&deg;)?，第一次用，确实精致,能打电话的苹果表    deg  ？   deg    第一次用 确实精致
京东完美速度，要的就是这种体验。,京东完美速度 要的就是这种体验。
确认收货后就退不了 想出了 重新买不锈钢版本的  这个暂时还没拆封。 有要的可以私我,确认收货后就退不了 想出了 重新买不锈钢版本的 这个暂时还没拆封。 有要的可以私我
还行吧，网络没开通  不知道啥时候,还行吧 网络没开通 不知道啥时候
安逸安逸  哈哈哈 京东靠谱,安逸安逸 哈哈哈 京东靠谱
试用了快一周了，速度，性能都不错，但Apple Watchapp不多，很多都没什么用，像万年历之类的甚至都不会自动切到当前日期，国内目前还不能脱离手机也还是个遗憾。,试用了快一周了 速度 性能都不错 但Apple Watchapp不多 很多都没什么用 像万年历之类的甚至都不会自动切到当前日期 国内目前还不能脱离手机也还是个遗憾。
看到有货赶快下单了，帮朋友买的，所以没有拆封。,看到有货赶快下单了 帮朋友买的 所以没有拆封。
出现了评论中的问题，电话技术支持已过期，电话技术支持是3个月，3系列出来也就1个月，怎么会过期呢？请给个解释！！！,出现了评论中的问题 电话技术支持已过期 电话技术支持是#NUM#个月 #NUM#系列出来也就#NUM#个月 怎么会过期呢 请给个解释！
不错，终于有货了,不错 终于有货了
宝贝到货一周，回环表带戴起很舒适，就是比较遗憾蜂窝网络国内还没有开通！以后使用了再追加评价！,宝贝到货一周 回环表带戴起很舒适 就是比较遗憾蜂窝网络国内还没有开通 以后使用了再追加评价 
不错，当礼物送人的，还可以，从着品牌去的,不错 当礼物送人的 还可以 从着品牌去的
这次专门买42毫米版的，而且是带lte的，很期待苹果和运营商能早日提供相关的服务。42的要比38的大一点，看起来非常舒服&hellip;&hellip;,这次专门买#NUM#毫米版的 而且是带lte的 很期待苹果和运营商能早日提供相关的服务。#NUM#的要比#NUM#的大一点 看起来非常舒服 hellip  hellip 
总体不错，运行流程，唯一的遗憾是运营商还没开通蜂窝数据，少了一项功能。,总体不错 运行流程 唯一的遗憾是运营商还没开通蜂窝数据 少了一项功能。
当时苹果官网要等两周，京东尽然有货，在官网买了白色版表带，老婆说还是白色漂亮，粉色比较中规中矩。,当时苹果官网要等两周 京东尽然有货 在官网买了白色版表带 老婆说还是白色漂亮 粉色比较中规中矩。
很好的，东西，超乎想象，下次还会再买的！,很好的 东西 超乎想象 下次还会再买的 
很好 推荐买尼龙表带那款 因为目前 某.宝 上还没新款回环尼龙表带配件 所以买尼龙回来自己配运动 就很优秀,很好 推荐买尼龙表带那款 因为目前 某 宝 上还没新款回环尼龙表带配件 所以买尼龙回来自己配运动 就很优秀
在一起就是一条好汉。你是一家店老板你不,在一起就是一条好汉。你是一家店老板你不
关注好久了，上午下单，晚上就送到了。外观很漂亮，就是回环式表带折过后，有缝隙，准备换个皮质表带！,关注好久了 上午下单 晚上就送到了。外观很漂亮 就是回环式表带折过后 有缝隙 准备换个皮质表带 
Apple Watch第一次使用，结合iPhone和iCloud使用，很多功能确实很强大，界面简洁，做工精细，很多功能待开发。一个月后继续追评！,Apple Watch第一次使用 结合iPhone和iCloud使用 很多功能确实很强大 界面简洁 做工精细 很多功能待开发。一个月后继续追评 
另希望移动能早日开放E-SIM业务。发挥该表的核心卖点。,另希望移动能早日开放E-SIM业务。发挥该表的核心卖点。
如果能脱离iphone使用就完美了,如果能脱离iphone使用就完美了
物流快！早上下的单下午就来啦！,物流快 早上下的单下午就来啦 
挺好的 女朋友很喜欢.........,挺好的 女朋友很喜欢。
手表很方便，更多的功能还在摸索中,手表很方便 更多的功能还在摸索中
很满意！还在探索中！,很满意 还在探索中 
好看，买之前特意去体验店看了一眼实物。系统还有一些小bug，不过搜索后都解决了。,好看 买之前特意去体验店看了一眼实物。系统还有一些小bug 不过搜索后都解决了。
话不多说 因为信任所以京东,话不多说 因为信任所以京东
比想象中的还漂亮一些！等了很久了，果断拿下！,比想象中的还漂亮一些 等了很久了 果断拿下 
好不容易发现京东有货，立马下单，本来想买一个42mm的，一直没货，38的也可以了，反正我的手腕也不大，一切还在适应中，有些功能着实鸡肋，不过佩服京东送货的速度和对商品品质把控，一如既往的支持京东！,好不容易发现京东有货 立马下单 本来想买一个#NUM#mm的 一直没货 #NUM#的也可以了 反正我的手腕也不大 一切还在适应中 有些功能着实鸡肋 不过佩服京东送货的速度和对商品品质把控 一如既往的支持京东 
东西非常好，就是电信运营商不给力，还有就是微信某些功能不行，不能用微信支付，识别中文语音也没有,东西非常好 就是电信运营商不给力 还有就是微信某些功能不行 不能用微信支付 识别中文语音也没有
老公买的礼物 特别漂亮 很喜欢 他一开始在官网订的 显示要一到三周发货 昨天早上看到京东有货 于是赶紧下单 然后下午就收到了 京东的速度真的是棒棒的 手表样子很好看 颜色也喜欢 非常非常好 京东的包装也很好 用了比手表大20倍的箱子装的 很好,老公买的礼物 特别漂亮 很喜欢 他一开始在官网订的 显示要一到三周发货 昨天早上看到京东有货 于是赶紧下单 然后下午就收到了 京东的速度真的是棒棒的 手表样子很好看 颜色也喜欢 非常非常好 京东的包装也很好 用了比手表大#NUM#倍的箱子装的 很好
总体来说，手感OK！强烈建议买42的，38太小了。连我觉得42都小，表带缩小绝对够，带在手不会很松，献给犹豫的人！粉色，表带其实不粉，甚至有点像泛白那种颜色，不过和皮肤接触很好，很舒服！自营派送快还是不用提了，箱子外包装是小米的，强行打广告，哈哈！上手容易，配对后iPhone就自动为手表下载软件，待半小时后，基本可以装完程序。我们要等手机把软件同步完再玩手表，不然一边下载一边玩你会看到表里面的程序一直在加载或者不显示，那是因为iPhone在下载，把带宽抢完了，所以会出现异常了。手表里的微信，我们不能打字回复，只能用语音，但是语音为什么会翻译成英文呢？这个问题是手机里面的设置问题，这时我们只需要进去手机设置&mdash;&mdash;通用&mdash;&mdash;键盘&mdash;&mdash;启用听写&mdash;&mdash;听写语言&mdash;&mdash;选择普通话。当你回到手表的微信发音时你会发现现在可以翻译成中文了，希望能帮助大家。,总体来说 手感OK 强烈建议买#NUM#的 #NUM#太小了。连我觉得#NUM#都小 表带缩小绝对够 带在手不会很松 献给犹豫的人 粉色 表带其实不粉 甚至有点像泛白那种颜色 不过和皮肤接触很好 很舒服 自营派送快还是不用提了 箱子外包装是小米的 强行打广告 哈哈 上手容易 配对后iPhone就自动为手表下载软件 待半小时后 基本可以装完程序。我们要等手机把软件同步完再玩手表 不然一边下载一边玩你会看到表里面的程序一直在加载或者不显示 那是因为iPhone在下载 把带宽抢完了 所以会出现异常了。手表里的微信 我们不能打字回复 只能用语音 但是语音为什么会翻译成英文呢 这个问题是手机里面的设置问题 这时我们只需要进去手机设置 mdash  mdash 通用 mdash  mdash 键盘 mdash  mdash 启用听写 mdash  mdash 听写语言 mdash  mdash 选择普通话。当你回到手表的微信发音时你会发现现在可以翻译成中文了 希望能帮助大家。
等了几天才有货，早上起来立马就下单了。好评,等了几天才有货 早上起来立马就下单了。好评
一直喜欢，一直支持,一直喜欢 一直支持
送货很快 就说都缺货 难得有货,送货很快 就说都缺货 难得有货
手表非常好，京东还是值得信赖的！,手表非常好 京东还是值得信赖的 
很快就收到货，比想象中精美,很快就收到货 比想象中精美
老婆说还行,老婆说还行
京东快递一如既往的快，是正品，很喜欢,京东快递一如既往的快 是正品 很喜欢
一直想买一款运动手表，比较了好几个品牌的产品，感觉还是苹果的这款产品不错，最主要现在可以独立使用，不在什么都要依赖手机包括打电话，非常满意的一款运动手表。,一直想买一款运动手表 比较了好几个品牌的产品 感觉还是苹果的这款产品不错 最主要现在可以独立使用 不在什么都要依赖手机包括打电话 非常满意的一款运动手表。
给我家亲爱的买的，很大气，很多功能很实用，媳妇很喜欢，赞一个！,给我家亲爱的买的 很大气 很多功能很实用 媳妇很喜欢 赞一个 
用了五天了，满分吧～,用了五天了 满分吧 
话说血压怎么检测？,话说血压怎么检测 
长草很久，看到有货就赶紧拔草,长草很久 看到有货就赶紧拔草
之前纠结38还是42，腕围162，对比同事的之后决定买42，戴着很合适，电子表的功能性上比机械和石英表强多了，实用。,之前纠结#NUM#还是#NUM# 腕围#NUM# 对比同事的之后决定买#NUM# 戴着很合适 电子表的功能性上比机械和石英表强多了 实用。
麻烦店家帮忙解决一下 一直联不上手机 我的是行货7P,麻烦店家帮忙解决一下 一直联不上手机 我的是行货#NUM#P
esim还没出来，只能当gps用了,esim还没出来 只能当gps用了
非常喜欢，就是没有不知道睡眠没有不足,非常喜欢 就是没有不知道睡眠没有不足
刚用两天，还在摸索中,刚用两天 还在摸索中
好评&hellip;&hellip;&hellip;&hellip;&hellip;&hellip;！,好评 hellip  hellip  hellip  hellip  hellip  hellip  
包装太简陋 就一塑料袋,包装太简陋 就一塑料袋
没想象中的大，42的感觉还挺小巧的,没想象中的大 #NUM#的感觉还挺小巧的
这包装也太隆重了吧，3/4都是气囊??，不是什么新设计，也没用过前几代所以没法比较，不过感觉这代功能已经趋于成熟，加上米环前几天弄丢了，所以还是出手入了一个,这包装也太隆重了吧 #NUM# #NUM#都是气囊？ 不是什么新设计 也没用过前几代所以没法比较 不过感觉这代功能已经趋于成熟 加上米环前几天弄丢了 所以还是出手入了一个
送货挺快的 不过新功能还没用,送货挺快的 不过新功能还没用
从关注这款手表，再到下单收货，可谓一波三折，先说说官网下单吧，20天前我就在官网预订了一块三代蜂窝数据版的watch，一直要等足4星期才发货，想想我这颗躁动的心，不行，不能在这么等下去了，于是我果断选择其它渠道购买，*是直营的，那个和官网同步，于是，没戏，想想还是咱京dong好，自营送货快而且还快捷，好家伙，立马搜索苹果手表三代数据版，只可惜，一直无货，我这颗躁动的心呀，实在是难以等待官网发货，四川地区无货怎么办呢，我想可否设置其它地区，果断试试，设置那些北上广城市，嘿嘿，果然，北京有货，但是有货我买了也不能送到四川来啊，我北京也没朋友啊，左想右想，想起顺丰、于是立马打电话看能否代收和转发，打了好几遍确认能代收代转发之后，安心下单了，设置的收货地址就是北京的某个顺feng营业网点，其实到这儿我都已经按耐不住激动的心情了，因为转运还需要一天时间，但是，转折点来了，昨晚凌晨的时候提示四川地区居然有现！货！了！我滴天啊，立马下单（貌似一会就无货了）于是乎，我退掉了北京的那块表，安心等待四川的包裹，今天下午收到手表了，怀着激动的心开拆包装，它就像一块精心打磨的玉石，美的那么让人动心！,从关注这款手表 再到下单收货 可谓一波三折 先说说官网下单吧 #NUM#天前我就在官网预订了一块三代蜂窝数据版的watch 一直要等足#NUM#星期才发货 想想我这颗躁动的心 不行 不能在这么等下去了 于是我果断选择其它渠道购买  是直营的 那个和官网同步 于是 没戏 想想还是咱京dong好 自营送货快而且还快捷 好家伙 立马搜索苹果手表三代数据版 只可惜 一直无货 我这颗躁动的心呀 实在是难以等待官网发货 四川地区无货怎么办呢 我想可否设置其它地区 果断试试 设置那些北上广城市 嘿嘿 果然 北京有货 但是有货我买了也不能送到四川来啊 我北京也没朋友啊 左想右想 想起顺丰、于是立马打电话看能否代收和转发 打了好几遍确认能代收代转发之后 安心下单了 设置的收货地址就是北京的某个顺feng营业网点 其实到这儿我都已经按耐不住激动的心情了 因为转运还需要一天时间 但是 转折点来了 昨晚凌晨的时候提示四川地区居然有现 货 了 我滴天啊 立马下单 貌似一会就无货了 于是乎 我退掉了北京的那块表 安心等待四川的包裹 今天下午收到手表了 怀着激动的心开拆包装 它就像一块精心打磨的玉石 美的那么让人动心 
不错哦，满意&hellip;&hellip;&hellip;&hellip;&hellip;&hellip;,不错哦 满意 hellip  hellip  hellip  hellip  hellip  hellip 
挺好的，用了几天，还不错，开始待机不太给力，后来好了，能坚持一天多,挺好的 用了几天 还不错 开始待机不太给力 后来好了 能坚持一天多
不错，很喜欢，苹果的产品还是品质好,不错 很喜欢 苹果的产品还是品质好
充满电能用两天，总体来说用起来不错，坐等运营商开虚拟sim卡。就是表带的颜色&hellip;&hellip;有点一言难尽,充满电能用两天 总体来说用起来不错 坐等运营商开虚拟sim卡。就是表带的颜色 hellip  hellip 有点一言难尽
北京 18号的  ，大概半个小时一直有货，我还犹豫了半天才买的，然后把官网的退了。,北京 #NUM#号的  大概半个小时一直有货 我还犹豫了半天才买的 然后把官网的退了。
哦也。  电池可以用2天，晚上睡觉也带着测心率来的。稳,哦也。 电池可以用#NUM#天 晚上睡觉也带着测心率来的。稳
刚用上还好吧,刚用上还好吧
在京东买了iPad mini4，一台Mac air， 一台Mac，iPhone 6S plus， AirPods，watch 3， 承包我所有的苹果产品，所以对京东提供的服务还是非常信赖的,在京东买了iPad mini#NUM# 一台Mac air  一台Mac iPhone #NUM#S plus  AirPods watch #NUM#  承包我所有的苹果产品 所以对京东提供的服务还是非常信赖的
想买watch很久了，刚好这代有蜂窝网络就忍不住了！一有货就下单了。箱子有气泡袋，这里给个赞！,想买watch很久了 刚好这代有蜂窝网络就忍不住了 一有货就下单了。箱子有气泡袋 这里给个赞 
不错不错，非常智能好用，期待运营商快点能支持esim卡,不错不错 非常智能好用 期待运营商快点能支持esim卡
真的很不错！真的很不错！真的很不错！真的很不错！,真的很不错 真的很不错 真的很不错 真的很不错 
降噪豆和series3是绝配，链接超快还很稳定，手表基本满足我现阶段所有对于智能手表的要求了，蛮好的！,降噪豆和series#NUM#是绝配 链接超快还很稳定 手表基本满足我现阶段所有对于智能手表的要求了 蛮好的 
表带摸着比想象中要好，但是表本身比预期的要鸡肋&hellip;&hellip;&hellip;还是等北京esim开了以后看看会不会有改善吧,表带摸着比想象中要好 但是表本身比预期的要鸡肋 hellip  hellip  hellip 还是等北京esim开了以后看看会不会有改善吧
特别完美，唯一之处就是现在没有运营商开通蜂窝网络,特别完美 唯一之处就是现在没有运营商开通蜂窝网络
挺满意的，配合手机不错，可以看图，跟踪微信，但电话还不能打。,挺满意的 配合手机不错 可以看图 跟踪微信 但电话还不能打。
不错，坚持锻炼,不错 坚持锻炼
灰色很洋气，比黑色更特别,灰色很洋气 比黑色更特别
比官网快，还能用代金券，对象特别喜欢??????,比官网快 还能用代金券 对象特别喜欢？
送给老婆的，老婆看到开心死了！可惜的是现在还没有营运商可以使用蜂窝网打电话,送给老婆的 老婆看到开心死了 可惜的是现在还没有营运商可以使用蜂窝网打电话
一不小心就抢到了。 最后一个,一不小心就抢到了。 最后一个
暂时蜂窝不能用，其余都好,暂时蜂窝不能用 其余都好
哇，好棒棒，功能好多啊，可长可短，可粗可细，拿在手里手感也很好，赞一个,哇 好棒棒 功能好多啊 可长可短 可粗可细 拿在手里手感也很好 赞一个
正在试用,正在试用
京东高效率啊！,京东高效率啊 
体验很好，就差运营商网络了。,体验很好 就差运营商网络了。
还没来得及试，很喜欢，就是不知什么时候能用上LTE网。,还没来得及试 很喜欢 就是不知什么时候能用上LTE网。
手表到了还不错。玩半天，功能还是很强大的。坐等出虚拟卡了。,手表到了还不错。玩半天 功能还是很强大的。坐等出虚拟卡了。
终于抢到了  不错  比1代快多了  期待电话功能开通,终于抢到了 不错 比#NUM#代快多了 期待电话功能开通
期盼已久，终有有货了，特别喜欢,期盼已久 终有有货了 特别喜欢
第二天就送到 官网还要等两三周 包装很好 粉色其实不错 非常满意 对京东一直都很满意,第二天就送到 官网还要等两三周 包装很好 粉色其实不错 非常满意 对京东一直都很满意
尽管三大运营商还不支持，先买了用慢慢等吧。,尽管三大运营商还不支持 先买了用慢慢等吧。
帮家里领导买的，颜色算是挑对了，领导爱不释手，说比之前买的名牌表都有质感，我说你是奇货可居啊，反正领导喜欢就行！,帮家里领导买的 颜色算是挑对了 领导爱不释手 说比之前买的名牌表都有质感 我说你是奇货可居啊 反正领导喜欢就行 
东西用着还行，其实没有想象的那样好，但是挺方便,东西用着还行 其实没有想象的那样好 但是挺方便
已使用，很好,已使用 很好
手表非常好，时尚大气。电池很耐用。平均六小时10%的电量。用两天没问题。看电话和微信确实很便捷。就等着蜂窝在中国推行了，那样手表更便捷。缺点是抬起唤醒有时候不好使，这基本是iwatch一直以来的通病，习惯了。,手表非常好 时尚大气。电池很耐用。平均六小时#NUM# 的电量。用两天没问题。看电话和微信确实很便捷。就等着蜂窝在中国推行了 那样手表更便捷。缺点是抬起唤醒有时候不好使 这基本是iwatch一直以来的通病 习惯了。
非常不错！京东依旧非常给力！,非常不错 京东依旧非常给力 
很好很强大，看见评论说订阅到货提醒，也跟着订阅了，果然半夜12点提示，然后下单，很开心，比官网快，京东强大,很好很强大 看见评论说订阅到货提醒 也跟着订阅了 果然半夜#NUM#点提示 然后下单 很开心 比官网快 京东强大
"终于抢到拉, 坐等蜂窝网络开通.!!!!!",终于抢到拉  坐等蜂窝网络开通 ！
目前不支持打电话，有点可惜，不过续航还可以，一个上午待机用了百分之一的电。好多应用都没用过，用半个月再来追评！建议：男士买42的，38略小！,目前不支持打电话 有点可惜 不过续航还可以 一个上午待机用了百分之一的电。好多应用都没用过 用半个月再来追评 建议 男士买#NUM#的 #NUM#略小 
广州最后一只抢到手了,广州最后一只抢到手了
很好很漂亮就是不能打电话,很好很漂亮就是不能打电话
整体还不错，没有那么大，大小合适，续航有待测试,整体还不错 没有那么大 大小合适 续航有待测试
手表非常好用,手表非常好用
整体都是期望的一样 高大上的产品加上京东的诚信和物流堪称完美！ 唯一期望的就是运营商给力点儿早点支持。,整体都是期望的一样 高大上的产品加上京东的诚信和物流堪称完美  唯一期望的就是运营商给力点儿早点支持。
正品行货 京东值得信赖 第二天就到货了 等待联通开通北京地区的通话功能,正品行货 京东值得信赖 第二天就到货了 等待联通开通北京地区的通话功能
很好正品。不错，抢到就是开心。,很好正品。不错 抢到就是开心。
买了两个，都挺好，是正品,买了两个 都挺好 是正品
很好，物流很快！,很好 物流很快 
收到到货通知赶紧订了一台，第二天到货后退掉了官网～目前停下来挺好，48小时不关机使用后还有30%的电量，不错不错,收到到货通知赶紧订了一台 第二天到货后退掉了官网 目前停下来挺好 #NUM#小时不关机使用后还有#NUM# 的电量 不错不错
速度快的，比老款强多了，电池2天轻度没问题。表带手感赞,速度快的 比老款强多了 电池#NUM#天轻度没问题。表带手感赞
很棒很棒 很棒很棒,很棒很棒 很棒很棒
挺好看，终于到手了！需要更新系统才可以配对，麻烦！手机不能下载系统，奇怪了！等会儿连接电脑试试，目前手机10.1.1越狱状态，不想升级，升级了就不能用3dtouch，先评论一下！用了以后再说其他的！,挺好看 终于到手了 需要更新系统才可以配对 麻烦 手机不能下载系统 奇怪了 等会儿连接电脑试试 目前手机#NUM# #NUM# #NUM#越狱状态 不想升级 升级了就不能用#NUM#dtouch 先评论一下 用了以后再说其他的 
用了几天才来评价的，感觉非常不错，很方便，很漂亮，很喜欢，充电也很方便，微信也很方便，电话也很清晰。还有一根替换表带，应该是正品！送货很快！,用了几天才来评价的 感觉非常不错 很方便 很漂亮 很喜欢 充电也很方便 微信也很方便 电话也很清晰。还有一根替换表带 应该是正品 送货很快 
很好看，飘亮。感觉还是小了点。,很好看 飘亮。感觉还是小了点。
苹果的东西，你懂的，2代能用两天，三代能用3天～但是不支持打电话，能怪苹果吗？,苹果的东西 你懂的 #NUM#代能用两天 三代能用#NUM#天 但是不支持打电话 能怪苹果吗 
还满意的还可以的,还满意的还可以的
京东活动很好 12期免息 一有货马上订购了 就是蜂窝还开不了 急等 大概两天一充电 正品 质量很好 功能除了健康 运动 心率 微信外其他都是鸡肋,京东活动很好 #NUM#期免息 一有货马上订购了 就是蜂窝还开不了 急等 大概两天一充电 正品 质量很好 功能除了健康 运动 心率 微信外其他都是鸡肋
还是不错的，一般怕是真货，还是不错的，,还是不错的 一般怕是真货 还是不错的 
送货快，包装完整，感谢,送货快 包装完整 感谢
还是不错的,还是不错的
东西很棒，绝对正品值得拥有,东西很棒 绝对正品值得拥有
京东的东西就是好，这是买第二个了，第一次买是二代的，出三代了又来买一个，比二代的精艳，非常漂亮！下次有须要还会来买。,京东的东西就是好 这是买第二个了 第一次买是二代的 出三代了又来买一个 比二代的精艳 非常漂亮 下次有须要还会来买。
不错，送货速度超快，东西挺好玩的,不错 送货速度超快 东西挺好玩的
从下单到收到效率很高，产品比老型号运行效率高，官网订的11月份才能发，退了，钱还没收到，支持京京高效的自营模式，希望越来越好。,从下单到收到效率很高 产品比老型号运行效率高 官网订的#NUM#月份才能发 退了 钱还没收到 支持京京高效的自营模式 希望越来越好。
速度很快，全新正品带票，官网没货，jd就是给力,速度很快 全新正品带票 官网没货 jd就是给力
买过一代，三代一个是多了排水，一个是多了网络。,买过一代 三代一个是多了排水 一个是多了网络。
很好，用着很方便，很漂亮,很好 用着很方便 很漂亮
非常好，送给媳妇儿的生日礼物。,非常好 送给媳妇儿的生日礼物。
这个颜色好好看～,这个颜色好好看 
功能还在摸索中.&frasl;(&frasl; &frasl;&bull;&frasl;&omega;&frasl;&bull;&frasl; &frasl;)&frasl;.,功能还在摸索中  frasl   frasl   frasl  bull  frasl  omega  frasl  bull  frasl   frasl   frasl  
还不错，刚刚到货。看看电量怎么样吧,还不错 刚刚到货。看看电量怎么样吧
第一次使用！觉得没有想象中的完美！待运营商开通后再试用吧,第一次使用 觉得没有想象中的完美 待运营商开通后再试用吧
正在试用，手机系统要升到11有点坑，手表不错?,正在试用 手机系统要升到#NUM#有点坑 手表不错 
说实话 还不太会用 有使用教程吗？买来就当普通手表用了 对了 发票不能开公司的吗 要增票,说实话 还不太会用 有使用教程吗 买来就当普通手表用了 对了 发票不能开公司的吗 要增票
终于抢到了，真是不容易，手表很棒,终于抢到了 真是不容易 手表很棒
昨晚看到提醒，点开的时候没有黑色了，纠结之下买了玫瑰金，本来想买橡胶表带，可是又心思思试试新款表带，到手后是更轻薄的质感更舒服的魔术贴，由于还没买膜，暂时不敢用。我想我还是愿意换个全黑色的，毕竟黑色百搭。旋钮处突然印了红色，感觉很low，这个设计太丑了&hellip;&hellip;因为是贪新鲜手贱拍下来的，蜂窝又还不能用，自己的iPhone现在是10，不想升到11，毕竟11很多问题吧，所以还在犹豫和纠结，求各位给点意见升不升11好。,昨晚看到提醒 点开的时候没有黑色了 纠结之下买了玫瑰金 本来想买橡胶表带 可是又心思思试试新款表带 到手后是更轻薄的质感更舒服的魔术贴 由于还没买膜 暂时不敢用。我想我还是愿意换个全黑色的 毕竟黑色百搭。旋钮处突然印了红色 感觉很low 这个设计太丑了 hellip  hellip 因为是贪新鲜手贱拍下来的 蜂窝又还不能用 自己的iPhone现在是#NUM# 不想升到#NUM# 毕竟#NUM#很多问题吧 所以还在犹豫和纠结 求各位给点意见升不升#NUM#好。
一般般的表,一般般的表
京东物流就是快，苹果做工挺好,京东物流就是快 苹果做工挺好
登了好久，好不容易等到有货，黑色的没抢到，只有灰色的了，功能给力，就等网络支持了。,登了好久 好不容易等到有货 黑色的没抢到 只有灰色的了 功能给力 就等网络支持了。
期盼已久的watch3，经过漫长的等待终于到手了。试用了两天，体验还不错，就是目前没有可用的4G信号比较遗憾，而且电量也不是太令人满意。其他的还在摸索当中，总体感觉不错！,期盼已久的watch#NUM# 经过漫长的等待终于到手了。试用了两天 体验还不错 就是目前没有可用的#NUM#G信号比较遗憾 而且电量也不是太令人满意。其他的还在摸索当中 总体感觉不错 
给老婆买的，她很喜欢。自从发布就在京东一直关注了，可惜一直没货。终于被我买到了，运气不错。,给老婆买的 她很喜欢。自从发布就在京东一直关注了 可惜一直没货。终于被我买到了 运气不错。
昨晚十二点多的时候正在吃鸡，突然收到一条信息，点进去看还有两个手表，其实等了那么久，再也没有那种期待的心情，但是有货，不买白不买，买了之后继续吃鸡，第二天到了，感觉还可以，反正没当初的期待，希望京东多放点，让其他朋友买到心仪的产品！,昨晚十二点多的时候正在吃鸡 突然收到一条信息 点进去看还有两个手表 其实等了那么久 再也没有那种期待的心情 但是有货 不买白不买 买了之后继续吃鸡 第二天到了 感觉还可以 反正没当初的期待 希望京东多放点 让其他朋友买到心仪的产品 
包装很好！,包装很好 
还不错12345678,还不错#NUM#
刚刚上手，得慢慢摸索摸索，挺炫酷的,刚刚上手 得慢慢摸索摸索 挺炫酷的
哇咔咔，期待的爱表到了，颜色很好看，功能和之前的1代差不太多，也有部分改进，喜欢喜欢,哇咔咔 期待的爱表到了 颜色很好看 功能和之前的#NUM#代差不太多 也有部分改进 喜欢喜欢
漂亮漂亮漂亮,漂亮漂亮漂亮
心水好久的aw3，终于到手了。自己也是纠结了好久蜂窝版和普通版，最后决定入手蜂窝。原因如下，希望给同纠结的伙伴一点参考。以42mm蜂窝版和普通版为例。,心水好久的aw#NUM# 终于到手了。自己也是纠结了好久蜂窝版和普通版 最后决定入手蜂窝。原因如下 希望给同纠结的伙伴一点参考。以#NUM#mm蜂窝版和普通版为例。
1.价格相差600软妹币，要知道蜂窝和普通的都可以进行通话，只不过普通的离开手机就用不了了，而蜂窝的可以独立使用，完全可以在关键时刻应急！,#NUM# 价格相差#NUM#软妹币 要知道蜂窝和普通的都可以进行通话 只不过普通的离开手机就用不了了 而蜂窝的可以独立使用 完全可以在关键时刻应急 
2.表背材料不同，普通的是复合材料，蜂窝的不是，相对更耐刮！,#NUM# 表背材料不同 普通的是复合材料 蜂窝的不是 相对更耐刮 
3.内存不同，蜂窝的16G普通的8G,#NUM# 内存不同 蜂窝的#NUM#G普通的#NUM#G
虽然现在三大运营商都停止了开通一号多端的服务，不过esim 是大势所趋，自己不想买个普通的以后后悔哈哈。,虽然现在三大运营商都停止了开通一号多端的服务 不过esim 是大势所趋 自己不想买个普通的以后后悔哈哈。
最后，关于颜色，个人觉得灰色表带更加耐看，一是黑色不好买，二是感觉黑色烂大街了哈哈哈。反正都是要换表带用的，看个人喜好吧，深深入了苹果表带的坑&hellip;&hellip;,最后 关于颜色 个人觉得灰色表带更加耐看 一是黑色不好买 二是感觉黑色烂大街了哈哈哈。反正都是要换表带用的 看个人喜好吧 深深入了苹果表带的坑 hellip  hellip 
很好，但是还不会用。。,很好 但是还不会用。。
很快就到了，凌晨12点30收到通知有货，表之前还没用过，配对好了，感觉不会操作，包装箱子很大，有放减震，有时间再追评。,很快就到了 凌晨#NUM#点#NUM#收到通知有货 表之前还没用过 配对好了 感觉不会操作 包装箱子很大 有放减震 有时间再追评。
买了发现并没有太大用处，期待过高了吧。。。期待蜂窝网络开通。。。,买了发现并没有太大用处 期待过高了吧。期待蜂窝网络开通。
很棒，4.0版本很流畅，mac解锁可以的，很喜欢，坐等可以使用虚拟卡。,很棒 #NUM# #NUM#版本很流畅 mac解锁可以的 很喜欢 坐等可以使用虚拟卡。
可惜现在没有开通esim，整体还是不错的,可惜现在没有开通esim 整体还是不错的
东西是好东西，就是必须要苹果5S以上的机型才能匹配。而且必须升级系统到ISO11。5S.6.6S升级会变卡。所以其实要有苹果7以上的手机才行。苹果很坏啊，逼着人换手机。上次买的苹果无线耳机也是这样。用安卓手机连接经常莫名其妙断线，用苹果手机连接从来不会断。,东西是好东西 就是必须要苹果#NUM#S以上的机型才能匹配。而且必须升级系统到ISO#NUM#。#NUM#S #NUM# #NUM#S升级会变卡。所以其实要有苹果#NUM#以上的手机才行。苹果很坏啊 逼着人换手机。上次买的苹果无线耳机也是这样。用安卓手机连接经常莫名其妙断线 用苹果手机连接从来不会断。
京东有货了，那必然是退掉官网抢一个了，苹果产品不用多说，同类最好的，用过初代，功能有一定改进，速度是快多了，配合airpods调节音量和快进播放，非常好的，黑运很漂亮，满意，就等运营商开通服务了,京东有货了 那必然是退掉官网抢一个了 苹果产品不用多说 同类最好的 用过初代 功能有一定改进 速度是快多了 配合airpods调节音量和快进播放 非常好的 黑运很漂亮 满意 就等运营商开通服务了
做工精细，还在学习中,做工精细 还在学习中
收到了，因为没抢到黑色的就买了云雾灰。也不错了，在京东还能12起免息！,收到了 因为没抢到黑色的就买了云雾灰。也不错了 在京东还能#NUM#起免息 
特别的喜欢很好的，速度也快。京东值得信赖,特别的喜欢很好的 速度也快。京东值得信赖
这个带子很软，感觉一般，功能很强大，接电话吵杂环境听不清，很多软件只是简单功能。,这个带子很软 感觉一般 功能很强大 接电话吵杂环境听不清 很多软件只是简单功能。
我是属于冬天不想把手掏出来拿手机的，懒人必备产品！,我是属于冬天不想把手掏出来拿手机的 懒人必备产品 
试用了三天，整体感觉不错，体验很好，提升幅度蛮大的，蜂窝数据暂时用不了，续航在加强就完美了,试用了三天 整体感觉不错 体验很好 提升幅度蛮大的 蜂窝数据暂时用不了 续航在加强就完美了
好，做工一流,好 做工一流
接电话吗 断线还以为是手表的事  售后给升级一下就好了  送给老婆的,接电话吗 断线还以为是手表的事 售后给升级一下就好了 送给老婆的
不错 待机时间比我的 手表代多多了 用了4天才充了一次电  黑色运动版 我喜欢   给老婆也买了个银色的那个银色推荐女士带,不错 待机时间比我的 手表代多多了 用了#NUM#天才充了一次电 黑色运动版 我喜欢 给老婆也买了个银色的那个银色推荐女士带
手机还没到，居然不能急活尴尬了,手机还没到 居然不能急活尴尬了
是今年刚上市的iwatch 3，现在用的是iwatch 2，3增加了单独打电话的功能，感觉很酷，不过现在3大运营商还未开通网络，还要再等等。苹果产品做工精致、使用也非常简单。一直以来都是苹果的忠实粉丝。,是今年刚上市的iwatch #NUM# 现在用的是iwatch #NUM# #NUM#增加了单独打电话的功能 感觉很酷 不过现在#NUM#大运营商还未开通网络 还要再等等。苹果产品做工精致、使用也非常简单。一直以来都是苹果的忠实粉丝。
不错自己慢慢研究研究,不错自己慢慢研究研究
很好，大小合适，功能还在研究中，就等联通开通蜂窝服务了,很好 大小合适 功能还在研究中 就等联通开通蜂窝服务了
昨天下午沈阳地区突然上架显示有货，三点前下单，晚上8点送到，把玩了一会，目前联通还不支持写号，只好等，聊微信有延时，不过可以接受，打电话还算方便，声音也很清楚。耗电量不是很大，相反我得7p开蓝牙耗电是太大了，现在就坐等x了。,昨天下午沈阳地区突然上架显示有货 三点前下单 晚上#NUM#点送到 把玩了一会 目前联通还不支持写号 只好等 聊微信有延时 不过可以接受 打电话还算方便 声音也很清楚。耗电量不是很大 相反我得#NUM#p开蓝牙耗电是太大了 现在就坐等x了。
还不错，刚刚拿到。很意外。,还不错 刚刚拿到。很意外。
不错，真心的快，半天时间到手。,不错 真心的快 半天时间到手。
非常给力哦 特别喜欢这款手表 不是当地仓发货还能24小时内到 真是不可思议,非常给力哦 特别喜欢这款手表 不是当地仓发货还能#NUM#小时内到 真是不可思议
手表今天一早就收到了 赞一下京东物流给力，手表还没用 第一感觉不错，好多功能在熟悉中  用了以后再来评价,手表今天一早就收到了 赞一下京东物流给力 手表还没用 第一感觉不错 好多功能在熟悉中 用了以后再来评价
同步速度很快，表带也很软。很喜欢这种灰色的，不张扬也不显旧，什么时候看都很舒服。遗憾的是不知道什么时候才能开通通信功能。物流速度很快，昨晚下单今天下午到货。,同步速度很快 表带也很软。很喜欢这种灰色的 不张扬也不显旧 什么时候看都很舒服。遗憾的是不知道什么时候才能开通通信功能。物流速度很快 昨晚下单今天下午到货。
算是符合心理预期，只是等了好久才有货。,算是符合心理预期 只是等了好久才有货。
还可以，就是还不能移动卡有点可惜，希望快点可以用上,还可以 就是还不能移动卡有点可惜 希望快点可以用上
快递非常快啊，邮件提醒服务迅速，购物体验非常好,快递非常快啊 邮件提醒服务迅速 购物体验非常好
京东送货速度还是很快的 比官网订货要快 除了联通不给我入网 其他都满意,京东送货速度还是很快的 比官网订货要快 除了联通不给我入网 其他都满意
微信，短信，电话都有不同程度的延迟！推测是软件层面的问题，改天去苹果直营店检测！,微信 短信 电话都有不同程度的延迟 推测是软件层面的问题 改天去苹果直营店检测 
刚拿到，15日收到有货通知，黑龙江地区，然后就下单了，17号收到，尼龙表带很舒服，就是不知道防不防水，最麻烦的一点就是配对需要ios11，我的iphone6不得不更新，听说会卡，后续继续评价,刚拿到 #NUM#日收到有货通知 黑龙江地区 然后就下单了 #NUM#号收到 尼龙表带很舒服 就是不知道防不防水 最麻烦的一点就是配对需要ios#NUM# 我的iphone#NUM#不得不更新 听说会卡 后续继续评价
质量很可靠，物流很快速，值得一看,质量很可靠 物流很快速 值得一看
突然发现有货速度下单，期待已久的大红点，可惜蜂窝数据用不了，只有等待??，表带有弹性，戴起来舒适，新鲜感中,突然发现有货速度下单 期待已久的大红点 可惜蜂窝数据用不了 只有等待？ 表带有弹性 戴起来舒适 新鲜感中
东西全新，封条完好。比较省电，一晚上大概耗电20格电，白天30格电也够用了，基本一天半一冲。尼龙表带很舒服，比之前的橡胶材质更加无感，所以更舒适。,东西全新 封条完好。比较省电 一晚上大概耗电#NUM#格电 白天#NUM#格电也够用了 基本一天半一冲。尼龙表带很舒服 比之前的橡胶材质更加无感 所以更舒适。
感谢京东有自动购买的设置，很方便。买回来验货很好，还没激活，需要苹果手机连接才能激活，另外还得购买手机。再次感谢快递，一早上就联系快递要求送货，结果腿不听使唤，自己跑去提货了，没出息哈。其它还在研究中，等追评。,感谢京东有自动购买的设置 很方便。买回来验货很好 还没激活 需要苹果手机连接才能激活 另外还得购买手机。再次感谢快递 一早上就联系快递要求送货 结果腿不听使唤 自己跑去提货了 没出息哈。其它还在研究中 等追评。
期待后续的童话功能，有些应用还有待开发,期待后续的童话功能 有些应用还有待开发
京东上面抢到的&hellip;很好很好！功能还在摸索中&hellip;赞京东一个！,京东上面抢到的 hellip 很好很好 功能还在摸索中 hellip 赞京东一个 
这个表带的真是颜色。,这个表带的真是颜色。
等了二十天左右总算抢到了，试戴了一下感觉略小，但使用体验没得说，唯一让人感到遗憾的地方就是暂时不能用蜂窝网络，其它都很满意,等了二十天左右总算抢到了 试戴了一下感觉略小 但使用体验没得说 唯一让人感到遗憾的地方就是暂时不能用蜂窝网络 其它都很满意
目前还在试用期，希望马上开通运营商，适用打电话功能,目前还在试用期 希望马上开通运营商 适用打电话功能
主要是免息分期呀！,主要是免息分期呀 
棒棒棒 送老婆很喜欢 只是没有想象中的好用 还是很好看的,棒棒棒 送老婆很喜欢 只是没有想象中的好用 还是很好看的
感觉不错，现实性明显，充电很快，开个plus送了减一百的优惠活动，再反了京豆1500左右，这波不亏，白条免息没用，手表正在试用还未发现异常，一周之后返回用户体验，沈阳本地仓有货,感觉不错 现实性明显 充电很快 开个plus送了减一百的优惠活动 再反了京豆#NUM#左右 这波不亏 白条免息没用 手表正在试用还未发现异常 一周之后返回用户体验 沈阳本地仓有货
还不错，等了好久才看到有货，果断下单，不过被苹果公司的客户服务坑了，说6s10.3.3系统可以配对，后来打电话又说不能配对，要升级才行，本来打算投诉的，想想算了，因为等了好久才有货的,还不错 等了好久才看到有货 果断下单 不过被苹果公司的客户服务坑了 说#NUM#s#NUM# #NUM# #NUM#系统可以配对 后来打电话又说不能配对 要升级才行 本来打算投诉的 想想算了 因为等了好久才有货的
不错啊就是不支持企鹅有点小失望，等了半个月才抢到。,不错啊就是不支持企鹅有点小失望 等了半个月才抢到。
这个差评给苹果，和京东无关。刚把2代卖掉，3代相比2代而言，匹配时一直出错。然后关联icould时也一直关键不上，最后添加applepay也一直失败。蜂窝暂时无法体验，感觉比二代难用多了。,这个差评给苹果 和京东无关。刚把#NUM#代卖掉 #NUM#代相比#NUM#代而言 匹配时一直出错。然后关联icould时也一直关键不上 最后添加applepay也一直失败。蜂窝暂时无法体验 感觉比二代难用多了。
看着还不错，期待使用效果，希望以后能对我有很大帮助，可惜我的10.3.3保不住了，必须升级到11。太万恶了。。我的6s。。。,看着还不错 期待使用效果 希望以后能对我有很大帮助 可惜我的#NUM# #NUM# #NUM#保不住了 必须升级到#NUM#。太万恶了。。我的#NUM#s。
好评，在官网等不及了正巧京东有货就下单了，物流很快！,好评 在官网等不及了正巧京东有货就下单了 物流很快 
不错  物流还是快  据说续航大幅度提升  期待它对运动的监控和帮助,不错 物流还是快 据说续航大幅度提升 期待它对运动的监控和帮助
送货速度超级快～还能白条分期，碉堡了～,送货速度超级快 还能白条分期 碉堡了 
今天送到了。连接了半天还没有连上，等连上了再追加评论。外观上是没什么问题，好评,今天送到了。连接了半天还没有连上 等连上了再追加评论。外观上是没什么问题 好评
回环的这款应该比运动的舒服，运动的橡胶在网上再配一个，目前戴了一下午，感觉挺好的，过一段时间在评论,回环的这款应该比运动的舒服 运动的橡胶在网上再配一个 目前戴了一下午 感觉挺好的 过一段时间在评论
为什么大家都不喜欢砂粉色？收到后感觉很好看！黑色、灰色太俗了，跟前两代产品颜色一样，而且还没货。15年4月买过一代手表，两年半了，天天戴，没有任何故障，很结实耐用。想必三代手表也没问题，加入了蜂窝功能，静等北京移动开通E-sim卡。送货快，包装还好，另带一个小纸箱。打白条分期12期免息无压力，还可以使用全品优惠券。满意！感谢！,为什么大家都不喜欢砂粉色 收到后感觉很好看 黑色、灰色太俗了 跟前两代产品颜色一样 而且还没货。#NUM#年#NUM#月买过一代手表 两年半了 天天戴 没有任何故障 很结实耐用。想必三代手表也没问题 加入了蜂窝功能 静等北京移动开通E-sim卡。送货快 包装还好 另带一个小纸箱。打白条分期#NUM#期免息无压力 还可以使用全品优惠券。满意 感谢 
昨天终于收到了，42mm蜂窝版的，开心开心开心！！！,昨天终于收到了 #NUM#mm蜂窝版的 开心开心开心！
注意：深空灰表带可能不适合搭配衣服，不如黑色表带那么浑然一体。,注意 深空灰表带可能不适合搭配衣服 不如黑色表带那么浑然一体。
不错不错，还是京东靠谱啊，晚上买的一大早就到手了！关键是能分12期，太给力了！,不错不错 还是京东靠谱啊 晚上买的一大早就到手了 关键是能分#NUM#期 太给力了 
太好看了,太好看了
真快，晚上订上午到。赞?,真快 晚上订上午到。赞 
看着很好看，正在等待系统更新！不知道为什么必须要最新系统才能用，希望用着舒服。,看着很好看 正在等待系统更新 不知道为什么必须要最新系统才能用 希望用着舒服。
期待已久，中午买到了，不错，很满意，期待蜂窝功能尽快出。,期待已久 中午买到了 不错 很满意 期待蜂窝功能尽快出。
真心不错，第一次用不太会，摸索着来的，值得拥有，一个很满意的购物，大大的好评，期待大家的购买,真心不错 第一次用不太会 摸索着来的 值得拥有 一个很满意的购物 大大的好评 期待大家的购买
物美价廉.....物美价廉.....,物美价廉。物美价廉。
京东突然提示到货了，果断在苹果官网退了，在京东买，一天就到。上手之后发现果然舒服，比前代流畅很多，软件完美支持，可惜暂时用不了4g。,京东突然提示到货了 果断在苹果官网退了 在京东买 一天就到。上手之后发现果然舒服 比前代流畅很多 软件完美支持 可惜暂时用不了#NUM#g。
还不能用,还不能用
没有惊喜没有意外，买了有点后悔,没有惊喜没有意外 买了有点后悔
服务好送货块！,服务好送货块 
确实很漂亮，配合iphone很方便，期待早日可以用上蜂窝网络,确实很漂亮 配合iphone很方便 期待早日可以用上蜂窝网络
还不错就是感觉小了点蜂窝数据还用不了希望早日可以用蜂窝数据这样就可以不用随身带手机了,还不错就是感觉小了点蜂窝数据还用不了希望早日可以用蜂窝数据这样就可以不用随身带手机了
帅帅哒,帅帅哒
转。转。转。走*。,转。转。转。走 。
原因：暂时无移动网络支持。购买时间3天不到。全套无瑕疵。,原因 暂时无移动网络支持。购买时间#NUM#天不到。全套无瑕疵。
很好，就是没有黑色表带,很好 就是没有黑色表带
包装一般啊，就扔到大盒子里放几个充气袋，里面的盒子角都磕坏了。配送人员不错，给个赞,包装一般啊 就扔到大盒子里放几个充气袋 里面的盒子角都磕坏了。配送人员不错 给个赞
完美！先买的白钢表带，结果第二天就看到手表到货通知，果断下单，12期分期很是灵活。试了下白钢和自带表带，白钢还是舒服些的，自带的胶表带有些些闷，质感也不同。还是要说一下的是，这次的配送出了问题，物品到当地站点之后，不配送，第二天都不打算配送，后来还是联系客服联系站点自己跑过去拿的，贵重物品不应这样对待吧？望改进。,完美 先买的白钢表带 结果第二天就看到手表到货通知 果断下单 #NUM#期分期很是灵活。试了下白钢和自带表带 白钢还是舒服些的 自带的胶表带有些些闷 质感也不同。还是要说一下的是 这次的配送出了问题 物品到当地站点之后 不配送 第二天都不打算配送 后来还是联系客服联系站点自己跑过去拿的 贵重物品不应这样对待吧 望改进。
我竟然是第一？？？超赞京东送货  速度就是快！！！手表超赞  到货第一时间下单  给老婆的生日礼物！！！等待北京地区开放4G蜂窝功能！！！！,我竟然是第一？超赞京东送货 速度就是快！手表超赞 到货第一时间下单 给老婆的生日礼物！等待北京地区开放#NUM#G蜂窝功能！
非常好，质量没得说！绝对是非常棒的运动手表！特别适用于长时伏案工作的人员，定时提醒站立，喝水等,非常好 质量没得说 绝对是非常棒的运动手表 特别适用于长时伏案工作的人员 定时提醒站立 喝水等
在京东抢到，果断退了官网的11月2号！！！,在京东抢到 果断退了官网的#NUM#月#NUM#号！
很漂亮，第一次买苹果表,很漂亮 第一次买苹果表
果然刻意去抢怎么都抢不到?随便一刷居然能买到 使用功能正在开发中 感觉还不错 可惜的是联通esim试用取消了 只有接着等消息了,果然刻意去抢怎么都抢不到 随便一刷居然能买到 使用功能正在开发中 感觉还不错 可惜的是联通esim试用取消了 只有接着等消息了
美滋滋，京东就是快,美滋滋 京东就是快
东西不错，就是还不太会用,东西不错 就是还不太会用
等了好久才有货，而且只有一个颜色选。物流很快，早上下单下午到。,等了好久才有货 而且只有一个颜色选。物流很快 早上下单下午到。
做工很不错，这代产品感觉才能算得上成熟产品,做工很不错 这代产品感觉才能算得上成熟产品
老婆带着真好看,老婆带着真好看
京东发货快 马上体验 go,京东发货快 马上体验 go
老婆要的，发现有货直接打外地出差的我电话，让我下单，晚上看看怎么样,老婆要的 发现有货直接打外地出差的我电话 让我下单 晚上看看怎么样
半夜来个短信有货 果断下单 买了不后悔,半夜来个短信有货 果断下单 买了不后悔
表带有点短！应用还没在摸索中！蜂窝移动暂时还不能用有遗憾！主要是冲着蜂窝移动买的期待尽早开通！,表带有点短 应用还没在摸索中 蜂窝移动暂时还不能用有遗憾 主要是冲着蜂窝移动买的期待尽早开通 
本人手腕15 果断买38 带上效果很好 希望给手腕细的同学一个参照。这必须要吐槽下京东 完全逗我们呢，首发三台？开玩笑呢嘛。开封后手表膜有点脏，应该不是后封机吧。其他都还好，满意。,本人手腕#NUM# 果断买#NUM# 带上效果很好 希望给手腕细的同学一个参照。这必须要吐槽下京东 完全逗我们呢 首发三台 开玩笑呢嘛。开封后手表膜有点脏 应该不是后封机吧。其他都还好 满意。
7p要更新系统才能连上，感觉有点小，盒子好大，粉色挺好看，现在用着还可以，没有抢到碎屏险，小心翼翼。,#NUM#p要更新系统才能连上 感觉有点小 盒子好大 粉色挺好看 现在用着还可以 没有抢到碎屏险 小心翼翼。
送给夫人的礼物，自己用不上，还不错。,送给夫人的礼物 自己用不上 还不错。
抢了一个，不太会用，需要学习一下把功能开发出来,抢了一个 不太会用 需要学习一下把功能开发出来
实用，完美。使用后评价，没开蜂窝网络前，电池两天没问题。,实用 完美。使用后评价 没开蜂窝网络前 电池两天没问题。
还没用从第一代就想买 下定决心买主要是iphone的电池太不耐用 想着以后尽量不带手机 希望esim 尽快可以用,还没用从第一代就想买 下定决心买主要是iphone的电池太不耐用 想着以后尽量不带手机 希望esim 尽快可以用
嗯、提示有货就抢了一个、和我的2比外形是差不多的、连套都是通用的、希望北京联通给力点&hellip;移动也行(&acute;?&omega;?`)、另外快递小哥换了以后变得好慢&hellip;,嗯、提示有货就抢了一个、和我的#NUM#比外形是差不多的、连套都是通用的、希望北京联通给力点 hellip 移动也行  acute   omega    、另外快递小哥换了以后变得好慢 hellip 
买的蜂窝版，可惜不能用蜂窝网，跟dps版没什么区别，就是比它贵,买的蜂窝版 可惜不能用蜂窝网 跟dps版没什么区别 就是比它贵
给老婆买的，38的正合适，两天一冲没有问题，不过是移动的号暂时无法开通蜂窝,给老婆买的 #NUM#的正合适 两天一冲没有问题 不过是移动的号暂时无法开通蜂窝
"手机要升级才能跟Watch配对,升级和配对过程有点慢~~~~手表使用还可以,一天一充,充电时充电器和手表发热明显,建议盯着充电时间,充好就断电.",手机要升级才能跟Watch配对 升级和配对过程有点慢   手表使用还可以 一天一充 充电时充电器和手表发热明显 建议盯着充电时间 充好就断电 
"主要使用自带的运动监测和心率监测,感觉还行吧.希望移动早日支持ESIM~~彻底脱离手机.",主要使用自带的运动监测和心率监测 感觉还行吧 希望移动早日支持ESIM  彻底脱离手机 
京东物流就是快，当天就到了，用了十几个小时，还剩40%的电，一天一充没问题，蜂窝网络还不能用，总体来说还不错。,京东物流就是快 当天就到了 用了十几个小时 还剩#NUM# 的电 一天一充没问题 蜂窝网络还不能用 总体来说还不错。
还是非常不错的，真的,还是非常不错的 真的
手表主要买来监测心率，用着感觉很好！因为在摸索功能，所以电池用得很快，估计一天半是不成问题的。江苏这边蜂窝功能还不能用，希望苹果公司尽快和移动交涉，让我早日体会新功能！,手表主要买来监测心率 用着感觉很好 因为在摸索功能 所以电池用得很快 估计一天半是不成问题的。江苏这边蜂窝功能还不能用 希望苹果公司尽快和移动交涉 让我早日体会新功能 
手表戴起来还不错，就是蜂窝还不能用,手表戴起来还不错 就是蜂窝还不能用
假期在家，还没拿到，东西地址选错了，送到学校去了,假期在家 还没拿到 东西地址选错了 送到学校去了
手表戴起来很好，对于胳膊不粗的果断买38的，很好用，杭州还没esim，所以电池感觉可以维持两天多吧，就记录一些健康数据用，很方便,手表戴起来很好 对于胳膊不粗的果断买#NUM#的 很好用 杭州还没esim 所以电池感觉可以维持两天多吧 就记录一些健康数据用 很方便
哈哈，白条分期买了两个，就是没抢到碎屏险，有点可惜了。需要的朋友可以联系我，出一个给你，我留一个用就够了。,哈哈 白条分期买了两个 就是没抢到碎屏险 有点可惜了。需要的朋友可以联系我 出一个给你 我留一个用就够了。
十一无意发现京东有货，于是退掉了官网上的。买个给老婆的，看上去很漂亮。LTE暂时用不起来，其他的用一段时间来追评吧！,十一无意发现京东有货 于是退掉了官网上的。买个给老婆的 看上去很漂亮。LTE暂时用不起来 其他的用一段时间来追评吧 
买给老婆，还不错。蜂窝要等移动开通了,买给老婆 还不错。蜂窝要等移动开通了
蜂窝网络还不能用 可惜了,蜂窝网络还不能用 可惜了
先说说不好的地方，首先第一个感觉就是38mm的太小了，因为我手也不大，一直担心42mm会太大，但是当我打开包装盒就后悔没买42mm的了，所以如果不是小女生，不建议买38mm的。好的地方太多了，流畅，还可以接电话，发微信，发短信，表盘也比其它智能手表好玩，待机也不差了。还有好多地方在摸索，有时候会无意中会跳出好玩的东西来，但是刻意的又找不到，真伤脑筋。看来得多玩玩！最后建议千万不要买38mm的,先说说不好的地方 首先第一个感觉就是#NUM#mm的太小了 因为我手也不大 一直担心#NUM#mm会太大 但是当我打开包装盒就后悔没买#NUM#mm的了 所以如果不是小女生 不建议买#NUM#mm的。好的地方太多了 流畅 还可以接电话 发微信 发短信 表盘也比其它智能手表好玩 待机也不差了。还有好多地方在摸索 有时候会无意中会跳出好玩的东西来 但是刻意的又找不到 真伤脑筋。看来得多玩玩 最后建议千万不要买#NUM#mm的
买的蜂窝那个版本，昨天买的，今天降了200，打了30分钟电话跟客服说，客服说我不符合保价，最终返给我100元优惠券，这件事算完了，接下来说说手表，蜂窝没用，还不知道什么时候能用，当天激活，没有什么问题，各项功能都完好，有时会有卡顿，电量还可以，对比1代2代来说，加强了很多，一上午正常使用还有百分之95以上的电量，原包装赠了半个表带，所谓半个表带就是带窟窿的那面，平时不太运动，很多功能都不能用，京东包装里面赠了一个膜，图片上那个很丑的方框就是赠的膜，几千块的东西没想到会赠这么烂的膜。入手之前很想要，现在买了却不想要了，简单来讲就是没啥用，也就看看时间，提醒你有个信息，有个电话，如果开通蜂窝得话，估计功能方面会好一些。黑色容易埋汰。最后奉劝大家：想入手的朋友们，先货比三家，贵的不一定好，好的也不一定贵。多转转别的平台，应该会有意想不到的优惠。,买的蜂窝那个版本 昨天买的 今天降了#NUM# 打了#NUM#分钟电话跟客服说 客服说我不符合保价 最终返给我#NUM#元优惠券 这件事算完了 接下来说说手表 蜂窝没用 还不知道什么时候能用 当天激活 没有什么问题 各项功能都完好 有时会有卡顿 电量还可以 对比#NUM#代#NUM#代来说 加强了很多 一上午正常使用还有百分之#NUM#以上的电量 原包装赠了半个表带 所谓半个表带就是带窟窿的那面 平时不太运动 很多功能都不能用 京东包装里面赠了一个膜 图片上那个很丑的方框就是赠的膜 几千块的东西没想到会赠这么烂的膜。入手之前很想要 现在买了却不想要了 简单来讲就是没啥用 也就看看时间 提醒你有个信息 有个电话 如果开通蜂窝得话 估计功能方面会好一些。黑色容易埋汰。最后奉劝大家 想入手的朋友们 先货比三家 贵的不一定好 好的也不一定贵。多转转别的平台 应该会有意想不到的优惠。
系统卡，推送严重延迟或者干脆不推送。电池比想像的给力，不怎么玩两三天一充，重度玩半天一充。支持的app很少，就算有的也只有一些不实用的功能。开始不能设置apple pay，重启、重装手机、手表都不行。都准备退货了，联系官方售后教了一个很另类奇怪的操作后终于解决，?,系统卡 推送严重延迟或者干脆不推送。电池比想像的给力 不怎么玩两三天一充 重度玩半天一充。支持的app很少 就算有的也只有一些不实用的功能。开始不能设置apple pay 重启、重装手机、手表都不行。都准备退货了 联系官方售后教了一个很另类奇怪的操作后终于解决  
关注Apple Watch挺久了，看到JD价格还可以就下单了。物流很快，但是这次包装有点不好，纸箱太小，整个包裹都鼓出来了，打开后外包装也积了不少灰，而且拆开以后整个表已经被挤在一边，瞬间感觉自己像买了一个地摊货。表第一次竟然没有开机成功，因为没电了，这还是我买了这么多电子产品第一次遇见，激活后发现质保期是从10月开始的，所以对表是否是二手还是有所怀疑。说到表本身，感觉还是像玩具一般，如果不是健身爱好者，没有太大的必要。回环式表带很方便，比较贴合手腕，就是颜色跟想象有点出入，看图以为是灰色，实际上是偏向绿色。总之产品本身用处不大，京东电子产品的质量还是有需要改进的地方，所以不是特别满意。,关注Apple Watch挺久了 看到JD价格还可以就下单了。物流很快 但是这次包装有点不好 纸箱太小 整个包裹都鼓出来了 打开后外包装也积了不少灰 而且拆开以后整个表已经被挤在一边 瞬间感觉自己像买了一个地摊货。表第一次竟然没有开机成功 因为没电了 这还是我买了这么多电子产品第一次遇见 激活后发现质保期是从#NUM#月开始的 所以对表是否是二手还是有所怀疑。说到表本身 感觉还是像玩具一般 如果不是健身爱好者 没有太大的必要。回环式表带很方便 比较贴合手腕 就是颜色跟想象有点出入 看图以为是灰色 实际上是偏向绿色。总之产品本身用处不大 京东电子产品的质量还是有需要改进的地方 所以不是特别满意。
刚打开就知道不对，白色字体上有紫边，严重怀疑质量和运输，问了懂这方面的朋友说可能是压伤，好不容易有了钱买到了，现在有必须退回去换货，真的很无奈。客服也只能说一般般，一直找话搪塞，说叫我去当地看一看排查一下......本来只想评一星的，，，反正现在已经换了，就看到时候售后怎么样了（幸苦了我打这么多字，京东你们良心点！）。,刚打开就知道不对 白色字体上有紫边 严重怀疑质量和运输 问了懂这方面的朋友说可能是压伤 好不容易有了钱买到了 现在有必须退回去换货 真的很无奈。客服也只能说一般般 一直找话搪塞 说叫我去当地看一看排查一下。本来只想评一星的   反正现在已经换了 就看到时候售后怎么样了 幸苦了我打这么多字 京东你们良心点  。
第一次对一个商品想详细的说明，手表包装是没有任何挑剔的，很大的一个箱子，包装的很满意，不过物流方面就有点难受了，先问客服有没有现货吧，买了iPhoneX之后立马就来买这个了，之前没有现货，现在看是有现货立马下单了，不过下单后显示要从外地调拨，调拨时间也不知道几天，问客服客服说要4-7天，多次追问最后赔偿了20元京豆，还好点吧。说这个并不是说京东快递不行，一直中意的就是京东的快递，不过没有现货就说没有现货嘛，用得着诱惑下单吗，等的几天等的烦心。再说下使用方面，我收到后，电量是85，没安装任何东西，中午收到，晚上1点没电了，现在充了一次电后，电量要耐久了一些，关闭了后台刷新，看了看评论说续航两天，那么我认为我的是难坚持两天，使用体验呢仅仅两天了，也不知道怎么去说，个人感觉有点难受，分使用人群吧，有强迫症删除通知要一个一个来，难受的不得了，基本的也就是接打电话看通知等了。如果是用来装逼的可能对你们没多大用，用来实用的确认好功能后，等年底适配运营商吧！没什么满意不满意，唯独电量和物流不怎么开心，管他呢，反正我也是为了买来装B。,第一次对一个商品想详细的说明 手表包装是没有任何挑剔的 很大的一个箱子 包装的很满意 不过物流方面就有点难受了 先问客服有没有现货吧 买了iPhoneX之后立马就来买这个了 之前没有现货 现在看是有现货立马下单了 不过下单后显示要从外地调拨 调拨时间也不知道几天 问客服客服说要#NUM#-#NUM#天 多次追问最后赔偿了#NUM#元京豆 还好点吧。说这个并不是说京东快递不行 一直中意的就是京东的快递 不过没有现货就说没有现货嘛 用得着诱惑下单吗 等的几天等的烦心。再说下使用方面 我收到后 电量是#NUM# 没安装任何东西 中午收到 晚上#NUM#点没电了 现在充了一次电后 电量要耐久了一些 关闭了后台刷新 看了看评论说续航两天 那么我认为我的是难坚持两天 使用体验呢仅仅两天了 也不知道怎么去说 个人感觉有点难受 分使用人群吧 有强迫症删除通知要一个一个来 难受的不得了 基本的也就是接打电话看通知等了。如果是用来装逼的可能对你们没多大用 用来实用的确认好功能后 等年底适配运营商吧 没什么满意不满意 唯独电量和物流不怎么开心 管他呢 反正我也是为了买来装B。
这次对京东的预购很失望，本来想在双十一抢购的，结果看到京东说什么双十一活动从10月30号开始什么的，价格和双十一一样！看到预购就决定购买了，就便宜了20元也不能用娟。结果东西拿到后，就看到各种搞活动各种用娟，价格比我买的时候实惠多了。双十一凌晨抢购我看到这个手表本身降价100，用娟和满减总共便宜了260多，赶紧拍下了一个打电话要求价格保护，结果说我价格保护期限已到不能价保！京东你搞个预购有毛线意思！以后再也不相信京东预购了！最后说说手表，我对手表还是很满意的，无瑕疵，京东送货速度快！售后有保障！产品服务我给五星！京东的预购确实把人恶心到了，所以评分是给京东预购的！伤人心！,这次对京东的预购很失望 本来想在双十一抢购的 结果看到京东说什么双十一活动从#NUM#月#NUM#号开始什么的 价格和双十一一样 看到预购就决定购买了 就便宜了#NUM#元也不能用娟。结果东西拿到后 就看到各种搞活动各种用娟 价格比我买的时候实惠多了。双十一凌晨抢购我看到这个手表本身降价#NUM# 用娟和满减总共便宜了#NUM#多 赶紧拍下了一个打电话要求价格保护 结果说我价格保护期限已到不能价保 京东你搞个预购有毛线意思 以后再也不相信京东预购了 最后说说手表 我对手表还是很满意的 无瑕疵 京东送货速度快 售后有保障 产品服务我给五星 京东的预购确实把人恶心到了 所以评分是给京东预购的 伤人心 
评分是给京东服务。服务太差,评分是给京东服务。服务太差
货物本身无问题。,货物本身无问题。
1.price match形同虚设。提前预定支付30膨胀50。11/1付尾款。,#NUM# price match形同虚设。提前预定支付#NUM#膨胀#NUM#。#NUM# #NUM#付尾款。
但是、根本没有11/1当天来的便宜。当天抵用券、可以抵扣50元。赔了30块,但是、根本没有#NUM# #NUM#当天来的便宜。当天抵用券、可以抵扣#NUM#元。赔了#NUM#块
2.速度问题。因为提前预定、11/1支付尾款后、给的到货时间是11/1。但是根本没到、11/2收货。,#NUM# 速度问题。因为提前预定、#NUM# #NUM#支付尾款后、给的到货时间是#NUM# #NUM#。但是根本没到、#NUM# #NUM#收货。
价格也没便宜、速度也跟不上。讲真还受气。,价格也没便宜、速度也跟不上。讲真还受气。
服务太差。电话咨询售后、询问抵用券为何不能再支付尾款使用，呵呵、怪到系统。,服务太差。电话咨询售后、询问抵用券为何不能再支付尾款使用 呵呵、怪到系统。
好吧！反正以后我还是回归＊＊（马爸爸家）至少他们没有那么傻的系统、所以人家财源滚滚。,好吧 反正以后我还是回归   马爸爸家 至少他们没有那么傻的系统、所以人家财源滚滚。
总之、表带有色差。懒得再去打客服找售后。,总之、表带有色差。懒得再去打客服找售后。
盒子拿过来的时候被摧残成这个样子，我有点醉，手表还可以，在京东买了三次苹果产品，三次的盒子都是坏的，我不知道怎么回事。,盒子拿过来的时候被摧残成这个样子 我有点醉 手表还可以 在京东买了三次苹果产品 三次的盒子都是坏的 我不知道怎么回事。
手表还行，就是耗电有点快。基本上在3天可以充一次。接下来那就说说我们京东的快递了，1号早上付完款说是下午就给我送到，我还想这速度可以的啊，结果，下午没送到，2号也没给我送到，我打电话去问，那边的接电话的工作人员态度差的一比，说是不他们负责送，然后我就直接打电话给京东客服，说是3号才能给我送到，3号上午也没给我送到，我到中午打电话问，说是下午3点前给我送到，结果3点30分的时候我打电话问，说是4点30分之前给我送到，诶，京东的快递也真的没谁了啊。,手表还行 就是耗电有点快。基本上在#NUM#天可以充一次。接下来那就说说我们京东的快递了 #NUM#号早上付完款说是下午就给我送到 我还想这速度可以的啊 结果 下午没送到 #NUM#号也没给我送到 我打电话去问 那边的接电话的工作人员态度差的一比 说是不他们负责送 然后我就直接打电话给京东客服 说是#NUM#号才能给我送到 #NUM#号上午也没给我送到 我到中午打电话问 说是下午#NUM#点前给我送到 结果#NUM#点#NUM#分的时候我打电话问 说是#NUM#点#NUM#分之前给我送到 诶 京东的快递也真的没谁了啊。
东西暂时没问题，但有个很奇怪的地方,东西暂时没问题 但有个很奇怪的地方
激活后去官网查序列号，显示无法验证购买日期，然后输入购买日期后，保修期倒是出来了，还多了好几天，但是3个月的电话支持却过期了，刚刚激活又怎么会呢。,激活后去官网查序列号 显示无法验证购买日期 然后输入购买日期后 保修期倒是出来了 还多了好几天 但是#NUM#个月的电话支持却过期了 刚刚激活又怎么会呢。
找经销商，态度不好，只说是官网问题，不信可以去检测云云，跟京东客服真是一天一地。问题是苹果官网购买的就没有这种问题。有说是官翻，无可求证。,找经销商 态度不好 只说是官网问题 不信可以去检测云云 跟京东客服真是一天一地。问题是苹果官网购买的就没有这种问题。有说是官翻 无可求证。
过了几天，重新去官网查询，发现电话支持又有了，然后保修期也改回来了，奇葩。,过了几天 重新去官网查询 发现电话支持又有了 然后保修期也改回来了 奇葩。
不知道有懂的大神解读没,不知道有懂的大神解读没
什么都没有包装！就一个塑料袋！我也是醉了&hellip;&hellip;,什么都没有包装 就一个塑料袋 我也是醉了 hellip  hellip 
昨天到手，今天活动便宜20元心里很不爽！还不能保价！,昨天到手 今天活动便宜#NUM#元心里很不爽 还不能保价 
一个手表搞这大的盒子，手表在里面摇摇晃晃！手表估计都有脑震荡了！搞不懂这个打包的朋友怎么想的！,一个手表搞这大的盒子 手表在里面摇摇晃晃 手表估计都有脑震荡了 搞不懂这个打包的朋友怎么想的 
手表看着可以白条免息才够卖的，刚买就降了100，买回来售后给我说要苹果6以上才能配对，心当时就凉了半截，又打白条买了一个6，哎，现在压力山大，都怪自已没看仔细！手表还可以，不过手表充不了电，售后让去线下检测，结果充电头子是坏的！京东售后还让去线下去开个证明，才给换！哎，太麻烦了！自认倒霉吧！,手表看着可以白条免息才够卖的 刚买就降了#NUM# 买回来售后给我说要苹果#NUM#以上才能配对 心当时就凉了半截 又打白条买了一个#NUM# 哎 现在压力山大 都怪自已没看仔细 手表还可以 不过手表充不了电 售后让去线下检测 结果充电头子是坏的 京东售后还让去线下去开个证明 才给换 哎 太麻烦了 自认倒霉吧 
非常漂亮！但是虽然具备蜂窝数据功能，但是却三大运营商（中国电信，联通，移动）都不支持，那?什么用呢？以后会不会开通运营商呢？不会又要重新买最新款吧？,非常漂亮 但是虽然具备蜂窝数据功能 但是却三大运营商 中国电信 联通 移动 都不支持 那 什么用呢 以后会不会开通运营商呢 不会又要重新买最新款吧 
是正品，但是店家要求如果没有质量问题不允许退换货。这个非常麻烦，大家一定要注意了。最好还是到苹果直营的专卖店去买，可以退换货。因为你没见过实物的话，真的不知道到底选哪个更好，我就是买了38mm的觉得小了，想换成42mm的，店家不同意退换。,是正品 但是店家要求如果没有质量问题不允许退换货。这个非常麻烦 大家一定要注意了。最好还是到苹果直营的专卖店去买 可以退换货。因为你没见过实物的话 真的不知道到底选哪个更好 我就是买了#NUM#mm的觉得小了 想换成#NUM#mm的 店家不同意退换。
用了两三天了，感觉耗电不稳定。有时候用了一天还剩百分之六十，有时候用了半天只剩百分之五十，使用情况一样。不知道电池是不是有问题。,用了两三天了 感觉耗电不稳定。有时候用了一天还剩百分之六十 有时候用了半天只剩百分之五十 使用情况一样。不知道电池是不是有问题。
到现在都不能独立打电话，我要你有何用,到现在都不能独立打电话 我要你有何用
原本用88折的券是3000，结果不能用，11月6号就下单买了，结果到11月11号，优惠到2997，居然还不能申请保价，我靠。,原本用#NUM#折的券是#NUM# 结果不能用 #NUM#月#NUM#号就下单买了 结果到#NUM#月#NUM#号 优惠到#NUM# 居然还不能申请保价 我靠。
也就一般，微信总是闪退，问客服也不能给我一个合理的解释，连上手机才能回微信，单独连微信还回不了，更主要普遍问题是连无线很难连，尝试十几次才能连上去,也就一般 微信总是闪退 问客服也不能给我一个合理的解释 连上手机才能回微信 单独连微信还回不了 更主要普遍问题是连无线很难连 尝试十几次才能连上去
手表非常好，电池能用4天（不开蜂窝）。但是为什么不能注册蜂窝网络？那我还买蜂窝版干嘛呀！！ 联通什么时候会再开放蜂窝网络注册呀,手表非常好 电池能用#NUM#天 不开蜂窝 。但是为什么不能注册蜂窝网络 那我还买蜂窝版干嘛呀！ 联通什么时候会再开放蜂窝网络注册呀
苹果的产品可以，降价本来是件好事，可噱头的最低价，引诱下单，过了11天就优惠券后价格降200就有点不厚道，又无法申请价保。京东的噱头不可信，不可信。,苹果的产品可以 降价本来是件好事 可噱头的最低价 引诱下单 过了#NUM#天就优惠券后价格降#NUM#就有点不厚道 又无法申请价保。京东的噱头不可信 不可信。
客服太敷衍了，**购买的客户，有货也不发，气人，后来不用优惠订了个，即刻发货！手表还在摸索，挺不错了，,客服太敷衍了   购买的客户 有货也不发 气人 后来不用优惠订了个 即刻发货 手表还在摸索 挺不错了 
没什么用其实 本来想着能打电话也不错 结果说年底能提供的服务又变成了明年。不知道明年什么时候。东西倒是没什么问题,没什么用其实 本来想着能打电话也不错 结果说年底能提供的服务又变成了明年。不知道明年什么时候。东西倒是没什么问题
中午到的手表，用着很满意，但刚过24点就降价200，感觉不爽,中午到的手表 用着很满意 但刚过#NUM#点就降价#NUM# 感觉不爽
有点小，表带短差点戴不上，还是要另配条表带才戴得舒适些。,有点小 表带短差点戴不上 还是要另配条表带才戴得舒适些。
蜂窝数据用不了；不能自动检测运动模式，得手动选择；无法检测睡眠,蜂窝数据用不了 不能自动检测运动模式 得手动选择 无法检测睡眠
价格还行，就是现在还不能用电话卡，有点小遗憾！,价格还行 就是现在还不能用电话卡 有点小遗憾 
手表暂时不错。。。客服就是个空气，太差劲了永远没人 问了根本没人回,手表暂时不错。客服就是个空气 太差劲了永远没人 问了根本没人回
手表挺好的，就是这个包装是真的没法说了,手表挺好的 就是这个包装是真的没法说了
后悔了 贴上去屏幕一点都不灵敏 还要那么贵,后悔了 贴上去屏幕一点都不灵敏 还要那么贵
涨价了，不开心。同款颜色不同价不同,涨价了 不开心。同款颜色不同价不同
很多功能期待完善，暂时也不能单独电话，慢慢等着吧,很多功能期待完善 暂时也不能单独电话 慢慢等着吧
才买两天就降了230元，真是奇葩,才买两天就降了#NUM#元 真是奇葩
想换个大一点表盘的，居然不给换,想换个大一点表盘的 居然不给换
有退货的想法,有退货的想法
降价这么多也不补个差价，推来退去半年了，真是墨迹,降价这么多也不补个差价 推来退去半年了 真是墨迹
发来就一个袋包裹着，也太敷衍了吧，,发来就一个袋包裹着 也太敷衍了吧 
应该买的是别人退货的手表，运动记录上有记录,应该买的是别人退货的手表 运动记录上有记录
买来送人的，可以买了后降价300，真不爽,买来送人的 可以买了后降价#NUM# 真不爽
实用性不大，装逼神器而已。,实用性不大 装逼神器而已。
也就那样,也就那样
一般般,一般般
科技的力量啊 有带表习惯 也健身 还有蜂窝 真的太值了 很棒 但要给京东差评 凌晨跟第二天的支付页面完全不同！送来的包装连泡沫都没！就一个外壳加一个塑料袋！,科技的力量啊 有带表习惯 也健身 还有蜂窝 真的太值了 很棒 但要给京东差评 凌晨跟第二天的支付页面完全不同 送来的包装连泡沫都没 就一个外壳加一个塑料袋 
差评，拆封没有激活都不能退或换,差评 拆封没有激活都不能退或换
完美，虽然没啥用，比苹果的好多了,完美 虽然没啥用 比苹果的好多了
和三星S8配合使用简直完美，而且防水功能超级强大,和三星S#NUM#配合使用简直完美 而且防水功能超级强大
感觉还不错，功能很多，研究中.。,感觉还不错 功能很多 研究中 。
基本沒什么大的用处，纯当手表用！！信息不能回复，多条也不能浏览，只是不会漏接电话了。内存太少，表盘好多要收费的。送了2条表带及一充。表盘常亮只能用一天半。图个新鲜。。。。,基本沒什么大的用处 纯当手表用！信息不能回复 多条也不能浏览 只是不会漏接电话了。内存太少 表盘好多要收费的。送了#NUM#条表带及一充。表盘常亮只能用一天半。图个新鲜。
我来发个图文吧。现在智能手表发展有瓶颈，功能都是检测运动，更换表盘，换表带，可以代替手机看个消息推送微信推送什么的。不能回复，其实手表的功能还是用来查看，这点智能手表已经做到了。个人用过苹果的一代表，所以不管是苹果，还是三星或者华为，功能其实都一样。唯一的不同是细节和系统，还有外形吧。如果你买来装饰，查看个消息，可以入手。如果你想用来替代手机，几乎不可能。开车如果不方便，可以用手表来接打电话，去超市也可以用软件支付。手表直接显示二维或者条形码，超市扫码机可以直接扫。当然，如果你是个运动爱好者，这表绝对是你的菜。对智能穿戴设备，心态要放好，给三星和苹果点时间。毕竟创新是需要人力，物力，设计，校验，时间，当然还得有社会的需求和发展。,我来发个图文吧。现在智能手表发展有瓶颈 功能都是检测运动 更换表盘 换表带 可以代替手机看个消息推送微信推送什么的。不能回复 其实手表的功能还是用来查看 这点智能手表已经做到了。个人用过苹果的一代表 所以不管是苹果 还是三星或者华为 功能其实都一样。唯一的不同是细节和系统 还有外形吧。如果你买来装饰 查看个消息 可以入手。如果你想用来替代手机 几乎不可能。开车如果不方便 可以用手表来接打电话 去超市也可以用软件支付。手表直接显示二维或者条形码 超市扫码机可以直接扫。当然 如果你是个运动爱好者 这表绝对是你的菜。对智能穿戴设备 心态要放好 给三星和苹果点时间。毕竟创新是需要人力 物力 设计 校验 时间 当然还得有社会的需求和发展。
真快，第二天就到了。京东物流?！！！,真快 第二天就到了。京东物流 ！
这块手表不错，质感一流。,这块手表不错 质感一流。
三星的质量和工业设计绝对一流！,三星的质量和工业设计绝对一流 
感谢京东商城快递给力物超所值,感谢京东商城快递给力物超所值
非常非常好看!值得拥有！我的第一块手表选择了三星 也是我生日收到最好的礼物 非常非常好!比苹果好100倍  100分,非常非常好看 值得拥有 我的第一块手表选择了三星 也是我生日收到最好的礼物 非常非常好 比苹果好#NUM#倍 #NUM#分
"刚拿上手不是很惊艳，但摸摸上手后，发现越来越满意，之前纠结于苹果还是三星手表好久，现在选择了三星，非常满意的购物，双11价格很劲爆 ? 跟苹果手机也适配，只要苹果商店下载个三星app 就可以连接了，表盘超多，玩起来满满的科技感 ?我没有用过苹果手表,但对这个三星手表还是很喜欢的！",刚拿上手不是很惊艳 但摸摸上手后 发现越来越满意 之前纠结于苹果还是三星手表好久 现在选择了三星 非常满意的购物 双#NUM#价格很劲爆   跟苹果手机也适配 只要苹果商店下载个三星app 就可以连接了 表盘超多 玩起来满满的科技感  我没有用过苹果手表 但对这个三星手表还是很喜欢的 
为信仰充值！,为信仰充值 
外观:大小正好，s3太大了，这个尺寸刚刚好，而且无论是穿运动装还是工作装都还好，还是比较和谐。皮带的感觉也非常舒服，直接淘汰掉我的天梭。,外观 大小正好 s#NUM#太大了 这个尺寸刚刚好 而且无论是穿运动装还是工作装都还好 还是比较和谐。皮带的感觉也非常舒服 直接淘汰掉我的天梭。
功能:其实待久了估计主要功能还是看时间，记步数，看天气这几项最最基本的功能，其他功能估计也用不太上。但是记步数这个非常好用，办公室坐久了会提醒，这点非常好，能督促自己别太懒。,功能 其实待久了估计主要功能还是看时间 记步数 看天气这几项最最基本的功能 其他功能估计也用不太上。但是记步数这个非常好用 办公室坐久了会提醒 这点非常好 能督促自己别太懒。
续航:链接手机的情况下2-3天，也还好，睡觉的时候充电就好了。,续航 链接手机的情况下#NUM#-#NUM#天 也还好 睡觉的时候充电就好了。
但是，一直开着蓝牙感觉手机续航耗电稍快了些。可怜我的note8。,但是 一直开着蓝牙感觉手机续航耗电稍快了些。可怜我的note#NUM#。
spen不能在手边上用，三星以后如果把这个适配，估计会方便很多，比较表盘这么小，大促手指不方便。,spen不能在手边上用 三星以后如果把这个适配 估计会方便很多 比较表盘这么小 大促手指不方便。
还是喜欢自带的表盘风格。,还是喜欢自带的表盘风格。
之前看评论一直纠结，终于在生日月拔了心里这根草。事实证明，超出预期。,之前看评论一直纠结 终于在生日月拔了心里这根草。事实证明 超出预期。
外观：由于80%时间都是正装，这个外形非常和谐，表不厚，银色表盘。,外观 由于#NUM# 时间都是正装 这个外形非常和谐 表不厚 银色表盘。
显示：显示相对细腻，自带表盘不错，下载的分辨率一般。,显示 显示相对细腻 自带表盘不错 下载的分辨率一般。
便利性：苹果连接，能看微信，转转等手机开启通知的消息，但是不能回复，只能看。能打电话，能直接拨号。Hi gear 非常好用，开车时候直接呼叫，即可语音拨打电话。,便利性 苹果连接 能看微信 转转等手机开启通知的消息 但是不能回复 只能看。能打电话 能直接拨号。Hi gear 非常好用 开车时候直接呼叫 即可语音拨打电话。
意外：送的甲醛测试仪挺好玩。还送了一个无线充电器，其实原装都有。,意外 送的甲醛测试仪挺好玩。还送了一个无线充电器 其实原装都有。
缺点：在耐用性稳定性可靠性方面，和佳明松拓差距不小，主要体现在GPS，气压高度等传感器，还有就是潜水。这个也仅仅是防水，不像前者，运动列表里面有游泳那个项目。,缺点 在耐用性稳定性可靠性方面 和佳明松拓差距不小 主要体现在GPS 气压高度等传感器 还有就是潜水。这个也仅仅是防水 不像前者 运动列表里面有游泳那个项目。
另外表带好硬。,另外表带好硬。
整体来说，超出预期，不过电子产品更新换代速度很快。并不像机械表可以带很多年。看下一代吧。,整体来说 超出预期 不过电子产品更新换代速度很快。并不像机械表可以带很多年。看下一代吧。
非常漂亮，我很喜欢，一口气下载了几十个表盘，慢慢选。硅胶的表带很舒服，没有任何不适感，唯一缺点就是有点沾灰。电池续航满意，关掉了自动心率和GPS，常亮表盘的话，两天没有问题。,非常漂亮 我很喜欢 一口气下载了几十个表盘 慢慢选。硅胶的表带很舒服 没有任何不适感 唯一缺点就是有点沾灰。电池续航满意 关掉了自动心率和GPS 常亮表盘的话 两天没有问题。
吐槽快递来的包装，直接就是圆盒子送来了，发票被我妈看到，问电子表要几千块。。。,吐槽快递来的包装 直接就是圆盒子送来了 发票被我妈看到 问电子表要几千块。
心仪很久啦，赶上活动，比实体店还便宜，感觉赚到了啊。手表颜值是真的高！赞一个,心仪很久啦 赶上活动 比实体店还便宜 感觉赚到了啊。手表颜值是真的高 赞一个
戴了几天来评价下，其实这手表的续航还是不行，不玩基本到晚上睡觉也就剩60%左右的电量，现在还有app太少了，连**都没有啊，微信只有提醒不能看内容，就当电子表先用起来吧。,戴了几天来评价下 其实这手表的续航还是不行 不玩基本到晚上睡觉也就剩#NUM# 左右的电量 现在还有app太少了 连  都没有啊 微信只有提醒不能看内容 就当电子表先用起来吧。
京东说2号有货，果然2号到手，赞，手表基本符合预期，专业性和飞3还是有相当的差距，属于有硬件没功能，系统快些更迭吧，图中设备全是京东货,京东说#NUM#号有货 果然#NUM#号到手 赞 手表基本符合预期 专业性和飞#NUM#还是有相当的差距 属于有硬件没功能 系统快些更迭吧 图中设备全是京东货
还是可以的，用起来方便，就是软件少，没有4G,还是可以的 用起来方便 就是软件少 没有#NUM#G
电量续航太给力了！！一直和手机连接同步，运动检测开启，用4天一点问题没有！！推荐三星的手机用户使用！！gear s3与iPhone或其他安卓手机配对使用功能会缺失好多，不够友好。与iPhone连接好多表盘和应用无法下载，能接收微信消息却无法回复。与mate9连接过发现微信无法推送通知，只有短信电话可以。想要发挥s3的功能看来必须得配合三星手机使用了。三星手机下载微信助手后可以在手表上回微信！,电量续航太给力了！一直和手机连接同步 运动检测开启 用#NUM#天一点问题没有！推荐三星的手机用户使用！gear s#NUM#与iPhone或其他安卓手机配对使用功能会缺失好多 不够友好。与iPhone连接好多表盘和应用无法下载 能接收微信消息却无法回复。与mate#NUM#连接过发现微信无法推送通知 只有短信电话可以。想要发挥s#NUM#的功能看来必须得配合三星手机使用了。三星手机下载微信助手后可以在手表上回微信 
功能强大，强力推荐。,功能强大 强力推荐。
总体不错，大小正好吧，开始感觉可能大了。回来戴上后还可以接受。就是不能安装微信，真的是不好了，电池也就能用三天吧！戴上效果很好的，大气上档次。,总体不错 大小正好吧 开始感觉可能大了。回来戴上后还可以接受。就是不能安装微信 真的是不好了 电池也就能用三天吧 戴上效果很好的 大气上档次。
关注很久了，就想双十二的时候看看价格，结果京东还可以，确实给了优惠，等了四五天收到，不过还好，用着不错，挺配S8+的，功能还在探索中，只是，部分表盘标注的免费，实际是有试用时间的，时间到的时候就提示购买指示，另外，这个不防流动性水的。,关注很久了 就想双十二的时候看看价格 结果京东还可以 确实给了优惠 等了四五天收到 不过还好 用着不错 挺配S#NUM# 的 功能还在探索中 只是 部分表盘标注的免费 实际是有试用时间的 时间到的时候就提示购买指示 另外 这个不防流动性水的。
手表还可以 京东不好谢谢,手表还可以 京东不好谢谢
再一次剁手，纯粹的喜欢外观和功能，也有在用某果的watch，对比起来整体功能都差不多，但是无论是外观设计，表盘风格的选择还是电池续航能力来说，一般正常情况下用个3天没啥问题，三星完胜！赞一个赞一个赞一个！,再一次剁手 纯粹的喜欢外观和功能 也有在用某果的watch 对比起来整体功能都差不多 但是无论是外观设计 表盘风格的选择还是电池续航能力来说 一般正常情况下用个#NUM#天没啥问题 三星完胜 赞一个赞一个赞一个 
强烈推荐！重量合适，无线充电功能很全，配上*随身携带，方便安全。各种表盘风格随心选择，相当于买了不同的样式、不同的心情，而且买智能表是趋势，还节约不少。准备晚上出去浪?,强烈推荐 重量合适 无线充电功能很全 配上 随身携带 方便安全。各种表盘风格随心选择 相当于买了不同的样式、不同的心情 而且买智能表是趋势 还节约不少。准备晚上出去浪 
如同别人评价的，没什么乱用，哈哈,如同别人评价的 没什么乱用 哈哈
使用了一周，来说一下体验性及各个方面:,使用了一周 来说一下体验性及各个方面 
"首先，这是一块目前见到最均衡的智能手表了，aw3,fenix5,fenix3,huawei watch2都体验过，gear sport相比它们而言，都少了一点点均衡性...比如游泳上，耳机兼容上，操作上等等，当然不同的手表有不同的定位，就拿佳明来说，运动属性无可挑剔，所以最后选哪款还是看适不适合自己。我买来主要是几个用途，游泳，跑步机听歌，睡眠监测，市面上满足这三个功能的而且体验性好的，就这款吧。下面详细说一下游泳功能（买它的理由），游泳支持泳池游泳，需要设置泳池长度，之前看有说每一圈以碰泳池壁为准，实测发现不碰壁也OK，但是有一圈是没有被记录的，不知道为什么，应该还是GPS记录的。水下有防误触模式，也就是说水下只看就行了，设置好游泳模式后不用操作了，实时记录泳姿和心率，这两点不错，还有游泳效率。最后说一下大三星的服务，我的总结是，基本靠自己摸索...为啥打四分，还是要感谢京东和手表本身的，服务...说的也不准啊，我用的非三星的Android机，兼容问题真的一点指望不上三星服务，全靠自己解决，好在手表本身兼容性不错。",首先 这是一块目前见到最均衡的智能手表了 aw#NUM# fenix#NUM# fenix#NUM# huawei watch#NUM#都体验过 gear sport相比它们而言 都少了一点点均衡性。比如游泳上 耳机兼容上 操作上等等 当然不同的手表有不同的定位 就拿佳明来说 运动属性无可挑剔 所以最后选哪款还是看适不适合自己。我买来主要是几个用途 游泳 跑步机听歌 睡眠监测 市面上满足这三个功能的而且体验性好的 就这款吧。下面详细说一下游泳功能 买它的理由  游泳支持泳池游泳 需要设置泳池长度 之前看有说每一圈以碰泳池壁为准 实测发现不碰壁也OK 但是有一圈是没有被记录的 不知道为什么 应该还是GPS记录的。水下有防误触模式 也就是说水下只看就行了 设置好游泳模式后不用操作了 实时记录泳姿和心率 这两点不错 还有游泳效率。最后说一下大三星的服务 我的总结是 基本靠自己摸索。为啥打四分 还是要感谢京东和手表本身的 服务。说的也不准啊 我用的非三星的Android机 兼容问题真的一点指望不上三星服务 全靠自己解决 好在手表本身兼容性不错。
不错，挺让人惊喜的，个人感觉比苹果的好用些，搭配三星手机有信仰加成23333,不错 挺让人惊喜的 个人感觉比苹果的好用些 搭配三星手机有信仰加成#NUM#
想抵制韩货，又抵制不了诱惑，哎，冰箱洗衣机里面好多原元件都是日韩制造，哎老百姓不纠结了,想抵制韩货 又抵制不了诱惑 哎 冰箱洗衣机里面好多原元件都是日韩制造 哎老百姓不纠结了
挺好看的，比苹果的帅，表盘也很多，就是APP太少而是好像有些还不能用,挺好看的 比苹果的帅 表盘也很多 就是APP太少而是好像有些还不能用
东西不错，比苹果表好看，连我的iphone也没什么问题，总之好评,东西不错 比苹果表好看 连我的iphone也没什么问题 总之好评
完美，比苹果手表手感好多了，苹果连接就是功能少了点，反正也无所谓，就是用来玩表的,完美 比苹果手表手感好多了 苹果连接就是功能少了点 反正也无所谓 就是用来玩表的
观察了半年终于下定决心买了，虽然没有什么用，但就是带着感觉舒服。,观察了半年终于下定决心买了 虽然没有什么用 但就是带着感觉舒服。
有点厚，然后表面容易留下指纹其它还好，性能不错，就是不知道怎么设置语音控制,有点厚 然后表面容易留下指纹其它还好 性能不错 就是不知道怎么设置语音控制
note8配在一起，好使,note#NUM#配在一起 好使
颜值高 待机时间长 跟S8完美匹配,颜值高 待机时间长 跟S#NUM#完美匹配
还行，自己也是note 8 的手机，匹配很好，等了一天终于到了，先研究研究,还行 自己也是note #NUM# 的手机 匹配很好 等了一天终于到了 先研究研究
戴十几天了才来评价，质量稳定很满意，遗憾的就是还没收到货就优惠100块，心里不爽！,戴十几天了才来评价 质量稳定很满意 遗憾的就是还没收到货就优惠#NUM#块 心里不爽 
产品不错，对得起三星这个牌子。毕竟产业链如此强大的一家企业还是值得学习，抛开民族情怀不说，在商言商，值得学习！,产品不错 对得起三星这个牌子。毕竟产业链如此强大的一家企业还是值得学习 抛开民族情怀不说 在商言商 值得学习 
不错的腕上生活,不错的腕上生活
手表做工很漂亮，漂亮的不舍的戴，电池耐不耐用戴过后评论。,手表做工很漂亮 漂亮的不舍的戴 电池耐不耐用戴过后评论。
非常不错，做工精致，续航能力还可以，表带柔软，京东送货超级快，服务好，保证全新正品，作为老顾客非常满意！赞赞赞,非常不错 做工精致 续航能力还可以 表带柔软 京东送货超级快 服务好 保证全新正品 作为老顾客非常满意 赞赞赞
有过苹果的手表，最近入手三星的gear手表，用了几天，感觉三星甩苹果几条街！不仅是三星的功能强大，最重要是更贴近手表，前两天去香港本来打算卖泰格豪雅的智能手表，但待机只有25小时，价格1万以上，实际功能还不如三星，感觉奢侈品品牌溢价大于产品本身，总之这段时间停下来，这款三星gear值得购买！特别是表盘风格可以变换无数，超赞！且很多都是免费！收费的更好！比如可以做成劳力士和欧米伽！,有过苹果的手表 最近入手三星的gear手表 用了几天 感觉三星甩苹果几条街 不仅是三星的功能强大 最重要是更贴近手表 前两天去香港本来打算卖泰格豪雅的智能手表 但待机只有#NUM#小时 价格#NUM#万以上 实际功能还不如三星 感觉奢侈品品牌溢价大于产品本身 总之这段时间停下来 这款三星gear值得购买 特别是表盘风格可以变换无数 超赞 且很多都是免费 收费的更好 比如可以做成劳力士和欧米伽 
好方便了！！,好方便了！
用了几个月才来评价。,用了几个月才来评价。
之前用的苹果手表。但是，个人认为不像个手表。还是喜欢传统造型的。,之前用的苹果手表。但是 个人认为不像个手表。还是喜欢传统造型的。
功能都差不多，并且这块表的个性功能很喜欢，一点不比苹果差。,功能都差不多 并且这块表的个性功能很喜欢 一点不比苹果差。
还有一块卡西欧手表，电波表，我很喜欢，唯一的缺陷就是无法和手机连接。,还有一块卡西欧手表 电波表 我很喜欢 唯一的缺陷就是无法和手机连接。
所以现在Gear S3成了我的腕上标配！,所以现在Gear S#NUM#成了我的腕上标配 
功能很好，第一次使用，喜欢，爱三星！,功能很好 第一次使用 喜欢 爱三星 
"缺点:刚下单，就降价,，降价更新太慢！",缺点 刚下单 就降价  降价更新太慢 
18号有秒杀，晚了几天。不过还好，既然自己想买。到手后研究了一下，还不错，作为一个手机附属的手表，一些功能还是可以了，肯定还达不到手机那么丰富。都是穿戴产品，三星还是最好的，和我S8+搭配超爽。,#NUM#号有秒杀 晚了几天。不过还好 既然自己想买。到手后研究了一下 还不错 作为一个手机附属的手表 一些功能还是可以了 肯定还达不到手机那么丰富。都是穿戴产品 三星还是最好的 和我S#NUM# 搭配超爽。
我好漂亮哦这个真的可以。,我好漂亮哦这个真的可以。
和三星S7E搭配搭配非常好用，外观也非常漂亮，本来想买个机械表的，后来想了一想，年轻人就应该勇于尝试新的东西。,和三星S#NUM#E搭配搭配非常好用 外观也非常漂亮 本来想买个机械表的 后来想了一想 年轻人就应该勇于尝试新的东西。
和三星s7edge完美匹配，gear s2出来时没买，s3简直就是完美。原装表带略硬些，准备换个表带。表盘总能找到自己喜欢的一款。屏幕比applewatch清晰很多，表盘外圈也很实用。充电挺快  续航挺长时间，不用像apple一样老带着充电底座。还有完美支持***。,和三星s#NUM#edge完美匹配 gear s#NUM#出来时没买 s#NUM#简直就是完美。原装表带略硬些 准备换个表带。表盘总能找到自己喜欢的一款。屏幕比applewatch清晰很多 表盘外圈也很实用。充电挺快 续航挺长时间 不用像apple一样老带着充电底座。还有完美支持   。
上手简单，做工精致，有不错的可玩性。还没完全掌握，慢慢研究。,上手简单 做工精致 有不错的可玩性。还没完全掌握 慢慢研究。
送货很快，到后绝对亮眼，很满意表盘，炫酷到没朋友，大小也合适，表带也可以随心diy，十分满意,送货很快 到后绝对亮眼 很满意表盘 炫酷到没朋友 大小也合适 表带也可以随心diy 十分满意
用了一周，感觉还不错，正常使用频率待机2天没问题。,用了一周 感觉还不错 正常使用频率待机#NUM#天没问题。
很好，一样不要降价。,很好 一样不要降价。
戴了几天了，外观大气，最关心的待机问题，三四天没问题，通话清晰，微信可以，其他功能研究中。,戴了几天了 外观大气 最关心的待机问题 三四天没问题 通话清晰 微信可以 其他功能研究中。
很不错的手表，外观要强苹果太多，表盘很多，很酷炫。运动检测功能很好,很不错的手表 外观要强苹果太多 表盘很多 很酷炫。运动检测功能很好
挺不错的，只是有点厚重了，能待机三天，总之非常的满意。。漂亮。,挺不错的 只是有点厚重了 能待机三天 总之非常的满意。。漂亮。
炫酷。。哈哈,炫酷。。哈哈
功能还没有试全，这个价格还是挺满意的，本来要买s3，但是电子产品当然是买新款咯。,功能还没有试全 这个价格还是挺满意的 本来要买s#NUM# 但是电子产品当然是买新款咯。
还可以吧，续航3天，希望以后老化不会严重，跟s8挺配的,还可以吧 续航#NUM#天 希望以后老化不会严重 跟s#NUM#挺配的
满好看的，头一次买手表，要是能手机端自己制作表盘那就完美了,满好看的 头一次买手表 要是能手机端自己制作表盘那就完美了
挺棒的，唯一遗憾就是国内不支持三星pay，摸索中！,挺棒的 唯一遗憾就是国内不支持三星pay 摸索中 
买的时候挺担心外观的，已到手之后给我惊艳到了，说真的，比苹果的手表好看，这两个徘徊了很久，才决定买三星的，事实证明没有错，抛开性能不说，就这一个外观，我就很满意了，我就当作是一个普通的表，看时间就够了，偶尔还能看看手机通知啥的,买的时候挺担心外观的 已到手之后给我惊艳到了 说真的 比苹果的手表好看 这两个徘徊了很久 才决定买三星的 事实证明没有错 抛开性能不说 就这一个外观 我就很满意了 我就当作是一个普通的表 看时间就够了 偶尔还能看看手机通知啥的
京东服务给个赞，不但从外地调了赠品补了，还补了差价。手表跟预想的一样，感觉男人戴这个比苹果大气，有男人味，苹果的太女人味了，软件也足够使用了。自己配了两个金属表带，都试了，感觉还是赠送的皮质戴着最舒服。,京东服务给个赞 不但从外地调了赠品补了 还补了差价。手表跟预想的一样 感觉男人戴这个比苹果大气 有男人味 苹果的太女人味了 软件也足够使用了。自己配了两个金属表带 都试了 感觉还是赠送的皮质戴着最舒服。
太棒了 ，这就是完美的智能手表。,太棒了  这就是完美的智能手表。
很省心，很强大，就是软件暂时还不太完善，期待日后的更新添加更多本土化的功能～,很省心 很强大 就是软件暂时还不太完善 期待日后的更新添加更多本土化的功能 
很高大上哦。,很高大上哦。
用了一个多星期，来简单评价一下这款智能手表。优点：一，颜值高。三星的设计做工确实不错，整个手表的质感绝非国产品牌几百块的能比拟的，尤其是有各种漂亮的表盘可更换；二，屏幕好。三星自家的AMOLED是亮点，色彩清晰度饱和度比国产品牌几百块的强多了；三，手表用的不是安卓系统，是三星自家的Tizen系统，系统挺流畅的，也比较智能，计步，测心率，测气压高度，睡眠监测，自带GPS，打电话，读取手机微信等这些功能都有，还可以自动识别当前的运动方式。缺点：一，待机时间一般，不开启通知，一直开机的情况下，只能用三天，跟国产品牌有较大差距；二，表盘有点大，男生戴都稍显突兀；三，手表跟我的苹果手机连接有时会不顺畅，有时蓝牙明明连接了，但是手机gear软件半天都读取不了手表里记录的信息，但是你不管它，一会儿它又很顺畅的读取好了，总之不如小米手环跟手机版小米运动之间连接的顺畅，可能是苹果版的gear软件没优化好，也有可能是三星的Tizen系统的兼容性问题。总之，这款手表功能强大，逼格高大，也有不足，满分100分，可以打800分。,用了一个多星期 来简单评价一下这款智能手表。优点 一 颜值高。三星的设计做工确实不错 整个手表的质感绝非国产品牌几百块的能比拟的 尤其是有各种漂亮的表盘可更换 二 屏幕好。三星自家的AMOLED是亮点 色彩清晰度饱和度比国产品牌几百块的强多了 三 手表用的不是安卓系统 是三星自家的Tizen系统 系统挺流畅的 也比较智能 计步 测心率 测气压高度 睡眠监测 自带GPS 打电话 读取手机微信等这些功能都有 还可以自动识别当前的运动方式。缺点 一 待机时间一般 不开启通知 一直开机的情况下 只能用三天 跟国产品牌有较大差距 二 表盘有点大 男生戴都稍显突兀 三 手表跟我的苹果手机连接有时会不顺畅 有时蓝牙明明连接了 但是手机gear软件半天都读取不了手表里记录的信息 但是你不管它 一会儿它又很顺畅的读取好了 总之不如小米手环跟手机版小米运动之间连接的顺畅 可能是苹果版的gear软件没优化好 也有可能是三星的Tizen系统的兼容性问题。总之 这款手表功能强大 逼格高大 也有不足 满分#NUM#分 可以打#NUM#分。
很好的手表，跟我的三星手机型号正好配对，喜欢这个表盘的设计，很方便，舒服，特别适合上班族，价格也很实惠。,很好的手表 跟我的三星手机型号正好配对 喜欢这个表盘的设计 很方便 舒服 特别适合上班族 价格也很实惠。
装逼给满分！,装逼给满分 
物流没的说，在双十一都是次日到货，就是东西收到脏兮兮的，和想象一样除了好看没有什么大用处，赶在可以脱离手机单独为运动使用，可以单独连接wifi使用，和非三星手机连接还是有点弊端，建议还是和三星手机配套使用，分辨率很高，看起来很清晰，有很多表盘可以选择使用，用段时间再看咯,物流没的说 在双十一都是次日到货 就是东西收到脏兮兮的 和想象一样除了好看没有什么大用处 赶在可以脱离手机单独为运动使用 可以单独连接wifi使用 和非三星手机连接还是有点弊端 建议还是和三星手机配套使用 分辨率很高 看起来很清晰 有很多表盘可以选择使用 用段时间再看咯
手表很漂亮，开机系统就更新了。没有安装微信助手微信可以推送手表显示但只能手机回复。安装后可以文字，语音回复，但文字显示已发送但实际没有显示，语音可以。但对方发来的语音手表提示需要连接蓝牙耳机，本人没有所以手表无法收听。防水方面没去泳池实验，正常水洗两次没问题！开车接电话挺方便，日常运动提示有点意思，提醒你该起来活动了！电池日常佩戴不开常亮，心率检测，一整天剩余70%，三天没问题。,手表很漂亮 开机系统就更新了。没有安装微信助手微信可以推送手表显示但只能手机回复。安装后可以文字 语音回复 但文字显示已发送但实际没有显示 语音可以。但对方发来的语音手表提示需要连接蓝牙耳机 本人没有所以手表无法收听。防水方面没去泳池实验 正常水洗两次没问题 开车接电话挺方便 日常运动提示有点意思 提醒你该起来活动了 电池日常佩戴不开常亮 心率检测 一整天剩余#NUM#  三天没问题。
京东的速度 真的是太快了  昨天晚上23:00定的手表  早上上班就到了 给力,京东的速度 真的是太快了 昨天晚上#NUM# #NUM#定的手表 早上上班就到了 给力
不错，很漂亮啊,不错 很漂亮啊
好东西，表盘多,好东西 表盘多
使用了一个多月后的感受：优点是功能强大，振动闹钟（就打扰不到别人了），各种各样的表盘，计步，卡路里消耗，心率，睡眠监测，还有很多运动监测等；可以用于ali 支付，接受手机上的通知，如微信消息，短信，电话等；充电很快，续航能力强大，防水很好；还有个紧急发送求救短信的功能感觉也很有用。缺点也有，比如容易吸附灰尘，表带不透气戴久了有点闷，当然还有略贵?。总之是一个黑科技满满的智能手表，三星手机用户用起来很爽很酷。,使用了一个多月后的感受 优点是功能强大 振动闹钟 就打扰不到别人了  各种各样的表盘 计步 卡路里消耗 心率 睡眠监测 还有很多运动监测等 可以用于ali 支付 接受手机上的通知 如微信消息 短信 电话等 充电很快 续航能力强大 防水很好 还有个紧急发送求救短信的功能感觉也很有用。缺点也有 比如容易吸附灰尘 表带不透气戴久了有点闷 当然还有略贵 。总之是一个黑科技满满的智能手表 三星手机用户用起来很爽很酷。
产品功能强大，地图导航，微信聊天，音乐播放，还可以独立使用，不用连接手机，不过下载软件到GearS3里面，需要三星手机连接，不能直接下载，果粉们不建议你们购买，还送备用充电座，表带，具体买一个就知道了,产品功能强大 地图导航 微信聊天 音乐播放 还可以独立使用 不用连接手机 不过下载软件到GearS#NUM#里面 需要三星手机连接 不能直接下载 果粉们不建议你们购买 还送备用充电座 表带 具体买一个就知道了
"时隔两年整，从gear s2换成了gear sport。2015年我第一次见到s2时，它通过旋转表圈来实现UI界面操作的设计真是惊艳到了我,我就冲着这个设计买了；今天，我拿到sport后扭转表圈那种咔咔的清脆金属撞击声再次让我惊艳，这种感觉简直了！那触感的回馈，那声音比s2的嘀嗒声强太多。sport拿到手上正面看起来比前两代四个角好像多出了四个耳朵，后来发现这就是传统潜水表的设计轮廓，背面的心率传感器玻璃背板从前几代手表背面的一整块玻璃大小缩小成小拇指甲大小，外面一圈微微凹陷，这样设计手腕就不会在出汗或游泳水湿后一大块玻璃紧贴着皮肤很难受，边上还多了两个卸压孔，可以，这很sport.包装盒是个带小提手的方形盒，里面附送了一条小号表带，充电规格跟s2一样，但是充电背板不一样，sport的凹进去一个圆，这应该是为了增强型心率检测吧。总之，sport设计上来说带给我的还是惊喜，还有tizen OS3.0之后的体验等我玩几天后再来评价。",时隔两年整 从gear s#NUM#换成了gear sport。#NUM#年我第一次见到s#NUM#时 它通过旋转表圈来实现UI界面操作的设计真是惊艳到了我 我就冲着这个设计买了 今天 我拿到sport后扭转表圈那种咔咔的清脆金属撞击声再次让我惊艳 这种感觉简直了 那触感的回馈 那声音比s#NUM#的嘀嗒声强太多。sport拿到手上正面看起来比前两代四个角好像多出了四个耳朵 后来发现这就是传统潜水表的设计轮廓 背面的心率传感器玻璃背板从前几代手表背面的一整块玻璃大小缩小成小拇指甲大小 外面一圈微微凹陷 这样设计手腕就不会在出汗或游泳水湿后一大块玻璃紧贴着皮肤很难受 边上还多了两个卸压孔 可以 这很sport 包装盒是个带小提手的方形盒 里面附送了一条小号表带 充电规格跟s#NUM#一样 但是充电背板不一样 sport的凹进去一个圆 这应该是为了增强型心率检测吧。总之 sport设计上来说带给我的还是惊喜 还有tizen OS#NUM# #NUM#之后的体验等我玩几天后再来评价。
拿到手的第一印象：用户体验比Apple Watch 做得更好。,拿到手的第一印象 用户体验比Apple Watch 做得更好。
赶上双十一终于降价了，果断入手，京东给力,赶上双十一终于降价了 果断入手 京东给力
刚拿到手的时候感觉特别漂亮，但是戴起来感觉有点大，有想退的冲动，但是换了一个表带，玩了一下，感觉确实不错，看评论，晒图，别人也是那样，是因为这个表确实有点大，不过现在很喜欢，打算留下来用。毕竟喜欢了很久了。,刚拿到手的时候感觉特别漂亮 但是戴起来感觉有点大 有想退的冲动 但是换了一个表带 玩了一下 感觉确实不错 看评论 晒图 别人也是那样 是因为这个表确实有点大 不过现在很喜欢 打算留下来用。毕竟喜欢了很久了。
手表很漂亮 与s8+完美配合 好用,手表很漂亮 与s#NUM# 完美配合 好用
款式漂亮 关键是防水，(?????)表盘款式多，大爱，一天三款表盘，一个月不重样ヾ(●&acute;&nabla;｀●)?哇～,款式漂亮 关键是防水  ？ 表盘款式多 大爱 一天三款表盘 一个月不重样    acute  nabla     哇 
怎么说呢，外观无敌，比aw好看多了。一直想买，乘着国庆节给自己买了。生态不行，没几个可以用的软件，不过我也基本不用，用来记录健康，锻炼。,怎么说呢 外观无敌 比aw好看多了。一直想买 乘着国庆节给自己买了。生态不行 没几个可以用的软件 不过我也基本不用 用来记录健康 锻炼。
质感超好，表盘大小合适，界面缤纷多彩，黑色低调大气，表带柔软舒服，功能丰富，感觉比机械表好玩多了，年轻运动风格的最佳选择，最后友情提示不是三星手机一样完美连接，下载三星的安卓软件即可！,质感超好 表盘大小合适 界面缤纷多彩 黑色低调大气 表带柔软舒服 功能丰富 感觉比机械表好玩多了 年轻运动风格的最佳选择 最后友情提示不是三星手机一样完美连接 下载三星的安卓软件即可 
很好用，心动很久终于拿下,很好用 心动很久终于拿下
送货速度非常快，赞一个，物流时代真是拉近距离啊。快递小哥送货上门速度快，赞一个。早想买个手表了，这个很新潮。其实想买gear s4的，不过等了很久没上市的。看到秒杀，省了二百多，出手了，买个先用着吧，和手机连起来用方便。功能还是有点少啊。希望gear s4 早点上市。,送货速度非常快 赞一个 物流时代真是拉近距离啊。快递小哥送货上门速度快 赞一个。早想买个手表了 这个很新潮。其实想买gear s#NUM#的 不过等了很久没上市的。看到秒杀 省了二百多 出手了 买个先用着吧 和手机连起来用方便。功能还是有点少啊。希望gear s#NUM# 早点上市。
简单做个客观评价：1，收到货品，赠品无线充电只有个无线充电底座，后来联系京东很快配送了。2，手表表带赠品只有开孔一面，要求补发但是商家不肯补发。3，手表如果配置三星手机功能和升级没啥问题。如果配置其他手机可能有些地方不兼容。4，手表很费电，几乎每天有补一次电。费电还有和手表更换其他表面有关，软件使用量也有关系。5，手表表带很差，使用多少后表孔会增大，寿命不会很长。6，表面很大，做工三星的还不错，表的面也不错，不过我贴了膜，基本表面不会磨损，手表滚轮容易磨损，使用必须当心。7，手表使用软件不是很多，但是反应快。8，简单来说不管手表定位和其它方面都比其他智能手表强大。如果有所改进还不错。9，售后京东还是不错，客服能基本解决，但是商家的服务不是太好。如果解决问题还是找京东客服，毕竟是自营产品。10，感谢京东的晚安客服，很晚还联系我解决问题。,简单做个客观评价 #NUM# 收到货品 赠品无线充电只有个无线充电底座 后来联系京东很快配送了。#NUM# 手表表带赠品只有开孔一面 要求补发但是商家不肯补发。#NUM# 手表如果配置三星手机功能和升级没啥问题。如果配置其他手机可能有些地方不兼容。#NUM# 手表很费电 几乎每天有补一次电。费电还有和手表更换其他表面有关 软件使用量也有关系。#NUM# 手表表带很差 使用多少后表孔会增大 寿命不会很长。#NUM# 表面很大 做工三星的还不错 表的面也不错 不过我贴了膜 基本表面不会磨损 手表滚轮容易磨损 使用必须当心。#NUM# 手表使用软件不是很多 但是反应快。#NUM# 简单来说不管手表定位和其它方面都比其他智能手表强大。如果有所改进还不错。#NUM# 售后京东还是不错 客服能基本解决 但是商家的服务不是太好。如果解决问题还是找京东客服 毕竟是自营产品。#NUM# 感谢京东的晚安客服 很晚还联系我解决问题。
非常不错，很帅气！喜欢！！！！！表盘漂亮，表大气！！！,非常不错 很帅气 喜欢！表盘漂亮 表大气！
不错，跟三星手机连接很快，用段时间再追评。,不错 跟三星手机连接很快 用段时间再追评。
刚到，挺不错的，非常漂亮，功能还在摸索中，手感不错，卖家挺好的。,刚到 挺不错的 非常漂亮 功能还在摸索中 手感不错 卖家挺好的。
提交订单2017-11-11 00:00:48 ， 完成2017-11-11 14:59:35。到货速度超级快（广州仓-福建福州）。1、手表外观大方，做工精细，触摸灵敏，转盘顺滑2、软件安装折腾了很久，客服不是很专业，我是苹果7手机所以连接的时候要2个蓝牙都连接（Gear S3 47C1\Gear S3 47C1 LE）都要连接上手机才可以接打电话，和下载。3、电量：因为我刚开始接触很多功能在测试中，大部分时间是亮着，蓝牙连接，WAN连接的情况下2天半时间。4、APP下载到现在还是进了应用还是显示空白，还在研究中，客服不知道是忙还是不懂，叫你不行就申请售后，或者拿发票到官方维修站去维修，一切还是靠琢磨。5、赠品还是不错的，2个表带。唯一遗憾就是苹果还不能支付。,提交订单#NUM#-#NUM#-#NUM# #NUM# #NUM# #NUM#   完成#NUM#-#NUM#-#NUM# #NUM# #NUM# #NUM#。到货速度超级快 广州仓-福建福州 。#NUM#、手表外观大方 做工精细 触摸灵敏 转盘顺滑#NUM#、软件安装折腾了很久 客服不是很专业 我是苹果#NUM#手机所以连接的时候要#NUM#个蓝牙都连接 Gear S#NUM# #NUM#C#NUM# Gear S#NUM# #NUM#C#NUM# LE 都要连接上手机才可以接打电话 和下载。#NUM#、电量 因为我刚开始接触很多功能在测试中 大部分时间是亮着 蓝牙连接 WAN连接的情况下#NUM#天半时间。#NUM#、APP下载到现在还是进了应用还是显示空白 还在研究中 客服不知道是忙还是不懂 叫你不行就申请售后 或者拿发票到官方维修站去维修 一切还是靠琢磨。#NUM#、赠品还是不错的 #NUM#个表带。唯一遗憾就是苹果还不能支付。
表好看，纠结蓝色和黑色。最终还是选择了低调的黑色。陪了我5年的精工小5先休息下,表好看 纠结蓝色和黑色。最终还是选择了低调的黑色。陪了我#NUM#年的精工小#NUM#先休息下
非常喜欢，功能强大，很满意。,非常喜欢 功能强大 很满意。
中午11点前下单，晚上6点收到了,中午#NUM#点前下单 晚上#NUM#点收到了
手表不错，微信电话一个不漏，微信不能听语音但是可以语音回复。qq只能查看信息数量。支，付宝只能向商家付款,手表不错 微信电话一个不漏 微信不能听语音但是可以语音回复。qq只能查看信息数量。支 付宝只能向商家付款
手表很漂亮，缺点还是电池待机时间不给力，有一天晚上还有53电量到早上就关机了，不知道是怎么回事？总体还是满意的,手表很漂亮 缺点还是电池待机时间不给力 有一天晚上还有#NUM#电量到早上就关机了 不知道是怎么回事 总体还是满意的
特意用了几天才来评价，总体来说，做工细致，抬手亮屏功能比之前用的gear fit灵敏很多，显示效果清晰，表盘资源很丰富，新鲜感十足，但原装表带比较厚不太贴合手腕; 正常使用可连续待机2天左右，夜间跟踪睡眠实测直接掉电10%，总之达到了购买预期,特意用了几天才来评价 总体来说 做工细致 抬手亮屏功能比之前用的gear fit灵敏很多 显示效果清晰 表盘资源很丰富 新鲜感十足 但原装表带比较厚不太贴合手腕  正常使用可连续待机#NUM#天左右 夜间跟踪睡眠实测直接掉电#NUM#  总之达到了购买预期
东西到了，很速度。赞一个先。送的表带和无线充电器很不错，尤其是表带没的说。就是刚买完就降价了，客服很好也进行价格保护了。,东西到了 很速度。赞一个先。送的表带和无线充电器很不错 尤其是表带没的说。就是刚买完就降价了 客服很好也进行价格保护了。
送了两表带和一充电座，与努比亚Z11对接没问题，微信只能看信息但不能回复有点遗憾，要能语音回复就完美了,送了两表带和一充电座 与努比亚Z#NUM#对接没问题 微信只能看信息但不能回复有点遗憾 要能语音回复就完美了
使用了两个礼拜了，待机两天左右，功能比较全，但运动数据不能和微信同步，也没有微信的应用程序，特别遗憾！,使用了两个礼拜了 待机两天左右 功能比较全 但运动数据不能和微信同步 也没有微信的应用程序 特别遗憾 
2499入的，完全超预期，上手简单，屏幕清晰度高，无限充电，人性化设计出色。最重要的是支持IOS，大爱！,#NUM#入的 完全超预期 上手简单 屏幕清晰度高 无限充电 人性化设计出色。最重要的是支持IOS 大爱 
到手试用了才来评价，完全符合预期，一天下来正常使用频率还剩一半多的电量，通话质量也不错。,到手试用了才来评价 完全符合预期 一天下来正常使用频率还剩一半多的电量 通话质量也不错。
用作手表，关掉心率只用简单的运动检测续航在3到4天，外观跟普通的手表差不多没那么强烈的运动感适合日常穿戴，本以为我的手腕小但戴起来感觉大小刚好。手机是S8连什么都不用装直接连上去，商店有些表盘挺好看又免费，一个星期换一款都能换很长时间。封条是完好的但打开里面数据线散开以为收到2手，但表带是全新的应该没是，配的皮质表带出汗大的就不耐用了，现在半个月了背面已经被汗水泡变色，还会掉色沾手腕上。,用作手表 关掉心率只用简单的运动检测续航在#NUM#到#NUM#天 外观跟普通的手表差不多没那么强烈的运动感适合日常穿戴 本以为我的手腕小但戴起来感觉大小刚好。手机是S#NUM#连什么都不用装直接连上去 商店有些表盘挺好看又免费 一个星期换一款都能换很长时间。封条是完好的但打开里面数据线散开以为收到#NUM#手 但表带是全新的应该没是 配的皮质表带出汗大的就不耐用了 现在半个月了背面已经被汗水泡变色 还会掉色沾手腕上。
第二次买了，帮朋友买的，他一眼就喜欢上了，非要和我戴一样的，说是超级喜欢！,第二次买了 帮朋友买的 他一眼就喜欢上了 非要和我戴一样的 说是超级喜欢 
抬腕展示很灵敏，充电时间很理想，记步也不错，总体很满意，小组件挺多,抬腕展示很灵敏 充电时间很理想 记步也不错 总体很满意 小组件挺多
做工这些都还可以，就是支持的app少了点,做工这些都还可以 就是支持的app少了点
这款手表不错，是我喜欢的款式，表盘大。带出去也有档次,这款手表不错 是我喜欢的款式 表盘大。带出去也有档次
宝贝收到了 看着还不错 物流超快 等用用再来评价,宝贝收到了 看着还不错 物流超快 等用用再来评价
高端大气上档次，比s2好！！！,高端大气上档次 比s#NUM#好！
京东物流给力给力给力手表比s3小一点大小刚好外观漂亮智能表的关键电池续航不知道怎样,京东物流给力给力给力手表比s#NUM#小一点大小刚好外观漂亮智能表的关键电池续航不知道怎样
速度很快，收到后摸索了半小时连上手机，试用中,速度很快 收到后摸索了半小时连上手机 试用中
送老公的生日礼物，表带他自己另外买的！,送老公的生日礼物 表带他自己另外买的 
灰常喜欢，拿起来就带，电还没有充，有点得瑟,灰常喜欢 拿起来就带 电还没有充 有点得瑟
京东送货快，s3相比s2功能上没增加什么，通话功能增加了，不过外观和质感上面比s2大气多了。个人感觉比我用的苹果手表2也酷多了，希望电池能用的久点，还在研究中。,京东送货快 s#NUM#相比s#NUM#功能上没增加什么 通话功能增加了 不过外观和质感上面比s#NUM#大气多了。个人感觉比我用的苹果手表#NUM#也酷多了 希望电池能用的久点 还在研究中。
太好啦,太好啦
不错，就是功能有点鸡肋，不过颜值爆表啊！,不错 就是功能有点鸡肋 不过颜值爆表啊 
挺漂亮，比f3小了点,挺漂亮 比f#NUM#小了点
比较不错，外观漂亮。表盘样式多,比较不错 外观漂亮。表盘样式多
很好，很大气！和苹果的适配性一般，来电短信没问题。主题不少。软件不多。目前苹果手机不能读取手表的数据，计步，心跳，睡眠这些。希望在软件上以后能改善。,很好 很大气 和苹果的适配性一般 来电短信没问题。主题不少。软件不多。目前苹果手机不能读取手表的数据 计步 心跳 睡眠这些。希望在软件上以后能改善。
男士戴大小正好/质感不错/清晰/手机用得也是三星S7edge/联接快/功能再多一点就好了/电话只有4个联系人直接可以拔打/用手表接打电话清晰/一早接到新机八点开机电量百分之五十五接打3个电话关闭心率下几个软件丿到晚上六点剩余百分之三十四/用二三天应该可以,男士戴大小正好 质感不错 清晰 手机用得也是三星S#NUM#edge 联接快 功能再多一点就好了 电话只有#NUM#个联系人直接可以拔打 用手表接打电话清晰 一早接到新机八点开机电量百分之五十五接打#NUM#个电话关闭心率下几个软件丿到晚上六点剩余百分之三十四 用二三天应该可以
非常好，值得购买,非常好 值得购买
骚气，颜色我也很喜欢?，可是就是没有想象中那么强大，和其他表的功能差不多,骚气 颜色我也很喜欢  可是就是没有想象中那么强大 和其他表的功能差不多
手表蛮好看的，比华为精致，本来看上的是佳明，可是觉得五千买个智能手表还是不值当，比较电子产品寿命估计也就两三年。上手两天，目测电池能用两天多点，其实就当手表用很多功能根本用不上，棒子货还是可以,手表蛮好看的 比华为精致 本来看上的是佳明 可是觉得五千买个智能手表还是不值当 比较电子产品寿命估计也就两三年。上手两天 目测电池能用两天多点 其实就当手表用很多功能根本用不上 棒子货还是可以
整个外观看起来做工很精细，带几个弄个三到四天吧，可用的应用比较少，警方数据不能同步qq运动及微信运动,整个外观看起来做工很精细 带几个弄个三到四天吧 可用的应用比较少 警方数据不能同步qq运动及微信运动
很容易上手，还很漂亮。和iPhone 也很搭，完美！希望电池能够耐久一点吧。,很容易上手 还很漂亮。和iPhone 也很搭 完美 希望电池能够耐久一点吧。
非常好看   跟s8完美匹配,非常好看 跟s#NUM#完美匹配
很愉快的一次购物，1号抢到，2号就收到货了，在这里赞下京东物流，手表比想象中要好，表盘有点偏大，适合男士带，具体情况使用段时间后再做评论,很愉快的一次购物 #NUM#号抢到 #NUM#号就收到货了 在这里赞下京东物流 手表比想象中要好 表盘有点偏大 适合男士带 具体情况使用段时间后再做评论
跟我的s8在一起，完美！！性能强大，样子漂亮，双十一超值，比*便宜不少。,跟我的s#NUM#在一起 完美！性能强大 样子漂亮 双十一超值 比 便宜不少。
为了给note8找个伙伴，把MOTO360换掉！perfece,为了给note#NUM#找个伙伴 把MOTO#NUM#换掉 perfece
很不错，逼格满满,很不错 逼格满满
很喜欢，比之前的果表用的爽些。,很喜欢 比之前的果表用的爽些。
没预想的好玩，不过也是不错的，一波三折的购物，客服解决很好,没预想的好玩 不过也是不错的 一波三折的购物 客服解决很好
只有三星手机支持全部功能！非三星手机注意，没办法买了一个note8，等到货再说,只有三星手机支持全部功能 非三星手机注意 没办法买了一个note#NUM# 等到货再说
看到的还非常不错，正在使用中，但愿能使用时间长一些。,看到的还非常不错 正在使用中 但愿能使用时间长一些。
一如既往地好用，智能手表只选Gear系列。,一如既往地好用 智能手表只选Gear系列。
呵呵，只是一个能装装b的手表，其他的暂时没太多要求，用了一天机子反应快。软件什么的。我没装，只换了个表带，马上有点高大上的感觉了。,呵呵 只是一个能装装b的手表 其他的暂时没太多要求 用了一天机子反应快。软件什么的。我没装 只换了个表带 马上有点高大上的感觉了。
东西超赞 比苹果手表好看百倍,东西超赞 比苹果手表好看百倍
买了快一个月了，首先，这款三星的智能手表颜值比较高，而且主打运动，可以游泳佩戴（还没试过）；其次监测心率、睡眠，连接蓝牙耳机听歌等功能都不错。但只能适配三星的手机，我的华为mate9无法连接，不连接手机待机在四天左右，还不错，值得拥有。,买了快一个月了 首先 这款三星的智能手表颜值比较高 而且主打运动 可以游泳佩戴 还没试过  其次监测心率、睡眠 连接蓝牙耳机听歌等功能都不错。但只能适配三星的手机 我的华为mate#NUM#无法连接 不连接手机待机在四天左右 还不错 值得拥有。
这次买的三星智能手表真好，并且价格也划算啦！谢谢啦！,这次买的三星智能手表真好 并且价格也划算啦 谢谢啦 
在京东购物多次了，非常棒，产品正品！快递速度真的很快！产品体验有效果！整个购物体验很与众不同！正品很关键，因为只有正品才能对人的身体带来巨大的作用了，京东正品一定没问题！,在京东购物多次了 非常棒 产品正品 快递速度真的很快 产品体验有效果 整个购物体验很与众不同 正品很关键 因为只有正品才能对人的身体带来巨大的作用了 京东正品一定没问题 
很喜欢，用起来很好玩，就是贵了点,很喜欢 用起来很好玩 就是贵了点
完美，相当不错，表盘也很丰富，感觉比苹果牛了一圈。,完美 相当不错 表盘也很丰富 感觉比苹果牛了一圈。
样子不错，就是有点大，胳膊比较瘦，应该全五分好评，米6使用完全适配，支持支付扫码。,样子不错 就是有点大 胳膊比较瘦 应该全五分好评 米#NUM#使用完全适配 支持支付扫码。
收到测试了一天感觉不错，无线充电和防水功能很赞。,收到测试了一天感觉不错 无线充电和防水功能很赞。
颜值比苹果好看多了，正好配我的s8+用?,颜值比苹果好看多了 正好配我的s#NUM# 用 
外观没得说，程序比较少。而且表带比较硬，带着有点不舒服。没办法，谁让喜欢呢。,外观没得说 程序比较少。而且表带比较硬 带着有点不舒服。没办法 谁让喜欢呢。
之前一直想买 趁着双11便宜了三百赶紧入手 旋转表盘很不错 电子表面样式很多 不过能装的app还很有限 总体来说不错 还是期待s4吧,之前一直想买 趁着双#NUM#便宜了三百赶紧入手 旋转表盘很不错 电子表面样式很多 不过能装的app还很有限 总体来说不错 还是期待s#NUM#吧
手表功能強大，做工精细。我很喜欢！,手表功能強大 做工精细。我很喜欢 
很不错，反应快。,很不错 反应快。
用了一周时间，比较满意，待机2～3天，电量?剩20后，耗电量以惊人的速度归零！表盘花样繁多点赞??！微信功能有待提升！,用了一周时间 比较满意 待机#NUM# #NUM#天 电量 剩#NUM#后 耗电量以惊人的速度归零 表盘花样繁多点赞？ 微信功能有待提升 
一开始想买来做骑行导航的，后来买到后发现地图基本无法使用，支付软件也无法成功匹配，IOS版不能购买付费应用，除了好看基本一无是处了,一开始想买来做骑行导航的 后来买到后发现地图基本无法使用 支付软件也无法成功匹配 IOS版不能购买付费应用 除了好看基本一无是处了
手表很好看，很有质感，我是本来就当块手表用的，所以听歌微信什么的不是很看重，喜欢！就是没有任何赠品送，表带和无线充电器都没有送，难过！,手表很好看 很有质感 我是本来就当块手表用的 所以听歌微信什么的不是很看重 喜欢 就是没有任何赠品送 表带和无线充电器都没有送 难过 
配三星S8用，S8自带系统连接超方便，满足我健身、上班看时间的需要，此外开车接听电话，走路听歌换曲无需用到手机，开会或应酬不方便接电话，手表可以提示信息。因为是上班族，选了经典款，耐看。,配三星S#NUM#用 S#NUM#自带系统连接超方便 满足我健身、上班看时间的需要 此外开车接听电话 走路听歌换曲无需用到手机 开会或应酬不方便接电话 手表可以提示信息。因为是上班族 选了经典款 耐看。
手表不错，值得购买，计步准确，更好的锻炼,手表不错 值得购买 计步准确 更好的锻炼
挺好的，惊艳的表盘，传统的外观，唯一就是电量问题是通病,挺好的 惊艳的表盘 传统的外观 唯一就是电量问题是通病
不错，开了always on display 可以完整两天。如果平时息屏的话，三天是很轻松。还是圆表盘好看。,不错 开了always on display 可以完整两天。如果平时息屏的话 三天是很轻松。还是圆表盘好看。
方便，可以应急打电话，声音也挺大的！语音助手在开车的时候非常方便！可以语音，文字回复微信，我是表盘常亮，两天一充，可以接受！好评！！,方便 可以应急打电话 声音也挺大的 语音助手在开车的时候非常方便 可以语音 文字回复微信 我是表盘常亮 两天一充 可以接受 好评！
不解释，永远都爱三星gear，货到很快，京东快递的那位大哥热情周到，服务态度超级好，给五星好评！,不解释 永远都爱三星gear 货到很快 京东快递的那位大哥热情周到 服务态度超级好 给五星好评 
不错，配s8?,不错 配s#NUM# 
造型很漂亮，做工也很细致。相比iwhich来说，我更喜欢三星这款。表盘旋转很方便，大小戴着也合适。店家还送了一个无线充电器和两条皮表带?这点非常满意  京东的速度也是一如既往的快。如果有喜欢这款手表的朋友尽管放心入手,造型很漂亮 做工也很细致。相比iwhich来说 我更喜欢三星这款。表盘旋转很方便 大小戴着也合适。店家还送了一个无线充电器和两条皮表带 这点非常满意 京东的速度也是一如既往的快。如果有喜欢这款手表的朋友尽管放心入手
特地用了一些时间再来评价，手表还不错，只不过待机时间是个问题，充满电不使用节电模式不够一天用的。其余还是不错的不管是外形还是功能，跟我的s8+链接很好，绝配。,特地用了一些时间再来评价 手表还不错 只不过待机时间是个问题 充满电不使用节电模式不够一天用的。其余还是不错的不管是外形还是功能 跟我的s#NUM# 链接很好 绝配。
和用了多年的S2放一起，看者都懂的。新手机还没到尚不能使用，充电挺好的，直接放在充电座上即可，且还蛮快的，但愿今后能待机时间长一点。表带没有S2的好，S3脱戴不方便一。乳胶的适合夏天，皮质的适合三季，但赠品也是传统带扣，不好用。,和用了多年的S#NUM#放一起 看者都懂的。新手机还没到尚不能使用 充电挺好的 直接放在充电座上即可 且还蛮快的 但愿今后能待机时间长一点。表带没有S#NUM#的好 S#NUM#脱戴不方便一。乳胶的适合夏天 皮质的适合三季 但赠品也是传统带扣 不好用。
这款表加入购物车很久了。，看到降价了，赶紧入手了，就是等了好几天都没货，总的来说，这款表老公很喜欢,这款表加入购物车很久了。 看到降价了 赶紧入手了 就是等了好几天都没货 总的来说 这款表老公很喜欢
三星粉，表盘大小刚好，戴着很轻盈，很喜欢。,三星粉 表盘大小刚好 戴着很轻盈 很喜欢。
特别拉风的手表，带出去别人看惯了苹果都会问这是什么高级货。功能不比苹果少，兼容性比水果更强大。,特别拉风的手表 带出去别人看惯了苹果都会问这是什么高级货。功能不比苹果少 兼容性比水果更强大。
还不错，就是送来也没和盒子拿个袋子装的没有泡泡纸巨亏啊，手表差不多两天一充还能接受，目前还没发现什么大问题，用段时间再追评,还不错 就是送来也没和盒子拿个袋子装的没有泡泡纸巨亏啊 手表差不多两天一充还能接受 目前还没发现什么大问题 用段时间再追评
手表不错，是国行正品。三星的品质一直是很好，京东物流也很给力，为京东，赞一个。,手表不错 是国行正品。三星的品质一直是很好 京东物流也很给力 为京东 赞一个。
真不错，之前用开S2，一直挺纠结要不要买S3，后来一要牙买了S3，难得老婆大大说了句真大气，哈哈，心就放下了，用着真心比S2好。续航给力，能接电话，海拔，气压，颜值高，这些是我换S3的原因（jiekou）,真不错 之前用开S#NUM# 一直挺纠结要不要买S#NUM# 后来一要牙买了S#NUM# 难得老婆大大说了句真大气 哈哈 心就放下了 用着真心比S#NUM#好。续航给力 能接电话 海拔 气压 颜值高 这些是我换S#NUM#的原因 jiekou 
很喜欢，一到手就直接下了好几个表盘，而且在声音大的地方再也不怕漏接一个电话了,很喜欢 一到手就直接下了好几个表盘 而且在声音大的地方再也不怕漏接一个电话了
相信京东应该是正品和我的三星S7匹配非常好不过感觉有点厚,相信京东应该是正品和我的三星S#NUM#匹配非常好不过感觉有点厚
很好颜值高，系统也很流畅，感觉很棒还在探索中。京东买着放心，送货的也给力。,很好颜值高 系统也很流畅 感觉很棒还在探索中。京东买着放心 送货的也给力。
还不错哦！本来想等最新一代的，可是今年根本没出...,还不错哦 本来想等最新一代的 可是今年根本没出。
使用第三天，大小，操作都正合适，稍微有点厚。双十一那天，降价100，申请了价格保护也通过了，所以，五星好评。,使用第三天 大小 操作都正合适 稍微有点厚。双十一那天 降价#NUM# 申请了价格保护也通过了 所以 五星好评。
犹豫了很久，之前一度买过Ticwatch，结果不抗使用，早上满电到了傍晚就快没电了。后来甚至考虑到小米的，后来买过华为的，结果感觉小小屏幕手滑来滑去，很不方便。后来还是最终心一狠，还是直接上这只『表王』，果然不失望，转转转的很方便，真的很方便！！！而且很耐电，基本上两三天一充，太棒了。,犹豫了很久 之前一度买过Ticwatch 结果不抗使用 早上满电到了傍晚就快没电了。后来甚至考虑到小米的 后来买过华为的 结果感觉小小屏幕手滑来滑去 很不方便。后来还是最终心一狠 还是直接上这只 表王  果然不失望 转转转的很方便 真的很方便！而且很耐电 基本上两三天一充 太棒了。
手表不错，而且盒子可以当充电坐，不错不错,手表不错 而且盒子可以当充电坐 不错不错
首先怪我再买之前没有好好研究个版本的区别，作为经常运动使用来说，sport版是最最最合适的，因为只是没有麦克风和扬声器，其他的都一样，我只是要个手表可以运动而已，有不需要打电话，有电话完全足够了，所以现在略有些后悔，但是质量确实没有问题，赠品也很好，总得来讲，商品还是满意的，一定要根据需求进行选择！,首先怪我再买之前没有好好研究个版本的区别 作为经常运动使用来说 sport版是最最最合适的 因为只是没有麦克风和扬声器 其他的都一样 我只是要个手表可以运动而已 有不需要打电话 有电话完全足够了 所以现在略有些后悔 但是质量确实没有问题 赠品也很好 总得来讲 商品还是满意的 一定要根据需求进行选择 
外形很酷，使用中，软件确实不多，留待观察&hellip;&hellip;,外形很酷 使用中 软件确实不多 留待观察 hellip  hellip 
手表很漂亮，可惜我的三星S8还没到手，相信他俩一定很般配！,手表很漂亮 可惜我的三星S#NUM#还没到手 相信他俩一定很般配 
很棒，和s8完美结合，功能强大，,很棒 和s#NUM#完美结合 功能强大 
我以为再赠送一个充电器，后来客服说这个自带的附属充电器（产品附属配件）就是赠品，才恍然大悟，原来买手表是不带充电器的，充电器是送的&hellip;&hellip;买三星的电子设备是没有数据连接线和充电器的&hellip;&hellip;,我以为再赠送一个充电器 后来客服说这个自带的附属充电器 产品附属配件 就是赠品 才恍然大悟 原来买手表是不带充电器的 充电器是送的 hellip  hellip 买三星的电子设备是没有数据连接线和充电器的 hellip  hellip 
包装很精美 手表也很好给京东一个赞,包装很精美 手表也很好给京东一个赞
非常的好看，尤其是表盘转动设计，既方便又有科技感！,非常的好看 尤其是表盘转动设计 既方便又有科技感 
挺好的，功能全。软件运行流畅，待机时间两天以上。,挺好的 功能全。软件运行流畅 待机时间两天以上。
东西超级好用，很喜欢,东西超级好用 很喜欢
手表用了一个礼拜来评论的，手表特别漂亮，配合本人s8完美，就是有一些功能鸡肋，希望以后能有大大的改进。但是还是一如既往的支持三星，大爱三星!!!,手表用了一个礼拜来评论的 手表特别漂亮 配合本人s#NUM#完美 就是有一些功能鸡肋 希望以后能有大大的改进。但是还是一如既往的支持三星 大爱三星！
物流快，是正品。充电快，能用两天。功能多，比什么果要好,物流快 是正品。充电快 能用两天。功能多 比什么果要好
首日即申请换货的手表，换货后最终留下了。表很漂亮，非常适合男生尤其是使用三星手机的男生，非常不适合女生。退换原因，手表振动太小（已设置为最大振动，长振动），在室外几乎感觉不到。而且每次开机，一开始振动还行，过一会越来越小。戴了一天申请换货，京东超给力一点不墨迹给换了。新表感觉振动稍微好点，不过还是会开机后一会变弱，想来不是单品问题就留下了。前几天手表升级固件，明确标注修复振动问题，还提升了运动跟踪准确。感觉现在可以入手了。手表使用某些表盘，日常使用时间可以达到4天，这点非常满意。另外之前使用三星手环，充电触点居然会烂掉无法充电，记得一定购买无线充电的产品。,首日即申请换货的手表 换货后最终留下了。表很漂亮 非常适合男生尤其是使用三星手机的男生 非常不适合女生。退换原因 手表振动太小 已设置为最大振动 长振动  在室外几乎感觉不到。而且每次开机 一开始振动还行 过一会越来越小。戴了一天申请换货 京东超给力一点不墨迹给换了。新表感觉振动稍微好点 不过还是会开机后一会变弱 想来不是单品问题就留下了。前几天手表升级固件 明确标注修复振动问题 还提升了运动跟踪准确。感觉现在可以入手了。手表使用某些表盘 日常使用时间可以达到#NUM#天 这点非常满意。另外之前使用三星手环 充电触点居然会烂掉无法充电 记得一定购买无线充电的产品。
很不错颜值非常高，就是软件比较少，运动监控很棒,很不错颜值非常高 就是软件比较少 运动监控很棒
都到齐了，很满意的购物，相信京东,都到齐了 很满意的购物 相信京东
"看着挺好看的，用手表打了好几个电话了,挺有意思的！",看着挺好看的 用手表打了好几个电话了 挺有意思的 
送的表带不错，看起来很有质感！,送的表带不错 看起来很有质感 
很好，非常满意！快递员非常敬业！京东大品牌值得信赖,很好 非常满意 快递员非常敬业 京东大品牌值得信赖
非常好，上午买下午就到，京东物流就是给力,非常好 上午买下午就到 京东物流就是给力
喜欢  暂时还在摸索中，使用一段时间再评价,喜欢 暂时还在摸索中 使用一段时间再评价
东西很不错，待电时间两天左右，方便实用。,东西很不错 待电时间两天左右 方便实用。
不错，挺好的 功能多,不错 挺好的 功能多
挺好看的，颜值没问题，功能正在了解中,挺好看的 颜值没问题 功能正在了解中
可以的  挺好看哦就是容易磨损,可以的 挺好看哦就是容易磨损
可以，我很喜欢，现在用起来蛮好用的,可以 我很喜欢 现在用起来蛮好用的
关注了好久，昨晚10点多下的单，中午就到了，赞个！超级帅，装酷必备，比苹果好玩多了，特别是某付宝付款时，各位自行补脑。,关注了好久 昨晚#NUM#点多下的单 中午就到了 赞个 超级帅 装酷必备 比苹果好玩多了 特别是某付宝付款时 各位自行补脑。
非常好，比我想象的要实用。,非常好 比我想象的要实用。
蓝黑配色，比较稳重，如果能再鲜艳点就更好了，配个大红色表带吧~,蓝黑配色 比较稳重 如果能再鲜艳点就更好了 配个大红色表带吧 
外观非常的漂亮，各项功能都很强大。,外观非常的漂亮 各项功能都很强大。
东西收到以后马上查看，发现与图片描述一致，超级喜欢，卖家发货速度很快，，服务也很到位，给老板点个赞，下次还会来购买.........,东西收到以后马上查看 发现与图片描述一致 超级喜欢 卖家发货速度很快  服务也很到位 给老板点个赞 下次还会来购买。
才收到货，赠品多多很满意，手表也漂亮，比苹果的小天才好看多了。,才收到货 赠品多多很满意 手表也漂亮 比苹果的小天才好看多了。
京东购物快递真给力！昨晚下的单子今早上接着就到了！必须给个好评！,京东购物快递真给力 昨晚下的单子今早上接着就到了 必须给个好评 
太喜欢了，颜值超高，就是电量有点不够用，试下来，两天一充。,太喜欢了 颜值超高 就是电量有点不够用 试下来 两天一充。
不是我吹牛B，在两年前一个夏天，我去了一个水特深的水库游泳，游到水库中心的时候，四肢全部抽筋了，我完全是靠J8摆动才能游了50米，后来J8也抽筋了，没有办法又用刚门夹住一条鱼，靠鱼摆到了岸边，最后我又靠射jing的后坐力完美上岸，捡回条命。操作不比这个低。,不是我吹牛B 在两年前一个夏天 我去了一个水特深的水库游泳 游到水库中心的时候 四肢全部抽筋了 我完全是靠J#NUM#摆动才能游了#NUM#米 后来J#NUM#也抽筋了 没有办法又用刚门夹住一条鱼 靠鱼摆到了岸边 最后我又靠射jing的后坐力完美上岸 捡回条命。操作不比这个低。
真心喜欢，之前用的是手环，但手表的功能要强大很多。表盘选择余地也很大~还在继续摸索中,真心喜欢 之前用的是手环 但手表的功能要强大很多。表盘选择余地也很大 还在继续摸索中
做工精良，外观漂亮，大小合适，与S7edge配对完美。第一次佩戴智能手表，感觉非常棒，比之前西铁城光动能电波表更高科技，更时尚，更实用。强大功能在今后使用中慢慢体会。,做工精良 外观漂亮 大小合适 与S#NUM#edge配对完美。第一次佩戴智能手表 感觉非常棒 比之前西铁城光动能电波表更高科技 更时尚 更实用。强大功能在今后使用中慢慢体会。
外观漂亮，功能多。,外观漂亮 功能多。
刚收到3小时，外观高端大气上档次，完美，心仪一款智能表，试戴后再评论。,刚收到#NUM#小时 外观高端大气上档次 完美 心仪一款智能表 试戴后再评论。
看这不错，功能挺强大，外观无敌，比苹果的好看,看这不错 功能挺强大 外观无敌 比苹果的好看
心仪很久了，终于在双11买到了，和我的note8连接非常顺畅，完美。另外京东快递也很给力，虽然是双11仍然是第二天就到货了，非常赞?,心仪很久了 终于在双#NUM#买到了 和我的note#NUM#连接非常顺畅 完美。另外京东快递也很给力 虽然是双#NUM#仍然是第二天就到货了 非常赞 
宝贝收到了，一直都想买，这次终于买了，多种表盘可以换很满意，表带一收到就换成送的皮带了，除了苹果软件少点其他都很满意！,宝贝收到了 一直都想买 这次终于买了 多种表盘可以换很满意 表带一收到就换成送的皮带了 除了苹果软件少点其他都很满意 
特舒服！特有面子！,特舒服 特有面子 
2号中午收到后立刻去水库游了一圈。颜值挺高，但是游泳只能设置游泳池的。野外游泳暂时不知道怎么打开gps测量游了多远。希望软件尽快配置,#NUM#号中午收到后立刻去水库游了一圈。颜值挺高 但是游泳只能设置游泳池的。野外游泳暂时不知道怎么打开gps测量游了多远。希望软件尽快配置
先说下配对问题。魅族pro5，安卓5.1，用魅族商店的gear三件套，能搜到但匹配失败。删掉后扫手表配对页面的二维码，安装后配对成功但后台不稳。最后在电源管理允许后台运行后终于能用了。但是在锁定gear后台运行的情况下清理进程手表会断联然后立刻重新连接，这点超级烦。,先说下配对问题。魅族pro#NUM# 安卓#NUM# #NUM# 用魅族商店的gear三件套 能搜到但匹配失败。删掉后扫手表配对页面的二维码 安装后配对成功但后台不稳。最后在电源管理允许后台运行后终于能用了。但是在锁定gear后台运行的情况下清理进程手表会断联然后立刻重新连接 这点超级烦。
说说使用。躺床上睡了两个小时显示步行1000步，可能是这表成精了自己出去溜了一圈。表盘没找到几个好看的，商店里大多很贵而且配先锋版才有范。屏幕没有想象中那么细腻，颜色也不太好。不过我倒是觉得这个系统挺好的，虽然清理内存必须用手机这一点**了些。用一段看看吧，试试续航和充电，希望能让自己满意。,说说使用。躺床上睡了两个小时显示步行#NUM#步 可能是这表成精了自己出去溜了一圈。表盘没找到几个好看的 商店里大多很贵而且配先锋版才有范。屏幕没有想象中那么细腻 颜色也不太好。不过我倒是觉得这个系统挺好的 虽然清理内存必须用手机这一点  了些。用一段看看吧 试试续航和充电 希望能让自己满意。
这个比华为的都强太多了，尤其是屏幕显示，待机时间&hellip;,这个比华为的都强太多了 尤其是屏幕显示 待机时间 hellip 
使用了4天了，外观很棒，重量轻。功能还好吧，可以跑步的时候带着听歌，测步。蓝牙接电话。闹钟。三天左右充一次电,使用了#NUM#天了 外观很棒 重量轻。功能还好吧 可以跑步的时候带着听歌 测步。蓝牙接电话。闹钟。三天左右充一次电
还行，就是华为手机刚开始连的时候费了点周折，电量够用两天，不足的是支持的应用少，微信不能回复！防水的功能比较强大，总体打70分！,还行 就是华为手机刚开始连的时候费了点周折 电量够用两天 不足的是支持的应用少 微信不能回复 防水的功能比较强大 总体打#NUM#分 
买给他的礼物，非常漂亮，带起来很man。有很多表盘的图片，可以经常换。价格有点小贵。,买给他的礼物 非常漂亮 带起来很man。有很多表盘的图片 可以经常换。价格有点小贵。
优点：表盘很惊艳，手表重量比想象中轻很多，电池能用两天半，手表自带的三星健康功能很强大,优点 表盘很惊艳 手表重量比想象中轻很多 电池能用两天半 手表自带的三星健康功能很强大
缺点：GPS功能太弱，在空旷处定位也经常失败，安装的百度地图是鸡肋，要连手机网络加上GPS定位成功才能定位当前位置地图。抬腕唤醒手机不是总能成功，zhuangB有时候会失败:(,缺点 GPS功能太弱 在空旷处定位也经常失败 安装的百度地图是鸡肋 要连手机网络加上GPS定位成功才能定位当前位置地图。抬腕唤醒手机不是总能成功 zhuangB有时候会失败  
安装小tip：在手机上安装三星软件，需要将三个samsung gear的程序的自动启动设成允许，要不然程序会起不来；在权限管理里面要允许这三个程序读写手机存储，要不然没法下载软件和表盘。,安装小tip 在手机上安装三星软件 需要将三个samsung gear的程序的自动启动设成允许 要不然程序会起不来 在权限管理里面要允许这三个程序读写手机存储 要不然没法下载软件和表盘。
使用小tip：在手表主页上向下划，当中最下方那个减号，能直接设置免打扰模式，很实用。,使用小tip 在手表主页上向下划 当中最下方那个减号 能直接设置免打扰模式 很实用。
电池还可以，基本可以用三天没问题。生活防水，语音唤醒识别一般，时而好用时而不好用，可以装的软件不多，表盘倒是不少。,电池还可以 基本可以用三天没问题。生活防水 语音唤醒识别一般 时而好用时而不好用 可以装的软件不多 表盘倒是不少。
待机可以到两天，买回来游泳用的，目前还没下水,待机可以到两天 买回来游泳用的 目前还没下水
本人强迫症晚期患者，基本上现在目前主流大品牌的智能手表都用过了，还是三星的gear最好使，从整体的外观性，再到设计性、实用性几个方面来说，都一点不输Apple，当然，搭配s8、note8传输性，监测更为紧密些！！,本人强迫症晚期患者 基本上现在目前主流大品牌的智能手表都用过了 还是三星的gear最好使 从整体的外观性 再到设计性、实用性几个方面来说 都一点不输Apple 当然 搭配s#NUM#、note#NUM#传输性 监测更为紧密些！
非常满意，还有赠品。比实体店便宜。功能强大。正常使用晚上不关机，三天充电一次。比苹果手表好用。,非常满意 还有赠品。比实体店便宜。功能强大。正常使用晚上不关机 三天充电一次。比苹果手表好用。
没有后悔，三星一如既往的精致，真的很酷，使用2天还有42%的电量，这是我没有想到的。,没有后悔 三星一如既往的精致 真的很酷 使用#NUM#天还有#NUM# 的电量 这是我没有想到的。
买的就是颜值和续航。实用性其实一般。但是S健康真的好用。重度使用的话必须一天一充。逼格满满，颜值高就够了。期待系统赶紧更新添加一些更实用的功能。至少能得能上个微信啥的吧。,买的就是颜值和续航。实用性其实一般。但是S健康真的好用。重度使用的话必须一天一充。逼格满满 颜值高就够了。期待系统赶紧更新添加一些更实用的功能。至少能得能上个微信啥的吧。
"送货速度如飞，宝贝质量非常好，配合s8+完美，非常满意,真的很喜欢，完全超出期望值，",送货速度如飞 宝贝质量非常好 配合s#NUM# 完美 非常满意 真的很喜欢 完全超出期望值 
不错啊，感觉比较好。,不错啊 感觉比较好。
晚上8点收到的宝贝，玩了3个半小时还剩下40%电量，目前给我的感觉是非常值。遗憾的就是微信不能用。,晚上#NUM#点收到的宝贝 玩了#NUM#个半小时还剩下#NUM# 电量 目前给我的感觉是非常值。遗憾的就是微信不能用。
实际感觉很好，比之前用的applewatch感觉好看和使用一些，特别适合S8,实际感觉很好 比之前用的applewatch感觉好看和使用一些 特别适合S#NUM#
一分价格一分货 这个手表值这个价 比我之前买的ticwatch 好多了,一分价格一分货 这个手表值这个价 比我之前买的ticwatch 好多了
老公超级粉的表，已经顺便还了手机，三星已经全家福了，很好看。表带也送的足。,老公超级粉的表 已经顺便还了手机 三星已经全家福了 很好看。表带也送的足。
比苹果的方形手表好看多了。,比苹果的方形手表好看多了。
正常使用3天左右充一次电，还蛮方便的。,正常使用#NUM#天左右充一次电 还蛮方便的。
微信、短信都不能回复？也有可能是我没研究,微信、短信都不能回复 也有可能是我没研究
目前作为一款手表是合格的，可以换表带,目前作为一款手表是合格的 可以换表带
手机在双11比平时优惠，见到有降价立马买下，挺喜欢，功能还在摸索中。,手机在双#NUM#比平时优惠 见到有降价立马买下 挺喜欢 功能还在摸索中。
很好很好，重量和大小刚好，品质就是品质，遗憾的是没有支持ESIM和SAMSUNG PAY,很好很好 重量和大小刚好 品质就是品质 遗憾的是没有支持ESIM和SAMSUNG PAY
不错，挺好的，功能研究中，挺有个性，奶奶的虽然讨厌棒子，但这个设备不错！,不错 挺好的 功能研究中 挺有个性 奶奶的虽然讨厌棒子 但这个设备不错 
非常漂亮，待机时间长，功能也还可以，超出预期，比苹果表好，超值,非常漂亮 待机时间长 功能也还可以 超出预期 比苹果表好 超值
用了这么久，感觉很棒，自动记录运动信息，不主动设置也可以记录，比华为那种手表好太多了,用了这么久 感觉很棒 自动记录运动信息 不主动设置也可以记录 比华为那种手表好太多了
这才是手表应有的样子嘛，做工不错，希望功能也不要让我失望才好。,这才是手表应有的样子嘛 做工不错 希望功能也不要让我失望才好。
和三星手机一起使用很方便 可以接打电话  充满电可以用两天,和三星手机一起使用很方便 可以接打电话 充满电可以用两天
非常漂亮的手表，庄重大气，非常适合男士，绝对值得拥有。。。。,非常漂亮的手表 庄重大气 非常适合男士 绝对值得拥有。
颜值很高，价格合适，快递服务好，买了不后悔！功能也符合我的要求,颜值很高 价格合适 快递服务好 买了不后悔 功能也符合我的要求
只前以为可以连接萍果手机，连了无数次都无法连接上，现在只能是带个电子表装饰一下。,只前以为可以连接萍果手机 连了无数次都无法连接上 现在只能是带个电子表装饰一下。
不错，物美价廉，非常不错的，一直在京东买东西，相信京东！,不错 物美价廉 非常不错的 一直在京东买东西 相信京东 
从s买到s3，有所进步，但不大，无sim卡是硬伤,从s买到s#NUM# 有所进步 但不大 无sim卡是硬伤
实在太满意了 关注了好久 昨天果断下单 今天早上就收到了 快 功能还没注意,实在太满意了 关注了好久 昨天果断下单 今天早上就收到了 快 功能还没注意
之前买过一个丢了，本来想等s4，结果出了sport，没有扬声器。只能再买s3咯,之前买过一个丢了 本来想等s#NUM# 结果出了sport 没有扬声器。只能再买s#NUM#咯
不错  很喜欢  就是这个系统有点难受   没有微信的APP,不错 很喜欢 就是这个系统有点难受 没有微信的APP
手表颜值很高，侧着充电帅爆了，无线充电很方便，还能接听电话之类的挺好的。,手表颜值很高 侧着充电帅爆了 无线充电很方便 还能接听电话之类的挺好的。
用了2个月才来评价一是为了体验，二是有点小忙。不过2个月的体验我很满意，说再多也是徒劳，总之一句话《你值得拥有》,用了#NUM#个月才来评价一是为了体验 二是有点小忙。不过#NUM#个月的体验我很满意 说再多也是徒劳 总之一句话 你值得拥有 
还行，就是被阉割了esim和ssp，微信也不能语音回复,还行 就是被阉割了esim和ssp 微信也不能语音回复
比想象要好。我没开任何省电，能用两天。但是我TT充电，就睡觉去洗涮的时候充一会儿，睡觉再带上。可以检测睡眠，棒不棒！,比想象要好。我没开任何省电 能用两天。但是我TT充电 就睡觉去洗涮的时候充一会儿 睡觉再带上。可以检测睡眠 棒不棒 
常用的功能都有，时间久了你会把他当做一个有很多辅助功能的手表而已，太多的功能也是噱头。那么小的小屏幕能指望干啥啊？,常用的功能都有 时间久了你会把他当做一个有很多辅助功能的手表而已 太多的功能也是噱头。那么小的小屏幕能指望干啥啊 
用了5天？谈谈感受：续航大概3-4天左右，还行，功能较齐全，反正能用的到的都有，表盘超多，感觉一天一换一年不重样都没问题，不足的话，比如对国产APP的支持不够，某企鹅聊天消息只能显示不能回复，而且一旦有超过1个聊天对象，就不会显示信息了，打电话声音小，一到吵杂环境听起来吃力，重量较大，平常还好，跑步就一坠一坠的，总而言之智能手表还是比较鸡肋，只能起到协助作用，买不买完全看个人，还有就是对三星手机支持较好，别的手机就查一些了,用了#NUM#天 谈谈感受 续航大概#NUM#-#NUM#天左右 还行 功能较齐全 反正能用的到的都有 表盘超多 感觉一天一换一年不重样都没问题 不足的话 比如对国产APP的支持不够 某企鹅聊天消息只能显示不能回复 而且一旦有超过#NUM#个聊天对象 就不会显示信息了 打电话声音小 一到吵杂环境听起来吃力 重量较大 平常还好 跑步就一坠一坠的 总而言之智能手表还是比较鸡肋 只能起到协助作用 买不买完全看个人 还有就是对三星手机支持较好 别的手机就查一些了
手表不错，满电可用4天，功能还在摸索中，五星好评！,手表不错 满电可用#NUM#天 功能还在摸索中 五星好评 
相比iPhone4时代，苹果iPhone8|8 Plus优秀的工艺水准提升显而易见，金属边框和玻璃面板贴合的堪称完美。并且，其达到了IP67的防尘防水能力。同时，其背部玻璃面板也采用了2.5D边缘处理，手感非常出色，相信很多人对于2.5D的手感已经不陌生了。相比iPhone4时代，苹果iPhone8|8 Plus优秀的工艺水准提升显而易见，金属边框和玻璃面板贴合的堪称完美。并且，其达到了IP67的防尘防水能力。同时，其背部玻璃面板也采用了2.5D边缘处理，手感非常出色，相信很多人对于2.5D的手感已经不陌生了。,相比iPhone#NUM#时代 苹果iPhone#NUM# #NUM# Plus优秀的工艺水准提升显而易见 金属边框和玻璃面板贴合的堪称完美。并且 其达到了IP#NUM#的防尘防水能力。同时 其背部玻璃面板也采用了#NUM# #NUM#D边缘处理 手感非常出色 相信很多人对于#NUM# #NUM#D的手感已经不陌生了。相比iPhone#NUM#时代 苹果iPhone#NUM# #NUM# Plus优秀的工艺水准提升显而易见 金属边框和玻璃面板贴合的堪称完美。并且 其达到了IP#NUM#的防尘防水能力。同时 其背部玻璃面板也采用了#NUM# #NUM#D边缘处理 手感非常出色 相信很多人对于#NUM# #NUM#D的手感已经不陌生了。
表带换了，屏幕一样粘指纹，不过和s 8是蛮高的配合度的,表带换了 屏幕一样粘指纹 不过和s #NUM#是蛮高的配合度的
手表受到了 一直忘了评价 已经用了一段时间 感觉很好用 方便。性价比超高,手表受到了 一直忘了评价 已经用了一段时间 感觉很好用 方便。性价比超高
手表很不错，购买前用苹果手机，一直关注苹果手表，但是觉得很一般。,手表很不错 购买前用苹果手机 一直关注苹果手表 但是觉得很一般。
这次换了三星手机，对比苹果手表后，直接买了三星s3手表。,这次换了三星手机 对比苹果手表后 直接买了三星s#NUM#手表。
最后说一句：三星手表很不错！三星手机很不好！,最后说一句 三星手表很不错 三星手机很不好 
非常漂亮，真的太炫酷了！是能打电话的手表哦,非常漂亮 真的太炫酷了 是能打电话的手表哦
没去验证，手表手感质感蛮好的。第一次在京东下单，果然隔天到体验蛮好的。,没去验证 手表手感质感蛮好的。第一次在京东下单 果然隔天到体验蛮好的。
不错，颜值爆表，为了完美适配又败了个S8+,不错 颜值爆表 为了完美适配又败了个S#NUM# 
XL码的时候来说吧说吧说吧说吧说吧说吧说吧说吧说吧,XL码的时候来说吧说吧说吧说吧说吧说吧说吧说吧说吧
很亮，很帅，非常好，京东还是一路既往的好。,很亮 很帅 非常好 京东还是一路既往的好。
手机配手表，完美，用着不错。,手机配手表 完美 用着不错。
心仪了好多天了，到手就带戴上了。好多年不戴表了。非常喜欢。,心仪了好多天了 到手就带戴上了。好多年不戴表了。非常喜欢。
很好，正品，开车方便，功能还在研究中。,很好 正品 开车方便 功能还在研究中。
功能还不错 就是必须要搭配三星手机才行 摁键才几天就感觉不好用了,功能还不错 就是必须要搭配三星手机才行 摁键才几天就感觉不好用了
手表很好，不错，超级满意，跟s8很配,手表很好 不错 超级满意 跟s#NUM#很配
东西很好，好多功能正在研究中，物流特给力，比顺丰都快,东西很好 好多功能正在研究中 物流特给力 比顺丰都快
这个智能手表我已经关注很久了，这次终于忍不住把它亲回家使用感觉无比的帅气。这是我人生第一块智能手表，超帅气的表希望能陪我度过现在的贫穷期带你去致富！！！,这个智能手表我已经关注很久了 这次终于忍不住把它亲回家使用感觉无比的帅气。这是我人生第一块智能手表 超帅气的表希望能陪我度过现在的贫穷期带你去致富！
非常好，要是能回微信就更理想啦！,非常好 要是能回微信就更理想啦 
未解决问题，就一小点磕碰了一下，不给换货了，不知道是退款还是返厂维修，得一个月,未解决问题 就一小点磕碰了一下 不给换货了 不知道是退款还是返厂维修 得一个月
高大尚的一款手表，样子很漂亮，质感也不错，但是微信不支持图标，不能单独操作。其他没有什么问题。,高大尚的一款手表 样子很漂亮 质感也不错 但是微信不支持图标 不能单独操作。其他没有什么问题。
在用，还行，就是手表老被我磕碰，唉,在用 还行 就是手表老被我磕碰 唉
手表很不错，优点大家说了很多，不重复。说几点不足:价格还是贵了不少，应该更亲民;手表太厚了，不轻便，技术上难度不大;电池续航不给力，两天吧，频繁充电不方便，又不能用充电宝。,手表很不错 优点大家说了很多 不重复。说几点不足 价格还是贵了不少 应该更亲民 手表太厚了 不轻便 技术上难度不大 电池续航不给力 两天吧 频繁充电不方便 又不能用充电宝。
手表满分。2000多的电子产品你就这样给我送过来？,手表满分。#NUM#多的电子产品你就这样给我送过来 
轻便，款式比较时尚，运动戴着不错。,轻便 款式比较时尚 运动戴着不错。
手表很好.很好用，非常漂亮。,手表很好 很好用 非常漂亮。
刚拿到手里，充了电，还没有用别的功能。感觉不错。,刚拿到手里 充了电 还没有用别的功能。感觉不错。
送人的，看起来很好看。,送人的 看起来很好看。
一直用的三星，这款手表用起来很不错，很有范。,一直用的三星 这款手表用起来很不错 很有范。
赠品，不错。。。。值得。。,赠品 不错。值得。。
体验稍差，懒得退了,体验稍差 懒得退了
不错不错，就是链接iPhone用不了支付功能,不错不错 就是链接iPhone用不了支付功能
下了个表盘，好看，检测运动和睡眠就靠它了,下了个表盘 好看 检测运动和睡眠就靠它了
三星的手表做的不错，很好用。,三星的手表做的不错 很好用。
绝对超值，双十一购买比平时便宜了300元。,绝对超值 双十一购买比平时便宜了#NUM#元。
非常好的产品，用起来快，不错不错，还会选购,非常好的产品 用起来快 不错不错 还会选购
还是不错的功能很强大&hellip;&hellip;,还是不错的功能很强大 hellip  hellip 
还没有用过，还没有打开送人的，圣诞节,还没有用过 还没有打开送人的 圣诞节
是正品，送货师傅好快,是正品 送货师傅好快
手表功能很强大，就是续航不太给力。,手表功能很强大 就是续航不太给力。
三星的老粉丝了，表很强大！,三星的老粉丝了 表很强大 
一次购买3块，送朋友送客户很不错。,一次购买#NUM#块 送朋友送客户很不错。
手表用的还形，就是电池不耐用,手表用的还形 就是电池不耐用
狠不错，速度狠快，款式我喜欢！！！,狠不错 速度狠快 款式我喜欢！
一直关注着，挺喜欢的，三星大法好！,一直关注着 挺喜欢的 三星大法好 
宝贝非常不错，颜色款式非常喜欢，超赞,宝贝非常不错 颜色款式非常喜欢 超赞
还不错 就是第一次连接手机要重启 不然连不上 有可能是黑域或者空调狗等造成的,还不错 就是第一次连接手机要重启 不然连不上 有可能是黑域或者空调狗等造成的
这包裹还真够随意的，随便套个袋子就就完事了，真是无语了；快递小哥很不错，这速度杠杠滴！手表这真心不错，非常好用，总体来说还是挺不错的！,这包裹还真够随意的 随便套个袋子就就完事了 真是无语了 快递小哥很不错 这速度杠杠滴 手表这真心不错 非常好用 总体来说还是挺不错的 
不错 全新 箱票齐全 到货也很快,不错 全新 箱票齐全 到货也很快
买的值，双十二价格2489入手,买的值 双十二价格#NUM#入手
品质一般，这两个是送的，超爱原装!,品质一般 这两个是送的 超爱原装 
东东不错，和手机匹配后非常强大,东东不错 和手机匹配后非常强大
跟三星手机完美配合，很喜欢,跟三星手机完美配合 很喜欢
正品行货物美价廉值得购买,正品行货物美价廉值得购买
一直想买很久了，用起来真心不错。,一直想买很久了 用起来真心不错。
用了2天还不错，待机2天,用了#NUM#天还不错 待机#NUM#天
用着不错，物有所值。,用着不错 物有所值。
手表非常酷炫，京东给力,手表非常酷炫 京东给力
非常好的一款手表。满意,非常好的一款手表。满意
不错，就是功能感觉还是有些少，另外系统是Tizen的感觉没有Andriod Wear 的手表上的应用多，还有Samsung pay 依然不能用&hellip;&hellip;,不错 就是功能感觉还是有些少 另外系统是Tizen的感觉没有Andriod Wear 的手表上的应用多 还有Samsung pay 依然不能用 hellip  hellip 
很不错，还在研究,很不错 还在研究
快递服务很差。无语。,快递服务很差。无语。
原装正品好用发货超快,原装正品好用发货超快
外观设计漂亮，界面设计操作方便，功能强大够用，还在探索中！,外观设计漂亮 界面设计操作方便 功能强大够用 还在探索中 
非常好，好，好，好,非常好 好 好 好
表还是可以的，我不知道是设计问题还是我脸黑 第一次拿上5.6天出现了上部按键回弹不畅卡涩的问题我申请换货了，没想到换回来第二天就又出现上部按键卡涩的问题了，而且还又多了一个旋转盘上测不牢，又明显活动的问题（如果你拿着手表摇晃明显可以听到旋转盘响动）我想我还是算了吧万一又换回一个更次的呢..表的软件还是没问题.安卓目前最好看的表没有之一（APP太少了点）,表还是可以的 我不知道是设计问题还是我脸黑 第一次拿上#NUM# #NUM#天出现了上部按键回弹不畅卡涩的问题我申请换货了 没想到换回来第二天就又出现上部按键卡涩的问题了 而且还又多了一个旋转盘上测不牢 又明显活动的问题 如果你拿着手表摇晃明显可以听到旋转盘响动 我想我还是算了吧万一又换回一个更次的呢  表的软件还是没问题 安卓目前最好看的表没有之一 APP太少了点 
目前体验很完美，最主要的是真好看，智能手表里的颜王！,目前体验很完美 最主要的是真好看 智能手表里的颜王 
大表盘 超帅 很喜欢,大表盘 超帅 很喜欢
很喜欢，真的很好,很喜欢 真的很好
符合预期，正在研究中&hellip;&hellip;,符合预期 正在研究中 hellip  hellip 
触屏很有科技感，款式很有商务感。跟三星的安卓手机系统比较配，跟苹果操作起来很困难。软件的bug还比较多。但是胜在外观。,触屏很有科技感 款式很有商务感。跟三星的安卓手机系统比较配 跟苹果操作起来很困难。软件的bug还比较多。但是胜在外观。
不错，体验挺好的，一加3T完美连接。也看过好多测评，感觉比较适合。NFC目前没有可以用的程序。续航应该还可以。,不错 体验挺好的 一加#NUM#T完美连接。也看过好多测评 感觉比较适合。NFC目前没有可以用的程序。续航应该还可以。
手表还是很酷的，连水果功能使用正常，就是连水果不能使用zhi付宝，然后外圈旋转表盘上的漆比较薄，注意别怼到墙上或其他硬货上，不然容易破相,手表还是很酷的 连水果功能使用正常 就是连水果不能使用zhi付宝 然后外圈旋转表盘上的漆比较薄 注意别怼到墙上或其他硬货上 不然容易破相
太大了，而且重，质感是有了，可惜本人手腕达不到设计师要求，实用性不足，app少，很多功能都不完善，就当手环使用了,太大了 而且重 质感是有了 可惜本人手腕达不到设计师要求 实用性不足 app少 很多功能都不完善 就当手环使用了
东西不错，缺点是只能无线充电，当然也提高了防水防汗性能，但是出远门（大于5天）要专门带无线充电座，有点麻烦。所谓鱼与熊掌不可得兼。,东西不错 缺点是只能无线充电 当然也提高了防水防汗性能 但是出远门 大于#NUM#天 要专门带无线充电座 有点麻烦。所谓鱼与熊掌不可得兼。
很时尚，装逼利器,很时尚 装逼利器
很精致的一款手表，和s8配在一起简直绝妙，喜欢的朋友可以入手?,很精致的一款手表 和s#NUM#配在一起简直绝妙 喜欢的朋友可以入手 
挺好的，真皮,挺好的 真皮
上午拍的，下午就送到了，非常快。到货之后上手试用了一会，非常好用，赞！,上午拍的 下午就送到了 非常快。到货之后上手试用了一会 非常好用 赞 
外观时尚大方非常满意，朋友都说好看，质量没话说，物流快,外观时尚大方非常满意 朋友都说好看 质量没话说 物流快
很好的一次购物体验，使用后再来评价，真得很棒，下次再来购买。,很好的一次购物体验 使用后再来评价 真得很棒 下次再来购买。
颜值高，比Apple Watch好看多了，就是和iPhone配合功能还不完善。等note8来了再试试。,颜值高 比Apple Watch好看多了 就是和iPhone配合功能还不完善。等note#NUM#来了再试试。
非常非常非常不错,非常非常非常不错
很漂亮，分量十足,很漂亮 分量十足
还不错的设计 挺好的,还不错的设计 挺好的
手表电池相当不错的，以前用的苹果的手表，每天一充，太痛苦了，现在基本可以三天一充，表盘样式比较多，每天一换，每天都是新心情。,手表电池相当不错的 以前用的苹果的手表 每天一充 太痛苦了 现在基本可以三天一充 表盘样式比较多 每天一换 每天都是新心情。
非常好，很强大。喜欢这表，和三星note8一起使用很棒的感觉。,非常好 很强大。喜欢这表 和三星note#NUM#一起使用很棒的感觉。
初入手，感觉很爽,初入手 感觉很爽
优点，外观好看，屏幕够大，续航强,优点 外观好看 屏幕够大 续航强
缺点，生态稀烂，可用的软件太少，,缺点 生态稀烂 可用的软件太少 
总体，挺不错，当买块电子版表了就好了,总体 挺不错 当买块电子版表了就好了
不错啊 样子好颜值漂亮是我喜欢的 朋友都在问这手表啥牌子哈哈哈,不错啊 样子好颜值漂亮是我喜欢的 朋友都在问这手表啥牌子哈哈哈
质量不错，但是感觉功能不是很全，只能看看手机上的信息提醒之类的，不能直接回复，有点不如苹果手表,质量不错 但是感觉功能不是很全 只能看看手机上的信息提醒之类的 不能直接回复 有点不如苹果手表
手表颜值高，很有设计感，反应灵敏，百度地图还是不能用，乱码！！可用的软件不多，这个有待解决！,手表颜值高 很有设计感 反应灵敏 百度地图还是不能用 乱码！可用的软件不多 这个有待解决 
东西不错，包装精美！！！第一次买腕表，感觉三星的还不错，我手机也是三星的，不错很好功能挺全的！,东西不错 包装精美！第一次买腕表 感觉三星的还不错 我手机也是三星的 不错很好功能挺全的 
用了大概两周，颜值超高，表盘各种各样随便换，改了几项设定，大概四五天一充，手机连接比较稳定，应用太少了，睡眠检测好像不太灵敏，双十一价格美丽。,用了大概两周 颜值超高 表盘各种各样随便换 改了几项设定 大概四五天一充 手机连接比较稳定 应用太少了 睡眠检测好像不太灵敏 双十一价格美丽。
质量不错，送货挺快，功能很多，速度很快，测量也很准，用的来说比较实用，看起来也很有科技感。,质量不错 送货挺快 功能很多 速度很快 测量也很准 用的来说比较实用 看起来也很有科技感。
三星三星Gear S3智能手表 内置独立GPS三星手表 海拔高度 心率监测 户外跑表 先锋版Frontier,三星三星Gear S#NUM#智能手表 内置独立GPS三星手表 海拔高度 心率监测 户外跑表 先锋版Frontier
总体来说感觉不错。已经用了一段时间，两天多充电一次，夏天带应该比较容易出汗。目前一切正常。,总体来说感觉不错。已经用了一段时间 两天多充电一次 夏天带应该比较容易出汗。目前一切正常。
不错  分辨率稍微输了apple watch 但是转动表盘非常棒,不错 分辨率稍微输了apple watch 但是转动表盘非常棒
快速预计下单后2天到达，实际第二天就到了，给了个惊喜，用起来感觉还不错，就是入手时间短，很多功能没有用过。,快速预计下单后#NUM#天到达 实际第二天就到了 给了个惊喜 用起来感觉还不错 就是入手时间短 很多功能没有用过。
一直喜欢三星的产品，颜值还是蛮高的，就是实用对于我们学生来讲就一般般的，但我还是喜欢,一直喜欢三星的产品 颜值还是蛮高的 就是实用对于我们学生来讲就一般般的 但我还是喜欢
手表很不错，功能齐全外观大气！运动手表非常适合年轻人！想了很久的一款亲表，很喜欢！,手表很不错 功能齐全外观大气 运动手表非常适合年轻人 想了很久的一款亲表 很喜欢 
这个手表特别好,这个手表特别好
帅炸，非常喜欢，之前纠结佳明和颂拓，想想非专业人士这款应该足矣果然让我很满意,帅炸 非常喜欢 之前纠结佳明和颂拓 想想非专业人士这款应该足矣果然让我很满意
手表很精致，做工确实好，功能也挺多，表盘表带随意切换，商务休闲都可以。更多使用功能还在摸索中。,手表很精致 做工确实好 功能也挺多 表盘表带随意切换 商务休闲都可以。更多使用功能还在摸索中。
三星的品质还是要赞一下的，功能也非常多，特别是表盘转动的设计，非常喜欢，赞,三星的品质还是要赞一下的 功能也非常多 特别是表盘转动的设计 非常喜欢 赞
手表收到，非常惊喜，太漂亮了，绝对是正品，太喜欢京东的服务，在这里为你点赞,手表收到 非常惊喜 太漂亮了 绝对是正品 太喜欢京东的服务 在这里为你点赞
非常不错的产品，各种功能完备，非常实用，而且样子很不错，很上档次，好评～,非常不错的产品 各种功能完备 非常实用 而且样子很不错 很上档次 好评 
wiFi，计时，高度计，压力计，都能正常使用，昨天在白墙上噌了一下，一扣白灰掉了，表没事。,wiFi 计时 高度计 压力计 都能正常使用 昨天在白墙上噌了一下 一扣白灰掉了 表没事。
用了很长一段时间才过来评价，真的真的比苹果表好太多了，续航三天以上轻轻松,用了很长一段时间才过来评价 真的真的比苹果表好太多了 续航三天以上轻轻松
很好用，快递很快，质量也很好。很合我心意，下次有机会还会再来买的！,很好用 快递很快 质量也很好。很合我心意 下次有机会还会再来买的 
这只表很时尚，很好看，智能手表中最强大的手表就是三星了，很好，戴着很帅气，带着他就有了女朋友,这只表很时尚 很好看 智能手表中最强大的手表就是三星了 很好 戴着很帅气 带着他就有了女朋友
很好用，S3不错。京东配送贼快，就是一个小东西装了一大箱，吓到我,很好用 S#NUM#不错。京东配送贼快 就是一个小东西装了一大箱 吓到我
很不错 跟S8手机同步使用 体验感很棒 京东的东西也没问题 好用,很不错 跟S#NUM#手机同步使用 体验感很棒 京东的东西也没问题 好用
东西收到了，等会打开了试试看。,东西收到了 等会打开了试试看。
非常帅气的手表，三星的做工，外形设计绝对一流，相信三星的电子产品,非常帅气的手表 三星的做工 外形设计绝对一流 相信三星的电子产品
用了一天，抬手显示屏幕，很方便,用了一天 抬手显示屏幕 很方便
内存不大，没敢装太多软件,内存不大 没敢装太多软件
不能用微信,不能用微信
其他都很不错,其他都很不错
犹豫了好久，还是下单买了黑色，不锈钢质感相当好，配套的应用也很实用，圆形表盘经典耐看！,犹豫了好久 还是下单买了黑色 不锈钢质感相当好 配套的应用也很实用 圆形表盘经典耐看 
续航强大，能用3天的时间。就是电子表盘和实体还是有差距。,续航强大 能用#NUM#天的时间。就是电子表盘和实体还是有差距。
收到货还没有开始使用，到年底才用，先五五星好评，谢谢卖家。希望售后服务越来越好。,收到货还没有开始使用 到年底才用 先五五星好评 谢谢卖家。希望售后服务越来越好。
不能接收微信消息不能接受微信消息???不是有个微信手表助手吗？不能用了嘛？,不能接收微信消息不能接受微信消息？不是有个微信手表助手吗 不能用了嘛 
用了这几个月，还是不错的，起码要比国产的那些智能表强的太多了,用了这几个月 还是不错的 起码要比国产的那些智能表强的太多了
不错，相对于iWatch，待机时间够长，晚上能测睡眠质量!,不错 相对于iWatch 待机时间够长 晚上能测睡眠质量 
之前买的有坏点，换了个新的，很棒，没问题，待机也过得去。,之前买的有坏点 换了个新的 很棒 没问题 待机也过得去。
挺好用，表的样子挺好看，无线充电也很实用，建议购买设备的再买个铁质表链。,挺好用 表的样子挺好看 无线充电也很实用 建议购买设备的再买个铁质表链。
长短两根表带，还不错，主要看中可以下水。昨天到的货，没时间弄，早上趁上班前先激活，还在摸索中，貌似自带很多鸡肋应用，就不说啥了。,长短两根表带 还不错 主要看中可以下水。昨天到的货 没时间弄 早上趁上班前先激活 还在摸索中 貌似自带很多鸡肋应用 就不说啥了。
还不错 就是有点费电    一天一充 连接我手机后就是繁体字了,还不错 就是有点费电 一天一充 连接我手机后就是繁体字了
是正品  快递给力  刚开始用很多功能还在摸索中  赞京东,是正品 快递给力 刚开始用很多功能还在摸索中 赞京东
第一次充电后用了前天，待机时间挺长，外观大气，时尚！,第一次充电后用了前天 待机时间挺长 外观大气 时尚 
续航很好，基本用两天没问题，若是支持独立通话就更好了。,续航很好 基本用两天没问题 若是支持独立通话就更好了。
嗯这个表给老公买的老公很满意，质量不错，用一段时间再看，京东，服务很好，五星好评,嗯这个表给老公买的老公很满意 质量不错 用一段时间再看 京东 服务很好 五星好评
东西要送人的，看起来不错，包装太好了！！快递速度非常快！！,东西要送人的 看起来不错 包装太好了！快递速度非常快！
值得信赖 值得拥有 值得使用 反正感觉就是值这个价位,值得信赖 值得拥有 值得使用 反正感觉就是值这个价位
华为Mate9需要下两个插件配合手表的app才可以连接，客服不是很专业。表不错,华为Mate#NUM#需要下两个插件配合手表的app才可以连接 客服不是很专业。表不错
质感外观都挺惊艳的，就是功能少了点，跟小米手机有点不太兼容地图不太好用,质感外观都挺惊艳的 就是功能少了点 跟小米手机有点不太兼容地图不太好用
时尚大气科技于一体的手表，支持NFC却没有三星支付这个就不应该了。,时尚大气科技于一体的手表 支持NFC却没有三星支付这个就不应该了。
很棒哦，嘿嘿，之前就心动很久啦，这次一咬牙入手了，没失望,很棒哦 嘿嘿 之前就心动很久啦 这次一咬牙入手了 没失望
还不错的，就是支持的软件少，表盘做的没有apple watch精致,还不错的 就是支持的软件少 表盘做的没有apple watch精致
真的只是一个手表而已，不要想象他有多强大   看个时间就够了，我是这么觉得,真的只是一个手表而已 不要想象他有多强大 看个时间就够了 我是这么觉得
好用，便捷，感觉很智能。就是微信有些稍微不便捷。,好用 便捷 感觉很智能。就是微信有些稍微不便捷。
戴了好几天，屏幕一级棒，就是应用有点少，戴在手上不知道玩什么，要命啊,戴了好几天 屏幕一级棒 就是应用有点少 戴在手上不知道玩什么 要命啊
和有质感，速度还不错，现在连得苹果手机，等过几天连接note8了再来评论,和有质感 速度还不错 现在连得苹果手机 等过几天连接note#NUM#了再来评论
商品真的不错很喜欢，双11前一天买的节后有活动降价，成功申请保价。赞,商品真的不错很喜欢 双#NUM#前一天买的节后有活动降价 成功申请保价。赞
买的时候想到自己都这么大的人了买的经典款   还是有点小后悔  该买另一款的  果然还是个男孩,买的时候想到自己都这么大的人了买的经典款 还是有点小后悔 该买另一款的 果然还是个男孩
好看了  等待后续固件升级更新吧  这是一个极其漫长的过程了 ~~期待的 只有不带手机打电话了。。,好看了 等待后续固件升级更新吧 这是一个极其漫长的过程了   期待的 只有不带手机打电话了。。
手表非常好看质量好外观漂亮跟note8很配,手表非常好看质量好外观漂亮跟note#NUM#很配
非常喜欢，很好用，看了很久终于下单了，没有让我失望,非常喜欢 很好用 看了很久终于下单了 没有让我失望
太炫酷了！与三星S8完美匹配，多功能，好用！,太炫酷了 与三星S#NUM#完美匹配 多功能 好用 
忠实用户啊啊我真的是s2之后我又买的s3,忠实用户啊啊我真的是s#NUM#之后我又买的s#NUM#
很好玩的手表，与三星手机完美配合，且发货超快,很好玩的手表 与三星手机完美配合 且发货超快
真的很不错，功能齐全，反应速度等都是一流，越来越喜欢三星的产品了,真的很不错 功能齐全 反应速度等都是一流 越来越喜欢三星的产品了
表盘好大啊，手小带上好尴尬，功能现在还有点少,表盘好大啊 手小带上好尴尬 功能现在还有点少
之前卖家发错了，现在换成自己喜欢的类型了，用一段时间看看怎么样。,之前卖家发错了 现在换成自己喜欢的类型了 用一段时间看看怎么样。
样子没毛病  就是耗电快 功能没多少用,样子没毛病 就是耗电快 功能没多少用
入手8+后，一直心动，要不要买，最终下决心买了?目前还在熟悉当中,入手#NUM# 后 一直心动 要不要买 最终下决心买了 目前还在熟悉当中
灰常不错的店家！灰常不错的店家！灰常不错的店家！,灰常不错的店家 灰常不错的店家 灰常不错的店家 
非常好，送货快是正品，和三星手机链接非常好用。,非常好 送货快是正品 和三星手机链接非常好用。
电池能用两天 操作方便 表盘样式很多,电池能用两天 操作方便 表盘样式很多
我手大，送来没用，幸亏原机有两条，一长一短,我手大 送来没用 幸亏原机有两条 一长一短
很好用，很好看，功能齐全，流畅，比想象中大,很好用 很好看 功能齐全 流畅 比想象中大
手表质量很好，款式新颖，与S8配合很好！,手表质量很好 款式新颖 与S#NUM#配合很好 
感觉比某国的好用 感觉更时尚一点 很喜欢,感觉比某国的好用 感觉更时尚一点 很喜欢
三星就是好用，就是连手机三星外的都不好用,三星就是好用 就是连手机三星外的都不好用
手表非常不错   实际实用感觉也很好，表盘能更换   选择也非常多,手表非常不错 实际实用感觉也很好 表盘能更换 选择也非常多
东西还不错，gears2丢了，重新买一个，总体来说值得购买,东西还不错 gears#NUM#丢了 重新买一个 总体来说值得购买
真的很好。漂亮实用。也很好用。真的是款好表。。。。。。。。,真的很好。漂亮实用。也很好用。真的是款好表。
手表完好无损，反应也很灵敏，功能还在研究中，感觉比我女朋友的苹果的好的多，如果表盘在大一点就好了，三星全家福齐了,手表完好无损 反应也很灵敏 功能还在研究中 感觉比我女朋友的苹果的好的多 如果表盘在大一点就好了 三星全家福齐了
装B神器，价格小贵，表带是橡胶的，不太好，其他都不错,装B神器 价格小贵 表带是橡胶的 不太好 其他都不错
质量特别好   跟预想的一样  之前看过很多次 中午下决心买了,质量特别好 跟预想的一样 之前看过很多次 中午下决心买了
用着很不错 就是和除三星以外手机兼容不太好,用着很不错 就是和除三星以外手机兼容不太好
手表不错，挺喜欢的，就是不能用手机卡,手表不错 挺喜欢的 就是不能用手机卡
电池感人，一天都坚持不了，你们自己看着办吧,电池感人 一天都坚持不了 你们自己看着办吧
质量很好，价格实惠，正品保障，推荐购买,质量很好 价格实惠 正品保障 推荐购买
自己换了根金属表带，感觉比原装黑的皮表带更合适，很帅很酷，就是应用市场里可以用的软件实在少得可怜,自己换了根金属表带 感觉比原装黑的皮表带更合适 很帅很酷 就是应用市场里可以用的软件实在少得可怜
用了两天，非常不错！超值！鼓励！,用了两天 非常不错 超值 鼓励 
京东买东西千万不要急，看好选好慢慢等，刚买2天降价了，伤不起,京东买东西千万不要急 看好选好慢慢等 刚买#NUM#天降价了 伤不起
东西很不错，屏幕也大，比我之前用的Apple watch要好,东西很不错 屏幕也大 比我之前用的Apple watch要好
手表超酷，功能很强大，目前还在研究中，比想象的复杂一些,手表超酷 功能很强大 目前还在研究中 比想象的复杂一些
感觉还可以外观挺时尚，内容非常有科技感值得推荐购买。,感觉还可以外观挺时尚 内容非常有科技感值得推荐购买。
送货速度快，经济实惠，值得购买！,送货速度快 经济实惠 值得购买 
证据确凿依旧不能退还差价，这就是京东！,证据确凿依旧不能退还差价 这就是京东 
喜欢 超级喜欢 商家还送俩表带 谢谢啦,喜欢 超级喜欢 商家还送俩表带 谢谢啦
三星手表我从第一代用到第三代，非常不错，功能很实用！,三星手表我从第一代用到第三代 非常不错 功能很实用 
手表比较酷炫，能自动检测运动模式,手表比较酷炫 能自动检测运动模式
懒得拍照了，挺好的，开机自动和note8链接，功能强大。,懒得拍照了 挺好的 开机自动和note#NUM#链接 功能强大。
续航能力一般，如果每天开车多电话多，就一天勉强支持,续航能力一般 如果每天开车多电话多 就一天勉强支持
相当可以了！慢慢研究，等待更新，配s8完美的一匹,相当可以了 慢慢研究 等待更新 配s#NUM#完美的一匹
外形好看  功能强大实用  跟我的s8完美适配,外形好看 功能强大实用 跟我的s#NUM#完美适配
太超值了，买一送二，想的挺周到,太超值了 买一送二 想的挺周到
送礼的，没试过！！！！！！！,送礼的 没试过！
双十一买的，现在又降价，真亏,双十一买的 现在又降价 真亏
东西不错，送货速度快，原装正品,东西不错 送货速度快 原装正品
帮别人买的，没反馈使用效果，京东到货快，方便急需时候购买,帮别人买的 没反馈使用效果 京东到货快 方便急需时候购买
不错，挺好用，所以再买一个，给同学,不错 挺好用 所以再买一个 给同学
还行吧，电池不耐用，连蓝牙一天一充,还行吧 电池不耐用 连蓝牙一天一充
发货快，价格便宜，关键东西好。,发货快 价格便宜 关键东西好。
用了一段时间，感觉好不错,用了一段时间 感觉好不错
东西超好，京东的送货速度杠杠滴，早上买下午就到了。,东西超好 京东的送货速度杠杠滴 早上买下午就到了。
用了一段时间，感觉很不错。,用了一段时间 感觉很不错。
用了一段时间 挺好的 正品吧,用了一段时间 挺好的 正品吧
不错，就是接收消息有点不靠谱有时候有有时候没有,不错 就是接收消息有点不靠谱有时候有有时候没有
没别的，就是喜欢。好玩，好看,没别的 就是喜欢。好玩 好看
LG的玩具，貌似玩得挺高兴的,LG的玩具 貌似玩得挺高兴的
很喜欢，想换什么风格就换什么风格，分量很足，满意,很喜欢 想换什么风格就换什么风格 分量很足 满意
很喜欢这个手表??哈哈哈哈,很喜欢这个手表？哈哈哈
很好，比老款s2要大气多了。,很好 比老款s#NUM#要大气多了。
很好看，还送了表带！值得购买,很好看 还送了表带 值得购买
非常不错，戴着大小适中，功能强大。,非常不错 戴着大小适中 功能强大。
这绝对是智能手表界颜值最高的,这绝对是智能手表界颜值最高的
东西很不错，物流也很快！,东西很不错 物流也很快 
前卫，时尚，功能多，实用,前卫 时尚 功能多 实用
听说3.0系统撤包了？,听说#NUM# #NUM#系统撤包了 
挺好的，就是不咋会用！,挺好的 就是不咋会用 
速度我打4.5 说了隔天送 结果后天来 至于嘛,速度我打#NUM# #NUM# 说了隔天送 结果后天来 至于嘛
不错，感觉比苹果好玩多了！就是表带做的没有苹果精致！,不错 感觉比苹果好玩多了 就是表带做的没有苹果精致 
不错，就是手指点击转盘时会响，是不是转盘太松了啊,不错 就是手指点击转盘时会响 是不是转盘太松了啊
不错，感觉表链不是太舒服，其它的还是非常好的,不错 感觉表链不是太舒服 其它的还是非常好的
绝对的装逼产品， 逼格瞬间提升n个档次，美滴很,绝对的装逼产品  逼格瞬间提升n个档次 美滴很
基本还OK啦，质量整体不错！,基本还OK啦 质量整体不错 
很好，给弟弟的礼物，想当喜欢,很好 给弟弟的礼物 想当喜欢
东西很满意，质量很好，送货很及时，家人很喜欢,东西很满意 质量很好 送货很及时 家人很喜欢
京东的东西很好，值得购买。,京东的东西很好 值得购买。
颜值高和note8完美配合很喜欢，有一个问题就是手腕太细，表带孔不够用。，怎么办？,颜值高和note#NUM#完美配合很喜欢 有一个问题就是手腕太细 表带孔不够用。 怎么办 
外观很大气，续航持久。完美,外观很大气 续航持久。完美
完没的一次购物喜欢的好像过得v就结结巴巴,完没的一次购物喜欢的好像过得v就结结巴巴
还不错，可以用个两三天,还不错 可以用个两三天
刚收到货，不错不错，具体细节等我用过后在评论。,刚收到货 不错不错 具体细节等我用过后在评论。
挺好的，电池给力，比S2提升明显，就是微信需要再下个助手才能推送消息，完美。,挺好的 电池给力 比S#NUM#提升明显 就是微信需要再下个助手才能推送消息 完美。
包装很精美！品质很精致！,包装很精美 品质很精致 
性能很不错，待机时间长,性能很不错 待机时间长
买电器上京东 非常满意 已经使用一段时间了 好评,买电器上京东 非常满意 已经使用一段时间了 好评
东西送货很快，价钱便宜,东西送货很快 价钱便宜
第N次买了，还是一样的好。,第N次买了 还是一样的好。
没赶上11，没想到会便宜那么多，已在厕所哭晕,没赶上#NUM# 没想到会便宜那么多 已在厕所哭晕
手表很不错，就是比较费电,手表很不错 就是比较费电
双十一活动买的，很划算,双十一活动买的 很划算
不错，比其他品牌好多了。,不错 比其他品牌好多了。
实用性可以，我主要看好运动这块，表盘内容丰富,实用性可以 我主要看好运动这块 表盘内容丰富
很好的很好的很好的的,很好的很好的很好的的
包装简直是非常随便，还没有用不知道好不好！,包装简直是非常随便 还没有用不知道好不好 
送给老公的礼物?～超级喜欢，功能全，大爱,送给老公的礼物  超级喜欢 功能全 大爱
非常喜欢这款表的造型，手机还没到，等用上了再体验,非常喜欢这款表的造型 手机还没到 等用上了再体验
怎么还有一个，很好用。,怎么还有一个 很好用。
还不错吧。这手表。,还不错吧。这手表。
大气，上档次，功能齐全，尤其是接电话方便,大气 上档次 功能齐全 尤其是接电话方便
外观挺漂亮的，功能有待研究,外观挺漂亮的 功能有待研究
非常好  如果能单独使用手机卡 就太好了,非常好 如果能单独使用手机卡 就太好了
很好的手表，功能强大！,很好的手表 功能强大 
不错的，很喜欢,不错的 很喜欢
用着还行  电量三天左右  其他的还要用用再看,用着还行 电量三天左右 其他的还要用用再看
价格便宜，东西还不错。,价格便宜 东西还不错。
手表很好，他非常喜欢，很酷，适合户外用,手表很好 他非常喜欢 很酷 适合户外用
非常不错很满意，用的很开心，高兴的一次购物！,非常不错很满意 用的很开心 高兴的一次购物 
比较满意，功能强大，唯一的不足是没有指南针,比较满意 功能强大 唯一的不足是没有指南针
非常棒你值得拥有。,非常棒你值得拥有。
手表没毛病，就是说送座充并没有给我。,手表没毛病 就是说送座充并没有给我。
外观很漂亮，我非常喜欢，就是表带不是很好看,外观很漂亮 我非常喜欢 就是表带不是很好看
买了没几天降了200，有价保么？？？,买了没几天降了#NUM# 有价保么？
好高大上，不错过电话,好高大上 不错过电话
服务好    快递超快,服务好 快递超快
漂亮 好用 比苹果的好,漂亮 好用 比苹果的好
样式漂亮，功能强大，质量不错，好评,样式漂亮 功能强大 质量不错 好评
很不错，不过很多软件目前毛病多，有待改善,很不错 不过很多软件目前毛病多 有待改善
送外甥特好喜欢带上就不想拿下来了呵呵,送外甥特好喜欢带上就不想拿下来了呵呵
非常棒！打游戏非常爽。非常棒！打游戏非常爽,非常棒 打游戏非常爽。非常棒 打游戏非常爽
非常时尚的一款手表我喜欢我点赞,非常时尚的一款手表我喜欢我点赞
好东西，比较喜欢三星,好东西 比较喜欢三星
此用户未及时评价，系统默认好评。,此用户未及时评价 系统默认好评。
手表功能强大，开车接打电话方便。赞,手表功能强大 开车接打电话方便。赞
闺女要买她喜欢这次活动就下单了,闺女要买她喜欢这次活动就下单了
很好，手表很智能，只是和苹果手机连接的时候，有些功能还不能用。希望快点优化更新,很好 手表很智能 只是和苹果手机连接的时候 有些功能还不能用。希望快点优化更新
挺好的，学生用不错，运动的防水性很不错！游泳可以戴，值得买但是没有喇叭。相对于苹果的还是差了点,挺好的 学生用不错 运动的防水性很不错 游泳可以戴 值得买但是没有喇叭。相对于苹果的还是差了点
总体来说还行，就是软件可以多一点。,总体来说还行 就是软件可以多一点。
快递很快，东西满意，非常不错,快递很快 东西满意 非常不错
东西不错 严重比较高 就是软件比较少,东西不错 严重比较高 就是软件比较少
手表不错，全新未开封，带上手很有分量。,手表不错 全新未开封 带上手很有分量。
很给力，仅次于aw的智能手表。,很给力 仅次于aw的智能手表。
功能研究中，外观和操作看着还OK,功能研究中 外观和操作看着还OK
手表样子好看  使用起来体验也不错,手表样子好看 使用起来体验也不错
手表很好，功能很多，还在研究中！,手表很好 功能很多 还在研究中 
11.11减价300大洋，真坑。,#NUM# #NUM#减价#NUM#大洋 真坑。
购买两天，降价300元，太黑了。,购买两天 降价#NUM#元 太黑了。
电池用的比较快，其他都不错,电池用的比较快 其他都不错
我去，刚买1天就降200啊,我去 刚买#NUM#天就降#NUM#啊
东西真不错！京东还是可以！,东西真不错 京东还是可以 
应用少了些。有些也不能用。,应用少了些。有些也不能用。
表很好用，开机就和手机连上了，,表很好用 开机就和手机连上了 
是正品，带的也舒服，不错！谢谢店家！,是正品 带的也舒服 不错 谢谢店家 
手表漂亮，表盘很多选择，玩不厌,手表漂亮 表盘很多选择 玩不厌
目前還算滿意，有很多可以試的,目前還算滿意 有很多可以試的
很好的表，好看，就是有点费电,很好的表 好看 就是有点费电
外观挺好，功能远没有苹果的强大，应用也很少，大部分是英语看不懂，尤其是语音助手远远跟不上Siri，电量吊打苹果,外观挺好 功能远没有苹果的强大 应用也很少 大部分是英语看不懂 尤其是语音助手远远跟不上Siri 电量吊打苹果
很好。老公很喜欢。谢谢卖家。,很好。老公很喜欢。谢谢卖家。
手表还不错，先用段时间看看,手表还不错 先用段时间看看
帮朋友买的，功能很多，朋友很喜欢。,帮朋友买的 功能很多 朋友很喜欢。
非常不错的购物体验。东西美美哒,非常不错的购物体验。东西美美哒
装逼神器，很酷很实用，彰显男人魅力,装逼神器 很酷很实用 彰显男人魅力
挺好，不错，又得凑10个字,挺好 不错 又得凑#NUM#个字
跟s8很配，就是太容易磨损。,跟s#NUM#很配 就是太容易磨损。
不错，就是电撑时间少，最撑多三天,不错 就是电撑时间少 最撑多三天
用了几天，挺不错的，待机也不错的,用了几天 挺不错的 待机也不错的
可以，比和s8完美结合，续航两天，,可以 比和s#NUM#完美结合 续航两天 
非常喜欢，比苹果实用，大气,非常喜欢 比苹果实用 大气
手表不错，就是电量不太耐用,手表不错 就是电量不太耐用
包装完整送货快，暂未发现质量问题,包装完整送货快 暂未发现质量问题
价格便宜，使用方便，应用软件很多，三星商店直接连接，赞一个。,价格便宜 使用方便 应用软件很多 三星商店直接连接 赞一个。
颜值高，操作方便，表盘能下载,颜值高 操作方便 表盘能下载
终于开始使用了，用的还可以,终于开始使用了 用的还可以
总体感觉不错，期待以后的使用效果。,总体感觉不错 期待以后的使用效果。
虽然没啥大用，但是挺喜欢的。,虽然没啥大用 但是挺喜欢的。
和三星8手机很配，充电很快,和三星#NUM#手机很配 充电很快
京东购物就是放心!省心!,京东购物就是放心 省心 
不错，反应速度不错，外观漂亮大气,不错 反应速度不错 外观漂亮大气
不错 真货 就是设置稍显复杂！,不错 真货 就是设置稍显复杂 
续航能力不行啊才二天，郁闷死了,续航能力不行啊才二天 郁闷死了
还可以   还没用   后期看看,还可以 还没用 后期看看
很不错，比之前买的ticwatch 好用多了，表盘大了点，但是无所谓了,很不错 比之前买的ticwatch 好用多了 表盘大了点 但是无所谓了
还可以，下次还会购买。,还可以 下次还会购买。
用了几天才来评价，还是很好用的,用了几天才来评价 还是很好用的
还不错，就是物流有点不好,还不错 就是物流有点不好
可以，就是没送东西！！！,可以 就是没送东西！
除了物流慢点，其他都还好,除了物流慢点 其他都还好
非常满意，超出预期。,非常满意 超出预期。
手表很好用，功能很多。,手表很好用 功能很多。
目前可能是最好的智能手表了,目前可能是最好的智能手表了
不错不错，就是应用实在太少了,不错不错 就是应用实在太少了
很满意的一次购物，快递超快！,很满意的一次购物 快递超快 
不错哦，运动起来带着方便,不错哦 运动起来带着方便
挺好的，好用，好用好用好用,挺好的 好用 好用好用好用
老公很喜欢～～～谢谢,老公很喜欢   谢谢
智能手表功能齐全，方便使用,智能手表功能齐全 方便使用
在探索中。。。。。。,在探索中。
这表看上有颜值，重了些,这表看上有颜值 重了些
手表先带着，回头再来评价。,手表先带着 回头再来评价。
不错，我觉得比水果的好，大气,不错 我觉得比水果的好 大气
东西太好了，特别喜欢！,东西太好了 特别喜欢 
功能有点多，老爸有点玩不转,功能有点多 老爸有点玩不转
为了配我的s8＋买的这手表，很好用，电池能用两天多，继续用用看,为了配我的s#NUM# 买的这手表 很好用 电池能用两天多 继续用用看
刚拿到还行，看看以后情况,刚拿到还行 看看以后情况
活动买的，性格比不错。,活动买的 性格比不错。
东西不错就是质量一般,东西不错就是质量一般
非常好，功能不错有待开发。,非常好 功能不错有待开发。
高大上，功能多，非常满意,高大上 功能多 非常满意
可以的可以用两天。。。。。,可以的可以用两天。
手表高大尚。很好看,手表高大尚。很好看
方便，实用，美观,方便 实用 美观
正品，比苹果好用,正品 比苹果好用
还可以，挺不错的,还可以 挺不错的
和我的手机很般配，很好用,和我的手机很般配 很好用
刚刚到手，要好好研究。,刚刚到手 要好好研究。
还行吧，反正也就是新鲜劲,还行吧 反正也就是新鲜劲
还行。好看。第二只了,还行。好看。第二只了
品牌产品，不错。,品牌产品 不错。
电池续航需要提高！,电池续航需要提高 
功能齐全，最主要可以接打电话，是绝对的装B神器，京东自营服务一流，赞\(≧▽≦)/,功能齐全 最主要可以接打电话 是绝对的装B神器 京东自营服务一流 赞       
好，不错的东西呢。,好 不错的东西呢。
电量没怎么玩只能用两天,电量没怎么玩只能用两天
戴了几天过来评价，用的苹果手机，没有想象中那么不兼容，信息提醒，运动，天气，都可以显示，日常生活够用，表盘样式也很多，女生戴稍微大了点儿，不过也很好看，震动有点儿轻，表带好像不太好买,戴了几天过来评价 用的苹果手机 没有想象中那么不兼容 信息提醒 运动 天气 都可以显示 日常生活够用 表盘样式也很多 女生戴稍微大了点儿 不过也很好看 震动有点儿轻 表带好像不太好买
有点复杂，都说挺好看,有点复杂 都说挺好看
还不错哦哦,还不错哦哦
大品牌质量很好我很喜欢,大品牌质量很好我很喜欢
用过一代的，这个更好。,用过一代的 这个更好。
帮朋友买的，蛮好的,帮朋友买的 蛮好的
非常的大气，很喜欢,非常的大气 很喜欢
真的不错，值得拥有！,真的不错 值得拥有 
还可以不知道能用不？,还可以不知道能用不 
还是那句话，态度不好,还是那句话 态度不好
习惯了好评！,习惯了好评 
京东购物 方便快捷,京东购物 方便快捷
刚买回来就被磕了一道划痕&hellip;心都碎了&hellip;比S3小手感也不错，系统不如苹果的直观但也有自己的特点，目前还在摸索充完电一晚上自己掉电50%不知道是不是哪里设置的不对。综合来看还是很不错的，配合跑步很嗨，值得入手,刚买回来就被磕了一道划痕 hellip 心都碎了 hellip 比S#NUM#小手感也不错 系统不如苹果的直观但也有自己的特点 目前还在摸索充完电一晚上自己掉电#NUM# 不知道是不是哪里设置的不对。综合来看还是很不错的 配合跑步很嗨 值得入手
表带儿非常的一般。,表带儿非常的一般。
很不错，实用，好看,很不错 实用 好看
非常漂亮，非常喜欢,非常漂亮 非常喜欢
目前感觉还不错,目前感觉还不错
等note8到手 就完整使用,等note#NUM#到手 就完整使用
特解好用～是正品,特解好用 是正品
正品 行货 支持,正品 行货 支持
还在试用功能还算强，表盘多漂亮，就是没有外置扬声器最大的遗接打电话不能手表全搞定，(s3的可能有吧)可能有扬声要厚的，还是有13mm厚，还有表带易粘灰！戴反了哈哈,还在试用功能还算强 表盘多漂亮 就是没有外置扬声器最大的遗接打电话不能手表全搞定  s#NUM#的可能有吧 可能有扬声要厚的 还是有#NUM#mm厚 还有表带易粘灰 戴反了哈哈
好用不错值得拥有,好用不错值得拥有
电量完爆苹果,电量完爆苹果
给个好评，辛苦了,给个好评 辛苦了
皮带不错的,皮带不错的
神器，谁用谁知道&hellip;&hellip;,神器 谁用谁知道 hellip  hellip 
挺好 挺好 挺好,挺好 挺好 挺好
东西质量好，可以,东西质量好 可以
真货，功能比较全,真货 功能比较全
很好 帅气的手表,很好 帅气的手表
很不错，物流很快,很不错 物流很快
很给力，有点大。,很给力 有点大。
不错很实用！！！,不错很实用！
很好用，支持一下~~~~对于产品十分满意！,很好用 支持一下   对于产品十分满意 
不错样子不错重量很轻,不错样子不错重量很轻
非常出色的智能表,非常出色的智能表
感觉比apple watch好看，用着也不错。先好评吧。,感觉比apple watch好看 用着也不错。先好评吧。
外观确实很不错,外观确实很不错
很好，很满意！,很好 很满意 
反应灵敏，功能挺多也挺好看的 再薄点就完美了,反应灵敏 功能挺多也挺好看的 再薄点就完美了
哈哈终于到手了，研究中,哈哈终于到手了 研究中
装逼起来666,装逼起来#NUM#
真心不错，虽然有点贵，但是值这个价,真心不错 虽然有点贵 但是值这个价
对比自己W3，无论外观，操作，设计都完胜，对比下来，感觉W3更适合儿童，S3才是成人该拥有的！表盘设计也很炫酷，买来送老婆，以为经典版会小些，怎耐还是更适合老爷们，选了几款颜色鲜艳的表带，希望可以有所改观，好东西，S8+完美匹配！如果不是使用苹果，一定选这款！,对比自己W#NUM# 无论外观 操作 设计都完胜 对比下来 感觉W#NUM#更适合儿童 S#NUM#才是成人该拥有的 表盘设计也很炫酷 买来送老婆 以为经典版会小些 怎耐还是更适合老爷们 选了几款颜色鲜艳的表带 希望可以有所改观 好东西 S#NUM# 完美匹配 如果不是使用苹果 一定选这款 
很不错，实用的手表,很不错 实用的手表
宝贝收到，功能全挺实用的，值得拥有。,宝贝收到 功能全挺实用的 值得拥有。
手表外观硬件没得说，戴了将近一个月很喜欢。但是三星自家系统的应用实在少得可怜，最基本的微信助手时好时坏，也从来不更新，体验要打不少折扣，感觉中国三星对这款产品不够重视啊。,手表外观硬件没得说 戴了将近一个月很喜欢。但是三星自家系统的应用实在少得可怜 最基本的微信助手时好时坏 也从来不更新 体验要打不少折扣 感觉中国三星对这款产品不够重视啊。
虽然没什么用，但是逼格高，打个call,虽然没什么用 但是逼格高 打个call
蓝色表带没图片上那么艳丽，本来还怕太出挑，这样正好，有颜色又没黑色那么沉闷，挺好。,蓝色表带没图片上那么艳丽 本来还怕太出挑 这样正好 有颜色又没黑色那么沉闷 挺好。
但为什么多配的表带只有一头，半截，不是一套啊？,但为什么多配的表带只有一头 半截 不是一套啊 
手表很棒 就是表带有点僵硬&hellip;&hellip;然后系统希望能更兼容苹果手机,手表很棒 就是表带有点僵硬 hellip  hellip 然后系统希望能更兼容苹果手机
赞赞赞赞赞赞赞赞赞哒么么哒,赞赞赞哒么么哒
非常好用！待机很给力！喜欢,非常好用 待机很给力 喜欢
不错的手表，外观很喜欢！,不错的手表 外观很喜欢 
手表还行，原装表带太硬，换了送的皮表带，等网上买的钢表带到了再换了。,手表还行 原装表带太硬 换了送的皮表带 等网上买的钢表带到了再换了。
手表耗电较快，基本上要一天一冲。试了下海拔高度测试（已打开GPS），我家在5楼，测试显示的是-6米，有趣！,手表耗电较快 基本上要一天一冲。试了下海拔高度测试 已打开GPS  我家在#NUM#楼 测试显示的是-#NUM#米 有趣 
计步不算很准，500步差了6到8步，同时测试的乐心 ziva plus 手环只差了2步。最不能理解的是三星健康不能与微信同步数据，要通过其他的软件过渡才能共享计步，试用了几款三星售后推荐的乐动力、咕咚、悦动圈等APP，结果都不理想，经过第三方软件的转换后，最终的步数竟然翻了几番，希望三星健康能尽快直接与微信数据共享。,计步不算很准 #NUM#步差了#NUM#到#NUM#步 同时测试的乐心 ziva plus 手环只差了#NUM#步。最不能理解的是三星健康不能与微信同步数据 要通过其他的软件过渡才能共享计步 试用了几款三星售后推荐的乐动力、咕咚、悦动圈等APP 结果都不理想 经过第三方软件的转换后 最终的步数竟然翻了几番 希望三星健康能尽快直接与微信数据共享。
很好用，很喜欢,很好用 很喜欢
好东西不用解释,好东西不用解释
好看，推荐分期,好看 推荐分期
很漂亮的一款表,很漂亮的一款表
相当不错的手表,相当不错的手表
我能说后悔吗？,我能说后悔吗 
超值的一次购物,超值的一次购物
高端大气上档次,高端大气上档次
公司购买，挺好,公司购买 挺好
给牛8搭配的  很漂亮 赠品表带也很有质感  满意！ 现在就等bixby了 ，如果bixby能适配的话记事和提醒就非常方便了。,给牛#NUM#搭配的 很漂亮 赠品表带也很有质感 满意  现在就等bixby了  如果bixby能适配的话记事和提醒就非常方便了。
戴了快一星期了，挺好的。不过要给打算入的朋友一个建议，如果不是三星手机慎入。不然微信是没办法回复的。,戴了快一星期了 挺好的。不过要给打算入的朋友一个建议 如果不是三星手机慎入。不然微信是没办法回复的。
非常给力，也很漂亮，稍微有点厚，电力持久，高度使用一天完全没压力，中度使用三天，对苹果手机支持也很好。,非常给力 也很漂亮 稍微有点厚 电力持久 高度使用一天完全没压力 中度使用三天 对苹果手机支持也很好。
配合n8买的，其实早已对s2垂涎许久了，只不过种种原因，一直没剁手，首先就是外形超级好看，符合我的审美，三星自己的系统用着也很流畅，续航在智能手表领域也还不错，定价也合理，就是支持的应用有点少，希望后续能更新，总体来说这个价格买到还是很美丽的,配合n#NUM#买的 其实早已对s#NUM#垂涎许久了 只不过种种原因 一直没剁手 首先就是外形超级好看 符合我的审美 三星自己的系统用着也很流畅 续航在智能手表领域也还不错 定价也合理 就是支持的应用有点少 希望后续能更新 总体来说这个价格买到还是很美丽的
用了几天，作为三星s健康的配件进行运动健身特别好，计步，爬楼比较准确，电池续航两三天左右。,用了几天 作为三星s健康的配件进行运动健身特别好 计步 爬楼比较准确 电池续航两三天左右。
17年6月产的，到手没电，冲了2个多小时，开始把玩，非常容易连上，把排行榜里面的软件除表盘外基本上下完了，还是可以，百度地图要室外导航才有信号，。屏幕靓丽，可当电筒用。携程app不是太好用。送的表带很一般,#NUM#年#NUM#月产的 到手没电 冲了#NUM#个多小时 开始把玩 非常容易连上 把排行榜里面的软件除表盘外基本上下完了 还是可以 百度地图要室外导航才有信号 。屏幕靓丽 可当电筒用。携程app不是太好用。送的表带很一般
用了一段时间才来评价，优点就不说了，说几个缺点，一般使用最多用三天，来电提醒震动太小，总体来说还是不错的。,用了一段时间才来评价 优点就不说了 说几个缺点 一般使用最多用三天 来电提醒震动太小 总体来说还是不错的。
东西没毛病，电池应该是目前最耐用的智能表了，充满电可以用三四天。可玩性一般，颜值很高好评，期待下一代产品。,东西没毛病 电池应该是目前最耐用的智能表了 充满电可以用三四天。可玩性一般 颜值很高好评 期待下一代产品。
****，我买成2799.送一个无线充电座，结果里面有无线充电器，第2天就不免费送无线充电座，价格就2599.你们这套路也太深了，我不知道我要2个充电器做什么，为什么说明里面不说有无线充电器，我有病吗，要2个。套路套路，气死了。,    我买成#NUM# 送一个无线充电座 结果里面有无线充电器 第#NUM#天就不免费送无线充电座 价格就#NUM# 你们这套路也太深了 我不知道我要#NUM#个充电器做什么 为什么说明里面不说有无线充电器 我有病吗 要#NUM#个。套路套路 气死了。
首先赞一下京东的速度与快递小哥的服务态度。商品是送给客户的，我没有打开实物看过，客户还算比较满意的O(&cap;_&cap;)O,首先赞一下京东的速度与快递小哥的服务态度。商品是送给客户的 我没有打开实物看过 客户还算比较满意的O  cap _ cap  O
颜值高，旋转表盘很好用，下载三星gear就可以用了，比之前用的LG手表连接方便很多，还要下载谷歌框架和Android wear，太复杂。只是为啥没有微信app，不能微信支付，只能接收微信文字信息。,颜值高 旋转表盘很好用 下载三星gear就可以用了 比之前用的LG手表连接方便很多 还要下载谷歌框架和Android wear 太复杂。只是为啥没有微信app 不能微信支付 只能接收微信文字信息。
很漂亮的东西,很漂亮的东西
这款真的不错,这款真的不错
s3款式很不错，待机也久，但是音乐软件用了一礼拜以后就崩溃了，突然就不能控制网易云音乐app了。心痛！微信也是，用的手表助手版的微信，推送有延迟，偶尔也会失败。。。希望表端软件多更新吧。,s#NUM#款式很不错 待机也久 但是音乐软件用了一礼拜以后就崩溃了 突然就不能控制网易云音乐app了。心痛 微信也是 用的手表助手版的微信 推送有延迟 偶尔也会失败。希望表端软件多更新吧。
刚开始使用，目前感觉功能强大，尤其是表盘还能随时变换不同款式我很喜欢！缺点就是有点小贵。,刚开始使用 目前感觉功能强大 尤其是表盘还能随时变换不同款式我很喜欢 缺点就是有点小贵。
手表挺好用的，要是能再便宜点就好了，电量正常用两天没问题,手表挺好用的 要是能再便宜点就好了 电量正常用两天没问题
不错啊  就是应用太少了  颜值高  希望后续支持给力,不错啊 就是应用太少了 颜值高 希望后续支持给力
就是微信不好用，别的目前用的还可以，好评吧?,就是微信不好用 别的目前用的还可以 好评吧 
挺好的，和Apple watch3对比一下，感觉不错。。,挺好的 和Apple watch#NUM#对比一下 感觉不错。。
不错，可以，非常好的产品，非常喜欢，歪理顾得,不错 可以 非常好的产品 非常喜欢 歪理顾得
表还是不错的，我很喜欢，我原以为是android系统，却是三星自家的泰泽系统。,表还是不错的 我很喜欢 我原以为是android系统 却是三星自家的泰泽系统。
表带就送半条  也不送一套 这个东西连一套表带都不送么 搞不懂厂家咋想的,表带就送半条 也不送一套 这个东西连一套表带都不送么 搞不懂厂家咋想的
蓝色sport  比较炫 好看,蓝色sport 比较炫 好看
喜欢，漂亮。,喜欢 漂亮。
不错呦！！！,不错呦！
还行，挺好的,还行 挺好的
正品！五分！,正品 五分 
用了一段时间，很好用，为啥三星就是不火那,用了一段时间 很好用 为啥三星就是不火那
可以  不错,可以 不错
连接三星手机后，很容易换表盘和装软件，功能够多，也是方便。,连接三星手机后 很容易换表盘和装软件 功能够多 也是方便。
很好看很喜欢,很好看很喜欢
挺好玩的东西,挺好玩的东西
很喜欢，好用,很喜欢 好用
非常好很喜欢,非常好很喜欢
非常棒！！！棒棒哒！！！好好看 ，还在摸索！,非常棒！棒棒哒！好好看  还在摸索 
非常好，是正品，值得买，比店里卖的便宜，物流很给力，信任京东，信任东哥,非常好 是正品 值得买 比店里卖的便宜 物流很给力 信任京东 信任东哥
不错的，和好,不错的 和好
手表颜值在线，使用了一久了才来评论，做工也不错，主要是颜值高,手表颜值在线 使用了一久了才来评论 做工也不错 主要是颜值高
表不错，很多功能，三星东西确实不愧是国际大肠,表不错 很多功能 三星东西确实不愧是国际大肠
上午下单，下午收到，速度超快，派送进度实时跟踪，超级方便。,上午下单 下午收到 速度超快 派送进度实时跟踪 超级方便。
这款手表老公很喜欢，是正品，功能全，还有赠品，给5分好评。,这款手表老公很喜欢 是正品 功能全 还有赠品 给#NUM#分好评。
高大上很满意,高大上很满意
感觉不错   用着方便   但感觉扬声器声音稍微有点小,感觉不错 用着方便 但感觉扬声器声音稍微有点小
操作感和质感都挺好，后续使用后再加评价,操作感和质感都挺好 后续使用后再加评价
还行吧，功能简单，有点贵。配s8+合适,还行吧 功能简单 有点贵。配s#NUM# 合适
不错不错，和s8完美结合。后续发使用心得。表带确实硬,不错不错 和s#NUM#完美结合。后续发使用心得。表带确实硬
可以 用起来不错 2500入手 划算,可以 用起来不错 #NUM#入手 划算
其他方面还行，就橡胶表带太硬了，跟扣第几个孔没有关系。舒适度跟苹果的差很多。,其他方面还行 就橡胶表带太硬了 跟扣第几个孔没有关系。舒适度跟苹果的差很多。
绝对没毛病,绝对没毛病
不错，很好！,不错 很好 
挺好的，就是有时候领券用券有点麻烦,挺好的 就是有时候领券用券有点麻烦
"商品很好,下次还会购买的~~~商品很好,下次还会购买的~~~",商品很好 下次还会购买的   商品很好 下次还会购买的   
很好不错 做工非常棒 比出门问问强多了,很好不错 做工非常棒 比出门问问强多了
俩字 给力 一直想买 终于入手了,俩字 给力 一直想买 终于入手了
自营服务还不错，速度很快，看着还不错，值得推荐,自营服务还不错 速度很快 看着还不错 值得推荐
手表不错，表盘很多，就是内存太小，装点东西就没了。,手表不错 表盘很多 就是内存太小 装点东西就没了。
京东送货上门很快，不错的。,京东送货上门很快 不错的。
速度快，质量不错。。。。。。。。。。。。。。。。。。。。。。。。。。。。。。。。。。。。。。。。。。。。。。。。。。。。。。。。。。。。。。。。。。。。。。。。。。。。。,速度快 质量不错。
非常好，够用，质量不错，挺好的，速度快非常好，够用，质量不错，挺好的，速度快非常好，够用，质量不错，挺好的，速度快非常好，够用，质量不错，挺好的，速度快,非常好 够用 质量不错 挺好的 速度快非常好 够用 质量不错 挺好的 速度快非常好 够用 质量不错 挺好的 速度快非常好 够用 质量不错 挺好的 速度快
虽然比s3小，体积仍偏大，有点重，设计和交互很棒。有听筒，没有扬声器。,虽然比s#NUM#小 体积仍偏大 有点重 设计和交互很棒。有听筒 没有扬声器。
最后因为光线传感器有问题，退了。,最后因为光线传感器有问题 退了。
相当拉风，不会错过重要电话。,相当拉风 不会错过重要电话。
上一代用的fit2手环，一年以后电池严重衰减。再给三星一次机会，如果再这样永久弃用。新品不如s3大气，但手腕较细只好选了这个。暂时还算满意吧,上一代用的fit#NUM#手环 一年以后电池严重衰减。再给三星一次机会 如果再这样永久弃用。新品不如s#NUM#大气 但手腕较细只好选了这个。暂时还算满意吧
包装完美，值得?！送客户的，希望喜欢！！！！,包装完美 值得  送客户的 希望喜欢！
很大气，就是软件太少了。不连WiFi，蓝牙待机三天木问题！,很大气 就是软件太少了。不连WiFi 蓝牙待机三天木问题 
不得不说，三星很厉害！,不得不说 三星很厉害 
实用价值，颜值挺高，操作方便,实用价值 颜值挺高 操作方便
还不错，应该是正品，电量2天没问题！,还不错 应该是正品 电量#NUM#天没问题 
体验非常不错，送货速度一流，非常好,体验非常不错 送货速度一流 非常好
与华为P10连接没有同三星手机好,与华为P#NUM#连接没有同三星手机好
颜值真的高，配合S8用还是可以的，当然缺点也一堆，太厚了，应用也很少，其次自带的表带真的low的不行，根本戴不好还特别廉价，买的时候请一定一起入个好看的表带,颜值真的高 配合S#NUM#用还是可以的 当然缺点也一堆 太厚了 应用也很少 其次自带的表带真的low的不行 根本戴不好还特别廉价 买的时候请一定一起入个好看的表带
送给老公的周年礼物 他还是很喜欢滴,送给老公的周年礼物 他还是很喜欢滴
比aw好看多了。。真心喜欢圆表盘,比aw好看多了。。真心喜欢圆表盘
牛皮表带配sports太细了，赠品就不做要求了,牛皮表带配sports太细了 赠品就不做要求了
手表不错！入手很值！希望耐用！,手表不错 入手很值 希望耐用 
之前买了一个先锋版的，放车上去洗车店洗车的时候被偷了，现在买个经典版。经典版的戴着更舒服，看着也更高大上，赞一个。京东送货超快的,之前买了一个先锋版的 放车上去洗车店洗车的时候被偷了 现在买个经典版。经典版的戴着更舒服 看着也更高大上 赞一个。京东送货超快的
外观大气，个人感觉比苹果好看，,外观大气 个人感觉比苹果好看 
表不错，就是功能少点，电池不禁用！,表不错 就是功能少点 电池不禁用 
和OPPOr不太兼容，连接上老是自己断掉。,和OPPOr不太兼容 连接上老是自己断掉。
与想象中差不多，进一步体验中。,与想象中差不多 进一步体验中。
不错，比s2 看着大气，超喜欢,不错 比s#NUM# 看着大气 超喜欢
宝贝真心不错，超爱。。。,宝贝真心不错 超爱。
非常棒，还送充电器,非常棒 还送充电器
漂亮实用，逼格满满,漂亮实用 逼格满满
做工精良，功能强大，唯一的缺点--贵！,做工精良 功能强大 唯一的缺点--贵 
就这样吧，买它就是因为看他外表比较好看,就这样吧 买它就是因为看他外表比较好看
包装完整，送货准时,包装完整 送货准时
挺好看的。。就是对iPhone的兼容一般，但也不错了，毕竟苹果手表还不支持安卓手机。。等换个安卓手机可能就更好用啦,挺好看的。。就是对iPhone的兼容一般 但也不错了 毕竟苹果手表还不支持安卓手机。。等换个安卓手机可能就更好用啦
为了这块表买了三星s8+，挺好用的，待机2天左右，支持通话定位，微信也有消息提醒，支付、宝有付款条形码,为了这块表买了三星s#NUM#  挺好用的 待机#NUM#天左右 支持通话定位 微信也有消息提醒 支付、宝有付款条形码
品质不错。说明书不好。,品质不错。说明书不好。
正品，戴了这么久，还是很舒服的，电量挺耐用，两天一冲，颜值也很高，可旋转的表盘更是创新表现，各数据显示也很详实，总之，很满意,正品 戴了这么久 还是很舒服的 电量挺耐用 两天一冲 颜值也很高 可旋转的表盘更是创新表现 各数据显示也很详实 总之 很满意
很一般。优点就是微信提示，不用频道打开手机看，三天一充也不错。缺点就是功能都很鸡肋，这个价位建议加点钱买机械表去吧。,很一般。优点就是微信提示 不用频道打开手机看 三天一充也不错。缺点就是功能都很鸡肋 这个价位建议加点钱买机械表去吧。
配合三星手机特别方便可以看到通知，天气和心率功能很实用，颜值高，经典版适合搭配各种衣服都不违和,配合三星手机特别方便可以看到通知 天气和心率功能很实用 颜值高 经典版适合搭配各种衣服都不违和
配合手机好用，关键是有提醒手机离线了，解决忘带手机问题。华为就没这个，害我又买了三星手表,配合手机好用 关键是有提醒手机离线了 解决忘带手机问题。华为就没这个 害我又买了三星手表
其他都还好，就是有点厚（真厚啊），今天刚收到，后面再追评吧~,其他都还好 就是有点厚 真厚啊  今天刚收到 后面再追评吧 
买来送人的、就是冲着三星 的高颜值去的！好不好用不知道，但是作为三星，颜值第一，你懂得！,买来送人的、就是冲着三星 的高颜值去的 好不好用不知道 但是作为三星 颜值第一 你懂得 
嗯   用了很长时间了才来评价，只能说还可以    一可有可无的东西  喜欢就看着还好   不喜欢就那样,嗯 用了很长时间了才来评价 只能说还可以 一可有可无的东西 喜欢就看着还好 不喜欢就那样
就是有点大，其他都好,就是有点大 其他都好
很多功能不实用，而且冬天带有点凉哈，总体来说还是不错的，省电模式能用一星期左右！,很多功能不实用 而且冬天带有点凉哈 总体来说还是不错的 省电模式能用一星期左右 
只能告诉你们这是s2的升级版，微信可以收信息但不能回。运动功能是三星有史以来最强大的，爱好运动别错过,只能告诉你们这是s#NUM#的升级版 微信可以收信息但不能回。运动功能是三星有史以来最强大的 爱好运动别错过
造型很好，功能也很全，就是不好佩戴，表带太硬，又很难下，可能戴时间长了会好点吧,造型很好 功能也很全 就是不好佩戴 表带太硬 又很难下 可能戴时间长了会好点吧
之前软件版本的问题导致手表更换主题功能不好用。软件更新以后好多了。一切正常。,之前软件版本的问题导致手表更换主题功能不好用。软件更新以后好多了。一切正常。
很稀饭,很稀饭
手表真不错，比s3小，但是还是适合真正喜欢运动的人，不然就是鸡肋了,手表真不错 比s#NUM#小 但是还是适合真正喜欢运动的人 不然就是鸡肋了
待机能超过2天就足以好过其他智能手表。不足之处当然还是因为三星本身的问题，手机卖不过苹果却要坚持自留地。和苹果的兼容性实在是给自己造了一堵墙。厚度和尺寸上要是能改进下，应该会更受欢迎，至少现在没太多女士会带这么个大块头。说到底，智能手表还处在玩玩的阶段，比电子表好上一丢丢。,待机能超过#NUM#天就足以好过其他智能手表。不足之处当然还是因为三星本身的问题 手机卖不过苹果却要坚持自留地。和苹果的兼容性实在是给自己造了一堵墙。厚度和尺寸上要是能改进下 应该会更受欢迎 至少现在没太多女士会带这么个大块头。说到底 智能手表还处在玩玩的阶段 比电子表好上一丢丢。
只能连接三星跟苹果手机，其它手机不支持，还有为啥我的下载不了软件。。,只能连接三星跟苹果手机 其它手机不支持 还有为啥我的下载不了软件。。
"手机手表带了一段时间才来评价挺不错,样子大气时尚多种表盘随意更换待电时间也可以，到货非常快！",手机手表带了一段时间才来评价挺不错 样子大气时尚多种表盘随意更换待电时间也可以 到货非常快 
质量很好，不过有些app通知有些不起效，不知道为什么。不过我用s健康比较多，配合s8完美。,质量很好 不过有些app通知有些不起效 不知道为什么。不过我用s健康比较多 配合s#NUM#完美。
使用了一段时间，基本还可以，表盘没有想象中那么多，待机三天可以,使用了一段时间 基本还可以 表盘没有想象中那么多 待机三天可以
待机时间长,待机时间长
这款算智能表里功能比较全的了，电池是亮点，中度使用三天无压力。,这款算智能表里功能比较全的了 电池是亮点 中度使用三天无压力。
非常漂亮的手表，大家看到都很感兴趣，经常有人问这款手表，自己也非常喜欢,非常漂亮的手表 大家看到都很感兴趣 经常有人问这款手表 自己也非常喜欢
挺好挺好的,挺好挺好的
明明说的可以独立音乐 收到不可以 醉了 客服解决说退货 难道没别的办法？,明明说的可以独立音乐 收到不可以 醉了 客服解决说退货 难道没别的办法 
老公很喜欢,老公很喜欢
很好很不错~~信赖自营,很好很不错  信赖自营
商品不错，待机时间长，唯一缺点就是不能显示微信内容，是个遗憾,商品不错 待机时间长 唯一缺点就是不能显示微信内容 是个遗憾
京东送货快,京东送货快
特别好看 不能回微信有点遗憾 待机也就一天半 表盘好看的太少了应用也少,特别好看 不能回微信有点遗憾 待机也就一天半 表盘好看的太少了应用也少
很好的产品，很好的体验，很快就送到了，和机子很贴切，不错。,很好的产品 很好的体验 很快就送到了 和机子很贴切 不错。
做工精美，外观时尚，很多操作都很人性化，续航也很给力，3天左右充一次就可以。,做工精美 外观时尚 很多操作都很人性化 续航也很给力 #NUM#天左右充一次就可以。
东东不错，京东快递是最值得称赞的，货正速度快。不错,东东不错 京东快递是最值得称赞的 货正速度快。不错
东西还是比较满意的，送货也比较及时，活动价格还算可以,东西还是比较满意的 送货也比较及时 活动价格还算可以
追求外形的可以买，不会失望。追求功能的还是买别的吧。,追求外形的可以买 不会失望。追求功能的还是买别的吧。
不错带的舒适，很满意，就是有的表盘太耗电了，值得买！,不错带的舒适 很满意 就是有的表盘太耗电了 值得买 
三星Gear S3智能手表    待机时间太短,三星Gear S#NUM#智能手表 待机时间太短
非常好，相信京東；物流相當快，服務態度很好，極力推薦！,非常好 相信京東 物流相當快 服務態度很好 極力推薦 
东西不错，就是还大了点，如果表盘再小一点就更好了,东西不错 就是还大了点 如果表盘再小一点就更好了
还没开始用，希望好用，质量好点，一定一定一定一定,还没开始用 希望好用 质量好点 一定一定一定一定
非常的智能手表，非常的炫酷，待机时间有两天。,非常的智能手表 非常的炫酷 待机时间有两天。
银色的要比黑色的好看，黑色的比银色的时尚。要买只看第一眼喜欢就喜欢。,银色的要比黑色的好看 黑色的比银色的时尚。要买只看第一眼喜欢就喜欢。
爱不释手啊，功能太强大了，还能打游戏，牛?,爱不释手啊 功能太强大了 还能打游戏 牛 
省电！比ticwatch强很多，希望能用2年以上吧,省电 比ticwatch强很多 希望能用#NUM#年以上吧
太好用了，不用从裤兜掏手机，也可以看信息和接电话了,太好用了 不用从裤兜掏手机 也可以看信息和接电话了
整体感觉不错，比我之前买的GEAR S3稍小点，这款女的带非常不错,整体感觉不错 比我之前买的GEAR S#NUM#稍小点 这款女的带非常不错
非常美观与大方，功能也非常好用。之前早就想拥有一个了，一直等降价。,非常美观与大方 功能也非常好用。之前早就想拥有一个了 一直等降价。
不错，时尚,不错 时尚
是正品，东西不错，商家服务也很棒，值得购买。,是正品 东西不错 商家服务也很棒 值得购买。
漂亮 帅气  穿正装休闲都可以带  续航也不错,漂亮 帅气 穿正装休闲都可以带 续航也不错
这个品牌的手机和配件一直在用，很好用,这个品牌的手机和配件一直在用 很好用
Gear Sport有点重，其他还好。电量使用起来没掉的很快。,Gear Sport有点重 其他还好。电量使用起来没掉的很快。
手表工艺很好，功能实用，能小巧点就完美了,手表工艺很好 功能实用 能小巧点就完美了
第二天就到，价格实惠物流很给力！！！！！,第二天就到 价格实惠物流很给力！
很好，很漂亮，送的东西也很完整，物流超快,很好 很漂亮 送的东西也很完整 物流超快
用着不错，跟三星手机连接功能挺多的，就是不知道为什么支付用不了,用着不错 跟三星手机连接功能挺多的 就是不知道为什么支付用不了
外表不错，大气！有些功能还没研究透，,外表不错 大气 有些功能还没研究透 
很帅。   睡眠测量很准确 。 很高逼格,很帅。 睡眠测量很准确 。 很高逼格
比我之前买的S3要小些，给媳妇的，很满意。各种功能体验中。,比我之前买的S#NUM#要小些 给媳妇的 很满意。各种功能体验中。
这一代产品非常好，外形和实用性都很好用,这一代产品非常好 外形和实用性都很好用
老板推荐的表 送给老爸 看中的是监测心率功能  老爸说好用 洋气,老板推荐的表 送给老爸 看中的是监测心率功能 老爸说好用 洋气
三星这款手表，真的是比苹果的强太多了！,三星这款手表 真的是比苹果的强太多了 
东西非常好,东西非常好
漂亮、时尚、实用，我的欧米茄都在家睡觉啦！,漂亮、时尚、实用 我的欧米茄都在家睡觉啦 
很好，喜欢这个，非常好。不错不错。,很好 喜欢这个 非常好。不错不错。
好看，公司发奖用，送货也快，赞一个,好看 公司发奖用 送货也快 赞一个
三星的东西一直喜欢，不用问我为什么。,三星的东西一直喜欢 不用问我为什么。
买来后悔了,买来后悔了
使用方便，设计精妙，质量可靠，送货及时,使用方便 设计精妙 质量可靠 送货及时
还可以吧！感觉比较耗电！期待后续使用！,还可以吧 感觉比较耗电 期待后续使用 
很好的东西，很好用，很实惠，下次会回来。赞！,很好的东西 很好用 很实惠 下次会回来。赞 
一开始先预约了，一号等到零点抢购山东一直说无货，这点对京东差评，用北京地址买了让朋友给邮寄回来的，醉了！,一开始先预约了 一号等到零点抢购山东一直说无货 这点对京东差评 用北京地址买了让朋友给邮寄回来的 醉了 
去年s3上市后对外观没有一见钟情，就一直在等，快要等不下去入手s3的时候sport终于来了，与s8绝配，不负等待。,去年s#NUM#上市后对外观没有一见钟情 就一直在等 快要等不下去入手s#NUM#的时候sport终于来了 与s#NUM#绝配 不负等待。
等它降价硬是降不下来，比新出的还贵！只能买了，喜欢好久了！,等它降价硬是降不下来 比新出的还贵 只能买了 喜欢好久了 
挺好用，大小合适，就是表带不好，不透气,挺好用 大小合适 就是表带不好 不透气
物流很快，东西非常不错，值得购买。,物流很快 东西非常不错 值得购买。
非常好！家人用着特别方便！继续！,非常好 家人用着特别方便 继续 
很棒，外观好看，表盘超多。待机时间长,很棒 外观好看 表盘超多。待机时间长
还不错 挺好用的 推荐大家购买！！！,还不错 挺好用的 推荐大家购买！
手表不错，与我的s8+完美匹配，就是表带不太好，要换一根。,手表不错 与我的s#NUM# 完美匹配 就是表带不太好 要换一根。
非常好，非常满意，还会再次购买的。,非常好 非常满意 还会再次购买的。
买回来相当满意，换了钢带，跟真正手表无差异,买回来相当满意 换了钢带 跟真正手表无差异
大爱啊，真的很漂亮，超级喜欢！！！！,大爱啊 真的很漂亮 超级喜欢！
用了一段时间感觉各方面还可以。,用了一段时间感觉各方面还可以。
手表漂亮，大气，续航不尽如人意，境外，表带太硬，非常不方便。,手表漂亮 大气 续航不尽如人意 境外 表带太硬 非常不方便。
还不错，功能比apple watch 多，总得来说也算值得,还不错 功能比apple watch 多 总得来说也算值得
手表很轻功能还可以，就是感觉有点贵，性价比没有华为的高,手表很轻功能还可以 就是感觉有点贵 性价比没有华为的高
好硬，没试,好硬 没试
昨天下单今天就收到货了，东西不错。,昨天下单今天就收到货了 东西不错。
这个不运动可以坚持两天，如果要运动一会就不行了！,这个不运动可以坚持两天 如果要运动一会就不行了 
东西不错挺好的啊，下次还会购买,东西不错挺好的啊 下次还会购买
配合三星手机体验还不错，续航差些,配合三星手机体验还不错 续航差些
外观很好，做工也不错，比较满意，喜欢。,外观很好 做工也不错 比较满意 喜欢。
非常漂亮，很满意，降价后保价成功,非常漂亮 很满意 降价后保价成功
表盘不喜欢可以换 ，还可以打电话  。三星支付没弄明白,表盘不喜欢可以换  还可以打电话 。三星支付没弄明白
佩戴很舒服，还在研究怎么用，有其他样式的表带就完美了,佩戴很舒服 还在研究怎么用 有其他样式的表带就完美了
不错，挺好的啊，我喜欢，强烈推荐，京东物流快，给个赞?,不错 挺好的啊 我喜欢 强烈推荐 京东物流快 给个赞 
很满意，甚至个人觉得比苹果表还要好。,很满意 甚至个人觉得比苹果表还要好。
很好，挺喜欢的，不错。京东。,很好 挺喜欢的 不错。京东。
手表很不错，很好看，也很好用,手表很不错 很好看 也很好用
非常漂亮，表带不太舒服，研究中。,非常漂亮 表带不太舒服 研究中。
买来送给老公的生日礼物，很喜欢，隔天就到了，速度很快,买来送给老公的生日礼物 很喜欢 隔天就到了 速度很快
还是很不错的，特地来评价,还是很不错的 特地来评价
质量很不错，一直信赖京东,质量很不错 一直信赖京东
手表酷炫 搭配note8完美,手表酷炫 搭配note#NUM#完美
颜值满分！！！逼格满满！！！！,颜值满分！逼格满满！
很棒 非常喜欢 哈哈哈哈哈哈啊哈哈,很棒 非常喜欢 哈哈哈啊哈哈
送老爹的，很喜欢，样子很漂亮,送老爹的 很喜欢 样子很漂亮
.物流快，手表还行，s2就开始用了，3表盘靓, 物流快 手表还行 s#NUM#就开始用了 #NUM#表盘靓
非常好，非常喜欢，喜欢运动智能手表的绝对值得一试,非常好 非常喜欢 喜欢运动智能手表的绝对值得一试
还可以老公很喜欢就不知道好不好用用了再评价吧,还可以老公很喜欢就不知道好不好用用了再评价吧
货物真实，京东快递准时送到！,货物真实 京东快递准时送到 
用了几天，挺好用的，价格很实惠。,用了几天 挺好用的 价格很实惠。
好用！特别防水！电量2天一次,好用 特别防水 电量#NUM#天一次
戴着这个表都不用睡觉的,戴着这个表都不用睡觉的
不错不错，就是感觉有些表盘在屏幕上不对称，有点偏,不错不错 就是感觉有些表盘在屏幕上不对称 有点偏
戴两天就感觉有点鸡肋了。两三天就要充电。无语。,戴两天就感觉有点鸡肋了。两三天就要充电。无语。
目前为止很好用电池3天,目前为止很好用电池#NUM#天
刚拿到手，还不错，使用中。,刚拿到手 还不错 使用中。
速度就是快，以后都在网上买东西了。戴着就是给力,速度就是快 以后都在网上买东西了。戴着就是给力
感觉还好 女生带还是有点大,感觉还好 女生带还是有点大
不错，第一次用智能表挺新鲜,不错 第一次用智能表挺新鲜
百度了教程，实现了华为手机和手表的完美连接，不错,百度了教程 实现了华为手机和手表的完美连接 不错
上午下单，下午就到了！手表不错，还有慢慢研究中,上午下单 下午就到了 手表不错 还有慢慢研究中
还在测试中，目前感觉还不错,还在测试中 目前感觉还不错
挺好听还挺好听还挺好,挺好听还挺好听还挺好
给客户买的，对方指定要的，应该很喜欢吧！,给客户买的 对方指定要的 应该很喜欢吧 
表带很粗，充满电能用三四天,表带很粗 充满电能用三四天
相信自己相信京东相信品牌,相信自己相信京东相信品牌
还是比较不错的，我好喜欢,还是比较不错的 我好喜欢
超级划算很好！早就想买了,超级划算很好 早就想买了
一直想买块表来着，这块表没有让我失望，非常棒,一直想买块表来着 这块表没有让我失望 非常棒
手表带起来好漂亮，功能也很多，慢慢探索中。,手表带起来好漂亮 功能也很多 慢慢探索中。
挺好的，大小比s3合适,挺好的 大小比s#NUM#合适
智能手表不错，值的购买,智能手表不错 值的购买
好，表盘大小比s3合适,好 表盘大小比s#NUM#合适
唯一不好就是收微信qq信息不能逐条查看,唯一不好就是收微信qq信息不能逐条查看
用了几天了，还不错 就是导航不能用求解决,用了几天了 还不错 就是导航不能用求解决
这款表确实不错，挺给力呀？,这款表确实不错 挺给力呀 
很喜欢 感觉很不错 待机两天多没问题,很喜欢 感觉很不错 待机两天多没问题
等了好久才买到，漂亮,等了好久才买到 漂亮
说句实话一分钱一分货????,说句实话一分钱一分货？
非常好，功能恰恰满足需要,非常好 功能恰恰满足需要
正在使用中。目前感觉还可以   比某果的要赞,正在使用中。目前感觉还可以 比某果的要赞
很好，配合Android手机功能比较全,很好 配合Android手机功能比较全
手表不错，挺好看的。,手表不错 挺好看的。
温江京东专卖店购买。满赞,温江京东专卖店购买。满赞
不错，正品，就是表带太硬，建议更换表带,不错 正品 就是表带太硬 建议更换表带
宝贝收到了，帮朋友买的，超喜欢很满意,宝贝收到了 帮朋友买的 超喜欢很满意
很喜欢更换表盘功能，可以满足多种场合的用途。,很喜欢更换表盘功能 可以满足多种场合的用途。
表带吗？其实无所谓的，关键看表本身,表带吗 其实无所谓的 关键看表本身
看起来挺帅气的，功能也不错，就是表带太厚了。,看起来挺帅气的 功能也不错 就是表带太厚了。
挺好的，就是表带一般化,挺好的 就是表带一般化
帮公司买的，应该还可以的，一直用,帮公司买的 应该还可以的 一直用
买了两个，这个是给别人送的。没有拆开！,买了两个 这个是给别人送的。没有拆开 
价格便宜。。。。。,价格便宜。
挺不错的，就是不知道三星pay能不能用,挺不错的 就是不知道三星pay能不能用
还未使用，期待效果,还未使用 期待效果
大方，大气，用着挺舒服，就是表带太紧。,大方 大气 用着挺舒服 就是表带太紧。
哈哈哈哈，满意满意,哈哈哈 满意满意
挺喜欢的，不太大，上班运动都好看！,挺喜欢的 不太大 上班运动都好看 
评价大于20元的商品超过10个字,评价大于#NUM#元的商品超过#NUM#个字
颜值可以的。软件不多，二三天一冲。,颜值可以的。软件不多 二三天一冲。
还可以，功能多，还要继续摸索,还可以 功能多 还要继续摸索
不错，很棒，造型款式很喜欢。,不错 很棒 造型款式很喜欢。
就是微信非常不方便,就是微信非常不方便
外观酷炫，和我的S8配合的很好。,外观酷炫 和我的S#NUM#配合的很好。
很好很不错 很漂亮 很好用,很好很不错 很漂亮 很好用
双11之前买的，比双11还便宜~,双#NUM#之前买的 比双#NUM#还便宜 
挺好的，挺合适的，下次还来购买,挺好的 挺合适的 下次还来购买
感觉很不错，大小适中，续航也行,感觉很不错 大小适中 续航也行
还没开机，先赞一个,还没开机 先赞一个
东西不错，苹果那个太难看了&hellip;不过苹果手机还是买苹果手表吧,东西不错 苹果那个太难看了 hellip 不过苹果手机还是买苹果手表吧
东西不错，很好用，智能运动首选,东西不错 很好用 智能运动首选
挺不错 配合s8  美滋滋,挺不错 配合s#NUM# 美滋滋
挺不错的，很好用，挺好看的表,挺不错的 很好用 挺好看的表
很不错，很有科技感，还在研究中。,很不错 很有科技感 还在研究中。
东西到手很快。质量可靠。赞一个。,东西到手很快。质量可靠。赞一个。
表盘够大气，功能强大切满足日常需求,表盘够大气 功能强大切满足日常需求
比iwatch好用多了,比iwatch好用多了
用三天还能剩30%的电量，还不错,用三天还能剩#NUM# 的电量 还不错
高端大气上档次，低调奢华有内涵,高端大气上档次 低调奢华有内涵
感觉不错，功能挺多，还在研究中,感觉不错 功能挺多 还在研究中
可以，经过一次换货，实用,可以 经过一次换货 实用
知能手表很大气，功能强大。,知能手表很大气 功能强大。
语音识别不太好用，其他还好,语音识别不太好用 其他还好
颜值高，功能还在研究中，蛮喜欢的,颜值高 功能还在研究中 蛮喜欢的
爱不释手，喜欢死了最低入手,爱不释手 喜欢死了最低入手
非常好。非常好  非常好呀,非常好。非常好 非常好呀
东西不错，续航力也可以,东西不错 续航力也可以
帅的一匹，很好用，快递也很快,帅的一匹 很好用 快递也很快
宝贝很不错   物流也非常快,宝贝很不错 物流也非常快
手机还不错，下次再买个送人,手机还不错 下次再买个送人
终于有个能戴着游泳的手表了,终于有个能戴着游泳的手表了
要是屏幕可以双击唤醒就完美了,要是屏幕可以双击唤醒就完美了
东西不错，物美价廉，很喜欢！,东西不错 物美价廉 很喜欢 
挺好，挺不错的！,挺好 挺不错的 
功能少了点，但是还可以吧,功能少了点 但是还可以吧
真的可以的，不错不错！值得购买,真的可以的 不错不错 值得购买
挺不错的，使用一段时间看,挺不错的 使用一段时间看
很好，带一段时间再来评价了,很好 带一段时间再来评价了
很不错，挺好的，喜欢喜欢喜欢,很不错 挺好的 喜欢喜欢喜欢
很大气，满意！物流也很给力。,很大气 满意 物流也很给力。
男票很喜欢！～～～～～～～～,男票很喜欢    
确实比苹果的好用，挺舒服,确实比苹果的好用 挺舒服
正品，没得说了，很好,正品 没得说了 很好
手表很大气同事都说好看,手表很大气同事都说好看
还可以，比苹果好看多了,还可以 比苹果好看多了
快递比较快 质量也没得说,快递比较快 质量也没得说
不错，，挺好,不错  挺好
没想象中的好，有点后悔,没想象中的好 有点后悔
很棒！待机超乎想象！,很棒 待机超乎想象 
很好的一款表，喜欢，很智能,很好的一款表 喜欢 很智能
戴久了表盘有点松。,戴久了表盘有点松。
以收货，包装太简陋,以收货 包装太简陋
和手机连接很方便 不错,和手机连接很方便 不错
手表非常好，颜值不错,手表非常好 颜值不错
很好，就是支持的软件太少,很好 就是支持的软件太少
"真不错啊,速度超快就到了",真不错啊 速度超快就到了
东西不错,东西不错
样子好看，功能挺全的,样子好看 功能挺全的
正在使用中。,正在使用中。
感觉还可以,感觉还可以
真的很不错呀,真的很不错呀
比想象中大一点。,比想象中大一点。
很好用，很多功能在研究中,很好用 很多功能在研究中
非常非常好，可惜小贵,非常非常好 可惜小贵
哎，买完就降价啊。。。。简直了,哎 买完就降价啊。简直了
大品牌，不错。,大品牌 不错。
个不小，带着晃眼,个不小 带着晃眼
真不错,真不错
s3真的很不错，计步或者提醒功能很强大。再也不用担心错过终于信息了。而且防水，洗澡也可以戴,s#NUM#真的很不错 计步或者提醒功能很强大。再也不用担心错过终于信息了。而且防水 洗澡也可以戴
帅帅帅非常漂亮，超级满意,帅帅帅非常漂亮 超级满意
颜值没的说，就是功能太少，也不支持NFC，虽然有NFC模块。还送了两个表带，不知道再送一个座充什么意思，表盒里本来就有一个，还送一个，是怕丢吗。希望尽快推送新的软件吧。,颜值没的说 就是功能太少 也不支持NFC 虽然有NFC模块。还送了两个表带 不知道再送一个座充什么意思 表盒里本来就有一个 还送一个 是怕丢吗。希望尽快推送新的软件吧。
没啥用 老充电。。。,没啥用 老充电。
特意用了一个月过来，很不错。,特意用了一个月过来 很不错。
送货挺快，功能还行。,送货挺快 功能还行。
很喜欢 还在研究中 质量还不错,很喜欢 还在研究中 质量还不错
太棒了！很满意！使用相当给力！,太棒了 很满意 使用相当给力 
还不错刚上手，用着再来补充评论。,还不错刚上手 用着再来补充评论。
确实说Gear S3是当今智能手表里颜值最高的，应该没任何问题。但是用了一个月了，多少还是有些卡，尤其是表盘在明暗交替的时候，很明显的卡顿。所以说，介意性能的，还是老老实实换水果家的把。应用方面老生常谈了，啥玩意都么有，整天推送一堆破表盘有啥用，花点心思在应用开发商比研究表盘强。,确实说Gear S#NUM#是当今智能手表里颜值最高的 应该没任何问题。但是用了一个月了 多少还是有些卡 尤其是表盘在明暗交替的时候 很明显的卡顿。所以说 介意性能的 还是老老实实换水果家的把。应用方面老生常谈了 啥玩意都么有 整天推送一堆破表盘有啥用 花点心思在应用开发商比研究表盘强。
综合：考虑颜值的，首选，考虑性能的，备选，考虑实用性的，别选,综合 考虑颜值的 首选 考虑性能的 备选 考虑实用性的 别选
物美价廉，老客户了，购物首选京东，京东服务一流，值得信赖,物美价廉 老客户了 购物首选京东 京东服务一流 值得信赖
心心念念的智能表终于到了 等不及s4了 很酷,心心念念的智能表终于到了 等不及s#NUM#了 很酷
手表的各项功能特别实用，跑步登山必备，表盘风格特别多，肯定有一款风格是你喜欢的,手表的各项功能特别实用 跑步登山必备 表盘风格特别多 肯定有一款风格是你喜欢的
挺时尚百搭，用起来没毛病。,挺时尚百搭 用起来没毛病。
手表用了很久了，各方面都还行，就是想用Samsung pay一直没有,手表用了很久了 各方面都还行 就是想用Samsung pay一直没有
还是不够成熟的产品，有钱人可以买来当玩具玩玩，实际功能并不算太强大，用的是s8，所以很多功能和手机端重复了。,还是不够成熟的产品 有钱人可以买来当玩具玩玩 实际功能并不算太强大 用的是s#NUM# 所以很多功能和手机端重复了。
表很满意 就是表带有些硬 后来买了金属表带换上了,表很满意 就是表带有些硬 后来买了金属表带换上了
送货快，质量好。,送货快 质量好。
用了一段时间才来评论  一直对三星的质量没话说  信的过单位  带上这表身价提高  朋友都说好 五星好评！,用了一段时间才来评论 一直对三星的质量没话说 信的过单位 带上这表身价提高 朋友都说好 五星好评 
挺棒的宝贝，好酷。,挺棒的宝贝 好酷。
太帅了。完美,太帅了。完美
感觉很好！,感觉很好 
非常棒的智能手表。用料扎实，比某为强太多了。,非常棒的智能手表。用料扎实 比某为强太多了。
手表很好用，很喜欢,手表很好用 很喜欢
语音记事，语音备忘录，蓝牙电话等都很方便。倒计时和即时翻译都很好用，微信回复使用上是有一些问题，有点变扭，总体还是不错的。,语音记事 语音备忘录 蓝牙电话等都很方便。倒计时和即时翻译都很好用 微信回复使用上是有一些问题 有点变扭 总体还是不错的。
不错，就是觉得定位有点不好用。。。。。。,不错 就是觉得定位有点不好用。
带上感觉比较沉一点不过可以接收下一步研究功能,带上感觉比较沉一点不过可以接收下一步研究功能
外观没有失望，系统也还好用，之前用苹果2代的手表，感觉这款要好些,外观没有失望 系统也还好用 之前用苹果#NUM#代的手表 感觉这款要好些
挺好的一款手表，准备再买一块,挺好的一款手表 准备再买一块
温江京东专卖店购买。18628264228,温江京东专卖店购买。
"买了各种智能手表,最后觉得这?是最好的,至少是最适合自己的,1.计步可同步到微信,2.睡眠监测数据配对其它品牌灵活准确(有的品牌只监测21:00-9:00,有的品牌没有如华为).遗憾的是没有插卡直接打电话功能,如果有这功能就100%完美了.",买了各种智能手表 最后觉得这 是最好的 至少是最适合自己的 #NUM# 计步可同步到微信 #NUM# 睡眠监测数据配对其它品牌灵活准确 有的品牌只监测#NUM# #NUM#-#NUM# #NUM# 有的品牌没有如华为  遗憾的是没有插卡直接打电话功能 如果有这功能就#NUM# 完美了 
不错的手表,不错的手表
续航～～～真是实实在在的牛?！希望pay能够尽快上线～,续航   真是实实在在的牛  希望pay能够尽快上线 
外观高大上、功能强大、屏幕清晰,外观高大上、功能强大、屏幕清晰
东西不错正品，快递速度很快,东西不错正品 快递速度很快
东西还不错哦,东西还不错哦
这个贵啊，不过颜值高，待机又比苹果的强,这个贵啊 不过颜值高 待机又比苹果的强
还行，功能不多，买来没多大用，完全是装逼用,还行 功能不多 买来没多大用 完全是装逼用
还不错，和想象中差不多，要是可以插副卡就好了,还不错 和想象中差不多 要是可以插副卡就好了
很不错，一直支持京东，很好很好,很不错 一直支持京东 很好很好
三星GEAR S3上市以来一直很关注，本想再等等，等到双11再下手。。。可这次刚好碰到搞活动，实在等不了了，只好下单了。到手后，已以体验两天了感觉还是不错的，功能挺多的，一下子还不适应多少，慢慢摸索吧！从试用这两天来看，如果不经常摆弄，电池续航两天应该没问题的。现在碰到的问题是：来电时手机响铃，腕表铃声不响（蓝牙已连接），不知如何解决？真没办法啊！！！,三星GEAR S#NUM#上市以来一直很关注 本想再等等 等到双#NUM#再下手。可这次刚好碰到搞活动 实在等不了了 只好下单了。到手后 已以体验两天了感觉还是不错的 功能挺多的 一下子还不适应多少 慢慢摸索吧 从试用这两天来看 如果不经常摆弄 电池续航两天应该没问题的。现在碰到的问题是 来电时手机响铃 腕表铃声不响 蓝牙已连接  不知如何解决 真没办法啊！
用了几天对这手表一句话好。配S8手机用超好了，?????????????????????,用了几天对这手表一句话好。配S#NUM#手机用超好了 ？
好用，值得这么多钱的,好用 值得这么多钱的
刚买的，价格挺实惠的,刚买的 价格挺实惠的
非常不错，下次继续，一定会再来的,非常不错 下次继续 一定会再来的
有了几天感觉不错 京东给力,有了几天感觉不错 京东给力
刚刚使用，还在摸索。后续再来追评,刚刚使用 还在摸索。后续再来追评
太帅了，比方形的Apple Watch好看太多，功能也挺好用，连iPhone7p完全没问题！,太帅了 比方形的Apple Watch好看太多 功能也挺好用 连iPhone#NUM#p完全没问题 
这款手表是我最喜欢的，功能很多，表圈最给力。,这款手表是我最喜欢的 功能很多 表圈最给力。
感觉还可以吧,感觉还可以吧
方便实用，简单大方，无线充电方便实用,方便实用 简单大方 无线充电方便实用
a good gift for you very well,a good gift for you very well
挺好的，赶上搞活动，比实体店便宜了不少。,挺好的 赶上搞活动 比实体店便宜了不少。
包装还没有拆开，送人的！看着挺不错的,包装还没有拆开 送人的 看着挺不错的
和想象中没一样 不太会操作,和想象中没一样 不太会操作
谢谢京东赠送的礼物，非常实用，下次还会光临。,谢谢京东赠送的礼物 非常实用 下次还会光临。
送个朋友的，效果非常不错，比想象中好，可以支持,送个朋友的 效果非常不错 比想象中好 可以支持
电子表，挺不错的。适合男士戴。需手机单独安装软件，可兼容苹果系统。,电子表 挺不错的。适合男士戴。需手机单独安装软件 可兼容苹果系统。
还是非常满意的，虽然不是那么完美但是已经很不错了,还是非常满意的 虽然不是那么完美但是已经很不错了
啊啊啊啊啊啊啊啊啊啊啊啊啊啊啊啊啊啊啊啊啊,啊啊啊
手表很不错，比我想象的还要好。功能外观都很好,手表很不错 比我想象的还要好。功能外观都很好
颜值超级高，算是所有手表里最好看的一款了，厚度正好，功能也够用，非常满意！,颜值超级高 算是所有手表里最好看的一款了 厚度正好 功能也够用 非常满意 
很好看，带上去很有面子。感觉是真皮的，大品牌,很好看 带上去很有面子。感觉是真皮的 大品牌
咋说呢，还行吧，就是感觉电量撑不过三天呢。其他还可以，打电话特别爽，有时候来不及拿手机，手表就接了，也可以微信回复，不过不能看图片。,咋说呢 还行吧 就是感觉电量撑不过三天呢。其他还可以 打电话特别爽 有时候来不及拿手机 手表就接了 也可以微信回复 不过不能看图片。
手表及时送达，包装密封完好。原装自带无线充，还要赠一个，倒不如多优惠^^，经典版和先锋版看个人喜好吧，表盘样式多，与三星手机匹配完美，软件不多但也够用了，消息和来电再不会漏接了，电池两天完全没问题。,手表及时送达 包装密封完好。原装自带无线充 还要赠一个 倒不如多优惠   经典版和先锋版看个人喜好吧 表盘样式多 与三星手机匹配完美 软件不多但也够用了 消息和来电再不会漏接了 电池两天完全没问题。
玩玩还是不错的,玩玩还是不错的
关注好久了，对比了华为、佳明等好几个品牌，最新选择了三星，赶上秒杀降价两百，还有赠品，立马拿下，收到后，惊喜不断，戴着很有感觉，确实不错！,关注好久了 对比了华为、佳明等好几个品牌 最新选择了三星 赶上秒杀降价两百 还有赠品 立马拿下 收到后 惊喜不断 戴着很有感觉 确实不错 
样子挺好看的，可以换很多表盘，软件，该有的基本有，但是还是有点少,样子挺好看的 可以换很多表盘 软件 该有的基本有 但是还是有点少
非常好，看起来很高大上，虽然我是苹果手机，但是用的也该蛮不错的,非常好 看起来很高大上 虽然我是苹果手机 但是用的也该蛮不错的
还可以，没有网上说的那么大，男生戴刚刚好吧。,还可以 没有网上说的那么大 男生戴刚刚好吧。
关注了好久，三星的智能手表不错，和三星手机很匹配，使用挺方便，很喜欢。,关注了好久 三星的智能手表不错 和三星手机很匹配 使用挺方便 很喜欢。
不错，运动手表，蓝牙电话很清晰，短信微信户外提醒很到位，防水做得很好，特意水下试了几次，还在海里带着游了次，完美配我的三星s8 +,不错 运动手表 蓝牙电话很清晰 短信微信户外提醒很到位 防水做得很好 特意水下试了几次 还在海里带着游了次 完美配我的三星s#NUM#  
不错，用着还行，没有想象中可玩性那么多，不过还是挺酷,不错 用着还行 没有想象中可玩性那么多 不过还是挺酷
具有可玩性，装a利器,具有可玩性 装a利器
"手表真的很漂亮，大猩猩屏幕不是盖的很耐磨，待机不错，买了一只在玩掉电可以接受。安装手表微信助手可以接受和回复微信信息，可以语音回复。腾讯信息还不能接受不能回复，在研究中。可以直接通过语音拨打电话，接听电话很方便，现在可以脱离手机了，手机装包里就行了。运动心率海拔天气等功能都有。更重要的是真的有好多表盘，可以每天都不重样。我觉得手表功能很多了，主要是和三星手机连接可以更好的应用三星的app, 待机上绝对可以完胜苹果手表。如果满分是十分，我给手表打8分，实现了我想要的所有功能。",手表真的很漂亮 大猩猩屏幕不是盖的很耐磨 待机不错 买了一只在玩掉电可以接受。安装手表微信助手可以接受和回复微信信息 可以语音回复。腾讯信息还不能接受不能回复 在研究中。可以直接通过语音拨打电话 接听电话很方便 现在可以脱离手机了 手机装包里就行了。运动心率海拔天气等功能都有。更重要的是真的有好多表盘 可以每天都不重样。我觉得手表功能很多了 主要是和三星手机连接可以更好的应用三星的app  待机上绝对可以完胜苹果手表。如果满分是十分 我给手表打#NUM#分 实现了我想要的所有功能。
戴上这个有种高大上的感觉，比苹果手表高出一个档次！,戴上这个有种高大上的感觉 比苹果手表高出一个档次 
刚戴了两天 感觉电量能用2天多 可以连接手机打电话回微信短信 总体还不错,刚戴了两天 感觉电量能用#NUM#天多 可以连接手机打电话回微信短信 总体还不错
用了一段时间 感觉还是不错的 就是有事转盘不太灵,用了一段时间 感觉还是不错的 就是有事转盘不太灵
大厂还是不一样，做工精细颜值爆表，比苹果好太多了！续航能力超预期，还能随便换表带很喜欢，和S8完美搭配&hellip;,大厂还是不一样 做工精细颜值爆表 比苹果好太多了 续航能力超预期 还能随便换表带很喜欢 和S#NUM#完美搭配 hellip 
很好用，很炫酷，是个不错的东西。。。,很好用 很炫酷 是个不错的东西。
非常期待的一款手表，表盘表带可以随意更换非常合我胃口，手表外形的整体设计很时尚，唯一有点小遗憾就是pay不能使用,非常期待的一款手表 表盘表带可以随意更换非常合我胃口 手表外形的整体设计很时尚 唯一有点小遗憾就是pay不能使用
手表还不错，大气高端不错有可玩性,手表还不错 大气高端不错有可玩性
实体店没得卖，还是京东好,实体店没得卖 还是京东好
期待已久的s3，搭配自己的s7edge，简直炫酷的不要不要的,期待已久的s#NUM# 搭配自己的s#NUM#edge 简直炫酷的不要不要的
当天下单当天送达。感谢京东！全新未开封的智能手表，外观大气，显示细腻。特别喜欢照片同步功能，非常赞。,当天下单当天送达。感谢京东 全新未开封的智能手表 外观大气 显示细腻。特别喜欢照片同步功能 非常赞。
外观漂亮，也有商务气息，实用功能很多，绝对值得购买,外观漂亮 也有商务气息 实用功能很多 绝对值得购买
非常满意，第二天早上到的，手表分辨率高，清晰。流畅。漂亮，做工扎实。是2个无线充电器，以外。厚道。,非常满意 第二天早上到的 手表分辨率高 清晰。流畅。漂亮 做工扎实。是#NUM#个无线充电器 以外。厚道。
很好很棒,很好很棒
很喜欢，种草了5个月终于买了，推荐每一位用s8的用户都买一块，和s8简直是绝配，送的表带也非常棒，就是很硬戴一段时间应该会好一些，最开始纠结于韩版与港版，后来还是选择了京东的国行，不过为什么还要再送一个充电器，送一点别的东西哪怕便宜一点的一好呀！总之东西非常棒，唯一不愉快的就是，明明告诉我9好可以送到，付玩款就说十号送到，很生气！,很喜欢 种草了#NUM#个月终于买了 推荐每一位用s#NUM#的用户都买一块 和s#NUM#简直是绝配 送的表带也非常棒 就是很硬戴一段时间应该会好一些 最开始纠结于韩版与港版 后来还是选择了京东的国行 不过为什么还要再送一个充电器 送一点别的东西哪怕便宜一点的一好呀 总之东西非常棒 唯一不愉快的就是 明明告诉我#NUM#好可以送到 付玩款就说十号送到 很生气 
开始很新鲜号感，表盘样式很多,开始很新鲜号感 表盘样式很多
包装很精致，手表上手很抢眼。,包装很精致 手表上手很抢眼。
手表收到了，京东快递的速度没的说，上午下单，下午就到了。没期望太多的功能，就是想付款和看时间。已经可以满足了。不错,手表收到了 京东快递的速度没的说 上午下单 下午就到了。没期望太多的功能 就是想付款和看时间。已经可以满足了。不错
手表看起来效果很好，眼前一亮的感觉，具体功能有待慢慢摸索。这次京东也送了表带赠品，不错不错。,手表看起来效果很好 眼前一亮的感觉 具体功能有待慢慢摸索。这次京东也送了表带赠品 不错不错。
"虽然是三星，但不得不说，品质真是非常不错，从note2,note4到现在的S8,这次的gear3,品质也没有落下，细节待使用后再跟进评价，这次还有表带赠送，超值了。",虽然是三星 但不得不说 品质真是非常不错 从note#NUM# note#NUM#到现在的S#NUM# 这次的gear#NUM# 品质也没有落下 细节待使用后再跟进评价 这次还有表带赠送 超值了。
京东送货准时，货品正~~总之很满意！,京东送货准时 货品正  总之很满意 
好，质量好，真的很不错，值得一赞。,好 质量好 真的很不错 值得一赞。
非常喜欢，早就想买,非常喜欢 早就想买
很好喜欢,很好喜欢
三星 （SAMSUNG）三星Gear S3智能手表 内置独立GPS三星手表 海拔高度 心率监测 户外,三星  SAMSUNG 三星Gear S#NUM#智能手表 内置独立GPS三星手表 海拔高度 心率监测 户外
个人比较喜欢经典款的，适用各种场合，根据适用效果来说，第一。尼。玛。表带忒硬，这个价格就不能给配条好带子？还得自己配带子，不能理解，第二续航，除了屏幕常亮不开，其余基本全开，使用三天完全没问题（睡觉也带着），第三防水，游过几次泳，没出现异常情况。整体体验还是不错的,个人比较喜欢经典款的 适用各种场合 根据适用效果来说 第一。尼。玛。表带忒硬 这个价格就不能给配条好带子 还得自己配带子 不能理解 第二续航 除了屏幕常亮不开 其余基本全开 使用三天完全没问题 睡觉也带着  第三防水 游过几次泳 没出现异常情况。整体体验还是不错的
关注许久，终于到手，爽歪歪，功能研究中,关注许久 终于到手 爽歪歪 功能研究中
这块电子表买的挺喜欢的，就是有些贵，要是10多块钱一块的话，我就多买它几块了。。。,这块电子表买的挺喜欢的 就是有些贵 要是#NUM#多块钱一块的话 我就多买它几块了。
屏幕显示清晰漂亮，功能够用，使用方便，多给一个充电器，方便在家和单位充电。,屏幕显示清晰漂亮 功能够用 使用方便 多给一个充电器 方便在家和单位充电。
好产品好产品,好产品好产品
挺好，送给老公的礼物，配他的三星s8?，很好用。,挺好 送给老公的礼物 配他的三星s#NUM#  很好用。
怎么说呢？是我用的，除了，第一代的，摩托罗拉的表之外，还不错的一个。,怎么说呢 是我用的 除了 第一代的 摩托罗拉的表之外 还不错的一个。
不错，我很喜欢，以前用过s2，现在用s3熟门熟路，送了表带和充电器我都很满意，多一个充电器方便好多,不错 我很喜欢 以前用过s#NUM# 现在用s#NUM#熟门熟路 送了表带和充电器我都很满意 多一个充电器方便好多
手表很不错，虽然有缺点，但是符合我使用要求，做工很精致，app太少，微信无法回复，无法查看。这个是最大的缺点。这个东西唯一功能就是装B,手表很不错 虽然有缺点 但是符合我使用要求 做工很精致 app太少 微信无法回复 无法查看。这个是最大的缺点。这个东西唯一功能就是装B
- [ ] 外表看着美观大气上档次。一直信任京东。质量不错，送货很快，服务很好！ 太漂亮，大气，档次高，超喜欢。 货比三家，选的也好是辛苦啊?现在除了一碗热气腾腾的拉面，在强哥这里买不到其他的，只有你想不到没有买不到? 上午下单，下午到家速度啊！看着还行 货品不错，装了实用。质量可以。是值得购买 不错不错不错！！！！！！用了还可以，刚开始用有点涩。很干净，质感也不错，价位适中，性价比一般吧。 不错 物流一天就到了 整体感觉很不错，收到就用了，挺喜欢的，这个用的好，还要买多几个。 物美价廉，用着看看吧，免去,- [ ] 外表看着美观大气上档次。一直信任京东。质量不错 送货很快 服务很好  太漂亮 大气 档次高 超喜欢。 货比三家 选的也好是辛苦啊 现在除了一碗热气腾腾的拉面 在强哥这里买不到其他的 只有你想不到没有买不到  上午下单 下午到家速度啊 看着还行 货品不错 装了实用。质量可以。是值得购买 不错不错不错！用了还可以 刚开始用有点涩。很干净 质感也不错 价位适中 性价比一般吧。 不错 物流一天就到了 整体感觉很不错 收到就用了 挺喜欢的 这个用的好 还要买多几个。 物美价廉 用着看看吧 免去
挺好的挺好的挺好的挺好的,挺好的挺好的挺好的挺好的
非常漂亮，很满意，电池一般3天一冲！,非常漂亮 很满意 电池一般#NUM#天一冲 
不错，超出期待。,不错 超出期待。
东西不错，功能比我想象的强大，电池能用50小时，链接s8+比较完美，不会漏掉短信电话,东西不错 功能比我想象的强大 电池能用#NUM#小时 链接s#NUM# 比较完美 不会漏掉短信电话
东西收到，绝对的正品，用了感觉不错，具体使用段时间再评价！一直信任京东！,东西收到 绝对的正品 用了感觉不错 具体使用段时间再评价 一直信任京东 
感觉还不错，就是表盘有点松，不知道本来就是这样。还是怎么回事,感觉还不错 就是表盘有点松 不知道本来就是这样。还是怎么回事
买东西，就上京东：自营棒、货品真、价格优、服务赞、配送快、售后好&hellip;&hellip;买到心情更爽！！！,买东西 就上京东 自营棒、货品真、价格优、服务赞、配送快、售后好 hellip  hellip 买到心情更爽！
装逼利器，不能nfc有点可惜，一般只能用两天,装逼利器 不能nfc有点可惜 一般只能用两天
挺好的，手太细了，撑不住那么大的表盘,挺好的 手太细了 撑不住那么大的表盘
快递小哥辛苦了，谢谢您,快递小哥辛苦了 谢谢您
看起来很不错，原来的表带太厚了，取和戴也不方便，换了个表带好多了。,看起来很不错 原来的表带太厚了 取和戴也不方便 换了个表带好多了。
现在不用跑超市了，太方便啦，辛苦快递小哥,现在不用跑超市了 太方便啦 辛苦快递小哥
东西挺好的 最好的还是物流特别快,东西挺好的 最好的还是物流特别快
昨天卖2799，为什么今天卖2599？,昨天卖#NUM# 为什么今天卖#NUM# 
还可以   跟想象中的不一样,还可以 跟想象中的不一样
东西还不错，老婆用得很开心,东西还不错 老婆用得很开心
相当不错，价格也不算贵，关联方便,相当不错 价格也不算贵 关联方便
手表漂亮就是软件少了一点,手表漂亮就是软件少了一点
用了两个月，感觉还不错。,用了两个月 感觉还不错。
正品，送了两个无线座充，能中度使用两天，目前还算理想,正品 送了两个无线座充 能中度使用两天 目前还算理想
Samsung gear s3，外观很时尚，功能很酷炫，配s8＋超爽,Samsung gear s#NUM# 外观很时尚 功能很酷炫 配s#NUM# 超爽
有充电器了还送一个，其他还不错,有充电器了还送一个 其他还不错
东西很棒 装逼神器,东西很棒 装逼神器
"最近用着感觉挺好就是不能用**和微信这点很不爽,你都已经自己开了个生态圈了,还不想办法把**和微信加进来 ,这一点减一星，其他都很好。",最近用着感觉挺好就是不能用  和微信这点很不爽 你都已经自己开了个生态圈了 还不想办法把  和微信加进来  这一点减一星 其他都很好。
就是一手表,就是一手表
东西用了一段时间了，还不错,东西用了一段时间了 还不错
还可以，就是应用偏少，升级后微信语音不能听和回。,还可以 就是应用偏少 升级后微信语音不能听和回。
表链硬的离谱，塑料的嘛，戴起来不舒服，不透气，还很紧，手一下就湿了，很滑,表链硬的离谱 塑料的嘛 戴起来不舒服 不透气 还很紧 手一下就湿了 很滑
表盘不错，很低调但是不失霸气,表盘不错 很低调但是不失霸气
手表不错，挺时尚的，也挺好看。,手表不错 挺时尚的 也挺好看。
包装完好，手感不错，就是表带太硬了点,包装完好 手感不错 就是表带太硬了点
用了两个月，整体感觉不错，该有的功能都有，充电能用3天,用了两个月 整体感觉不错 该有的功能都有 充电能用#NUM#天
用了几天，感觉真的不错，完全满足我的需求，续航更是超出我预期，非常不错的东东！,用了几天 感觉真的不错 完全满足我的需求 续航更是超出我预期 非常不错的东东 
不错的商品，看起来很靓,不错的商品 看起来很靓
买来送给朋友的他很喜欢，他不仅喜欢，还有小礼品增送，真好。,买来送给朋友的他很喜欢 他不仅喜欢 还有小礼品增送 真好。
用起来还是不错的，就是电不耐用，基本2天&hellip;官方4天是关闭所有的计步器自己定位功能，意思就是普通电子表&hellip;哎！悲催&hellip;,用起来还是不错的 就是电不耐用 基本#NUM#天 hellip 官方#NUM#天是关闭所有的计步器自己定位功能 意思就是普通电子表 hellip 哎 悲催 hellip 
不错，用的note5，连接方便，好看,不错 用的note#NUM# 连接方便 好看
表很好，原厂正品 ，就是价格太高嗯,表很好 原厂正品  就是价格太高嗯
手表很好，续航3天左右,手表很好 续航#NUM#天左右
屏幕分辨率确实不错 功能挺多 虽然不是专业户外表 也还可以,屏幕分辨率确实不错 功能挺多 虽然不是专业户外表 也还可以
非常满意，近乎完美。如果应用再多一些就更好了。,非常满意 近乎完美。如果应用再多一些就更好了。
三星还是不值得信赖，果断退货,三星还是不值得信赖 果断退货
相当赞，不得不说三星的有些方面做的确实好，唯一的不足就是表带太硬了,相当赞 不得不说三星的有些方面做的确实好 唯一的不足就是表带太硬了
应为身体有原因，老是听不到电话声，这个东西对我的帮助还是挺大的,应为身体有原因 老是听不到电话声 这个东西对我的帮助还是挺大的
很不错，货真价实！很好很好？值得购买！,很不错 货真价实 很好很好 值得购买 
用了一段时间来评一下！首先手表是正品！快递很给力&hellip;,用了一段时间来评一下 首先手表是正品 快递很给力 hellip 
还不错，有点大了，不过带着大气。还在研究使用方法和功能。感觉不错?,还不错 有点大了 不过带着大气。还在研究使用方法和功能。感觉不错 
手表重量合适，转盘阻尼顺手，和s8很匹配,手表重量合适 转盘阻尼顺手 和s#NUM#很匹配
期待了一年一直没钱买，七夕女朋友买了很喜欢,期待了一年一直没钱买 七夕女朋友买了很喜欢
大气好看，表盘好多种，比苹果强多了,大气好看 表盘好多种 比苹果强多了
做工精细，美观大方，用了二十多天了，感觉越来越喜欢了，电话短息微信提醒，很方便！,做工精细 美观大方 用了二十多天了 感觉越来越喜欢了 电话短息微信提醒 很方便 
屏幕很一般，不如三星手机的一半，表现差强人意。,屏幕很一般 不如三星手机的一半 表现差强人意。
手表很不错，功能很多，只不过没送钢化膜，表盘太厚了，显得不好看,手表很不错 功能很多 只不过没送钢化膜 表盘太厚了 显得不好看
"23点下单，15点到，16个小时这物流绝对迅速。样子大器，经典款适合商务使用，个人认为表带偏硬，我又买了个皮的。性能绝对匹配S8,供大家参考。2599价格入的手。",#NUM#点下单 #NUM#点到 #NUM#个小时这物流绝对迅速。样子大器 经典款适合商务使用 个人认为表带偏硬 我又买了个皮的。性能绝对匹配S#NUM# 供大家参考。#NUM#价格入的手。
很实用，防水厉害,很实用 防水厉害
很漂亮?,很漂亮 
手表用了几天还行，挺好的，好喜欢,手表用了几天还行 挺好的 好喜欢
不错，就是贵。,不错 就是贵。
速度快，质量和实体店没有区别。带上感觉很好。,速度快 质量和实体店没有区别。带上感觉很好。
不错不错，装x专用,不错不错 装x专用
质量还是不错的，还行，推荐购买,质量还是不错的 还行 推荐购买
很好用的智能穿戴设备，希望三星再接再厉。,很好用的智能穿戴设备 希望三星再接再厉。
买第二个了,买第二个了
真的是很漂亮，圆形的表盘也比苹果的奇葩方好看多了，希望能早日有多些的第三方软件支持,真的是很漂亮 圆形的表盘也比苹果的奇葩方好看多了 希望能早日有多些的第三方软件支持
"非常不错的手表哦,谢谢,当天买,第二天就到了",非常不错的手表哦 谢谢 当天买 第二天就到了
物流很快，当天拍第二天就收到啦。,物流很快 当天拍第二天就收到啦。
"真心的不错，实用性也好，微信需要使用助手，不错过任何一个信息，可以独立使用三星健康功能，无需佩戴手机就可以完成所有的锻炼，配备独立gps，可以使用wifi,表盘非常漂亮，估计有上千款，每天一个，不重复，待机时间真的超赞，100的电，晚上89左右，充不到20分钟，接着用，预计可以使用4天左右，大爱",真心的不错 实用性也好 微信需要使用助手 不错过任何一个信息 可以独立使用三星健康功能 无需佩戴手机就可以完成所有的锻炼 配备独立gps 可以使用wifi 表盘非常漂亮 估计有上千款 每天一个 不重复 待机时间真的超赞 #NUM#的电 晚上#NUM#左右 充不到#NUM#分钟 接着用 预计可以使用#NUM#天左右 大爱
不错，时不时的蓝牙断了，骑车方便接电话了，其他没什么用,不错 时不时的蓝牙断了 骑车方便接电话了 其他没什么用
给朋友买的、听说不错,给朋友买的、听说不错
表头有点厚，连接顺畅，功能齐全，能支持NFC支付就好了,表头有点厚 连接顺畅 功能齐全 能支持NFC支付就好了
好看又实用，完美匹配S7，如果是不锈钢表带就完美了,好看又实用 完美匹配S#NUM# 如果是不锈钢表带就完美了
较为时尚，大气，功能够用。,较为时尚 大气 功能够用。
很好，是正品。还得琢磨琢磨怎么用。,很好 是正品。还得琢磨琢磨怎么用。
蛮好的，一直戴着。,蛮好的 一直戴着。
感觉挺好用的啊，用了那么久，带着挺大气的,感觉挺好用的啊 用了那么久 带着挺大气的
发货很快，下午就收到了。,发货很快 下午就收到了。
不错很好  一直担心表盘会大 还行带上很合适  喜欢,不错很好 一直担心表盘会大 还行带上很合适 喜欢
非常喜欢，第一天买的，京东第二天就送到了，还送了无线充，功能强大的你无法想象，值得拥有！,非常喜欢 第一天买的 京东第二天就送到了 还送了无线充 功能强大的你无法想象 值得拥有 
用着感觉不错,用着感觉不错
功能强大，表盘很漂亮，待机时间也长,功能强大 表盘很漂亮 待机时间也长
宝贝很好玩，虽然并没卵用。,宝贝很好玩 虽然并没卵用。
不错，颜值挺高，但是缺了个很重要的功能，不能装微信，和三星外品牌手机配对也很不方便，说明书里也没写，逛了许多论坛才找到方法,不错 颜值挺高 但是缺了个很重要的功能 不能装微信 和三星外品牌手机配对也很不方便 说明书里也没写 逛了许多论坛才找到方法
老公很喜欢，带上也很漂亮,老公很喜欢 带上也很漂亮
数码产品保质保量，信赖京东。,数码产品保质保量 信赖京东。
东西很快就送到了，相信京东,东西很快就送到了 相信京东
非常喜欢这款手表，正品，赞,非常喜欢这款手表 正品 赞
各类爆款产品，饰品，化妆品，鞋包精美用品...物美价廉 ?也是每个女生生活必备用品 ??&hellip; 扫一扫添加信有惊喜哦 [耶][耶],各类爆款产品 饰品 化妆品 鞋包精美用品。物美价廉  也是每个女生生活必备用品 ？ hellip  扫一扫添加信有惊喜哦 EMO_耶 EMO_耶
稍微有点厚，比起s2厚了也大了，希望待机时间长些,稍微有点厚 比起s#NUM#厚了也大了 希望待机时间长些
支付。宝连接成功，微信有消息推送，但回复虽然显示成功了但对方未收到，待进一步研究,支付。宝连接成功 微信有消息推送 但回复虽然显示成功了但对方未收到 待进一步研究
尺寸适合，手感舒服，功能性不错，播放听感很棒，特别是各种便捷操作设定非常棒，值得好评！,尺寸适合 手感舒服 功能性不错 播放听感很棒 特别是各种便捷操作设定非常棒 值得好评 
特价买的，感觉该有的功能都有，就是三星支付还不能用,特价买的 感觉该有的功能都有 就是三星支付还不能用
电量三天以上，带着玩了一次漂流，睡觉睡眠监测不错啊，可惜了我的睡眠质量，都是在80%,电量三天以上 带着玩了一次漂流 睡觉睡眠监测不错啊 可惜了我的睡眠质量 都是在#NUM# 
手表不错?，具体功能还在熟悉当中,手表不错  具体功能还在熟悉当中
完美！！！ 很帅 跟我的大8很配,完美！ 很帅 跟我的大#NUM#很配
下单后还心存疑虑，收货后彻底惊艳，跟S6E完美匹配，连接手表同时还可以再连一个蓝牙音响，可以用手表控制手机放歌，接电话很智能，可以用手表接，拿起手机自动切换到手机接，不会跟一般蓝牙设备一样同时响。钛钢很有分量，适合出门装X。犹豫要不要再贴个膜？,下单后还心存疑虑 收货后彻底惊艳 跟S#NUM#E完美匹配 连接手表同时还可以再连一个蓝牙音响 可以用手表控制手机放歌 接电话很智能 可以用手表接 拿起手机自动切换到手机接 不会跟一般蓝牙设备一样同时响。钛钢很有分量 适合出门装X。犹豫要不要再贴个膜 
朋友看我的好，又帮他买了一个,朋友看我的好 又帮他买了一个
很喜欢 逼格满满,很喜欢 逼格满满
功能很是强大，应有尽有，带在手腕上很是帅气,功能很是强大 应有尽有 带在手腕上很是帅气
给老公买的结婚纪念日礼物，他很喜欢。但是还有还是用。,给老公买的结婚纪念日礼物 他很喜欢。但是还有还是用。
非常不错的哦,非常不错的哦
外观秒杀iwatch，待机时间同样牛逼，但是最大缺陷在于支持的应用太少了,外观秒杀iwatch 待机时间同样牛逼 但是最大缺陷在于支持的应用太少了
前天买的，昨天到货。就降价200。,前天买的 昨天到货。就降价#NUM#。
不错不错很喜欢，但是比想象中的要厚些,不错不错很喜欢 但是比想象中的要厚些
非常好非常好,非常好非常好
超神速&hellip;昨晚10点买的今天上午就到了&hellip;全密封&hellip;送朋友情人节礼物,超神速 hellip 昨晚#NUM#点买的今天上午就到了 hellip 全密封 hellip 送朋友情人节礼物
去描述一致，很适合男士带，老公生日礼物，他很喜欢，说很有眼光。,去描述一致 很适合男士带 老公生日礼物 他很喜欢 说很有眼光。
颜值不错，很好用,颜值不错 很好用
东西很好，很有品质,东西很好 很有品质
刚收到，还不错，慢慢摸索用，功能不多不少,刚收到 还不错 慢慢摸索用 功能不多不少
我想知道为啥自带充电底座了还非要送一个?,我想知道为啥自带充电底座了还非要送一个 
东西很好！送货也快！很好的哦！赞！希望一直保持！,东西很好 送货也快 很好的哦 赞 希望一直保持 
质量不错，功能比较全，其他功能继续研究中。,质量不错 功能比较全 其他功能继续研究中。
还是挺方便入手，配套软件需要接外面的服务器（fanqiang）。,还是挺方便入手 配套软件需要接外面的服务器 fanqiang 。
价格有点小贵，不过还行,价格有点小贵 不过还行
非常不错，质量好，物流速度快。,非常不错 质量好 物流速度快。
行，东西好价格低，京东值得信赖,行 东西好价格低 京东值得信赖
比苹果婊好用多了，坐飞机可以听歌了,比苹果婊好用多了 坐飞机可以听歌了
惊艳，非常商量，比苹果手表好,惊艳 非常商量 比苹果手表好
非常炫酷，匹配完美，支持。,非常炫酷 匹配完美 支持。
配送员服务真好,配送员服务真好
东西很不错 我自己很喜欢,东西很不错 我自己很喜欢
用起来还行,用起来还行
功能比较少，配合s8三星手机还行，没有语音延迟现象。价格有点贵，反正已经爱好这些，给个好评吧。毕竟便宜了400。,功能比较少 配合s#NUM#三星手机还行 没有语音延迟现象。价格有点贵 反正已经爱好这些 给个好评吧。毕竟便宜了#NUM#。
不错   用几天再看看,不错 用几天再看看
一直习惯用三星的电子产品（不是说国产的不好，纯属个人习惯），这次三星手表的升级产品，总体还是不错的，手感更加好，功能也更加合理。,一直习惯用三星的电子产品 不是说国产的不好 纯属个人习惯  这次三星手表的升级产品 总体还是不错的 手感更加好 功能也更加合理。
就当做一个新鲜玩意玩玩，平常戴戴还可以，真要运动戴，不如我的佳明，可以防水100米。表带太厚太硬，太不上档次。续航时间太短。,就当做一个新鲜玩意玩玩 平常戴戴还可以 真要运动戴 不如我的佳明 可以防水#NUM#米。表带太厚太硬 太不上档次。续航时间太短。
功能很实用，电池续航也很好，目前很满意,功能很实用 电池续航也很好 目前很满意
哈哈哈哈，物流速度超快，,哈哈哈 物流速度超快 
非常好，s7e完美连接。,非常好 s#NUM#e完美连接。
很不错，待时间长达三天,很不错 待时间长达三天
不错，发货很快，收到用1天了，感觉挺好??,不错 发货很快 收到用#NUM#天了 感觉挺好？
快递速度很快，而且质量也很好。,快递速度很快 而且质量也很好。
上午订的下午就收到了，这速度没的说,上午订的下午就收到了 这速度没的说
好看，功能不错，配上s8很方便，就是不能用三星支付这个不好。,好看 功能不错 配上s#NUM#很方便 就是不能用三星支付这个不好。
第二次买了，总体讲很不错，比苹果的好些。,第二次买了 总体讲很不错 比苹果的好些。
功能很强大。待机时间三天。,功能很强大。待机时间三天。
给老公买的，他很喜欢，连不了苹果手机，又买了个S8&hellip;心好累&hellip;,给老公买的 他很喜欢 连不了苹果手机 又买了个S#NUM# hellip 心好累 hellip 
刚到，试试再说,刚到 试试再说
还可以吧。可以买的,还可以吧。可以买的
酷帅好用（ '? ' ）,酷帅好用        
比旧款好了很多，表盘再大点会完美啊。,比旧款好了很多 表盘再大点会完美啊。
很不错 还有些功能没有发掘,很不错 还有些功能没有发掘
购买了大约个把月，总体感觉较好，充次电可以用三天。,购买了大约个把月 总体感觉较好 充次电可以用三天。
送老公的礼物，还没用，带手上蛮漂亮的！,送老公的礼物 还没用 带手上蛮漂亮的 
东西收到了，物流很快，打开包装后看到产品后很惊艳，太漂亮了。,东西收到了 物流很快 打开包装后看到产品后很惊艳 太漂亮了。
本人很喜欢，低调奢华。如果说可以在送一个金属表带的话那就完美了。,本人很喜欢 低调奢华。如果说可以在送一个金属表带的话那就完美了。
当水很给力，表盘很多，很喜欢,当水很给力 表盘很多 很喜欢
稀饭~~~~~自带的表带感觉硬点。。。。,稀饭   自带的表带感觉硬点。
很不错，比苹果好,很不错 比苹果好
是正品！物流很快！最爱京东！,是正品 物流很快 最爱京东 
很漂亮，很合心意。熟悉中。。。。。。,很漂亮 很合心意。熟悉中。
表太酷了，我特别喜欢。,表太酷了 我特别喜欢。
可惜不能用腾讯聊天，价格也有点贵，感觉苹果的好一点,可惜不能用腾讯聊天 价格也有点贵 感觉苹果的好一点
手表有点厚，功能太单一了看时间计步还可以，其它功能太差劲，微信连语音都听不到。,手表有点厚 功能太单一了看时间计步还可以 其它功能太差劲 微信连语音都听不到。
转盘很灵活，表盘主题很多 功能很齐全 最后搭配三星旗舰机使用  比较遗憾的一点是无法回复微信,转盘很灵活 表盘主题很多 功能很齐全 最后搭配三星旗舰机使用 比较遗憾的一点是无法回复微信
用什么词来形容呢！简直无法言表心中的那个什么动了！完全就叫做无暇的手表、买了这么多手表、就觉得她那个什么好！不多说了上图吧！但是iphone7zhifubao不支持！,用什么词来形容呢 简直无法言表心中的那个什么动了 完全就叫做无暇的手表、买了这么多手表、就觉得她那个什么好 不多说了上图吧 但是iphone#NUM#zhifubao不支持 
京东自营，送货快速，智能表功能丰富，开车时可以直接接听电话，短信，操作方便,京东自营 送货快速 智能表功能丰富 开车时可以直接接听电话 短信 操作方便
还好吧，pay付功能希望尽快解决,还好吧 pay付功能希望尽快解决
相信京东！这是我最后一款三星产品。,相信京东 这是我最后一款三星产品。
挺好的，手腕比较粗，表带不太喜欢，重新买了个表带,挺好的 手腕比较粗 表带不太喜欢 重新买了个表带
2799买的，想卖2600，买来一周，个人不太习惯,#NUM#买的 想卖#NUM# 买来一周 个人不太习惯
表不错，颜值够高，就是app太少了，微信都没有,表不错 颜值够高 就是app太少了 微信都没有
挺好的，手表看起来也很高大上！,挺好的 手表看起来也很高大上 
感觉挺好的好看适应了还不错,感觉挺好的好看适应了还不错
不得不夸京东的物流太快了，手表很漂亮，很喜欢。特别提一下，收到货的时候京东又降价了，给客服打电话，马上就把差价补了。京东加油,不得不夸京东的物流太快了 手表很漂亮 很喜欢。特别提一下 收到货的时候京东又降价了 给客服打电话 马上就把差价补了。京东加油
手表非常喜欢，大气，京东速度很快，实体店都没货，1天就到了，赞一个？就是多送个充电器不实用，换其他就好了,手表非常喜欢 大气 京东速度很快 实体店都没货 #NUM#天就到了 赞一个 就是多送个充电器不实用 换其他就好了
暂时没问题&hellip;&hellip;,暂时没问题 hellip  hellip 
非常优惠！非常优惠！非常优惠！,非常优惠 非常优惠 非常优惠 
非常好 jd速度快 配送人员热情,非常好 jd速度快 配送人员热情
当天下单当天到，晚上回去拆封的时候，不错，全新的,当天下单当天到 晚上回去拆封的时候 不错 全新的
用的还行。 待机也就三天。 原装表带不给力。不得不买其他表带,用的还行。 待机也就三天。 原装表带不给力。不得不买其他表带
刚到手看着还行,刚到手看着还行
先用着,先用着
太酷了太酷了哇哇哇，超级喜欢，而且超好用，但是匹配的应用也有点少。,太酷了太酷了哇哇哇 超级喜欢 而且超好用 但是匹配的应用也有点少。
不愧是三星的产品，外观做工没话说，按键和旋转外圈手感很好。说说不足的吧，我是用iphone配对，微信不能看内容，支付bao不支持，然后必须吐槽的是装软件非常慢，而且经常装一半停住。太**了。,不愧是三星的产品 外观做工没话说 按键和旋转外圈手感很好。说说不足的吧 我是用iphone配对 微信不能看内容 支付bao不支持 然后必须吐槽的是装软件非常慢 而且经常装一半停住。太  了。
不错，不愧是大品牌。,不错 不愧是大品牌。
犹豫几天下单购买，佩戴舒服，做工很棒，功能挺实用，可惜缺少不少实用功能，摄像头非常实用的功能可惜没有。,犹豫几天下单购买 佩戴舒服 做工很棒 功能挺实用 可惜缺少不少实用功能 摄像头非常实用的功能可惜没有。
送货很及时，商品很不错哦,送货很及时 商品很不错哦
相当好看，比苹果颜值高。,相当好看 比苹果颜值高。
买贵了多花200元，**卖2578元。?买完才发现。,买贵了多花#NUM#元   卖#NUM#元。 买完才发现。
超级差评，买来两个月不到，已无法开机,超级差评 买来两个月不到 已无法开机
官方正品送货速度非常不错，,官方正品送货速度非常不错 
感觉太好了，嘿嘿,感觉太好了 嘿嘿
给男朋友买的生日礼物，很棒，男朋友很喜欢,给男朋友买的生日礼物 很棒 男朋友很喜欢
手表很有质感。有了无线充电座，充电好方便。手表放在充电座上也不会出现晃动。手表其他功能目前还在了解阶段。,手表很有质感。有了无线充电座 充电好方便。手表放在充电座上也不会出现晃动。手表其他功能目前还在了解阶段。
东西不错，就是表带带了不是很舒服，特别是夏天,东西不错 就是表带带了不是很舒服 特别是夏天
功能挺多，外观高大上,功能挺多 外观高大上
热锅上的家庭：家庭问题背后的心理真相,热锅上的家庭 家庭问题背后的心理真相
还是蛮好的，,还是蛮好的 
全是三星。。。。,全是三星。
挺好，就是对微信支持的不太好，还有价格没一点优惠。,挺好 就是对微信支持的不太好 还有价格没一点优惠。
京东实体店买的 物流超快 质量 不错,京东实体店买的 物流超快 质量 不错
宝贝收到，超喜欢！,宝贝收到 超喜欢 
电可以用三天，东西也很不错，很搞笑的是本来就有一个无线充电座了，现在又送一个是三星对自己的产品质量没信心呢还是库存太多了，你送我个蓝牙耳机也比这个强啊，尽送这种没用的东西。,电可以用三天 东西也很不错 很搞笑的是本来就有一个无线充电座了 现在又送一个是三星对自己的产品质量没信心呢还是库存太多了 你送我个蓝牙耳机也比这个强啊 尽送这种没用的东西。
超帅超帅，感觉蛮好的,超帅超帅 感觉蛮好的
东西收到了，质量不错,东西收到了 质量不错
不错很好用，功能很强大！！,不错很好用 功能很强大！
样子精美，很喜欢。但是不知道是我三星电话的问题还是怎样，连接不上，今天去维修店看看。不过为了这个样子，即使连不上也继续当电子表带，等着换手机,样子精美 很喜欢。但是不知道是我三星电话的问题还是怎样 连接不上 今天去维修店看看。不过为了这个样子 即使连不上也继续当电子表带 等着换手机
搭配s8+ 非常流畅，唯一不足就是微信消息不能在手表上直接查看，手机上要下载微信助手。,搭配s#NUM#  非常流畅 唯一不足就是微信消息不能在手表上直接查看 手机上要下载微信助手。
物流快，配送小哥特别热心，帮忙把东西送到家门口。,物流快 配送小哥特别热心 帮忙把东西送到家门口。
还在摸索当中,还在摸索当中
好东西。包装精美，逼格高，功能待开发。,好东西。包装精美 逼格高 功能待开发。
还行吧，功能一下子就会了。希望以后开发更多有趣的软件。,还行吧 功能一下子就会了。希望以后开发更多有趣的软件。
一直在戴，唯一的缺点，IOS不能用某付宝和微信回复,一直在戴 唯一的缺点 IOS不能用某付宝和微信回复
朋友很喜欢，功能齐全,朋友很喜欢 功能齐全
屏幕很亮，支持海拔高度和防水,屏幕很亮 支持海拔高度和防水
还可以吧，现在的智能表不是跟逆天,还可以吧 现在的智能表不是跟逆天
手表很不错，快递员服务也很好，新鲜感过了，有想要的吗,手表很不错 快递员服务也很好 新鲜感过了 有想要的吗
挺好看，笔戈高。对于我这种长时间处于嘈杂的环境，又怕错失电话失去订单的建材商人特别实用，基本不会漏接电话。充一次电可以用两天。用了一个月才来评价。,挺好看 笔戈高。对于我这种长时间处于嘈杂的环境 又怕错失电话失去订单的建材商人特别实用 基本不会漏接电话。充一次电可以用两天。用了一个月才来评价。
暂时还没用，东西应该不错，以后用着再说吧，希望质量靠谱！,暂时还没用 东西应该不错 以后用着再说吧 希望质量靠谱 
物流超快 上午拍 下午到 手表很好看 功能正在研究中,物流超快 上午拍 下午到 手表很好看 功能正在研究中
非常好的一个手表 非常满意！,非常好的一个手表 非常满意 
不错，不知道时间长了会怎么样,不错 不知道时间长了会怎么样
现在再也不怕漏接电话了。原先经常漏接电话，现在来电即可看到，待机三天，还有心率，步数，骑车，方便，科技改变生活,现在再也不怕漏接电话了。原先经常漏接电话 现在来电即可看到 待机三天 还有心率 步数 骑车 方便 科技改变生活
非常好，很搭配,非常好 很搭配
很好用。安逸，和手机一起更好。,很好用。安逸 和手机一起更好。
己经戴了几天，未出现机械故障，说明质量还行，后期继续观察与所有购买者共同分亨。,己经戴了几天 未出现机械故障 说明质量还行 后期继续观察与所有购买者共同分亨。
带了一个星期了，不错挺好看的，电量比苹果的耐用很多,带了一个星期了 不错挺好看的 电量比苹果的耐用很多
正在使用。。。,正在使用。
新品 正品 我瘦很小 但戴上感觉不大 很好很强大 赞一个,新品 正品 我瘦很小 但戴上感觉不大 很好很强大 赞一个
手表不错啊  把s2换了,手表不错啊 把s#NUM#换了
其他功能还好，就微信和qq回复太不爽，微信和qq还是华为的好，有点不完美,其他功能还好 就微信和qq回复太不爽 微信和qq还是华为的好 有点不完美
手表很好看，也很实用，很多功能都非常实用,手表很好看 也很实用 很多功能都非常实用
京东的速度绝对值得称赞！！晚上定的第二天一早就到了！手表很精致，包装精美，和预期一样。和手机连接需要研究一会儿！总体都蛮好,京东的速度绝对值得称赞！晚上定的第二天一早就到了 手表很精致 包装精美 和预期一样。和手机连接需要研究一会儿 总体都蛮好
智能穿戴设备中的领先品牌,智能穿戴设备中的领先品牌
正品，电池耐用，可以3天一充。,正品 电池耐用 可以#NUM#天一充。
应用也比较多。很实用,应用也比较多。很实用
唯一缺点表太厚重了，太瘦的人不建议购买,唯一缺点表太厚重了 太瘦的人不建议购买
手表很好，在此我非常感谢京东的配送员，不远千里，给我送来快递，因为我这里比较偏僻，别的快递都不过来，只有京东往过送，要走很远的山路，而且很不好走，谢谢快递员，也谢谢京东，有你们，生活更美好。选择京东，一直都没有错，就这件事来说，京东快递，中国第一。,手表很好 在此我非常感谢京东的配送员 不远千里 给我送来快递 因为我这里比较偏僻 别的快递都不过来 只有京东往过送 要走很远的山路 而且很不好走 谢谢快递员 也谢谢京东 有你们 生活更美好。选择京东 一直都没有错 就这件事来说 京东快递 中国第一。
看起来还不错，实用性不强。只能是当做电子表用。,看起来还不错 实用性不强。只能是当做电子表用。
换了个陶瓷表带，屌爆了，比苹果的好看多了，运行流畅，触摸精准，功能全，好好好！,换了个陶瓷表带 屌爆了 比苹果的好看多了 运行流畅 触摸精准 功能全 好好好 
还算正常和2差不多都是两天,还算正常和#NUM#差不多都是两天
好评，中间出了点小插曲，客服两分钟就帮解决,好评 中间出了点小插曲 客服两分钟就帮解决
用起来很方便，设计也人性化，就是有的地方还没有搞明白，不会设置，不过，不错过消息很实用！,用起来很方便 设计也人性化 就是有的地方还没有搞明白 不会设置 不过 不错过消息很实用 
物流速度，外观新颖，质量上承，价格公道！,物流速度 外观新颖 质量上承 价格公道 
京东物流快，表带不怎么样，后来自己重新配,京东物流快 表带不怎么样 后来自己重新配
做工精细 表带硬了点 不知啥时候支持三星pay,做工精细 表带硬了点 不知啥时候支持三星pay
还好，使用中，表带太硬了。,还好 使用中 表带太硬了。
用了两个多月，感觉还行吧。,用了两个多月 感觉还行吧。
优点:  外观霸气，特别是换了尼斯表带后。配合三星手机，通知提醒无敌。屏幕不错。待机有时能4天，有时能2天。,优点  外观霸气 特别是换了尼斯表带后。配合三星手机 通知提醒无敌。屏幕不错。待机有时能#NUM#天 有时能#NUM#天。
缺点: gps简直就是玩具。没有指南针。海拔计不准，耗电还大。,缺点  gps简直就是玩具。没有指南针。海拔计不准 耗电还大。
样子满分，功能还可以，一般使用能用三天,样子满分 功能还可以 一般使用能用三天
把三星健康装上就可以正常定位了,把三星健康装上就可以正常定位了
感觉不错，表盘可以换很多。,感觉不错 表盘可以换很多。
非常满意的一次购物！！！！,非常满意的一次购物！
很好，非常满意，一直用京东,很好 非常满意 一直用京东
屏幕清晰度和色彩都很好 哈哈哈。感觉是个有趣的玩具,屏幕清晰度和色彩都很好 哈哈哈。感觉是个有趣的玩具
手表不错，之前一直想买，现在如愿以偿，不过我很好奇，为什么绑定的***上面显示的是s2而不是s3呢,手表不错 之前一直想买 现在如愿以偿 不过我很好奇 为什么绑定的   上面显示的是s#NUM#而不是s#NUM#呢
非常喜欢的一款表，但是自己不是三星手机app连接不是特别的好，没有信息功能，,非常喜欢的一款表 但是自己不是三星手机app连接不是特别的好 没有信息功能 
我剁手都要买的宝贝。,我剁手都要买的宝贝。
手表非常帅气，没买错。但是说实话这个价格完全可以买只不错的手机了，性价比其实很低的。功能的话比一般的那种手表好，其实都很鸡肋。买了有点小后悔。,手表非常帅气 没买错。但是说实话这个价格完全可以买只不错的手机了 性价比其实很低的。功能的话比一般的那种手表好 其实都很鸡肋。买了有点小后悔。
手表不错 行货带票 售后叫人放心,手表不错 行货带票 售后叫人放心
怎么说了，感觉不值这个价，有些鸡肋的产品吧，属于那种留着没多大用退了又感觉缺少什么的感觉。国内用不了sp，手表的百度地图基本没法导航骑自行车的时候没用。不过嘛买东西喜欢就好,怎么说了 感觉不值这个价 有些鸡肋的产品吧 属于那种留着没多大用退了又感觉缺少什么的感觉。国内用不了sp 手表的百度地图基本没法导航骑自行车的时候没用。不过嘛买东西喜欢就好
苹果手表摔坏了换的，和Apple watch比较起来，各方面都很不错，屏幕清晰，表壳质感很好，唯一问题是tizen的软件实在是太少了。,苹果手表摔坏了换的 和Apple watch比较起来 各方面都很不错 屏幕清晰 表壳质感很好 唯一问题是tizen的软件实在是太少了。
东西不错，已经用了两天了，中途充了一次电，基本充满可以用两天，就是手腕比较细，表带要扣紧些才能测心率。,东西不错 已经用了两天了 中途充了一次电 基本充满可以用两天 就是手腕比较细 表带要扣紧些才能测心率。
第一次在网上买电子产品，东西很好，主要是物流太快了，狠狠地赞一个,第一次在网上买电子产品 东西很好 主要是物流太快了 狠狠地赞一个
物流配送很快，产品质量很好,物流配送很快 产品质量很好
不错 只是微信不好用 装了插件也使用不方便 其他的都不错 95%完美,不错 只是微信不好用 装了插件也使用不方便 其他的都不错 #NUM# 完美
用来检测运动，睡眠质量，方便看时间！好东东值得拥有！,用来检测运动 睡眠质量 方便看时间 好东东值得拥有 
东西非常好感谢京东,东西非常好感谢京东
手表不错，用着很方便，自从用了这款手表，就没落过接电话，物流也很给力的！超快！满意！,手表不错 用着很方便 自从用了这款手表 就没落过接电话 物流也很给力的 超快 满意 
如果你看到这个评论，说明东西没有问题，如实描述，给予好评。,如果你看到这个评论 说明东西没有问题 如实描述 给予好评。
看了网友的晒单，以为表盘很大带着不好看~~犹豫了好久才入手~~~今天拿到手之后带上感觉还好不是很大~~腕围16.5cm带着刚好不显大，功能还在摸索中~~~~~,看了网友的晒单 以为表盘很大带着不好看  犹豫了好久才入手   今天拿到手之后带上感觉还好不是很大  腕围#NUM# #NUM#cm带着刚好不显大 功能还在摸索中   
实际使用用途不大，功能不够强大,实际使用用途不大 功能不够强大
收到了，还可以吧。功能比较强大。,收到了 还可以吧。功能比较强大。
给爸爸的父亲节礼物，很满意,给爸爸的父亲节礼物 很满意
不错，带起来还是非常好看的，功能比较实用,不错 带起来还是非常好看的 功能比较实用
没有苹果表好用，唯一就是颜值高,没有苹果表好用 唯一就是颜值高
还不错 就是包装应加强些,还不错 就是包装应加强些
个人认为挺好的，使用中操作简单，容易上手。直接用蓝牙连接手机，也可以远程链接不用蓝牙。,个人认为挺好的 使用中操作简单 容易上手。直接用蓝牙连接手机 也可以远程链接不用蓝牙。
手表收到非常喜欢的款式，希望用的舒心，希望值得信赖的京东不会让我失望。,手表收到非常喜欢的款式 希望用的舒心 希望值得信赖的京东不会让我失望。
很好！送货小哥很辛苦！,很好 送货小哥很辛苦 
看上好久了，还是这么漂亮!,看上好久了 还是这么漂亮 
对手表本身还是很满意，但是这和手机的连接就从没正常过。。。难道还非得换个三星的手机啊,对手表本身还是很满意 但是这和手机的连接就从没正常过。难道还非得换个三星的手机啊
不错，就是ios对接，功能有待加强,不错 就是ios对接 功能有待加强
挺好的，比苹果手表好,挺好的 比苹果手表好
国家，东西非常好，表盘样式很多，手表带着很方便，不知道你们的产品哪里来的这么好的表，非常之冷，还放到水里面，也一点问题都没有,国家 东西非常好 表盘样式很多 手表带着很方便 不知道你们的产品哪里来的这么好的表 非常之冷 还放到水里面 也一点问题都没有
很好，很多表盘可选！很时尚,很好 很多表盘可选 很时尚
真的很棒，太好了,真的很棒 太好了
不错很好用，支持下,不错很好用 支持下
好，就是表盘的种类太少，要么太乱要么太丑,好 就是表盘的种类太少 要么太乱要么太丑
非常不错的智能手表 推荐大家购买噢,非常不错的智能手表 推荐大家购买噢
用的不错，还没有跑步，看看跑步情况再说，不知道防不防水，计算楼梯数量不是太准确,用的不错 还没有跑步 看看跑步情况再说 不知道防不防水 计算楼梯数量不是太准确
买之前请到官网确认，这款手表目前不支持除三星以外所有安卓7.0版本手机,买之前请到官网确认 这款手表目前不支持除三星以外所有安卓#NUM# #NUM#版本手机
可以，外观精致，续航持久。,可以 外观精致 续航持久。
好东西，物流快，质量没得说,好东西 物流快 质量没得说
很好 我很喜欢,很好 我很喜欢
真心不错，满满的黑科技，挺实用，也挺方便的，京东小哥服务一如既往地好。,真心不错 满满的黑科技 挺实用 也挺方便的 京东小哥服务一如既往地好。
非常不错很好很满意,非常不错很好很满意
挺好，和S8+配合完美,挺好 和S#NUM# 配合完美
还没有使用，看着外观还可以，分量也可以。,还没有使用 看着外观还可以 分量也可以。
不错，带起来刚刚好不会太大，质量还行软件有待增加太少了。,不错 带起来刚刚好不会太大 质量还行软件有待增加太少了。
还行，蛮喜欢的。,还行 蛮喜欢的。
外观完好，产品过硬。下单后送货极快，京东难怪做的这么好，确实是一开始就设计好了长线发展方向。京东一定会成为中国最了不起的企业。?,外观完好 产品过硬。下单后送货极快 京东难怪做的这么好 确实是一开始就设计好了长线发展方向。京东一定会成为中国最了不起的企业。 
出门上班启用了常亮表盘，心率自动监测，中间大概摘下表有3个小时，24小时候大概剩10%。出门时间超过20小时，而且不方面及时充电的，估计还是把无线wlan，蓝牙，位置和表盘常亮等相关设置关闭，才能确保再次有机会充电的时候，手表还是有剩余电量。另外，原装的表带也带上手的感觉实在太糟糕了，硬梆梆的。建议另外自行选购第三方的表带。,出门上班启用了常亮表盘 心率自动监测 中间大概摘下表有#NUM#个小时 #NUM#小时候大概剩#NUM# 。出门时间超过#NUM#小时 而且不方面及时充电的 估计还是把无线wlan 蓝牙 位置和表盘常亮等相关设置关闭 才能确保再次有机会充电的时候 手表还是有剩余电量。另外 原装的表带也带上手的感觉实在太糟糕了 硬梆梆的。建议另外自行选购第三方的表带。
没有想像中的好玩,没有想像中的好玩
"待机尚可接受，可以用3,4天，总的来说价格偏高，睡眠监测和久坐提醒比较实用",待机尚可接受 可以用#NUM# #NUM#天 总的来说价格偏高 睡眠监测和久坐提醒比较实用
使用了一下来评价的，宝贝很好很喜欢，酷到没朋友啊，屏幕也大，用了一下耗电还好，粗略估计三天应该可以。,使用了一下来评价的 宝贝很好很喜欢 酷到没朋友啊 屏幕也大 用了一下耗电还好 粗略估计三天应该可以。
包装很好，快递服务很到位,包装很好 快递服务很到位
经典版外观简约 表盘清晰 系统流畅 唯一遗憾是目前不支持三星支付 有NFC功能 只是没有相关软件 所以用不了 总体还是不错的,经典版外观简约 表盘清晰 系统流畅 唯一遗憾是目前不支持三星支付 有NFC功能 只是没有相关软件 所以用不了 总体还是不错的
很不错，颜值高，手感也不错，关于ZFB软件问题：用iOS手机的用户，需要换到安卓手机登录一下，扫完码再从新在iOS上登录账号，从新链接一下就能用了！整体来说只有表带**，戴了一会就有褶皱出现，其他都很满意，至于电池，我需要在用用才能知道能用几天，反正回来的时候是上午11点，电量53就开始玩上了，到下午6点的时候还剩下31感觉应该能用两三天左右。,很不错 颜值高 手感也不错 关于ZFB软件问题 用iOS手机的用户 需要换到安卓手机登录一下 扫完码再从新在iOS上登录账号 从新链接一下就能用了 整体来说只有表带   戴了一会就有褶皱出现 其他都很满意 至于电池 我需要在用用才能知道能用几天 反正回来的时候是上午#NUM#点 电量#NUM#就开始玩上了 到下午#NUM#点的时候还剩下#NUM#感觉应该能用两三天左右。
很好！正品行货,很好 正品行货
非常喜欢，考虑了很久才2399入手。,非常喜欢 考虑了很久才#NUM#入手。
巴适得板,巴适得板
比applewatch好用，功能强大,比applewatch好用 功能强大
东西不错，值这个价钱，只是微信助手用不了,东西不错 值这个价钱 只是微信助手用不了
非常不错，用到现在一点问题都没有,非常不错 用到现在一点问题都没有
刚开始很新鲜，用到后来就剩下，看时间，打电话，记步，量心跳，睡眠监测准确性感觉一般，有一次晚上失眠了，但是显示我睡着了，待机时间还可以，现在使用量没有那么大了，可以待机4 5天,刚开始很新鲜 用到后来就剩下 看时间 打电话 记步 量心跳 睡眠监测准确性感觉一般 有一次晚上失眠了 但是显示我睡着了 待机时间还可以 现在使用量没有那么大了 可以待机#NUM# #NUM#天
用了一段时间，感觉各方面都满足日常需求。,用了一段时间 感觉各方面都满足日常需求。
不错，就是计步器感觉不太准,不错 就是计步器感觉不太准
还凑合吧,还凑合吧
看着漂亮。戴着大方有面子,看着漂亮。戴着大方有面子
漂亮，实用，已购买*！自己用1个，送朋友2个！好！,漂亮 实用 已购买  自己用#NUM#个 送朋友#NUM#个 好 
还行，功能有待增加,还行 功能有待增加
京东自营速度果然快，晚上十一点下单，第二天中午就到了。手表款式很大方，跟我的S7配对也很方便，消息推送也很快，运动时戴着确实挺方便，还能记录睡眠，待机的话如果不是一直盘三天是没问题的,京东自营速度果然快 晚上十一点下单 第二天中午就到了。手表款式很大方 跟我的S#NUM#配对也很方便 消息推送也很快 运动时戴着确实挺方便 还能记录睡眠 待机的话如果不是一直盘三天是没问题的
ios系统虽然应用少 但也可以了 感觉苹果表太low就不想买了。用起来还不错就是有点沉 适应下应该就没事了。 感觉买三星并不是不爱国 学过政治经济学的都知道！,ios系统虽然应用少 但也可以了 感觉苹果表太low就不想买了。用起来还不错就是有点沉 适应下应该就没事了。 感觉买三星并不是不爱国 学过政治经济学的都知道 
正品，快递速度很快，很好，好评！！！,正品 快递速度很快 很好 好评！
很好玩，不错,很好玩 不错
真的蛮不错了额,真的蛮不错了额
很不错的一个设备。就是刚开始连接手机出了点问题，自己弄好了。不知道防水怎么样，过几天戴着去游泳。,很不错的一个设备。就是刚开始连接手机出了点问题 自己弄好了。不知道防水怎么样 过几天戴着去游泳。
东西不错，具体功能和使用效果还在研究，先好评一个！,东西不错 具体功能和使用效果还在研究 先好评一个 
手表回来了，再也不用开车拿手机看东西了，重要东西直接在手表上看,手表回来了 再也不用开车拿手机看东西了 重要东西直接在手表上看
在网上看了很久了，对比苹果手表，最后还是选择三星。主要是外观，我更喜欢传统表型。产品正在试用中，声音外放挺大，反应挺快的。,在网上看了很久了 对比苹果手表 最后还是选择三星。主要是外观 我更喜欢传统表型。产品正在试用中 声音外放挺大 反应挺快的。
颜值爆表，，，,颜值爆表   
好评大了点分辨率低,好评大了点分辨率低
不错，送货也快，东西也很好，试用中,不错 送货也快 东西也很好 试用中
应用太少了,应用太少了
果然还是这个好看,果然还是这个好看
确实比较厚重，不过以前一直带的机械表，所以重量上没有什么突兀。今天中午刚收到货，所以待机时间还不好说怎么样，表带很厚重。配我的s7edge很和谐。还在慢慢体会，实用价值不知道怎么样，微信里面显示步数不支持这个手表。,确实比较厚重 不过以前一直带的机械表 所以重量上没有什么突兀。今天中午刚收到货 所以待机时间还不好说怎么样 表带很厚重。配我的s#NUM#edge很和谐。还在慢慢体会 实用价值不知道怎么样 微信里面显示步数不支持这个手表。
还行吧！！还是续航方面的通病吧！！！！,还行吧！还是续航方面的通病吧！
没有带膜，非常不错的玩具,没有带膜 非常不错的玩具
东西非常好，和s8很配。有些功能还在研究。准备换个自动扣的表链。,东西非常好 和s#NUM#很配。有些功能还在研究。准备换个自动扣的表链。
目前还未使用，看着大方，不错,目前还未使用 看着大方 不错
还是给个好评吧。21日下的单。还没送到就降了100跟客服沟通客服说的收货后反到账户，还有个200卷25日客服也给退钱了。给京东客服54372点个赞，客服途中给打了好几个电话。服务态度也好。然后说说s3本身吧，通话时候有时候对面听不到。表带太硬。然后百度地图只能看不能查询路线。希望后期能够优化优点也有，不会漏接电话和短信。三星健康不错。目前来说感觉还可以。,还是给个好评吧。#NUM#日下的单。还没送到就降了#NUM#跟客服沟通客服说的收货后反到账户 还有个#NUM#卷#NUM#日客服也给退钱了。给京东客服#NUM#点个赞 客服途中给打了好几个电话。服务态度也好。然后说说s#NUM#本身吧 通话时候有时候对面听不到。表带太硬。然后百度地图只能看不能查询路线。希望后期能够优化优点也有 不会漏接电话和短信。三星健康不错。目前来说感觉还可以。
老公很喜欢，带了个充电器又送了个。表带不明白为什么只送一半？,老公很喜欢 带了个充电器又送了个。表带不明白为什么只送一半 
用了一段时间，东西很不错，充满电大约可以用3天,用了一段时间 东西很不错 充满电大约可以用#NUM#天
用了几天感觉挺好的，功能还好够用了，操作挺简单的，带机时间还好两天多。还在适用中。,用了几天感觉挺好的 功能还好够用了 操作挺简单的 带机时间还好两天多。还在适用中。
包装尚可，开箱顺利，若有惊喜，待我追评。,包装尚可 开箱顺利 若有惊喜 待我追评。
很高端*利器,很高端 利器
表比想象中稍微厚一点，但是表盘比applewatch多。gear竟然和我的song Xperia xzs连不上，但是和iPhone连着也蛮好蛮方便的，表带皮稍微硬了点，其余都还好,表比想象中稍微厚一点 但是表盘比applewatch多。gear竟然和我的song Xperia xzs连不上 但是和iPhone连着也蛮好蛮方便的 表带皮稍微硬了点 其余都还好
瞎带，凑合吧！,瞎带 凑合吧 
给老公买的 他说有点用,给老公买的 他说有点用
第二天就收到了，果然是装逼利器，功能很强大！,第二天就收到了 果然是装逼利器 功能很强大 
不错，外形好看,不错 外形好看
不错，带着很大气。,不错 带着很大气。
快递的外包装盒有点小，都被里面的商品的包装盒撑起来了，盒子里面直接就是手环的包装跟发票，没有任何填充物，东西在盒子里没收到保护的感觉。越南产地，希望是正品,快递的外包装盒有点小 都被里面的商品的包装盒撑起来了 盒子里面直接就是手环的包装跟发票 没有任何填充物 东西在盒子里没收到保护的感觉。越南产地 希望是正品
用了几天很不错。。就是电池有点小不耐用最多就三天吧。能再久点就好了,用了几天很不错。。就是电池有点小不耐用最多就三天吧。能再久点就好了
还可以，使用了一个月，还不错,还可以 使用了一个月 还不错
京东的物流很快，第二天就到了！东西也是正品没问题，用了这么久才来评价，很负责的告诉大家这款产品真的很好！功能很多，还在摸索中，,京东的物流很快 第二天就到了 东西也是正品没问题 用了这么久才来评价 很负责的告诉大家这款产品真的很好 功能很多 还在摸索中 
好很好，很帅，很时尚，就是下载音乐不方便，总体来说很好。,好很好 很帅 很时尚 就是下载音乐不方便 总体来说很好。
东西没毛病，不过这个操作有点复杂没都弄懂,东西没毛病 不过这个操作有点复杂没都弄懂
不错，就是字有点小，使用简单，电池还算经用。,不错 就是字有点小 使用简单 电池还算经用。
和S8更配哦！！！,和S#NUM#更配哦！
就那样吧，感觉想被用过。,就那样吧 感觉想被用过。
手表很酷，与我的s7e完美连接，特意用了一个月才来评价。原先的表带太厚太硬很不舒服，从网上淘了一款小牛皮表带，安逸了，说实话手表的app不多且不实用，虽才华不强但颜值高啊，手表该有的功能我全有，没有的我也有，总体还是很满意的。充满电正常使用两天半没问题。,手表很酷 与我的s#NUM#e完美连接 特意用了一个月才来评价。原先的表带太厚太硬很不舒服 从网上淘了一款小牛皮表带 安逸了 说实话手表的app不多且不实用 虽才华不强但颜值高啊 手表该有的功能我全有 没有的我也有 总体还是很满意的。充满电正常使用两天半没问题。
东西收到，还不错！手感也挺好的！到时再追加使用感受！,东西收到 还不错 手感也挺好的 到时再追加使用感受 
东西很不错，很喜欢。。。。,东西很不错 很喜欢。
带了一段时间，下面是自我感受,带了一段时间 下面是自我感受
这款手表在国内不支持三星pay，睡眠检测也没有主要是运动方面的功能，如果说主要用于运动的话还是可以考虑一下的，因为那样运动时可以不用带手机了，然后就是续航方面还是可以，充满电可以用两天左右，自我感觉还可以，表盘款式挺多的，微信可以接收消息，但有时候能回复有时候却不能，这我没搞懂是什么情况，功能性不强，还有一点就是表带感觉不怎么好，我带一段时间手臂有点脱皮，不知道是不是对这材质过敏造成的,这款手表在国内不支持三星pay 睡眠检测也没有主要是运动方面的功能 如果说主要用于运动的话还是可以考虑一下的 因为那样运动时可以不用带手机了 然后就是续航方面还是可以 充满电可以用两天左右 自我感觉还可以 表盘款式挺多的 微信可以接收消息 但有时候能回复有时候却不能 这我没搞懂是什么情况 功能性不强 还有一点就是表带感觉不怎么好 我带一段时间手臂有点脱皮 不知道是不是对这材质过敏造成的
总体来说这表可买可不买，实在需要的运动达人可以考虑一下,总体来说这表可买可不买 实在需要的运动达人可以考虑一下
好评，全五分！,好评 全五分 
用了几天，iPhone必须安装gear s app，表盘样式非常多，电池续航还算可以，GPS，蓝牙，海拔气压，Wi-Fi和S健康监控都开可以使用2天。原装硅胶表带稍微硬，换了不锈钢的，不错！,用了几天 iPhone必须安装gear s app 表盘样式非常多 电池续航还算可以 GPS 蓝牙 海拔气压 Wi-Fi和S健康监控都开可以使用#NUM#天。原装硅胶表带稍微硬 换了不锈钢的 不错 
好漂亮啊！！！！！,好漂亮啊！
应用程序太少了，颜值还算比较高，每天正常使用12小时，电池续航两天半左右，续航能力凑合吧。,应用程序太少了 颜值还算比较高 每天正常使用#NUM#小时 电池续航两天半左右 续航能力凑合吧。
感觉很好！功能实用。,感觉很好 功能实用。
商品给力，值得一买,商品给力 值得一买
这个表和三星s8，一起用起来是绝配，嗯，两个都是三星的产品，用起来很好用，然后只要有手表的地方，你解锁，都不用，指纹或者虹膜，反正这个表的话啦一直在带，很好用也防水,这个表和三星s#NUM# 一起用起来是绝配 嗯 两个都是三星的产品 用起来很好用 然后只要有手表的地方 你解锁 都不用 指纹或者虹膜 反正这个表的话啦一直在带 很好用也防水
送人的，对方说挺好的，充电也方便,送人的 对方说挺好的 充电也方便
可以，转盘感觉有点松，不过表还是挺有质感，不过微信。好像回复不了。只能看,可以 转盘感觉有点松 不过表还是挺有质感 不过微信。好像回复不了。只能看
终于拿到了。。,终于拿到了。。
很好，待机时间也长,很好 待机时间也长
不能同步微信步数，其他都挺满意的。,不能同步微信步数 其他都挺满意的。
非常好，送货很快,非常好 送货很快
不错的，可以购买,不错的 可以购买
手表很正，要是能送个贴膜就更好了,手表很正 要是能送个贴膜就更好了
不错，很好用的,不错 很好用的
好&hellip;&hellip;&hellip;&hellip;&hellip;&hellip;&hellip;&hellip;,好 hellip  hellip  hellip  hellip  hellip  hellip  hellip  hellip 
很不错！表盘很多总有一款适合自己，只能查看即时信息，历史信息查看不到回复不了，这就比较尴尬了,很不错 表盘很多总有一款适合自己 只能查看即时信息 历史信息查看不到回复不了 这就比较尴尬了
手表很大器，越来越好，至今已购买智能系列手表第四块。希望越来越好。京东自营商品出库快，递送快，很完美的一次购物体验,手表很大器 越来越好 至今已购买智能系列手表第四块。希望越来越好。京东自营商品出库快 递送快 很完美的一次购物体验
做工和质量感觉都不错，不会有电子表的廉价感。,做工和质量感觉都不错 不会有电子表的廉价感。
续航能力没有宣传的那么强，功能全开也就一天，关闭WIFI和nfc后大概三天。,续航能力没有宣传的那么强 功能全开也就一天 关闭WIFI和nfc后大概三天。
感觉有滴昂贵，但是很帅气，忍不住买了，还没打开,感觉有滴昂贵 但是很帅气 忍不住买了 还没打开
用了两天才来讲手表好不好，还可以，谢谢快递师傅你们辛苦了，大爱京东,用了两天才来讲手表好不好 还可以 谢谢快递师傅你们辛苦了 大爱京东
送货速度快。,送货速度快。
体验几日，感觉还可以？！,体验几日 感觉还可以  
用的挺方便的，就是内存小了点,用的挺方便的 就是内存小了点
功能实用强大 哈哈 就可以三星pay还没有进去大陆,功能实用强大 哈哈 就可以三星pay还没有进去大陆
很好看，很好用,很好看 很好用
嗯，还可以，下次不会再买了,嗯 还可以 下次不会再买了
很好，不错，正品,很好 不错 正品
还不错，表带不太好用，得换。,还不错 表带不太好用 得换。
不错，完美，相当棒！,不错 完美 相当棒 
用着非常好，方便接电话，防水一流的！表盘资源丰富，看信息，新闻都很方便！京东快递一直都是一流的，给京东点赞！,用着非常好 方便接电话 防水一流的 表盘资源丰富 看信息 新闻都很方便 京东快递一直都是一流的 给京东点赞 
非常喜欢，东西不错。,非常喜欢 东西不错。
很大气、上档次，一下就连接好了。正充电。,很大气、上档次 一下就连接好了。正充电。
不错，手表造型靓丽，而且功能完善,不错 手表造型靓丽 而且功能完善
老公很喜欢，最喜欢里面的测心率功能，每隔一段时间自测，很实用，表盘可以随心换，根据心情随时换，很不错！,老公很喜欢 最喜欢里面的测心率功能 每隔一段时间自测 很实用 表盘可以随心换 根据心情随时换 很不错 
很不错 信懒京东 发货快 快递小哥点个赞质量不错 京东还要继续加油,很不错 信懒京东 发货快 快递小哥点个赞质量不错 京东还要继续加油
戴了一段时间，还不错。三天充一次电。微信语音不能回。,戴了一段时间 还不错。三天充一次电。微信语音不能回。
好好好好好好好好好非常好。老公非常喜欢非常喜欢重要的事说三遍。。是正品,好好好非常好。老公非常喜欢非常喜欢重要的事说三遍。。是正品
挺不错的手表，功能很强大，待机有待提高，如果微信能在手表上回复就好了,挺不错的手表 功能很强大 待机有待提高 如果微信能在手表上回复就好了
????????很好很强大,？很好很强大
不错，可以打电话，可以回微信，最重要的是可以没事就可以换表盘玩，，续航表现也挺好，，，，S8+搭配起来装B还是很棒哒，，哎，，一入三星深似海,不错 可以打电话 可以回微信 最重要的是可以没事就可以换表盘玩  续航表现也挺好   S#NUM# 搭配起来装B还是很棒哒  哎  一入三星深似海
还是一如既往的速度！给个赞?,还是一如既往的速度 给个赞 
外观大气，帮别人买的，不知道电池抗用不,外观大气 帮别人买的 不知道电池抗用不
东东还是没好用,东东还是没好用
手表很漂亮，就是跟小米兼容性不好，偶尔手机耗电巨大,手表很漂亮 就是跟小米兼容性不好 偶尔手机耗电巨大
蛮好，屏幕分辨率不是很高,蛮好 屏幕分辨率不是很高
还好用,还好用
是正品，还不错，功能慢慢研究中,是正品 还不错 功能慢慢研究中
东西先试试看,东西先试试看
用下来感觉不错，功能比较全。喜欢。,用下来感觉不错 功能比较全。喜欢。
手表不错，包装太简单了，不知道是不是正品。我在实体店买那些表都是一个很结实的盒子装的，还配上几本很厚的说明书。三星的包装非常简单。这手表是运动手表，经常提醒你做运动什么的，那个跑步模式最好不要用，手表会发热很利害，手会不舒服。打电话发信息都没问题。这是我一次晒图,手表不错 包装太简单了 不知道是不是正品。我在实体店买那些表都是一个很结实的盒子装的 还配上几本很厚的说明书。三星的包装非常简单。这手表是运动手表 经常提醒你做运动什么的 那个跑步模式最好不要用 手表会发热很利害 手会不舒服。打电话发信息都没问题。这是我一次晒图
表很炫酷 减肥利器,表很炫酷 减肥利器
感觉还不错。很好很强大,感觉还不错。很好很强大
好东西，真货，刚带没几天就被别人要去了，再买一个！,好东西 真货 刚带没几天就被别人要去了 再买一个 
有货马上下单，当天下单下午就到了，连上s7后功能非常强大，真心棒,有货马上下单 当天下单下午就到了 连上s#NUM#后功能非常强大 真心棒
刚刚上手，暂无问题,刚刚上手 暂无问题
功能还在摸索中，感觉还不错,功能还在摸索中 感觉还不错
帮别人买的 给好评！,帮别人买的 给好评 
手表不错，电池也很难用,手表不错 电池也很难用
制作精致，颜值大赞,制作精致 颜值大赞
东西早就收到了 一直没来得及评价 暂时用的很好 就是功能太多需要慢慢研究 不错,东西早就收到了 一直没来得及评价 暂时用的很好 就是功能太多需要慢慢研究 不错
总得说不错 一直用着呢,总得说不错 一直用着呢
还不错吧，就是贵,还不错吧 就是贵
超级好，很喜欢,超级好 很喜欢
比之前的moto，华为和它自己的前辈产品都要好，好在提醒的功能很到位了，不用像之前的产品还需要手表的系统支持APP才可以发出通知。运动，户外等功能还是不如专业手表。,比之前的moto 华为和它自己的前辈产品都要好 好在提醒的功能很到位了 不用像之前的产品还需要手表的系统支持APP才可以发出通知。运动 户外等功能还是不如专业手表。
功能好多，外观很炫的，相比较苹果的要男性化一点！,功能好多 外观很炫的 相比较苹果的要男性化一点 
还不错，科技感十足，挺漂亮的,还不错 科技感十足 挺漂亮的
手表不错，就是没有开发票，还得补开,手表不错 就是没有开发票 还得补开
除了价格有点高以外，没有别的缺点，最好用的是闹钟功能，对那些怎么也睡不醒的，有那么一丢丢的作用，手上振动还是有感觉的,除了价格有点高以外 没有别的缺点 最好用的是闹钟功能 对那些怎么也睡不醒的 有那么一丢丢的作用 手上振动还是有感觉的
比之前的gear2确实有蛮大的进步，充次电用个三天没问题，使用也方便，特别是可转动表盘。唯一不足就是感觉表带硬了点，到时还是配个第三方表带更好,比之前的gear#NUM#确实有蛮大的进步 充次电用个三天没问题 使用也方便 特别是可转动表盘。唯一不足就是感觉表带硬了点 到时还是配个第三方表带更好
怎么说那  个人感觉很不错 手表很时尚 设计很独特超赞  要是说缺点 那就是微信不能在手表上回复  短信到是可以 原装表带夏天带有点热  容易出汗,怎么说那 个人感觉很不错 手表很时尚 设计很独特超赞 要是说缺点 那就是微信不能在手表上回复 短信到是可以 原装表带夏天带有点热 容易出汗
给我哥卖买的，他非常满意，说很好看,给我哥卖买的 他非常满意 说很好看
和s8＋配合完全没问题&hellip;不过貌似没有太多用途&hellip;,和s#NUM# 配合完全没问题 hellip 不过貌似没有太多用途 hellip 
用了一段时间感觉不错就是带子不好用,用了一段时间感觉不错就是带子不好用
是正版，表带有点厚，表有点大，不过我的手臂hold住,是正版 表带有点厚 表有点大 不过我的手臂hold住
东西收到了，表带太劣质了。。其他使用后再评价,东西收到了 表带太劣质了。。其他使用后再评价
酷啊！装逼啊！简直！回头率！搞得我吃饭工作打游戏左手一直举着，下不来,酷啊 装逼啊 简直 回头率 搞得我吃饭工作打游戏左手一直举着 下不来
东西不错 匹配S8+超快,东西不错 匹配S#NUM# 超快
手表不错，可以变换多种屏幕，可以语音打电话发短信，很是智能,手表不错 可以变换多种屏幕 可以语音打电话发短信 很是智能
非常完美呢，还好买的黑色。美白等,非常完美呢 还好买的黑色。美白等
有了这个手表还是很方便的，就是表带太容易脏了，材质太硬了,有了这个手表还是很方便的 就是表带太容易脏了 材质太硬了
對于這塊表的總體評價是  中等偏低的評價，為什麼呢   應為這表不能說是物超所值，以商品詳細中来看呢還算合理能接受，但實際物品使用中呢有些和商品詳情描述中的功能有不足之處，比如  支付功能，nfc   ***這兩个支付功能呢 在國內祇有***可以用  但也是有限制的，只能向商家支付  收款，想要完成個人支付  收款  是不可能的。nfc  在中国是直接不可用。說一下通訊功能，撥打 接听電話  短信收發，電話通訊可以正常使用。短信收發就有問題了  衹能發送不能接收  也沒有通知，所以對以上幾點功能缺失的項目來看呢  我個人覺得價格有點昂貴了。有想買的夥伴還是先找到人工客服諮詢好再下單。不然退貨是很麻煩的，退貨一點點刮花啊  刮傷啊  錶帶變色啊都會給退貨帶來不便之處，所以啊夥伴們要慎重了   不要給雙方都帶來損失了,對于這塊表的總體評價是 中等偏低的評價 為什麼呢 應為這表不能說是物超所值 以商品詳細中来看呢還算合理能接受 但實際物品使用中呢有些和商品詳情描述中的功能有不足之處 比如 支付功能 nfc    這兩个支付功能呢 在國內祇有   可以用 但也是有限制的 只能向商家支付 收款 想要完成個人支付 收款 是不可能的。nfc 在中国是直接不可用。說一下通訊功能 撥打 接听電話 短信收發 電話通訊可以正常使用。短信收發就有問題了 衹能發送不能接收 也沒有通知 所以對以上幾點功能缺失的項目來看呢 我個人覺得價格有點昂貴了。有想買的夥伴還是先找到人工客服諮詢好再下單。不然退貨是很麻煩的 退貨一點點刮花啊 刮傷啊 錶帶變色啊都會給退貨帶來不便之處 所以啊夥伴們要慎重了 不要給雙方都帶來損失了
价格好，正品，送货速度快,价格好 正品 送货速度快
男人用的，外观看着可以,男人用的 外观看着可以
颜值高，好评,颜值高 好评
有点厚~薄一点就好了。,有点厚 薄一点就好了。
挺好的。功能丰富，表盘超多。就是有点厚重。,挺好的。功能丰富 表盘超多。就是有点厚重。
不错赞一个。,不错赞一个。
1.外观大气，经典款适合商务人士，配正装没问题。,#NUM# 外观大气 经典款适合商务人士 配正装没问题。
2.转盘操作方便，旋转有质感。,#NUM# 转盘操作方便 旋转有质感。
3.待机很不错，全天连接蓝牙，翻腕亮屏，默认10分钟1次自动心率，关闭无线和定位，可支持4天，短期出差不用背充电器。,#NUM# 待机很不错 全天连接蓝牙 翻腕亮屏 默认#NUM#分钟#NUM#次自动心率 关闭无线和定位 可支持#NUM#天 短期出差不用背充电器。
4.步数、睡眠数据比较准确，可能是与手机使用情况监测数据结合的，入睡和起床识别误差很小。,#NUM# 步数、睡眠数据比较准确 可能是与手机使用情况监测数据结合的 入睡和起床识别误差很小。
缺点：1.原装皮带太厚了。,缺点 #NUM# 原装皮带太厚了。
2.微信不能在手机上回复，只能显示文字信息内容，图片显示不出来。,#NUM# 微信不能在手机上回复 只能显示文字信息内容 图片显示不出来。
3.虽说是ip68，但说明书也没敢承诺游泳，只说了冷水1.5米30分钟，完全不敢戴着游泳。,#NUM# 虽说是ip#NUM# 但说明书也没敢承诺游泳 只说了冷水#NUM# #NUM#米#NUM#分钟 完全不敢戴着游泳。
样子还可以但非三星手机不能回微信是硬伤,样子还可以但非三星手机不能回微信是硬伤
正品 物流很快,正品 物流很快
很漂亮，还没拆。送人的。,很漂亮 还没拆。送人的。
东西不错  就是有时候连接有问题  苹果配三星 没办法的事,东西不错 就是有时候连接有问题 苹果配三星 没办法的事
看起来不错，苹果手机连，功能看起来有很多，得慢慢研究啊,看起来不错 苹果手机连 功能看起来有很多 得慢慢研究啊
一直在用S2，现在换S3。还是那么精典。但愿今后使用中能象S2一样给力。,一直在用S#NUM# 现在换S#NUM#。还是那么精典。但愿今后使用中能象S#NUM#一样给力。
可以打电话，不过声音不是特别大,可以打电话 不过声音不是特别大
很不错，包装完好，发货快，快递速度一天收到，很满意，手表用的不错，安装速度太慢。,很不错 包装完好 发货快 快递速度一天收到 很满意 手表用的不错 安装速度太慢。
大品牌，值得信赖,大品牌 值得信赖
超好用比苹果用着方便。,超好用比苹果用着方便。
手表帅呆了，虽然没等到运动版，但其实经典版倒也挺适合it男的，还有谁说这表太大了？我170的个，小骨架，戴着也很合适啊。,手表帅呆了 虽然没等到运动版 但其实经典版倒也挺适合it男的 还有谁说这表太大了 我#NUM#的个 小骨架 戴着也很合适啊。
手表不错就是感觉跟ios匹配不是很顺畅，主要是电话接听方面,手表不错就是感觉跟ios匹配不是很顺畅 主要是电话接听方面
很好，之前用黑色的，又买了个经典款，京东的包装到是很严密。,很好 之前用黑色的 又买了个经典款 京东的包装到是很严密。
灰常喜欢的一款电子手表,灰常喜欢的一款电子手表
东西不错，很好用，很好看，很喜欢,东西不错 很好用 很好看 很喜欢
不错，外观很满意，就是软件比较少，希望能多多改进吧,不错 外观很满意 就是软件比较少 希望能多多改进吧
很好不错不错,很好不错不错
外观是我喜欢的样子，性能还可以吧，微信装不上这是最遗憾的。,外观是我喜欢的样子 性能还可以吧 微信装不上这是最遗憾的。
帅就一个字！！！！,帅就一个字！
还没有开发其他新功能   暂时当手表来用  美观大气,还没有开发其他新功能 暂时当手表来用 美观大气
好用，观望好久了，最后狠心剁手。三星的品质，棒棒的,好用 观望好久了 最后狠心剁手。三星的品质 棒棒的
微信能看 不能回复 功能还不是特别完善 表没问题很高端 喜欢,微信能看 不能回复 功能还不是特别完善 表没问题很高端 喜欢
挺好用的，不错，功能强大,挺好用的 不错 功能强大
挺满意的，睡眠检测，信息提醒，不足有分辨率有一点点低，nfc功能还有待开发，等后续升级吧,挺满意的 睡眠检测 信息提醒 不足有分辨率有一点点低 nfc功能还有待开发 等后续升级吧
不知道呀。可以吧 可以么毕竟2000多。给别人买的,不知道呀。可以吧 可以么毕竟#NUM#多。给别人买的
刚到试用了一个小时左右感觉还是不错的  缺点内存不是太大整体来说还是不错的  先用用看在追评,刚到试用了一个小时左右感觉还是不错的 缺点内存不是太大整体来说还是不错的 先用用看在追评
还不错，质量挺好，戴了3天，续航3天稳妥，暂时没毛病。,还不错 质量挺好 戴了#NUM#天 续航#NUM#天稳妥 暂时没毛病。
手表不错，戴着挺大气。,手表不错 戴着挺大气。
东西很不错  京东一直喜欢 支持  速度又快,东西很不错 京东一直喜欢 支持 速度又快
高大上，颜值特别高,高大上 颜值特别高
电子手表就是那样了，装x 成分总大于实用程度。,电子手表就是那样了 装x 成分总大于实用程度。
手表挺好的，挺满意,手表挺好的 挺满意
使用了一段时间，和三星手机配套使用很不错，可以接听拨打电话，扬声器声音比较清楚。电池中度使用3天没问题，表盘丰富。,使用了一段时间 和三星手机配套使用很不错 可以接听拨打电话 扬声器声音比较清楚。电池中度使用#NUM#天没问题 表盘丰富。
这个智能手表表盘特别大，特别适合男人戴，然后它既可以连苹果系统，然后也可以连安卓系统，我觉得这个特别棒，只不过是它连接苹果系统的时候软件特别少，然后表盘也特别少，不如这个连安卓机的多。,这个智能手表表盘特别大 特别适合男人戴 然后它既可以连苹果系统 然后也可以连安卓系统 我觉得这个特别棒 只不过是它连接苹果系统的时候软件特别少 然后表盘也特别少 不如这个连安卓机的多。
很好，挺不错得,很好 挺不错得
还不错，防水可以！性能可以，就是电池不怎么耐用,还不错 防水可以 性能可以 就是电池不怎么耐用
外观漂亮，功能方面待用一段时间后再评价,外观漂亮 功能方面待用一段时间后再评价
手表很酷，还可监测睡眼状态！,手表很酷 还可监测睡眼状态 
非常满意，也非常喜欢，苹果手表放一边了。,非常满意 也非常喜欢 苹果手表放一边了。
发票呢，怎么没有,发票呢 怎么没有
手表非常好，功能齐全待机目前为止还可以接受,手表非常好 功能齐全待机目前为止还可以接受
通过手机可以接打电话，可以独立上网，表盘很多，只能查看微信文字信息，不能听语音信息，还是我没设置好，微信功能不是很好用。,通过手机可以接打电话 可以独立上网 表盘很多 只能查看微信文字信息 不能听语音信息 还是我没设置好 微信功能不是很好用。
统一回复，物廉价美，值得拥有，可以购买,统一回复 物廉价美 值得拥有 可以购买
关注了s3跟佳明的fenix3有几个月，也一直在纠结。618前一个星期飞3有一张九百的券，蓝宝石英文券后不到三仟让我毫不犹豫的下单，然后一直显示采购中。最后我还是取消了单子，入手s3 classic，说说我的理由吧，给跟我一样纠结的亲们参考：如果喜欢户外徒步，爬山，越野跑，绝对选择佳明，而我主要运动都是在健身房里，再者，gear的一些功能对我更实用，比如可以显示手机来电，接听和拒接，阅读短信跟微信内容，这在不方便掏手机的情况下很实用。记步，心率，跑步等一些日常的运动监测都有，对我来说够用了。有2个不足1是续航，基本2天一冲，充满差不多要2小时，我觉得手机也是要天天充电，所以对这个不太介意，2是表带太硬，必须要换。三星的颜值不用多说，建议去实体店看真表。,关注了s#NUM#跟佳明的fenix#NUM#有几个月 也一直在纠结。#NUM#前一个星期飞#NUM#有一张九百的券 蓝宝石英文券后不到三仟让我毫不犹豫的下单 然后一直显示采购中。最后我还是取消了单子 入手s#NUM# classic 说说我的理由吧 给跟我一样纠结的亲们参考 如果喜欢户外徒步 爬山 越野跑 绝对选择佳明 而我主要运动都是在健身房里 再者 gear的一些功能对我更实用 比如可以显示手机来电 接听和拒接 阅读短信跟微信内容 这在不方便掏手机的情况下很实用。记步 心率 跑步等一些日常的运动监测都有 对我来说够用了。有#NUM#个不足#NUM#是续航 基本#NUM#天一冲 充满差不多要#NUM#小时 我觉得手机也是要天天充电 所以对这个不太介意 #NUM#是表带太硬 必须要换。三星的颜值不用多说 建议去实体店看真表。
总结：户外运动达人选佳明，专业，耐用。gear s3耐用性肯定不如佳，续航也差，不过如果像我不介意2天一冲，又不户外运动，gear s3是不错的选择，它的颜值，分辨率完胜，这个经典版除了运动，基本上适合任何场合戴，还有好多的酷炫表盘。其实这种产品就像手机，我估计2-3年就要换，就算能用个4-5年估计到那时候新款出了旧的都不想继续用了。,总结 户外运动达人选佳明 专业 耐用。gear s#NUM#耐用性肯定不如佳 续航也差 不过如果像我不介意#NUM#天一冲 又不户外运动 gear s#NUM#是不错的选择 它的颜值 分辨率完胜 这个经典版除了运动 基本上适合任何场合戴 还有好多的酷炫表盘。其实这种产品就像手机 我估计#NUM#-#NUM#年就要换 就算能用个#NUM#-#NUM#年估计到那时候新款出了旧的都不想继续用了。
非常好 物流速度特别快 东西也好 很多人都说带上比apple好看 不错 很愉快的购物体验！,非常好 物流速度特别快 东西也好 很多人都说带上比apple好看 不错 很愉快的购物体验 
真漂亮，感觉比苹果好很多,真漂亮 感觉比苹果好很多
手机戴了几天 整体使用效果还是挺不错的 个人认为有点重 配套的表带比较硬不柔软 软件与表盘的安装需要手机比较麻烦 音乐同步也需要电脑的支持 不过对于我这种电脑工作者还好 总体来说还是值得购买的一款好产品,手机戴了几天 整体使用效果还是挺不错的 个人认为有点重 配套的表带比较硬不柔软 软件与表盘的安装需要手机比较麻烦 音乐同步也需要电脑的支持 不过对于我这种电脑工作者还好 总体来说还是值得购买的一款好产品
天哦考虑我OKknow看木有PLLknow唾骂now图我了我下午噢耶,天哦考虑我OKknow看木有PLLknow唾骂now图我了我下午噢耶
非常适合我的手表，功能多多，喜欢,非常适合我的手表 功能多多 喜欢
表收到了，快递很给力，,表收到了 快递很给力 
不错，比苹果的手表好用，看着也挺高大上的，就是感觉表带不是那么的好,不错 比苹果的手表好用 看着也挺高大上的 就是感觉表带不是那么的好
不错，感觉挺好的，还需进一步了解。,不错 感觉挺好的 还需进一步了解。
很不错，带着时尚大气，电池还耐用！,很不错 带着时尚大气 电池还耐用 
用了两天还行，就是点不够用，开ADS的情况下一天一冲,用了两天还行 就是点不够用 开ADS的情况下一天一冲
S2S3都买过，s3提升的真不是一点点，光是续航就提升太多了。还有，买s3的各位请注意，这毕竟是手表，不是娱乐设备，健康提醒，消息通知，收发短信，接打电话足够了，你拿着手表玩游戏能不耗电吗,S#NUM#S#NUM#都买过 s#NUM#提升的真不是一点点 光是续航就提升太多了。还有 买s#NUM#的各位请注意 这毕竟是手表 不是娱乐设备 健康提醒 消息通知 收发短信 接打电话足够了 你拿着手表玩游戏能不耗电吗
犹豫了很久很久还是忍不住买了，不赶活动，也没赠品，就是在想要的时候买了，表很到位，带手上也没觉得大，很合适，转圈很上档次，app不多，能用到的也就那几个，无所谓，刚用上，有什么随后补充吧,犹豫了很久很久还是忍不住买了 不赶活动 也没赠品 就是在想要的时候买了 表很到位 带手上也没觉得大 很合适 转圈很上档次 app不多 能用到的也就那几个 无所谓 刚用上 有什么随后补充吧
时尚大方，不过对于苹果手机来说，很多功能都匹配不了,时尚大方 不过对于苹果手机来说 很多功能都匹配不了
爽歪歪，帅到爆，吊炸天,爽歪歪 帅到爆 吊炸天
抬手可以打电话不用再掏出手机了,抬手可以打电话不用再掏出手机了
非常好的。可以,非常好的。可以
智能手表很不错，很喜欢,智能手表很不错 很喜欢
挺好的，就是适配的app不多，不能独立打电话,挺好的 就是适配的app不多 不能独立打电话
质量很不错，应该是正品，推荐购买。,质量很不错 应该是正品 推荐购买。
先为快递员点个赞。冒着雨两趟。表还在充电中，用过之后再来评论,先为快递员点个赞。冒着雨两趟。表还在充电中 用过之后再来评论
不错，电池也比更耐用了,不错 电池也比更耐用了
男朋友很喜欢，前几天都在发掘新功能,男朋友很喜欢 前几天都在发掘新功能
颜值高，app还太少，总体不错。。。,颜值高 app还太少 总体不错。
表盘多。漂亮 正常使用可以用2天以上，比苹果的续航好，但是软件就没有苹果那么多了，不过也够用，。,表盘多。漂亮 正常使用可以用#NUM#天以上 比苹果的续航好 但是软件就没有苹果那么多了 不过也够用 。
非常好，配合S8+手机简直完美，功能比苹果多。,非常好 配合S#NUM# 手机简直完美 功能比苹果多。
还行~就是物流不给力，在预定时间内没有到货。,还行 就是物流不给力 在预定时间内没有到货。
太酷了，爱不释手，功能强大，用了一个月体验非常棒。,太酷了 爱不释手 功能强大 用了一个月体验非常棒。
越南货，其它还行,越南货 其它还行
先好评，后追加,先好评 后追加
功能还算比较强大，应用相对来说比较少，表盘多，可以天天换，提醒功能很不错！,功能还算比较强大 应用相对来说比较少 表盘多 可以天天换 提醒功能很不错 
防水的 挺好,防水的 挺好
表看着还不错，就是app在苹果上用的不是很好，功能不多！自动识别运动模式还是挺智能家居！我看重的是心率监测功能，还不错！就是手臂有点粗，表带差一点带不上，最后一个扣眼！还好能用！充电时发热严重，要放置十几分钟才能带！电池两天，差不多！毕竟这么大的表盘！,表看着还不错 就是app在苹果上用的不是很好 功能不多 自动识别运动模式还是挺智能家居 我看重的是心率监测功能 还不错 就是手臂有点粗 表带差一点带不上 最后一个扣眼 还好能用 充电时发热严重 要放置十几分钟才能带 电池两天 差不多 毕竟这么大的表盘 
非常不错，值得信赖!,非常不错 值得信赖 
还行吧，凑合用着呢,还行吧 凑合用着呢
就那回事吧,就那回事吧
一般的东西，一般用是没问题。,一般的东西 一般用是没问题。
几个月了，感觉还不错,几个月了 感觉还不错
可以打电话，蛮喜欢,可以打电话 蛮喜欢
很好用，和S7匹配度很高，表盘也比较多,很好用 和S#NUM#匹配度很高 表盘也比较多
好东西，京东购，早上下单，下午收到。正品，值得拥有。会关注再光顾！,好东西 京东购 早上下单 下午收到。正品 值得拥有。会关注再光顾 
送货速度快，价格也很合适，不错！,送货速度快 价格也很合适 不错 
功能非常多，还是挺好用的，重了点,功能非常多 还是挺好用的 重了点
物流快，就是掉电有点快,物流快 就是掉电有点快
很好，很大气&hellip;&hellip;,很好 很大气 hellip  hellip 
很棒很棒很棒,很棒很棒很棒
在手上戴了很久了，挺满意的，待机一般是使用可以到4天，传感器也很多，造型也美观，戴在手上很精致的样子,在手上戴了很久了 挺满意的 待机一般是使用可以到#NUM#天 传感器也很多 造型也美观 戴在手上很精致的样子
很好的非常不错,很好的非常不错
可以的，小表帅呆了,可以的 小表帅呆了
质量是不错的，可惜应用太少应用太少应用太少。比如连个指南针这种基础应用都没有。,质量是不错的 可惜应用太少应用太少应用太少。比如连个指南针这种基础应用都没有。
表带太差了。,表带太差了。
总体感觉不错，暂时没发现有掉漆情况，百度地图只能看，不能导航，app也不算多，没有苹果的体验感，但装逼比苹果的好一些。,总体感觉不错 暂时没发现有掉漆情况 百度地图只能看 不能导航 app也不算多 没有苹果的体验感 但装逼比苹果的好一些。
真是很值得，爱不释手,真是很值得 爱不释手
不错的一次购物，希望京东多些活动,不错的一次购物 希望京东多些活动
之前在某b买了，还没收到这就降价了，果断换地方，果然没失望，和s8+完美适配。就是系统一般，兼容性较差，微信只能接收文字，不能听语音，其他都还可以,之前在某b买了 还没收到这就降价了 果断换地方 果然没失望 和s#NUM# 完美适配。就是系统一般 兼容性较差 微信只能接收文字 不能听语音 其他都还可以
手表个大，多款表盘，显示信息各有突出，功能具有记步，心率，海拨，音乐，气压等，越南生产，我的手机是三星S7，配合不错。,手表个大 多款表盘 显示信息各有突出 功能具有记步 心率 海拨 音乐 气压等 越南生产 我的手机是三星S#NUM# 配合不错。
手表太实用了,手表太实用了
当场验货，手表未开封。就是缺少发票,当场验货 手表未开封。就是缺少发票
漂亮，配S8很好用。,漂亮 配S#NUM#很好用。
很好，电池基本三天一冲，系统稳定，接电话方便！,很好 电池基本三天一冲 系统稳定 接电话方便 
带着还不错，但是原装表带真的是&hellip;&hellip;到手当天直接换了个表带。,带着还不错 但是原装表带真的是 hellip  hellip 到手当天直接换了个表带。
特意用了几天才来评价，很好，很给力,特意用了几天才来评价 很好 很给力
非常好用好用先用,非常好用好用先用
功能很多，也很实用，多配一样金属表带就更好了。,功能很多 也很实用 多配一样金属表带就更好了。
京东快递超快，手表很不错，跟手机配合起来很好用，正在研究中。,京东快递超快 手表很不错 跟手机配合起来很好用 正在研究中。
说实话，没啥太大的实用价值,说实话 没啥太大的实用价值
三星大品牌，和S7e完美搭配,三星大品牌 和S#NUM#e完美搭配
挺好。今天刚收到货。 试了下通话。和手机功放差不多。,挺好。今天刚收到货。 试了下通话。和手机功放差不多。
表盘确实不小，平时不操作待机3天左右，不错,表盘确实不小 平时不操作待机#NUM#天左右 不错
智能手表让生活更简单，SAMSUNG Gear S3既拥有传统手表的精致外观又有超多智慧玩法；它不止是一块手表，万千表盘随心换，拒绝一成不变；随时查看各种通知，甚至扫码付款，更高逼格的支付方式，不开实时心率晚上不佩戴可以用3天左右，略微遗憾的是不支持SAMSUNGPay，还有微信不可以查看语音信息，说是了解蓝牙耳机就可以，但是我的三星level u不能同时连手表和手机，所以目前不能很愉快的查看微信语音。表带没有之前了解的那么硬，有点厚有点重，最不满意的是明明我是骑电车手表总是检测我我在骑自行车，求破！618前买的2699用了200块**券，618的时候是2599没找到**券，所以我不能价保？客服根本不理我，不价保也说一下呀。,智能手表让生活更简单 SAMSUNG Gear S#NUM#既拥有传统手表的精致外观又有超多智慧玩法 它不止是一块手表 万千表盘随心换 拒绝一成不变 随时查看各种通知 甚至扫码付款 更高逼格的支付方式 不开实时心率晚上不佩戴可以用#NUM#天左右 略微遗憾的是不支持SAMSUNGPay 还有微信不可以查看语音信息 说是了解蓝牙耳机就可以 但是我的三星level u不能同时连手表和手机 所以目前不能很愉快的查看微信语音。表带没有之前了解的那么硬 有点厚有点重 最不满意的是明明我是骑电车手表总是检测我我在骑自行车 求破 #NUM#前买的#NUM#用了#NUM#块  券 #NUM#的时候是#NUM#没找到  券 所以我不能价保 客服根本不理我 不价保也说一下呀。
除了软件差一点其它没毛病，3~4天一冲,除了软件差一点其它没毛病 #NUM# #NUM#天一冲
表带是硬伤啊,表带是硬伤啊
不错，挺好还在研究合适小玩意儿，京东物流就是快，与s8完美兼容,不错 挺好还在研究合适小玩意儿 京东物流就是快 与s#NUM#完美兼容
送货非常快，宝贝棒极了。可能手腕太粗了。用到最后一个孔了。早上充满电，一直玩玩到晚上睡觉还有37的电。,送货非常快 宝贝棒极了。可能手腕太粗了。用到最后一个孔了。早上充满电 一直玩玩到晚上睡觉还有#NUM#的电。
挺好！颜值担当！,挺好 颜值担当 
表带很舒服，待机有待加强,表带很舒服 待机有待加强
不错的宝贝，功能比较全，支持一下,不错的宝贝 功能比较全 支持一下
哈哈哈哈我的,哈哈哈我的
不错很漂亮，和刚买的S8匹配完美，就是女孩子带嫌大了一点,不错很漂亮 和刚买的S#NUM#匹配完美 就是女孩子带嫌大了一点
手表美观，实用，开车不用拿手机了。赞,手表美观 实用 开车不用拿手机了。赞
感觉和手机很配,感觉和手机很配
电池比较耐用，颜值高，缺点是功能不多,电池比较耐用 颜值高 缺点是功能不多
非常不错，很喜欢，运输速度很快，以后什么东西都在京东买，给5分。,非常不错 很喜欢 运输速度很快 以后什么东西都在京东买 给#NUM#分。
表带有点厚，材质比较硬，别的都ok，反应很灵敏,表带有点厚 材质比较硬 别的都ok 反应很灵敏
618买的 挺炫的 待机比较满意！,#NUM#买的 挺炫的 待机比较满意 
不错啊，比超市方便。要是卷多发点就好了。,不错啊 比超市方便。要是卷多发点就好了。
非常好用的手表，电池比apple watch给力，很喜欢,非常好用的手表 电池比apple watch给力 很喜欢
还不错，使用效果不错，挖掘更多功能中&hellip;&hellip;,还不错 使用效果不错 挖掘更多功能中 hellip  hellip 
"手表很漂亮,和三星S7e配合使用简直完美，而且防水功能超级强大",手表很漂亮 和三星S#NUM#e配合使用简直完美 而且防水功能超级强大
等我用上一段时间，发图片。,等我用上一段时间 发图片。
商品很好  没问题  很喜欢,商品很好 没问题 很喜欢
手表款式不错，看上去感觉很好。和手机连接方便，app比较丰富。使用了两天非常满意。,手表款式不错 看上去感觉很好。和手机连接方便 app比较丰富。使用了两天非常满意。
不错，每次都来京东买，下次继续。,不错 每次都来京东买 下次继续。
好评，正常待机三天没问题。,好评 正常待机三天没问题。
好用又实用，逼格高就是表带不太好居然是塑料的，让人感觉很廉价这个表带我给差评&hellip;&hellip;,好用又实用 逼格高就是表带不太好居然是塑料的 让人感觉很廉价这个表带我给差评 hellip  hellip 
使用了一天还不错,使用了一天还不错
产品很好！华为很棒，支持国产！京东速度没得说！,产品很好 华为很棒 支持国产 京东速度没得说 
很漂亮的表，功能强大。,很漂亮的表 功能强大。
可以很好用跟s8更配哦,可以很好用跟s#NUM#更配哦
还行，就是表带太low,还行 就是表带太low
京东商城一如既往的好！,京东商城一如既往的好 
很满意，不错的手表,很满意 不错的手表
手表漂亮大气，送的无线充电也不错，有两个无线充电底座,手表漂亮大气 送的无线充电也不错 有两个无线充电底座
不错，京东品质！十分满意！,不错 京东品质 十分满意 
手表确实不错，颜值很高，快递速度也很快,手表确实不错 颜值很高 快递速度也很快
挺不错，物有所值，下次需要还会再来。,挺不错 物有所值 下次需要还会再来。
京东服务很棒哦,京东服务很棒哦
手表很好，不过送一个座充我不知道有什么用，原装就有一个，你又给我送一个干什么呢,手表很好 不过送一个座充我不知道有什么用 原装就有一个 你又给我送一个干什么呢
功能感觉不全，苹果手机用这个支付之类好像都不可以用，表盘倒是可以换很多种。,功能感觉不全 苹果手机用这个支付之类好像都不可以用 表盘倒是可以换很多种。
同样的价包装差距，运输保护差这么多,同样的价包装差距 运输保护差这么多
主要是方便，货真，价格合适,主要是方便 货真 价格合适
很好 是正品 发货速度很快 第二天就到了 继续支持京东,很好 是正品 发货速度很快 第二天就到了 继续支持京东
东西很好 物流也非常的快,东西很好 物流也非常的快
三星（760）虽然韩货（可以抵制），但系统反应速度可以，翻腕亮屏比华为2土曼3快，缺点不能手表接电话，只能拒接，待机2天吧，暂时看，表盘样式比华为土曼多且好，仅此参考&hellip;&hellip;,三星 #NUM# 虽然韩货 可以抵制  但系统反应速度可以 翻腕亮屏比华为#NUM#土曼#NUM#快 缺点不能手表接电话 只能拒接 待机#NUM#天吧 暂时看 表盘样式比华为土曼多且好 仅此参考 hellip  hellip 
很好用，一直在京东买东西,很好用 一直在京东买东西
功能很多，令人惊喜，充电方便，很是漂亮!,功能很多 令人惊喜 充电方便 很是漂亮 
给老公买的，很满意，我还会介绍给我的朋友们，物流很负责任，亲自送到门上的！,给老公买的 很满意 我还会介绍给我的朋友们 物流很负责任 亲自送到门上的 
手表拿到手第一眼已经被惊艳到了，外观已经与传统腕表相差无几了，虽然现在的智能穿戴产品还有很多不完善的地方，比如续航、比较依赖手机等，但是这款产品现在已经代表了业界的最高水平了，个人认为这款手表是截止到今年上半年最好的智能手表，没有之一，个人观点，勿喷！,手表拿到手第一眼已经被惊艳到了 外观已经与传统腕表相差无几了 虽然现在的智能穿戴产品还有很多不完善的地方 比如续航、比较依赖手机等 但是这款产品现在已经代表了业界的最高水平了 个人认为这款手表是截止到今年上半年最好的智能手表 没有之一 个人观点 勿喷 
用了一个月了，最多也就算个电子表，不过接电话功能很赞，开车不用掏出手机，其他功能没发现特别之处,用了一个月了 最多也就算个电子表 不过接电话功能很赞 开车不用掏出手机 其他功能没发现特别之处
用了几天，还可以,用了几天 还可以
颜值很好，快递也很快，京东应该是正品,颜值很好 快递也很快 京东应该是正品
哈哈哈哈哈哈,哈哈哈
是国行，但是国行没有pay。三星手机微信时而好用时而不好用，得看人品。使用强度不大的话可以三天。玩的多也就是两天。装逼利器，但是吧&hellip;&hellip;要装逼还是搞一个百达翡丽，万国啥的。三星发烧友，对运动检测有需求的可以买，否则，也就是一个电子表。国内太多东西不支持。,是国行 但是国行没有pay。三星手机微信时而好用时而不好用 得看人品。使用强度不大的话可以三天。玩的多也就是两天。装逼利器 但是吧 hellip  hellip 要装逼还是搞一个百达翡丽 万国啥的。三星发烧友 对运动检测有需求的可以买 否则 也就是一个电子表。国内太多东西不支持。
包装结实，物流挺快，挺合适的。,包装结实 物流挺快 挺合适的。
还好，和三星的手机很配，很方便，期待的功能都实现了，完美,还好 和三星的手机很配 很方便 期待的功能都实现了 完美
还不错，手机可以同时连接手表和蓝牙，但蓝牙不能接听电话，不过可以听歌,还不错 手机可以同时连接手表和蓝牙 但蓝牙不能接听电话 不过可以听歌
还行吧，就是大了点。,还行吧 就是大了点。
手表总体满意，不同表盘耗电量相差很大,手表总体满意 不同表盘耗电量相差很大
物流速递给力，产品还在研究，质量还在考验,物流速递给力 产品还在研究 质量还在考验
用的还行 基本上三天一冲 步数心率蛮准的,用的还行 基本上三天一冲 步数心率蛮准的
电池耐用。酷炫。买了个表盘。x宝买了个表带。很帅。,电池耐用。酷炫。买了个表盘。x宝买了个表带。很帅。
完美，喜欢。货运也给力,完美 喜欢。货运也给力
虽然有赠品  但是买完就降价还是有点不爽啊,虽然有赠品 但是买完就降价还是有点不爽啊
已经是买的第二块了，很好用！,已经是买的第二块了 很好用 
手表不错，短时间玩玩可以，长期用没有啥新奇的东西。,手表不错 短时间玩玩可以 长期用没有啥新奇的东西。
很好看，很喜欢，功能强大，很多功能不会用,很好看 很喜欢 功能强大 很多功能不会用
非常喜欢，就是不知道防水效果怎么样,非常喜欢 就是不知道防水效果怎么样
老公戴着很好看呢，老公是苹果手机，但是用用也还好。,老公戴着很好看呢 老公是苹果手机 但是用用也还好。
公司买来送客户的，跟楼下专卖店一个价格&hellip;&hellip;,公司买来送客户的 跟楼下专卖店一个价格 hellip  hellip 
总体来说还可以吧,总体来说还可以吧
手表性价比超高，功能强大,手表性价比超高 功能强大
经常购买，保证速度实效性！,经常购买 保证速度实效性 
心动不如行动,心动不如行动
大爱啊，唯一缺点和S8匹配后微信智能看信息，没法回复,大爱啊 唯一缺点和S#NUM#匹配后微信智能看信息 没法回复
物流不错，东西非常好,物流不错 东西非常好
带了一段时间才来评价，电量基本能保持两到三天。就是有时候连接苹果的手机有点麻烦。有时候会断开，天气也需要手动更新。,带了一段时间才来评价 电量基本能保持两到三天。就是有时候连接苹果的手机有点麻烦。有时候会断开 天气也需要手动更新。
挺好，就是和乐视手机相连没办法接通电话，遗憾,挺好 就是和乐视手机相连没办法接通电话 遗憾
还不错，待机时间两天没问题。,还不错 待机时间两天没问题。
挺好用的，和s7edge匹配的很好,挺好用的 和s#NUM#edge匹配的很好
真的非常实用，特别帅气,真的非常实用 特别帅气
这个表有点装bi了，因为同事说这表功能好多，比他的?表好多了。有面儿。,这个表有点装bi了 因为同事说这表功能好多 比他的 表好多了。有面儿。
还行吧，就是微信不方便,还行吧 就是微信不方便
很好的东西，还便宜，下次如果需要的还会再买的。。,很好的东西 还便宜 下次如果需要的还会再买的。。
漂亮，硬件不丑，软件太少，打电话功能要和手机蓝牙连才可用，，，很鸡肋，，，，希望应用资源上多点有用的，，，手表表盘最大优点吧，其他真心没什么用,漂亮 硬件不丑 软件太少 打电话功能要和手机蓝牙连才可用   很鸡肋   希望应用资源上多点有用的   手表表盘最大优点吧 其他真心没什么用
好11111111111,好#NUM#
物美价廉，很不错，值得购买,物美价廉 很不错 值得购买
一入三星深似海，从此钞票是路人。用了一周各种满意挺好的不会用就上贴吧看看呗,一入三星深似海 从此钞票是路人。用了一周各种满意挺好的不会用就上贴吧看看呗
还可以，按照我的使用量3天应该可以，软件太少，不过也够用，智能表能接收通知即可，微信不能语音是最大的软肋，多送一个充电器非常有必要，办公家里各放一个,还可以 按照我的使用量#NUM#天应该可以 软件太少 不过也够用 智能表能接收通知即可 微信不能语音是最大的软肋 多送一个充电器非常有必要 办公家里各放一个
非常NICE的表，但是推送功能没有苹果的优化。,非常NICE的表 但是推送功能没有苹果的优化。
比苹果表用着更方便，很漂亮，续航能力还可以,比苹果表用着更方便 很漂亮 续航能力还可以
还可以吧，感觉可以,还可以吧 感觉可以
感觉很不错，有点重，期待使用效果,感觉很不错 有点重 期待使用效果
手表挺好的很快速度，很好看,手表挺好的很快速度 很好看
没毛病老铁给京东快递员点赞,没毛病老铁给京东快递员点赞
与苹果手机连接，zfb不能用,与苹果手机连接 zfb不能用
东西还可以，就是快递为什么总是要到发货时间才出库，就不能提前出去提前配送吗？,东西还可以 就是快递为什么总是要到发货时间才出库 就不能提前出去提前配送吗 
手表很好   很漂亮  颜值决定一切,手表很好 很漂亮 颜值决定一切
非三星手机下载不了微信手表助手&hellip;,非三星手机下载不了微信手表助手 hellip 
戴起来特别的酷，用起来很方便。,戴起来特别的酷 用起来很方便。
不错。。非常适合，现在还在摸索把玩。。。媳妇也喜欢。,不错。。非常适合 现在还在摸索把玩。媳妇也喜欢。
好用，比原来的表好用。是否支持三星pay?,好用 比原来的表好用。是否支持三星pay 
可能除了记录运动什么的功能外实在没什么亮点，后续的消费就是各种装逼表盘了吧，2000多买一个能装逼的表其实也不贵，别对什么所谓的&ldquo;智能&rdquo;抱太多期待了，离开手机就是一块表而已,可能除了记录运动什么的功能外实在没什么亮点 后续的消费就是各种装逼表盘了吧 #NUM#多买一个能装逼的表其实也不贵 别对什么所谓的 ldquo 智能 rdquo 抱太多期待了 离开手机就是一块表而已
买得是先锋版，表盘并不是那么容易被划，转盘操作方式很喜欢，重量和大小还行，和普通机械表比没有超标，戴着游泳也没有问题，作为这个时代的智能手表真的很不错乐,买得是先锋版 表盘并不是那么容易被划 转盘操作方式很喜欢 重量和大小还行 和普通机械表比没有超标 戴着游泳也没有问题 作为这个时代的智能手表真的很不错乐
特别棒，送给爸爸的父亲节礼物～,特别棒 送给爸爸的父亲节礼物 
老公很喜欢，哈哈哈,老公很喜欢 哈哈哈
挺不错的，个人喜欢，表盘挺多的，就是微信联系不起来。是个大天才。,挺不错的 个人喜欢 表盘挺多的 就是微信联系不起来。是个大天才。
物流慢了一天到，表很容易上手，外观漂亮，其他的以后再追评,物流慢了一天到 表很容易上手 外观漂亮 其他的以后再追评
666，高颜值的代表,#NUM# 高颜值的代表
基本上1%的电可以用一个小时，三天妥妥的,基本上#NUM# 的电可以用一个小时 三天妥妥的
手表用了一周多各方面都感觉很不错。,手表用了一周多各方面都感觉很不错。
还可以吧  618买的  很实惠了哟,还可以吧 #NUM#买的 很实惠了哟
三星的手表还是不错的,三星的手表还是不错的
简直了，爱不释手,简直了 爱不释手
很好用的。。。。。。,很好用的。
东西挺不错的，屏幕保真度高,东西挺不错的 屏幕保真度高
表带太笨了，表带还是苹果好用，功能转的很好，苹果Siri也很好，苹果时间多样化比较时用.....,表带太笨了 表带还是苹果好用 功能转的很好 苹果Siri也很好 苹果时间多样化比较时用。
特意用了几天来评价 总体来说很满意 听说安卓的功能更多 放在苹果上 软件二维码老提示我 无法下载软件 后来下载了一个gear s来用 里面应用的软件不多 微信都没有 表盘到挺多的 户外跑步用gps定位的 直线跑步计量数据很准 如果是跑圈就不太准了 听歌 同样的歌曲 同样的蓝牙耳机放在手机和手表上听 音质差好多 不过跑步听那一下下也ok了 有人说 表盘很大不适合女孩 本人女汉子就喜欢这大表盘 帅气极了 目前游泳还没试 买了两个表带 粉粉的 超好看&hellip;&hellip;,特意用了几天来评价 总体来说很满意 听说安卓的功能更多 放在苹果上 软件二维码老提示我 无法下载软件 后来下载了一个gear s来用 里面应用的软件不多 微信都没有 表盘到挺多的 户外跑步用gps定位的 直线跑步计量数据很准 如果是跑圈就不太准了 听歌 同样的歌曲 同样的蓝牙耳机放在手机和手表上听 音质差好多 不过跑步听那一下下也ok了 有人说 表盘很大不适合女孩 本人女汉子就喜欢这大表盘 帅气极了 目前游泳还没试 买了两个表带 粉粉的 超好看 hellip  hellip 
做工很精致，用段时间再来追评。,做工很精致 用段时间再来追评。
感觉不行   qq微信都不得行用,感觉不行 qq微信都不得行用
外部看着不错，感觉还可以，就是需要时间来验证。以后再说,外部看着不错 感觉还可以 就是需要时间来验证。以后再说
感觉不错，和三星手机搭配很完美！,感觉不错 和三星手机搭配很完美 
不错，还有很多功能没用到。,不错 还有很多功能没用到。
不错，很喜欢，,不错 很喜欢 
很棒，很喜欢。,很棒 很喜欢。
Gear s3非常好用，还带话筒和扬声器，非私密电话用收编接非常酷,Gear s#NUM#非常好用 还带话筒和扬声器 非私密电话用收编接非常酷
618活动减200元，看了半天，还是觉得黑色漂亮。s3还是非常不错的。尽管只有银色，看是显得大，但依然看起来很美。软件少了点，喜欢的高德地图没有，被腾讯以合作形式绑架了？呵呵。夏天到了，在网上买个家属表带银色应该不错。,#NUM#活动减#NUM#元 看了半天 还是觉得黑色漂亮。s#NUM#还是非常不错的。尽管只有银色 看是显得大 但依然看起来很美。软件少了点 喜欢的高德地图没有 被腾讯以合作形式绑架了 呵呵。夏天到了 在网上买个家属表带银色应该不错。
"用过一代，功能简单。二代没考虑，一代电池坏了，父亲节购入三代，算是给自己的礼物吧。选了这款经典造型的，另外一款更时尚，看个人喜好了。软件表盘很多，但想找到一个高仿的希望不大。手机是京东自营的s7e,连接顺利，ZFB，京东微连等都能用。送了个座充，不错，办公室一个，家里一个。",用过一代 功能简单。二代没考虑 一代电池坏了 父亲节购入三代 算是给自己的礼物吧。选了这款经典造型的 另外一款更时尚 看个人喜好了。软件表盘很多 但想找到一个高仿的希望不大。手机是京东自营的s#NUM#e 连接顺利 ZFB 京东微连等都能用。送了个座充 不错 办公室一个 家里一个。
不支持三星pay还是比较遗憾的，其他的还好，还比较不错的嗯，值得给好评,不支持三星pay还是比较遗憾的 其他的还好 还比较不错的嗯 值得给好评
手表带了一段时间后才来评价，优点和缺点都很明显，优点是手表很好看，反应速度也很快，待机时间尚可，送的无线充电器也很好用，与手机的互联后功能很多，缺点是离开手机就是一个计步工具和手表，可下载软件太少。,手表带了一段时间后才来评价 优点和缺点都很明显 优点是手表很好看 反应速度也很快 待机时间尚可 送的无线充电器也很好用 与手机的互联后功能很多 缺点是离开手机就是一个计步工具和手表 可下载软件太少。
正在琢磨中，了解手表的时候，唯一有个缺点手机有点发热?,正在琢磨中 了解手表的时候 唯一有个缺点手机有点发热 
好东西，挺好用的，界面漂亮！,好东西 挺好用的 界面漂亮 
总的来说还不错,总的来说还不错
不错，很喜欢，质量非常好,不错 很喜欢 质量非常好
本来显示第三天到货，结果隔天就送到了，快递大哥大爱。手表和预期的差不度，连的苹果手机，多数第三方应用下载不了。特别吐槽表带，很想爆粗口，又硬又厚，醉了&hellip;&hellip;暂用几天再来评价,本来显示第三天到货 结果隔天就送到了 快递大哥大爱。手表和预期的差不度 连的苹果手机 多数第三方应用下载不了。特别吐槽表带 很想爆粗口 又硬又厚 醉了 hellip  hellip 暂用几天再来评价
送货还是比较快捷的，可以。,送货还是比较快捷的 可以。
很好很优秀 赞,很好很优秀 赞
质量没的说，快递也非常给力！,质量没的说 快递也非常给力 
还是不错的，可以继续加油,还是不错的 可以继续加油
漂亮！比我戴的2要大了一点，功能多了，电池也耐用了,漂亮 比我戴的#NUM#要大了一点 功能多了 电池也耐用了
心仪已久，终于抢到了。电池用着还可以，感觉棒棒棒，装逼利器。,心仪已久 终于抢到了。电池用着还可以 感觉棒棒棒 装逼利器。
很好很不错，值得购买。,很好很不错 值得购买。
很喜欢，一直想买，618终于下定决心买了，就是有点小贵，微信回复不能用,很喜欢 一直想买 #NUM#终于下定决心买了 就是有点小贵 微信回复不能用
非常漂亮的手表  经典款有浓浓的商务风  适合职场佩戴  表带是皮质的  和s8是绝配,非常漂亮的手表 经典款有浓浓的商务风 适合职场佩戴 表带是皮质的 和s#NUM#是绝配
非常棒非常棒，虽然因为调货，时间晚了两天才到，不过价格便宜还是不错的！,非常棒非常棒 虽然因为调货 时间晚了两天才到 不过价格便宜还是不错的 
老爸很喜欢，手表不错！非常好目前！以后有啥问题再来评价,老爸很喜欢 手表不错 非常好目前 以后有啥问题再来评价
玩了几天还可以，转圈还是比较容易蹭花。有充电器不知为什么还要送一个，建议送表带。,玩了几天还可以 转圈还是比较容易蹭花。有充电器不知为什么还要送一个 建议送表带。
很好 但前提你必须是三星手机能完美支持  3 4天待机没问题   蜻蜓fm 百度地图 在连网的情况下可以使用,很好 但前提你必须是三星手机能完美支持 #NUM# #NUM#天待机没问题 蜻蜓fm 百度地图 在连网的情况下可以使用
棒棒哒！高端大气上档次,棒棒哒 高端大气上档次
外观比较美观，表带并不柔软不容易戴上和解掉。与三星手机配合不错，但是支付功能还是不行呀,外观比较美观 表带并不柔软不容易戴上和解掉。与三星手机配合不错 但是支付功能还是不行呀
更新后很难连接GPS了，你们的会吗？其他还好。.,更新后很难连接GPS了 你们的会吗 其他还好。 
促销时购买，性价比比较高。,促销时购买 性价比比较高。
还不错，功能也还可以，就是表带和手表不太配,还不错 功能也还可以 就是表带和手表不太配
从gear fit买到s3，其实都是好东西，无论手机还是手表，各种黑科技和高端配件模块，只是三星已经被妖魔化了，只剩卡慢热和抵制韩货的标签了。等到行货活动才下手，便宜三百，送了一个无线充。至少对我这种手机常年静音的人来说离不开了，坐等note8。另外华为和苹果的手机我也都在用，所以，随意吧&hellip;&hellip;,从gear fit买到s#NUM# 其实都是好东西 无论手机还是手表 各种黑科技和高端配件模块 只是三星已经被妖魔化了 只剩卡慢热和抵制韩货的标签了。等到行货活动才下手 便宜三百 送了一个无线充。至少对我这种手机常年静音的人来说离不开了 坐等note#NUM#。另外华为和苹果的手机我也都在用 所以 随意吧 hellip  hellip 
京东一如既往的好，下次还会光顾。永远支持你，值得信赖！产品没的说,京东一如既往的好 下次还会光顾。永远支持你 值得信赖 产品没的说
东西不错，挺好用的，看着很高大上，运动系列很喜欢，哈哈哈,东西不错 挺好用的 看着很高大上 运动系列很喜欢 哈哈哈
贵得很，带起耍,贵得很 带起耍
很给力！很酷炫哟！就是电池感觉有点不给力，一天充电一次o(╯□╰)o,很给力 很酷炫哟 就是电池感觉有点不给力 一天充电一次o     o
很棒 功能多，待机时间超长。时尚实用。,很棒 功能多 待机时间超长。时尚实用。
挺好的，就是有点重，然后不像华为的，不能插卡，也就是离开手机，他就只是个手表了，很多功能还是需要有待改进,挺好的 就是有点重 然后不像华为的 不能插卡 也就是离开手机 他就只是个手表了 很多功能还是需要有待改进
挺好的 不过和iPhone不大兼容,挺好的 不过和iPhone不大兼容
感觉经典版比先锋版更好看。功能还是挺丰富的，手机不在身边也可以第一时间获得消息,感觉经典版比先锋版更好看。功能还是挺丰富的 手机不在身边也可以第一时间获得消息
待机时间不长。软件很少，而且不能再手表上看微信之类的通知。可玩性没华为2多，流畅度比华为好一些。,待机时间不长。软件很少 而且不能再手表上看微信之类的通知。可玩性没华为#NUM#多 流畅度比华为好一些。
使用效果不错，颜值很高值得拥有,使用效果不错 颜值很高值得拥有
非常好用，电池耐用,非常好用 电池耐用
一直想买，终于赶上活动入手了，很喜欢，和我的S8+很配，该有的功能也都有了，可以随心换表盘，赞。,一直想买 终于赶上活动入手了 很喜欢 和我的S#NUM# 很配 该有的功能也都有了 可以随心换表盘 赞。
很喜欢！速度快！京东价格低，下次还来！,很喜欢 速度快 京东价格低 下次还来 
暂时可能没有，软件希望可以更新快一点。,暂时可能没有 软件希望可以更新快一点。
送给朋友的 配合s8＋使用 很酷 功能也很强大,送给朋友的 配合s#NUM# 使用 很酷 功能也很强大
非常不错的购物,非常不错的购物
帮一位朋友买的，很不错！,帮一位朋友买的 很不错 
不错，就是钢圈要注意，容易碰花，能不能下水没试过，据说可以,不错 就是钢圈要注意 容易碰花 能不能下水没试过 据说可以
东西不错，操作上么还是不算简便，可玩性不错,东西不错 操作上么还是不算简便 可玩性不错
太强大了，很喜欢。,太强大了 很喜欢。
没有心中想象的那么好。。有点小失望。。总体感觉还是很好的。但是表带真是坑人啊。。,没有心中想象的那么好。。有点小失望。。总体感觉还是很好的。但是表带真是坑人啊。。
手表不错，快递员特别准时  只是有一些功能还没整明白,手表不错 快递员特别准时 只是有一些功能还没整明白
用着还可以...,用着还可以。
功能强大研究中，比较适合男人戴！有防水功能不错！,功能强大研究中 比较适合男人戴 有防水功能不错 
很棒！表盘样式很多，还可以下载;功能齐备。,很棒 表盘样式很多 还可以下载 功能齐备。
虽然没货隔了几天才到，不过到手之后感觉还不错，挺好的！,虽然没货隔了几天才到 不过到手之后感觉还不错 挺好的 
给力，先锋版比经典版好看哟，转盘段落感很好！！！配合s8很给力！！！,给力 先锋版比经典版好看哟 转盘段落感很好！配合s#NUM#很给力！
功能很丰富，比原来饿的MOTO360好用太多,功能很丰富 比原来饿的MOTO#NUM#好用太多
好用，软件多。,好用 软件多。
总体感觉很好，电池比苹果的好。,总体感觉很好 电池比苹果的好。
市面上最强智能穿戴，功能强大，外观漂亮。,市面上最强智能穿戴 功能强大 外观漂亮。
手表很精致，软件太少，微信只能收不能发，腾讯完全不支持，产品有待开发,手表很精致 软件太少 微信只能收不能发 腾讯完全不支持 产品有待开发
第一次戴这种类型的表，感觉很好,第一次戴这种类型的表 感觉很好
和s8+完美搭配！,和s#NUM# 完美搭配 
不错 蛮好用的 充电也方便,不错 蛮好用的 充电也方便
挺好的  值得入手   就是价格有点小贵,挺好的 值得入手 就是价格有点小贵
很好的，续航时间与性能都能接受了，超方便,很好的 续航时间与性能都能接受了 超方便
表盘是有点大，女生还是选另外一款吧，电池是短板，其它比苹果表好,表盘是有点大 女生还是选另外一款吧 电池是短板 其它比苹果表好
比想象中还好,比想象中还好
很赞的手表，习惯圆形的，连接7P还不错。就是阿宝目前不能绑定唉,很赞的手表 习惯圆形的 连接#NUM#P还不错。就是阿宝目前不能绑定唉
很好，就是没有表带赠送,很好 就是没有表带赠送
这是给一个兵哥哥买的，她非常喜欢,这是给一个兵哥哥买的 她非常喜欢
之前纠结买运动款还是商务款，正装穿的比较多最后决定选择&ldquo;商务款&rdquo;。非三星手机安卓系统，配对完全没问题，需要下载相应的软件，电量两天没问题，表盘丰富可自行选择。总体好评！,之前纠结买运动款还是商务款 正装穿的比较多最后决定选择 ldquo 商务款 rdquo 。非三星手机安卓系统 配对完全没问题 需要下载相应的软件 电量两天没问题 表盘丰富可自行选择。总体好评 
漂亮，时尚，使用。,漂亮 时尚 使用。
赠的无线电器多余了,赠的无线电器多余了
满意商品满意服务,满意商品满意服务
挺好的，正品喔,挺好的 正品喔
东西真心不错，功能强大。推荐购买。,东西真心不错 功能强大。推荐购买。
智能表用了不下5块了，从最初的索尼蓝牙手表，到现在的s3，从普通的只能用来电提醒，到现在带有各种传感器和软件的手表，感叹科技发展之神速。用了差不多半个多月，匹配苹果机安卓机都用了个遍，匹配程度肯定是三星安卓机更好，苹果支持功能确实少了点，表的外形感觉比苹果表好看，特别旋转表圈很不错，软件反应也很快，基本没卡顿，相比之前用苹果表1代不知快了多少，应用程序支持确实不多，表盘样式多的基本上用一年不重复，希望手表能用二年不落伍，还价格更便宜些。,智能表用了不下#NUM#块了 从最初的索尼蓝牙手表 到现在的s#NUM# 从普通的只能用来电提醒 到现在带有各种传感器和软件的手表 感叹科技发展之神速。用了差不多半个多月 匹配苹果机安卓机都用了个遍 匹配程度肯定是三星安卓机更好 苹果支持功能确实少了点 表的外形感觉比苹果表好看 特别旋转表圈很不错 软件反应也很快 基本没卡顿 相比之前用苹果表#NUM#代不知快了多少 应用程序支持确实不多 表盘样式多的基本上用一年不重复 希望手表能用二年不落伍 还价格更便宜些。
东西不错 挺好的,东西不错 挺好的
非常棒，喜欢的朋友值得拥有。,非常棒 喜欢的朋友值得拥有。
不错，早上晨跑的时候很管用,不错 早上晨跑的时候很管用
非常满意！送货速度奇快！物品完整！,非常满意 送货速度奇快 物品完整 
产品是好东西，但是不知道金属是否精钢，怕过敏,产品是好东西 但是不知道金属是否精钢 怕过敏
之前一直在官网等经典版，因为手表嘛，还是轻一点比较好，先锋版重了十多克，所以有现货也不想要。突然昨天看到京东有抢券，满一千减两百，原价和官网一样的。果断就下单了，上午下单下午就到了，简直不要太快。表外观和普通的机械表无异，但是当我设置好之后，觉得真的很棒。通话，发短信，听音乐，计步，睡眠，提醒这样常用到的功能都具备了。还有表盘也很亮眼，旋转功能相当于手机音量键，但又不止只有调节音量的功能，亮度，切换都有。续航方面，刚开机86%的电量，打了两通电话，过了一晚，还有60%。我算是经常看时间的了，所以这样的使用，感觉还算是不错了。还有语音助手也是很智能的，可以帮我完成拨打电话这些功能。不过和siri一样，都是要网络支持的。其他的，手表表带比较厚，看上去就让人感觉很结实，另外还送了一条表发。就是有一点，为什么要多送一个无线充电器给我？嘿嘿，感觉有点浪费了，毕竟只有一个手表。整体来说，我觉得还是很值的。想想自己在车上或是比较挤的地方不好掏出手机看消息的时候，手表确实给了我一个便利，配上我的s8真的是得心应手。加油，期待有更好的产品，也祝京东越来越棒！,之前一直在官网等经典版 因为手表嘛 还是轻一点比较好 先锋版重了十多克 所以有现货也不想要。突然昨天看到京东有抢券 满一千减两百 原价和官网一样的。果断就下单了 上午下单下午就到了 简直不要太快。表外观和普通的机械表无异 但是当我设置好之后 觉得真的很棒。通话 发短信 听音乐 计步 睡眠 提醒这样常用到的功能都具备了。还有表盘也很亮眼 旋转功能相当于手机音量键 但又不止只有调节音量的功能 亮度 切换都有。续航方面 刚开机#NUM# 的电量 打了两通电话 过了一晚 还有#NUM# 。我算是经常看时间的了 所以这样的使用 感觉还算是不错了。还有语音助手也是很智能的 可以帮我完成拨打电话这些功能。不过和siri一样 都是要网络支持的。其他的 手表表带比较厚 看上去就让人感觉很结实 另外还送了一条表发。就是有一点 为什么要多送一个无线充电器给我 嘿嘿 感觉有点浪费了 毕竟只有一个手表。整体来说 我觉得还是很值的。想想自己在车上或是比较挤的地方不好掏出手机看消息的时候 手表确实给了我一个便利 配上我的s#NUM#真的是得心应手。加油 期待有更好的产品 也祝京东越来越棒 
没问题的，看说明书。,没问题的 看说明书。
高端大气上档次，感觉还好。尤其是表盘，了不得了。京东支持ing。,高端大气上档次 感觉还好。尤其是表盘 了不得了。京东支持ing。
实测待机时间出差五天回来还有11%的，更新软件后并没有掉电很快，只应用太少，期待以后更新,实测待机时间出差五天回来还有#NUM# 的 更新软件后并没有掉电很快 只应用太少 期待以后更新
很不错。表盘随便换。就是应用不多。更新很少。语音识别。比三星手机的好。订个闹铃什么的复杂话都能识别,很不错。表盘随便换。就是应用不多。更新很少。语音识别。比三星手机的好。订个闹铃什么的复杂话都能识别
完美就是苹果手机功能弱化了。,完美就是苹果手机功能弱化了。
比苹果的好用一点，反应快，操作简单，电量用两天没问题，不支持看微信图片和语音。打电话声音清晰，表带塑料感太强，整体偏大，不适合女生带。,比苹果的好用一点 反应快 操作简单 电量用两天没问题 不支持看微信图片和语音。打电话声音清晰 表带塑料感太强 整体偏大 不适合女生带。
物有所值！非常满意的一次购物！,物有所值 非常满意的一次购物 
女生的话，apple watch适合些。三星这款太大了，男生带合适。挺喜欢的，就是app有点少了。希望能支持更多的app。,女生的话 apple watch适合些。三星这款太大了 男生带合适。挺喜欢的 就是app有点少了。希望能支持更多的app。
有小周表带，配苹果能用，但总觉得............,有小周表带 配苹果能用 但总觉得。
手腕周16，带上感觉还好，当然，小点肯定更好看，但是，没有，第一天使用续航仅仅16个小时，把我吓尿了，不过现在正常了，24个小时大概25%的电，我没下载什么应用，集中精力在玩表盘&hellip;&hellip;好多好看想用的表盘。晒图的照片为啥这么模糊&hellip;&hellip;,手腕周#NUM# 带上感觉还好 当然 小点肯定更好看 但是 没有 第一天使用续航仅仅#NUM#个小时 把我吓尿了 不过现在正常了 #NUM#个小时大概#NUM# 的电 我没下载什么应用 集中精力在玩表盘 hellip  hellip 好多好看想用的表盘。晒图的照片为啥这么模糊 hellip  hellip 
成为京东商城钻石会员好多年了，只是相信京东商城自营产品的质量问题会很好的！这么多年没让我失望，基本满意！我会继续支持京东商城！,成为京东商城钻石会员好多年了 只是相信京东商城自营产品的质量问题会很好的 这么多年没让我失望 基本满意 我会继续支持京东商城 
价格略贵但是很好用，特别适合健身的时候戴。,价格略贵但是很好用 特别适合健身的时候戴。
挺好玩的，刚到手，和华为完美配合，包装好，,挺好玩的 刚到手 和华为完美配合 包装好 
很酷，功能比较实用，价格比苹果高，换了一个表带，原来表带太low了。,很酷 功能比较实用 价格比苹果高 换了一个表带 原来表带太low了。
很好，非常不错！,很好 非常不错 
手表不错 ，已用好多天  一天基本用百分之二十几的电量  可以带3-4天  还是不错的   可以连接苹果手机,手表不错  已用好多天 一天基本用百分之二十几的电量 可以带#NUM#-#NUM#天 还是不错的 可以连接苹果手机
漂亮帅哦！！！！！！,漂亮帅哦！
这表戴在手上十分有派，我十分喜欢！,这表戴在手上十分有派 我十分喜欢 
还不错，挺好看的，就是没有钢制表带吗？,还不错 挺好看的 就是没有钢制表带吗 
感觉比华为的好多了,感觉比华为的好多了
送人的，不过，说实话，盒子封着膜，膜下面居然有脏东西，我也是够了，没打开看里面，因为要送人嘛,送人的 不过 说实话 盒子封着膜 膜下面居然有脏东西 我也是够了 没打开看里面 因为要送人嘛
感觉还不错，就是厚重了一些，估计慢慢习惯会好。,感觉还不错 就是厚重了一些 估计慢慢习惯会好。
东西是挺好的，客服太差了。几天见不到人。,东西是挺好的 客服太差了。几天见不到人。
漂亮。真的很漂亮。,漂亮。真的很漂亮。
非常好的一款，比华为的好不少。换了表带。,非常好的一款 比华为的好不少。换了表带。
手表看着还可以 功能齐全  看看时间用 挺方便。不知道怎么没有发票,手表看着还可以 功能齐全 看看时间用 挺方便。不知道怎么没有发票
不容易，效果好,不容易 效果好
装逼挺不错的，一天换一个表盘和表带????,装逼挺不错的 一天换一个表盘和表带？
手表很帅气，带着也很舒适，表盘很酷！,手表很帅气 带着也很舒适 表盘很酷 
老铁属实没毛病，就是表带有点垃圾,老铁属实没毛病 就是表带有点垃圾
手表很 好用，感觉不错。使用很方便,手表很 好用 感觉不错。使用很方便
漂亮，酷毙了，爽爽,漂亮 酷毙了 爽爽
各方面都还不错，就是非三星手机用着不友好，小米手机没法用，价格买贵了！！,各方面都还不错 就是非三星手机用着不友好 小米手机没法用 价格买贵了！
十分好评！第二天早上装在一个大盒子来的，还有赠品无线座充，正好公司放一个，家里放一个。,十分好评 第二天早上装在一个大盒子来的 还有赠品无线座充 正好公司放一个 家里放一个。
优点：和iPhone连接也是很完美的，应用目前只有支付婊不支持ios绑定，S Voice语音助手暂时用不到，电话也能控制，各种手机应用通知都能收到，总之很喜欢的一个玩具。,优点 和iPhone连接也是很完美的 应用目前只有支付婊不支持ios绑定 S Voice语音助手暂时用不到 电话也能控制 各种手机应用通知都能收到 总之很喜欢的一个玩具。
缺点：表面玻璃留指纹太多了，准备再买个膜。还有，最重要的，一定自备一副表带，买个好点的戴着舒服的。,缺点 表面玻璃留指纹太多了 准备再买个膜。还有 最重要的 一定自备一副表带 买个好点的戴着舒服的。
目前，体验大概就是这样，喜欢就好。,目前 体验大概就是这样 喜欢就好。
手表带起来感觉还是很棒的，值这个价钱。不过默认表盘是有bug还是怎么回事，秒针不转。再有缺点就是系统不是Android，不过无所谓，反正Android程序也多不到哪里去。续航什么的再看看吧，充电的话大概一个半小时到两小时吧，说真的不算快。,手表带起来感觉还是很棒的 值这个价钱。不过默认表盘是有bug还是怎么回事 秒针不转。再有缺点就是系统不是Android 不过无所谓 反正Android程序也多不到哪里去。续航什么的再看看吧 充电的话大概一个半小时到两小时吧 说真的不算快。
还算不错吧，就是送的表带不太好，还要另外买表带,还算不错吧 就是送的表带不太好 还要另外买表带
整体感觉不错 刚拿到手还在体验 与S8+适配完美 。,整体感觉不错 刚拿到手还在体验 与S#NUM# 适配完美 。
2499露手的，还送一个原厂的充电器，非常不错,#NUM#露手的 还送一个原厂的充电器 非常不错
1、外观  该智能手表除厚度大（资料介绍有欺瞒行为，用游标卡尺实测厚度为13.7mm）外，没什么其它明显缺陷；2、功能  该表功能不是太多，尤其连接蓝牙手机不好使。即便配对成功也连接不上（刚连上半秒钟内闪退），不是一次而是几次都这样。一旦不能与手机连接，更多功能就用不上。早知道这样，还不如便宜一点买华为2代；3、电池续航能力不足 充满电后，只能维持一天时间；4、皮质表带太硬  原装的皮质表带真是一种脑残的设计，既硬又难取和戴。害得本人外花100大洋换钢带（现好太多了）。,#NUM#、外观 该智能手表除厚度大 资料介绍有欺瞒行为 用游标卡尺实测厚度为#NUM# #NUM#mm 外 没什么其它明显缺陷 #NUM#、功能 该表功能不是太多 尤其连接蓝牙手机不好使。即便配对成功也连接不上 刚连上半秒钟内闪退  不是一次而是几次都这样。一旦不能与手机连接 更多功能就用不上。早知道这样 还不如便宜一点买华为#NUM#代 #NUM#、电池续航能力不足 充满电后 只能维持一天时间 #NUM#、皮质表带太硬 原装的皮质表带真是一种脑残的设计 既硬又难取和戴。害得本人外花#NUM#大洋换钢带 现好太多了 。
不错不错，京东就是给力,不错不错 京东就是给力
买了一周多了，还在不断研究使用中。个人感觉比买单纯的运动手表要好一些。还能更兼顾到更智能的方面。吐槽的地方就是表带不怎么样,买了一周多了 还在不断研究使用中。个人感觉比买单纯的运动手表要好一些。还能更兼顾到更智能的方面。吐槽的地方就是表带不怎么样
比Apple watch好用，虽然app少，但电量很足,比Apple watch好用 虽然app少 但电量很足
戴起来很高大上，很满意。,戴起来很高大上 很满意。
头天晚上10.30下单，第二天一早11点不到就收到了，京东效率真的很赞?手表也很喜欢?,头天晚上#NUM# #NUM#下单 第二天一早#NUM#点不到就收到了 京东效率真的很赞 手表也很喜欢 
手表很漂亮，表盘也很多选择，功能也多，表带不好，硅胶的太难看，换了皮表带。微信无法语音回复，提示我连接蓝牙耳机，我用的还是三星蓝牙耳机，却又提示没有可连接设备。正常用，把GPS关了，三天绝对没有问题。打电话真方便，开车也不怕犯规了。测心率功能真好，还有一天各个时段显示，随时了解心情。,手表很漂亮 表盘也很多选择 功能也多 表带不好 硅胶的太难看 换了皮表带。微信无法语音回复 提示我连接蓝牙耳机 我用的还是三星蓝牙耳机 却又提示没有可连接设备。正常用 把GPS关了 三天绝对没有问题。打电话真方便 开车也不怕犯规了。测心率功能真好 还有一天各个时段显示 随时了解心情。
东西很好 就是三星的软件太少了 表很帅,东西很好 就是三星的软件太少了 表很帅
非常不错！  个人很喜欢！带测评,非常不错  个人很喜欢 带测评
有个无线冲了  应该送点其他的,有个无线冲了 应该送点其他的
618买的，确实挺实惠,#NUM#买的 确实挺实惠
手表不错，和三星手机很配，功能全 打电话超方便 运动监测准确，装b神器(＠_＠;)  缺点 ：电池待机3天左右,手表不错 和三星手机很配 功能全 打电话超方便 运动监测准确 装b神器      缺点  电池待机#NUM#天左右
很好很漂亮，操作也方便,很好很漂亮 操作也方便
赞，感觉很好。,赞 感觉很好。
挺好看的，刚到手惊艳感很强,挺好看的 刚到手惊艳感很强
非常漂亮！与三星S7 Edge完美搭配！,非常漂亮 与三星S#NUM# Edge完美搭配 
好用！好东西,好用 好东西
功能相对于手机来说并不多，但手表的功能应该算是最多的，可以zfb付款，可以收到手机能收到的几乎所有消息，表盘也是一大特色,功能相对于手机来说并不多 但手表的功能应该算是最多的 可以zfb付款 可以收到手机能收到的几乎所有消息 表盘也是一大特色
能收到微信消息，但是不能微信支付,能收到微信消息 但是不能微信支付
比较半天还是选了它,比较半天还是选了它
活动购买的，很给力！京东老客户了！,活动购买的 很给力 京东老客户了 
功能还行，就是价格有点偏高！可以接收微信文字消息，语音消息得蓝牙耳机才可以听,功能还行 就是价格有点偏高 可以接收微信文字消息 语音消息得蓝牙耳机才可以听
这次京东商城买的三星手表，太划算了 ，618物流太给力了，全五星！,这次京东商城买的三星手表 太划算了  #NUM#物流太给力了 全五星 
和iPhone 7p完美匹配！能接受消息打电话！非常好！,和iPhone #NUM#p完美匹配 能接受消息打电话 非常好 
非常漂亮，心痒很久了，终于还是剁手。。。,非常漂亮 心痒很久了 终于还是剁手。
功能强大。很好用,功能强大。很好用
质量真棒 信赖京东,质量真棒 信赖京东
产品不错，就是送的无线充电器有点多余，送点实用的钢化膜或是表带就好了,产品不错 就是送的无线充电器有点多余 送点实用的钢化膜或是表带就好了
很好很不错的宝贝，你值得拥有！,很好很不错的宝贝 你值得拥有 
好用，很有质感。,好用 很有质感。
不错。功能齐全，很好使用。,不错。功能齐全 很好使用。
越南制造的 感觉挺大的 橡胶表带夏天戴着不舒服,越南制造的 感觉挺大的 橡胶表带夏天戴着不舒服
挺漂亮的，不过有点沉。,挺漂亮的 不过有点沉。
正品目前运行状态良好,正品目前运行状态良好
好用，配三星很棒,好用 配三星很棒
到手感觉没有照片上的惊艳，表带感觉配不上手表，盒子里表带怎么送了一半，另一半没有，不知道是不是就这样的配置，盒子里有充电器，京东又送了一个！,到手感觉没有照片上的惊艳 表带感觉配不上手表 盒子里表带怎么送了一半 另一半没有 不知道是不是就这样的配置 盒子里有充电器 京东又送了一个 
骚气，原配是皮带，银色表盘，不枉等这么久，自己配了一条黑色的米兰表带，舒适实用，把双击HOME改成支付婊，装逼利器。,骚气 原配是皮带 银色表盘 不枉等这么久 自己配了一条黑色的米兰表带 舒适实用 把双击HOME改成支付婊 装逼利器。
整体还不错，就是有些没研究明白，有点耗电。表盘很美！,整体还不错 就是有些没研究明白 有点耗电。表盘很美 
可以，还算不错，物流很快,可以 还算不错 物流很快
不错，用了一天。。。。。。。,不错 用了一天。
送朋友的，很喜欢，如果用三星手机会有更完美的体现,送朋友的 很喜欢 如果用三星手机会有更完美的体现
用了一个星期才来评价，虽然没有我想象中的智能手表中的功能，不过各种健康数据的监控还是很到位了，外观大方，佩戴方便，正常佩戴电量可以使用2天,用了一个星期才来评价 虽然没有我想象中的智能手表中的功能 不过各种健康数据的监控还是很到位了 外观大方 佩戴方便 正常佩戴电量可以使用#NUM#天
挺好的！我喜欢！一分钱一分货！,挺好的 我喜欢 一分钱一分货 
很好，很酷，上午下单下午就到了,很好 很酷 上午下单下午就到了
手表其实还是很不错的，外观有三星一贯的风格，确实很适合我们使用，就是有点大，表带比较硬,手表其实还是很不错的 外观有三星一贯的风格 确实很适合我们使用 就是有点大 表带比较硬
功能很强大，外表也很大方,功能很强大 外表也很大方
东西还是不错的，相信三星,东西还是不错的 相信三星
挺好的，速度快，功能也多，就是唯一不足的地方是三星自带的表带太差了。,挺好的 速度快 功能也多 就是唯一不足的地方是三星自带的表带太差了。
东西超满意，一百分，京东,东西超满意 一百分 京东
买完就降价  才半个月不到,买完就降价 才半个月不到
全新原封，配合三星手机，很好用，期待国内早日开放三星pay功能,全新原封 配合三星手机 很好用 期待国内早日开放三星pay功能
没有出现所说的一天就没电的问题 我的所有提醒都开着 一天下来还有80多个电！,没有出现所说的一天就没电的问题 我的所有提醒都开着 一天下来还有#NUM#多个电 
不错的手表，京东快递很给力！,不错的手表 京东快递很给力 
一般把  和苹果能连,一般把 和苹果能连
手表很不错，质感，功能，速度，特别是表盘很好,手表很不错 质感 功能 速度 特别是表盘很好
手表是真的好看，比华为不知道高到哪里去啦,手表是真的好看 比华为不知道高到哪里去啦
手表很好用，是正品，很漂亮满意，一如既往的支持京东，买货就认准京东自营商品   服务热情   售后跟踪到位   专业、专注！！ 点赞??,手表很好用 是正品 很漂亮满意 一如既往的支持京东 买货就认准京东自营商品 服务热情 售后跟踪到位 专业、专注！ 点赞？
经典版比较商务，就是表带很硬。里面还附送一个短表带，适合手腕细的人。,经典版比较商务 就是表带很硬。里面还附送一个短表带 适合手腕细的人。
感觉很不错，就是目前支持软件有点少,感觉很不错 就是目前支持软件有点少
屏幕效果仍然是三星的强项，只是功能堪称简陋,屏幕效果仍然是三星的强项 只是功能堪称简陋
一般使用待机四天没问题，该有的功能都有,一般使用待机四天没问题 该有的功能都有
不错&hellip;&hellip;&hellip;&hellip;,不错 hellip  hellip  hellip  hellip 
cool！ 我电池最多能用4天半,cool  我电池最多能用#NUM#天半
功能都有  微信可以看但回复不了  也不会在手表上回复,功能都有 微信可以看但回复不了 也不会在手表上回复
提东西时候接电话挺方便的,提东西时候接电话挺方便的
超喜欢，等到618活动买的就是划算，搭配三星S7edge使用很方便,超喜欢 等到#NUM#活动买的就是划算 搭配三星S#NUM#edge使用很方便
颜值很高，更像一块普通的手表，功能不是特别多，与三蜂星手机配对比较简单，好像微信只能通知信息，总之还可以吧,颜值很高 更像一块普通的手表 功能不是特别多 与三蜂星手机配对比较简单 好像微信只能通知信息 总之还可以吧
漂亮，有质感，先好评，功能研究中。,漂亮 有质感 先好评 功能研究中。
送给朋友的，外观挺漂亮，男友带着很帅气，功能怎么样还待摸索，回头再来评价,送给朋友的 外观挺漂亮 男友带着很帅气 功能怎么样还待摸索 回头再来评价
充一次电用四天。,充一次电用四天。
本次很满意，速度很快，快递人员态度很好！,本次很满意 速度很快 快递人员态度很好 
手表很精美很喜欢,手表很精美很喜欢
昨晚下的单，今早就拿到了。真快，手表还不错，,昨晚下的单 今早就拿到了。真快 手表还不错 
挺好用的，微信可以用，就是没iwatch那么方便,挺好用的 微信可以用 就是没iwatch那么方便
东西还不错，挺好看的但是基本上没啥用吧，除了可以当个电子表，里面的背景时钟每一个好看或者看着有感觉的，索性还是用电子显示的数字时钟吧，毕竟是个电子表，装b用的就买吧，还不错,东西还不错 挺好看的但是基本上没啥用吧 除了可以当个电子表 里面的背景时钟每一个好看或者看着有感觉的 索性还是用电子显示的数字时钟吧 毕竟是个电子表 装b用的就买吧 还不错
老公最爱的一款,老公最爱的一款
比想象中厚，但是看起来不错。,比想象中厚 但是看起来不错。
正好跟s7一起用，昨天拿到手就试了试，感觉不错。更多功能待进一步摸索。,正好跟s#NUM#一起用 昨天拿到手就试了试 感觉不错。更多功能待进一步摸索。
"之前已有s2, s3出来还是让我心动。赶着活动忍不住又买了s3。刚到货，外观满意，性能正在体验中。",之前已有s#NUM#  s#NUM#出来还是让我心动。赶着活动忍不住又买了s#NUM#。刚到货 外观满意 性能正在体验中。
东西不错，就是不送货上门。,东西不错 就是不送货上门。
东西刚收到，正在充电中，充满电体验下，再来追加评论，外表颜值挺高的,东西刚收到 正在充电中 充满电体验下 再来追加评论 外表颜值挺高的
还不错，续航也还可以，就是gps不是很好用,还不错 续航也还可以 就是gps不是很好用
还不错吧。 早就想买三星这智能手表 这一次降价一百元 2699,还不错吧。 早就想买三星这智能手表 这一次降价一百元 #NUM#
一直都是没有货，这个产品吧，整体来说，真不是那么稳定，性价比，低了很多,一直都是没有货 这个产品吧 整体来说 真不是那么稳定 性价比 低了很多
充电1小时，装逼三天，我就666，送的慢了,充电#NUM#小时 装逼三天 我就#NUM# 送的慢了
手表很不错，很时尚，漂亮,手表很不错 很时尚 漂亮
外观比某果漂亮，价格偏高，2700块可以买块不错的机械表了！带了将5天！连接IP6，可以接打电话，收短信和微信但不能操作回复！性价比不高，比较惊艳的是表盘多，可以随时换！缺点，掉电厉害，功能少，APP少！转动的表圈比较松，要送掉的感觉！,外观比某果漂亮 价格偏高 #NUM#块可以买块不错的机械表了 带了将#NUM#天 连接IP#NUM# 可以接打电话 收短信和微信但不能操作回复 性价比不高 比较惊艳的是表盘多 可以随时换 缺点 掉电厉害 功能少 APP少 转动的表圈比较松 要送掉的感觉 
表盘有点大，对于我来说，细胳膊。其他都好，表带太硬，准备换表带,表盘有点大 对于我来说 细胳膊。其他都好 表带太硬 准备换表带
不能用微信是个遗憾，经典版比先锋版更好看。,不能用微信是个遗憾 经典版比先锋版更好看。
送货快了 是正品！！！！,送货快了 是正品！
用了一个多星期，感觉还不错，就是其他安卓不支持手表下载微信助手,用了一个多星期 感觉还不错 就是其他安卓不支持手表下载微信助手
非常喜欢，关注了很久才有货，刚刚看到就立马拍了下来，很好用，很好上手，就是京东什么都不送，不过还可以了。,非常喜欢 关注了很久才有货 刚刚看到就立马拍了下来 很好用 很好上手 就是京东什么都不送 不过还可以了。
先用用看了，妈的还要六个字,先用用看了 妈的还要六个字
使用很不错，与手机完美匹配,使用很不错 与手机完美匹配
白条买的，挺满意的，希望不要出现故障。,白条买的 挺满意的 希望不要出现故障。
用了几天感觉很好，但是锤子手机好像不支持，看大家都说三星支付，有了***，那个没多大用处吧,用了几天感觉很好 但是锤子手机好像不支持 看大家都说三星支付 有了    那个没多大用处吧
式样不错，使用不频繁一天下来还有90的电,式样不错 使用不频繁一天下来还有#NUM#的电
很帅气，就是应用少,很帅气 就是应用少
略厚不适应，操作相对于安卓比较复杂，三星自己的系统好处是跟三星手机完美适配，希望耐用度也跟广告宣传一样，会隔很久再来评价，表盘相对于其他厂牌丰富很多，应用没想到虽然是三星自己的智能系统，兼容的软件并不少。表很漂亮，很多人第一眼都没看出是智能表,略厚不适应 操作相对于安卓比较复杂 三星自己的系统好处是跟三星手机完美适配 希望耐用度也跟广告宣传一样 会隔很久再来评价 表盘相对于其他厂牌丰富很多 应用没想到虽然是三星自己的智能系统 兼容的软件并不少。表很漂亮 很多人第一眼都没看出是智能表
不错的手表。功能、续航时间都符合预期的计划。。,不错的手表。功能、续航时间都符合预期的计划。。
习惯性好评！,习惯性好评 
京东很好，快递员也非常棒！618很实惠,京东很好 快递员也非常棒 #NUM#很实惠
很强大和S8绝配。很喜欢选对了。物流快服务佳。,很强大和S#NUM#绝配。很喜欢选对了。物流快服务佳。
刚收到，很喜欢！！！后续使用会继续评价哒！,刚收到 很喜欢！后续使用会继续评价哒 
东西不错，超值，值得推荐！,东西不错 超值 值得推荐 
很不错的手表，功能很多。,很不错的手表 功能很多。
物品可以！快递速度快！,物品可以 快递速度快 
还可以，用用看,还可以 用用看
"做工精美，操作简便,就玩具一个。",做工精美 操作简便 就玩具一个。
不错，就是略微厚点。不过相同类型的，都不薄。还是不错的，期待厂家继续优化应用，让其丰富起来,不错 就是略微厚点。不过相同类型的 都不薄。还是不错的 期待厂家继续优化应用 让其丰富起来
手机做工精良！绝对不输给苹果手表！,手机做工精良 绝对不输给苹果手表 
配合三星手机   简直完美   希望尽快适配三星pay,配合三星手机 简直完美 希望尽快适配三星pay
不错，挺喜欢，就是容易划伤，一血已掉。,不错 挺喜欢 就是容易划伤 一血已掉。
高端大气上档次，特别喜欢,高端大气上档次 特别喜欢
非常好用，比果强大。,非常好用 比果强大。
不错，续航不错,不错 续航不错
表很好，很帅气，功能多样，质量很好，京东服务没得说，这个是换新的。,表很好 很帅气 功能多样 质量很好 京东服务没得说 这个是换新的。
没预想的好，但是足够用了,没预想的好 但是足够用了
手表不错，一直没出问题。,手表不错 一直没出问题。
不错哦待机可以，3-4天,不错哦待机可以 #NUM#-#NUM#天
手表大气，功能齐全，和s8链接正常,手表大气 功能齐全 和s#NUM#链接正常
很好用，佩戴方便。,很好用 佩戴方便。
刚拿到手，手表还是漂亮的，功能还在熟悉中。目前发现百度定位地图比较慢（有时还会自动退出），可下载的软件和模板不多，其他待发现。,刚拿到手 手表还是漂亮的 功能还在熟悉中。目前发现百度定位地图比较慢 有时还会自动退出  可下载的软件和模板不多 其他待发现。
功能并没有想像中那么完美,功能并没有想像中那么完美
希望尽快推出刷卡功能，公共交通和电子支付,希望尽快推出刷卡功能 公共交通和电子支付
强烈推荐！重量合适，,强烈推荐 重量合适 
和苹果有些不匹配,和苹果有些不匹配
OK  好用   就是大了点,OK 好用 就是大了点
漂亮，颜值高，可惜NFC不能用，盼三星早点升级系统。,漂亮 颜值高 可惜NFC不能用 盼三星早点升级系统。
挺好用的，待机比华为的好，质量也好,挺好用的 待机比华为的好 质量也好
挺好的，续航也相当给力！！！！,挺好的 续航也相当给力！
其实我是为了等s8才买手表的，续航还是感觉差那么一点点,其实我是为了等s#NUM#才买手表的 续航还是感觉差那么一点点
慢慢摸索着用吧，似乎能装的程序不是很多,慢慢摸索着用吧 似乎能装的程序不是很多
好东西好东西,好东西好东西
外观和设计比S2好了很多，表盘大小也更适合男士，质量不错！,外观和设计比S#NUM#好了很多 表盘大小也更适合男士 质量不错 
又帮朋友买的！希望他觉得好用！,又帮朋友买的 希望他觉得好用 
没有想象中的好！和手机联接经常断！,没有想象中的好 和手机联接经常断 
不错，很白用,不错 很白用
还不错。充电街头还是老式的，不是typec。,还不错。充电街头还是老式的 不是typec。
三星s5完美连接。大气美观，应用虽少，但一块表也不指望让它什么都做。续航不错，新充一次，用一白天，减少30%，一般用用，没有一直玩。,三星s#NUM#完美连接。大气美观 应用虽少 但一块表也不指望让它什么都做。续航不错 新充一次 用一白天 减少#NUM#  一般用用 没有一直玩。
东西很快就收到了，没有什么问题，下次再来吧。,东西很快就收到了 没有什么问题 下次再来吧。
相当的可以，非常有分量，适合男人,相当的可以 非常有分量 适合男人
很快，很好，比2适合男的戴,很快 很好 比#NUM#适合男的戴
等了两天才收到货，盒子气味有点大，刚连上手机，功能还在研究中。,等了两天才收到货 盒子气味有点大 刚连上手机 功能还在研究中。
我用了20天左右，感觉还不错，我的华为连接没问题，待机时间三天。,我用了#NUM#天左右 感觉还不错 我的华为连接没问题 待机时间三天。
弄了半天才弄明白，不错，挺强大的，好有些功能没弄明白，在研究研究,弄了半天才弄明白 不错 挺强大的 好有些功能没弄明白 在研究研究
手表挺漂亮的，软件太坑了，软件如果还不优化，这样的体验，对不起这样的价格,手表挺漂亮的 软件太坑了 软件如果还不优化 这样的体验 对不起这样的价格
刚开始用！过段时间再看,刚开始用 过段时间再看
手感还不错，智能感应比较灵敏，就是电量还需提高,手感还不错 智能感应比较灵敏 就是电量还需提高
还可以，续航比苹果表好多了。,还可以 续航比苹果表好多了。
还行！还行！还行还行还行还行还行还行还行还行还行还行还行还行还行还行还行还行还行还行还行还行还行还行还行还行还行还行还行还行还行还行还行还行还行还行还行还行还行还行还行还行还行还行还行还行！,还行 还行 还行还行还行还行还行还行还行还行还行还行还行还行还行还行还行还行还行还行还行还行还行还行还行还行还行还行还行还行还行还行还行还行还行还行还行还行还行还行还行还行还行还行还行还行 
还不错吧！京东送货飞快！,还不错吧 京东送货飞快 
三星的黑科技性能绝对没得说，比较遗憾的是目前适配苹果手机时无法使用某付款软件！,三星的黑科技性能绝对没得说 比较遗憾的是目前适配苹果手机时无法使用某付款软件 
试玩了一把，还是很好的，表盘很多，内存太小。,试玩了一把 还是很好的 表盘很多 内存太小。
以前用moto360二代，配三星还得三星手表，功能强大很多。,以前用moto#NUM#二代 配三星还得三星手表 功能强大很多。
非常有逼格的智能手表，各项功能使用非常满意。续航也很不错，使用三天应该没有什么太大问题。更新的固件。对ios系统支持更好。当然使用三星的旗舰机，s6以上的体验效果会更好。,非常有逼格的智能手表 各项功能使用非常满意。续航也很不错 使用三天应该没有什么太大问题。更新的固件。对ios系统支持更好。当然使用三星的旗舰机 s#NUM#以上的体验效果会更好。
还可以。外观好看，功能齐全。用券便宜很多啊。,还可以。外观好看 功能齐全。用券便宜很多啊。
不错，研究了好久才连上iOS，表盘挺多，不过系统占用内存很大,不错 研究了好久才连上iOS 表盘挺多 不过系统占用内存很大
感觉不错，续航可以哦，哈哈，希望用的久一点，嘻嘻。,感觉不错 续航可以哦 哈哈 希望用的久一点 嘻嘻。
电池给力，微信不是很好用。,电池给力 微信不是很好用。
手表真不错。大表盘。。。。比applewatch好看多了。,手表真不错。大表盘。比applewatch好看多了。
真是高大上的一款运动表！老公非常喜欢！,真是高大上的一款运动表 老公非常喜欢 
直接把东西丢在了前台，都没通知。还是前台看到东西后给我的。还好打开没有破损，不然就说不清了。,直接把东西丢在了前台 都没通知。还是前台看到东西后给我的。还好打开没有破损 不然就说不清了。
手表正在使用中，过几天再来追评。,手表正在使用中 过几天再来追评。
还不错哦  很激动的开箱！,还不错哦 很激动的开箱 
功能很全，好用！装逼利器。。希望Samsung pay能早点到来。。,功能很全 好用 装逼利器。。希望Samsung pay能早点到来。。
内存过小，其他还好。,内存过小 其他还好。
大品牌，性价比高，性能优越，质量不错，为生活带来了很大便利，挺不错的产品，很好。,大品牌 性价比高 性能优越 质量不错 为生活带来了很大便利 挺不错的产品 很好。
高端大气上档次，不错的手表。,高端大气上档次 不错的手表。
好卖家！质量好！服务好！发货快！,好卖家 质量好 服务好 发货快 
好用   希望加入电子书功能,好用 希望加入电子书功能
东西很好，很满意,东西很好 很满意
好评，很有科技感，之前因为续航问题不敢买，现在基本可以带4天充一次电,好评 很有科技感 之前因为续航问题不敢买 现在基本可以带#NUM#天充一次电
带起来超帅气，功能很全，就是待机时间有点短，物流很快，第二天到货,带起来超帅气 功能很全 就是待机时间有点短 物流很快 第二天到货
不支持拍照，配置和系统都比之前买的gear s2好很多，做工真心好，三星值得信赖，可惜另一款没货，那个更漂亮,不支持拍照 配置和系统都比之前买的gear s#NUM#好很多 做工真心好 三星值得信赖 可惜另一款没货 那个更漂亮
非常漂亮，比上一代智能手表改进很多，值得拥有。,非常漂亮 比上一代智能手表改进很多 值得拥有。
货到样子还不错，其他有待进一步研究&hellip;过两天追评,货到样子还不错 其他有待进一步研究 hellip 过两天追评
第一次买智能穿戴设备，主要看中了可以换表盘和运动的方面，用几天再来谈感受,第一次买智能穿戴设备 主要看中了可以换表盘和运动的方面 用几天再来谈感受
感觉很好，唯一遗憾没有微信支付,感觉很好 唯一遗憾没有微信支付
送人的，应该不错,送人的 应该不错
好看，大手也合适,好看 大手也合适
说好的智能手表呢，为什么没有了,说好的智能手表呢 为什么没有了
用起来不错，若不用的话，2，3天一充还是可以的，不过好看的表盘还是要钱的,用起来不错 若不用的话 #NUM# #NUM#天一充还是可以的 不过好看的表盘还是要钱的
物流太快了，包装也还好，就是才一天就掉价了，我也是中了魔咒似得，其它还在用,物流太快了 包装也还好 就是才一天就掉价了 我也是中了魔咒似得 其它还在用
东西好，包装好，物流快,东西好 包装好 物流快
还不错，可以！,还不错 可以 
还可以吧用着就这样,还可以吧用着就这样
表收到了速度很快东西也很满意。有一点不明白送的礼物一个也没有,表收到了速度很快东西也很满意。有一点不明白送的礼物一个也没有
充一次点可以带三天，挺省电的。平时除一些运动功能好用外，也很方便，特别是钓鱼时不方便拿手机接电话，直接就可以接了，也不用担心手机会掉河里。,充一次点可以带三天 挺省电的。平时除一些运动功能好用外 也很方便 特别是钓鱼时不方便拿手机接电话 直接就可以接了 也不用担心手机会掉河里。
手表外观不错，显示清晰，接替了拓野3作为日常佩戴的表，但是续航不行，心率测得的数据和心率带比有出入，所以长时间的运动和活动还是会挂着拓野3记录GPS航迹。,手表外观不错 显示清晰 接替了拓野#NUM#作为日常佩戴的表 但是续航不行 心率测得的数据和心率带比有出入 所以长时间的运动和活动还是会挂着拓野#NUM#记录GPS航迹。
好多功能还没使用，还可以吧,好多功能还没使用 还可以吧
刚收到货，还在充电，等用过之后再来评论吧。,刚收到货 还在充电 等用过之后再来评论吧。
说实话，很少带手表，三星做工没的说，带着很舒服，因人而异吧，功能正在研究。好评！,说实话 很少带手表 三星做工没的说 带着很舒服 因人而异吧 功能正在研究。好评 
总体来说还不错，就是快递包裹太简单，简单的伤心！,总体来说还不错 就是快递包裹太简单 简单的伤心 
很方便很好用，而且还防水防尘很棒。,很方便很好用 而且还防水防尘很棒。
非常好的一款手表,非常好的一款手表
国行，略有降价就出手了，比s2声音大，但是微信却少了语音回复不知道怎么回事。难道是国行的原因吗？其他一切好，支持宝。,国行 略有降价就出手了 比s#NUM#声音大 但是微信却少了语音回复不知道怎么回事。难道是国行的原因吗 其他一切好 支持宝。
缺点：睡眠监控有问题。有点重，有点大，表带太垃圾。待机三四天。其他完美。,缺点 睡眠监控有问题。有点重 有点大 表带太垃圾。待机三四天。其他完美。
三星品质，京东服务，都是最好的，很满意。目前一个缺点，蓝牙连接不稳定。,三星品质 京东服务 都是最好的 很满意。目前一个缺点 蓝牙连接不稳定。
用了半年，不错，,用了半年 不错 
接电话就是免提，样子挺酷，没想象的那么实用，有待提高。表带不舒服，把我手都带红了，一个多星期才好。,接电话就是免提 样子挺酷 没想象的那么实用 有待提高。表带不舒服 把我手都带红了 一个多星期才好。
哈哈可以的！,哈哈可以的 
高科技的东西处处贴心，虽然贵了点，但还是很有用的,高科技的东西处处贴心 虽然贵了点 但还是很有用的
使用时间能到3天以上，表盘清晰，种类比较多。宝宝可以用，但公交卡还不行。能测量睡眠，还挺准的。步数能够分辨健走和普通。准不准没比较，就算了。通话安静的地方比较清晰，不用抬着胳膊，挺累的。表盘转动不太习惯，估计如果手湿或比较脏时用还可以。跟我的Bose蓝牙耳机连不上，不知道什么原因。总体来说不错。,使用时间能到#NUM#天以上 表盘清晰 种类比较多。宝宝可以用 但公交卡还不行。能测量睡眠 还挺准的。步数能够分辨健走和普通。准不准没比较 就算了。通话安静的地方比较清晰 不用抬着胳膊 挺累的。表盘转动不太习惯 估计如果手湿或比较脏时用还可以。跟我的Bose蓝牙耳机连不上 不知道什么原因。总体来说不错。
包装很好，手表也很实用，没试过微信能不能发,包装很好 手表也很实用 没试过微信能不能发
发货速度很快，第一次用京东还是很满意。,发货速度很快 第一次用京东还是很满意。
已经用了几天才过来评价，感觉很好，用程序很多，直接把手机不用那么频繁的拿手机了，直接看手表就可以解决问题,已经用了几天才过来评价 感觉很好 用程序很多 直接把手机不用那么频繁的拿手机了 直接看手表就可以解决问题
手表收到货佩戴了几天了，续航能力比预计要好，手表功能很多，还在慢慢研究中。不足之处是手表太重了，厚度也太厚了些，一开始佩戴有些不习惯,手表收到货佩戴了几天了 续航能力比预计要好 手表功能很多 还在慢慢研究中。不足之处是手表太重了 厚度也太厚了些 一开始佩戴有些不习惯
东西不错，待机时间惊喜。快递很快，东西很好。,东西不错 待机时间惊喜。快递很快 东西很好。
相当不错，宝宝很喜欢，赞,相当不错 宝宝很喜欢 赞
很好用！支持的！！,很好用 支持的！
颜值高 轻度使用三天没问题,颜值高 轻度使用三天没问题
东西收到了，正在研究,东西收到了 正在研究
效果不错，功能方便，实时测心率功能不错，和三星手机搭配更好。,效果不错 功能方便 实时测心率功能不错 和三星手机搭配更好。
感觉电量不能支持网上说的三天，其他还好,感觉电量不能支持网上说的三天 其他还好
观望了很久，然后还是下手了，功能还是太少。微信不能推送，总体感觉华而不实,观望了很久 然后还是下手了 功能还是太少。微信不能推送 总体感觉华而不实
不错啊，非常帅，功能齐全，待机时间长，送货速度也很快,不错啊 非常帅 功能齐全 待机时间长 送货速度也很快
防水是没有问题的，游泳最好不要戴着,防水是没有问题的 游泳最好不要戴着
手表不错，很漂亮。有点不习惯带橡胶表带，戴久了皮肤有点痒,手表不错 很漂亮。有点不习惯带橡胶表带 戴久了皮肤有点痒
换了s8，苹果婊用不了了，只能换上s3了，实际使用下来不比苹果差，续航可以3天左右，比苹果强多了，运动提醒也比苹果做得好，就是表盘略厚，从苹果换过来有点不习惯，还有表盘样式略显山寨，不精致,换了s#NUM# 苹果婊用不了了 只能换上s#NUM#了 实际使用下来不比苹果差 续航可以#NUM#天左右 比苹果强多了 运动提醒也比苹果做得好 就是表盘略厚 从苹果换过来有点不习惯 还有表盘样式略显山寨 不精致
好，功能很多，和note5 搭配，完美了,好 功能很多 和note#NUM# 搭配 完美了
手表挺好的，孩子喜欢。,手表挺好的 孩子喜欢。
挺好的，到续航不给力,挺好的 到续航不给力
关注好久终于入手，没有失望，超喜欢！,关注好久终于入手 没有失望 超喜欢 
真的是大好多~~~~,真的是大好多   
待机时间可以用两天，测量数据心跳，天气，挺准的，很喜欢,待机时间可以用两天 测量数据心跳 天气 挺准的 很喜欢
挺好的，高大上,挺好的 高大上
用了一个星期，感觉不错，我的手机是苹果的不能看微信，还有天气预报不能自动刷新，每次都要连手机刷新，比较麻烦,用了一个星期 感觉不错 我的手机是苹果的不能看微信 还有天气预报不能自动刷新 每次都要连手机刷新 比较麻烦
Samsung pay不能用啊。,Samsung pay不能用啊。
宝贝很好，样子也很好看，与三星手机最配。,宝贝很好 样子也很好看 与三星手机最配。
电量给力，表盘很多，很漂亮,电量给力 表盘很多 很漂亮
手表不错，外形很酷，软件也丰富的很,手表不错 外形很酷 软件也丰富的很
我这个是越南制造的没问题吧  表带是深蓝色不是黑的，有卖钢带的嘛，盒子有点扁了先用两天试试看,我这个是越南制造的没问题吧 表带是深蓝色不是黑的 有卖钢带的嘛 盒子有点扁了先用两天试试看
很实用，表盘很多可以随心换。,很实用 表盘很多可以随心换。
手表正常使用 两天没问题。功能强大 样子好看,手表正常使用 两天没问题。功能强大 样子好看
一直用iWatch，这次买了个s8，心想换一个表玩儿玩儿。比iWatch好看，不过基本没回头率，大家认知度太低。功能方面，常用的基本都能满足，总体来说还不错吧，也算是冲动消费，仔细想想花3000能买个不错的卡西欧了,一直用iWatch 这次买了个s#NUM# 心想换一个表玩儿玩儿。比iWatch好看 不过基本没回头率 大家认知度太低。功能方面 常用的基本都能满足 总体来说还不错吧 也算是冲动消费 仔细想想花#NUM#能买个不错的卡西欧了
速度很快很方便,速度很快很方便
不错，帮朋友买的，朋友想买这个很久了,不错 帮朋友买的 朋友想买这个很久了
送货速度快，态度好超赞！,送货速度快 态度好超赞 
手表收到了，差s8+了,手表收到了 差s#NUM# 了
给孩子买的&hellip;&hellip;&hellip;&hellip;&hellip;&hellip;&hellip;&hellip;&hellip;&hellip;&hellip;&hellip;&hellip;,给孩子买的 hellip  hellip  hellip  hellip  hellip  hellip  hellip  hellip  hellip  hellip  hellip  hellip  hellip 
很耐电 好看 有时候要断蓝牙,很耐电 好看 有时候要断蓝牙
的确不错，特别是物流，快,的确不错 特别是物流 快
还是可以的。,还是可以的。
第二次买了，很帅！,第二次买了 很帅 
跟自己想的也差不多，就是表带有点不太好，特别容易沾脏东西，还是换个其他表带比较好,跟自己想的也差不多 就是表带有点不太好 特别容易沾脏东西 还是换个其他表带比较好
续航方面，心率检测和表盘常亮打开，基本两天左右。还不错,续航方面 心率检测和表盘常亮打开 基本两天左右。还不错
反正带着装逼用，同时不失一定的实用性。,反正带着装逼用 同时不失一定的实用性。
很好用，太大气。非常好绝对是正品,很好用 太大气。非常好绝对是正品
很不错，机器手感好，就是软件少点，和苹果链接，有失联现象,很不错 机器手感好 就是软件少点 和苹果链接 有失联现象
还没用。帮公司采购的。京东买东西非常的方便，品种也很全，这款手表在线下跑了很多店都需要调货，京东的价格也更实惠。就是发票，要是能够跟货一起就好了。。,还没用。帮公司采购的。京东买东西非常的方便 品种也很全 这款手表在线下跑了很多店都需要调货 京东的价格也更实惠。就是发票 要是能够跟货一起就好了。。
颜值没的说。表盘是购买的唯一理由。其他应用无所谓了。,颜值没的说。表盘是购买的唯一理由。其他应用无所谓了。
有点厚了，其它的还好，试用一下吧,有点厚了 其它的还好 试用一下吧
买个几千块的机械表都不入流，还不如这个换界面玩，还能检测下运动数据,买个几千块的机械表都不入流 还不如这个换界面玩 还能检测下运动数据
快递很快，上午拍的下午就到了。手表也很酷，还没怎么用，以后再来追评。。,快递很快 上午拍的下午就到了。手表也很酷 还没怎么用 以后再来追评。。
"买了3个月了，手表颜值高，续航也满意，一般4天充次电，只是微信回复时好时坏，***扫码付款真的很方便，看到很多人期待三星pay,个人觉得pay没啥用，***比pay方便多了。希望后期三星能多开发点应用。最后吐槽下京东快递包装也太省了，直接就套个京东袋子，好歹也装个箱啊，毕竟也是2000多的贵重物品了。",买了#NUM#个月了 手表颜值高 续航也满意 一般#NUM#天充次电 只是微信回复时好时坏    扫码付款真的很方便 看到很多人期待三星pay 个人觉得pay没啥用    比pay方便多了。希望后期三星能多开发点应用。最后吐槽下京东快递包装也太省了 直接就套个京东袋子 好歹也装个箱啊 毕竟也是#NUM#多的贵重物品了。
昨天收到，感觉不错功能也可以。等待时间的验证,昨天收到 感觉不错功能也可以。等待时间的验证
三星手表帅的,三星手表帅的
非常非常不错,非常非常不错
可以，都是不能很好的和IOS系统兼容,可以 都是不能很好的和IOS系统兼容
炫酷没得说,炫酷没得说
功能性不是很强，真的只是手表,功能性不是很强 真的只是手表
快递速度超快，不耽误送客户，满意,快递速度超快 不耽误送客户 满意
商品不错，物美价廉。,商品不错 物美价廉。
第一个智能手表，纯粹是为了图个新鲜，用不了4G是硬伤，很多应用都离不开手机了，希望以后国内支持esim的时候还能写号，现在连查看消息的功能都还不完整，图片显示不出来的，功能太少，就只能剩检测运动和睡眠还可以了。,第一个智能手表 纯粹是为了图个新鲜 用不了#NUM#G是硬伤 很多应用都离不开手机了 希望以后国内支持esim的时候还能写号 现在连查看消息的功能都还不完整 图片显示不出来的 功能太少 就只能剩检测运动和睡眠还可以了。
表的外观挺好看，拿着也有质感，骑自行车能看导航了，免得带蓝牙耳机听导航，总之尝个鲜还是很有意思的。,表的外观挺好看 拿着也有质感 骑自行车能看导航了 免得带蓝牙耳机听导航 总之尝个鲜还是很有意思的。
实用不错 可以,实用不错 可以
还可以，就是电池不耐用，充满电一天就剩下15%了,还可以 就是电池不耐用 充满电一天就剩下#NUM# 了
很霸气，开始试戴中，研究中。。。。。,很霸气 开始试戴中 研究中。
啥都不说了就是爽~,啥都不说了就是爽 
非常好用 喜欢换表面玩儿,非常好用 喜欢换表面玩儿
用了很长时间，不错的物件,用了很长时间 不错的物件
东西还可以，很漂亮,东西还可以 很漂亮
还行吧，目前还没发现问题,还行吧 目前还没发现问题
手表很完美，喜欢随意换表盘。物流也很快 正在使用中，后续有问题会追加评价,手表很完美 喜欢随意换表盘。物流也很快 正在使用中 后续有问题会追加评价
没有发现刷公交卡功能有点失望，其他的都还好,没有发现刷公交卡功能有点失望 其他的都还好
还行吧，就是价格有点贵,还行吧 就是价格有点贵
质量不错，就是小贵。,质量不错 就是小贵。
是正品，感觉不错,是正品 感觉不错
喜欢，不错，就是怎么老是显示wifi连接上！！,喜欢 不错 就是怎么老是显示wifi连接上！
非常不错，比较实用。,非常不错 比较实用。
手表很帅。功能很全。转动表冠很创新,手表很帅。功能很全。转动表冠很创新
非常好，跟期望的一样，不错不错,非常好 跟期望的一样 不错不错
玩了2小时基本会用了，我在华为和这个之间纠结过，希望出个4G的。还不错，比apple watch 好看,玩了#NUM#小时基本会用了 我在华为和这个之间纠结过 希望出个#NUM#G的。还不错 比apple watch 好看
手表很好，就是转盘过于松懈很容易误碰，如果增加一点阻尼相对会好很多。,手表很好 就是转盘过于松懈很容易误碰 如果增加一点阻尼相对会好很多。
还不错，挺好的,还不错 挺好的
不错哟~续航4天没问题妥妥的,不错哟 续航#NUM#天没问题妥妥的
至今为止最好用的智能手表没有之一。不论外表还是内在。只是软件跟苹果比少的可怜。但是表盘多啊。多到一年一天一个不重样。智能手表要的就是科技就是炫。,至今为止最好用的智能手表没有之一。不论外表还是内在。只是软件跟苹果比少的可怜。但是表盘多啊。多到一年一天一个不重样。智能手表要的就是科技就是炫。
很漂亮，非常喜欢！,很漂亮 非常喜欢 
挺好的 是正品 分期买的 免利息  很赞 支持京东,挺好的 是正品 分期买的 免利息 很赞 支持京东
用着很好，也很时尚,用着很好 也很时尚
目前来说很好用 屏幕也不错 后来才发现屏幕居然比佳明旗舰的都好 我本来只想测心率随便买的 总之用起来很好 没有违和感 也挑不出什么毛病,目前来说很好用 屏幕也不错 后来才发现屏幕居然比佳明旗舰的都好 我本来只想测心率随便买的 总之用起来很好 没有违和感 也挑不出什么毛病
还不错 但是跑步时感觉心率检测不太准,还不错 但是跑步时感觉心率检测不太准
很酷很炫，很给力，唯一不满意就是实用软件少了点。,很酷很炫 很给力 唯一不满意就是实用软件少了点。
说一下，京东的送货速度真快，用了一周才评价，手表感觉还是不错，比苹果的电池耐用，但是我是陪苹果手机用，就感觉配合度，体验感差了些！整天说电子消费品没有100分的！,说一下 京东的送货速度真快 用了一周才评价 手表感觉还是不错 比苹果的电池耐用 但是我是陪苹果手机用 就感觉配合度 体验感差了些 整天说电子消费品没有#NUM#分的 
给力，可以好好的装一下了，不过只有一条表带有点不太爽,给力 可以好好的装一下了 不过只有一条表带有点不太爽
还不错吧，帅气大方，就是抬腕显示不是很灵。耗电快。功能少，但是还是很喜欢。千金难买我欣喜。,还不错吧 帅气大方 就是抬腕显示不是很灵。耗电快。功能少 但是还是很喜欢。千金难买我欣喜。
用了三四天了 总体来说还不错 电池没我想的那么差 大概两三天吧 我平时不怎么玩它就只是连接手机 wifi 关闭了心率监测 没开常亮,用了三四天了 总体来说还不错 电池没我想的那么差 大概两三天吧 我平时不怎么玩它就只是连接手机 wifi 关闭了心率监测 没开常亮
相比s2来说，升级不是特别大，对一般人来讲，就是多了个扬声器。外形更大更阳刚了，不过还不至于让我换表啊，早知就未必会买了。,相比s#NUM#来说 升级不是特别大 对一般人来讲 就是多了个扬声器。外形更大更阳刚了 不过还不至于让我换表啊 早知就未必会买了。
快递真的快，三星手机还没到手表先到了。功能待手机到了才能体验了,快递真的快 三星手机还没到手表先到了。功能待手机到了才能体验了
正在使用中，中，中&hellip;&hellip;,正在使用中 中 中 hellip  hellip 
很不错的手表很喜欢,很不错的手表很喜欢
有点费电呢，软件也不是特别多,有点费电呢 软件也不是特别多
很漂亮戴戴看,很漂亮戴戴看
质感很好，用处不大，微信都无法用这表的数据，只能用手机三星健康的。跟手机连接非常稳定，或许是手机也三星的缘故。接电话也不错，声音清晰，很方便，等于是解放了手，但是环境要稍微安静。总体很不错，防水没敢测试。原配的塑胶表带也很贴合，戴着无任何不适。全五星好评！,质感很好 用处不大 微信都无法用这表的数据 只能用手机三星健康的。跟手机连接非常稳定 或许是手机也三星的缘故。接电话也不错 声音清晰 很方便 等于是解放了手 但是环境要稍微安静。总体很不错 防水没敢测试。原配的塑胶表带也很贴合 戴着无任何不适。全五星好评 
太漂亮了，超级棒，比起华为的棒多多了，不是我不想国产的，事实上同款产品的对比性都不在一个级别。,太漂亮了 超级棒 比起华为的棒多多了 不是我不想国产的 事实上同款产品的对比性都不在一个级别。
我这个手机真心不错哦，推荐大家购买，我用的手机是小米手机，然后功能基本上都还蛮全的，不像网络上说的那个功能不全唯一遗憾的是无法回复微信，然后跟微信也没有办法连接，这个东西的话之前好像有插件的，现在那个应用商店里面也没有了,我这个手机真心不错哦 推荐大家购买 我用的手机是小米手机 然后功能基本上都还蛮全的 不像网络上说的那个功能不全唯一遗憾的是无法回复微信 然后跟微信也没有办法连接 这个东西的话之前好像有插件的 现在那个应用商店里面也没有了
终于入手了，搭配我的s7e，完美,终于入手了 搭配我的s#NUM#e 完美
这个非常不错哦，推荐这一款！,这个非常不错哦 推荐这一款 
挺不错的，各方面都满意。昨天到货充满电到现在还有63%，心率和各种通知都开通，连接蓝牙。很不错的体验，配合S6不错。就等着出Note8 或者note7R了。,挺不错的 各方面都满意。昨天到货充满电到现在还有#NUM#  心率和各种通知都开通 连接蓝牙。很不错的体验 配合S#NUM#不错。就等着出Note#NUM# 或者note#NUM#R了。
刚刚到了一天，还行,刚刚到了一天 还行
还不错吧，可玩性不高，运动看时间，现在用苹果，换了s8后追评,还不错吧 可玩性不高 运动看时间 现在用苹果 换了s#NUM#后追评
不想多说什么  包装不严实  太随便的样子  我很是担心有没在途中磕碰  希望卖家能改善,不想多说什么 包装不严实 太随便的样子 我很是担心有没在途中磕碰 希望卖家能改善
手表质感很好，做工精细,手表质感很好 做工精细
就是好，还没用帮别人买的！,就是好 还没用帮别人买的 
帮同事买的，说用着还不错，能待机三四天。,帮同事买的 说用着还不错 能待机三四天。
好评，首先很快，其次很赞，三星还是很棒的，手表更趋于传统化，整体很赞,好评 首先很快 其次很赞 三星还是很棒的 手表更趋于传统化 整体很赞
给朋友买的用了几天才来评价！朋友说还行！,给朋友买的用了几天才来评价 朋友说还行 
用了两天还不怎么会用慢慢摸索中，总得来说不错。京东的快递就是快！,用了两天还不怎么会用慢慢摸索中 总得来说不错。京东的快递就是快 
用着还行，没有说的那么强大，与我的手机蓝牙连不上，可以连接别人的，我很是无语。,用着还行 没有说的那么强大 与我的手机蓝牙连不上 可以连接别人的 我很是无语。
很酷，特别时尚,很酷 特别时尚
相当具有核心竞争力的智能设备,相当具有核心竞争力的智能设备
用了一段时间，大概说一下，手表整体外观不错，应用够用，主要是微信消息提醒，短信通知比较有用，不用担心错过电话和重要信息，健康检测提醒也不错，其它的还是用手机吧，表盘好看的不多，习惯用的还是固定的表盘，吐槽下表带实在是太不舒服了，自己又买了个表带，还有就是抬腕显示不是太灵敏，常亮又太耗电了。电量的话我轻度使用还是很满意的，上次充满电到现在用了两天零五个小时还剩百分之六十的电，所以轻度使用四五天没问题。,用了一段时间 大概说一下 手表整体外观不错 应用够用 主要是微信消息提醒 短信通知比较有用 不用担心错过电话和重要信息 健康检测提醒也不错 其它的还是用手机吧 表盘好看的不多 习惯用的还是固定的表盘 吐槽下表带实在是太不舒服了 自己又买了个表带 还有就是抬腕显示不是太灵敏 常亮又太耗电了。电量的话我轻度使用还是很满意的 上次充满电到现在用了两天零五个小时还剩百分之六十的电 所以轻度使用四五天没问题。
产品不错，很喜欢,产品不错 很喜欢
颜值目前智能手表第一。系统就不是那么好用，主要还是app少，不过被颜值所折服。刚买来第一天晚上掉电严重，三个小时掉了27％，不过售后都给完美解决。非常感谢京东，今后将一如既往的信任。,颜值目前智能手表第一。系统就不是那么好用 主要还是app少 不过被颜值所折服。刚买来第一天晚上掉电严重 三个小时掉了#NUM#  不过售后都给完美解决。非常感谢京东 今后将一如既往的信任。
还可以  东西很不错,还可以 东西很不错
朋友帮收货，目前还没有使用，以后再评。包装，配送一般般，,朋友帮收货 目前还没有使用 以后再评。包装 配送一般般 
表盘稍有点大，女孩子可能不太合适。整体感觉不错，待机2天半，跑步的话可能一天半，还没来得及测试。毕竟是智能手表，不是专业运动手表，测步数据不能同步到微信运动，只能应用到三星专门的S健康，建议三星的技术部门做个更新。,表盘稍有点大 女孩子可能不太合适。整体感觉不错 待机#NUM#天半 跑步的话可能一天半 还没来得及测试。毕竟是智能手表 不是专业运动手表 测步数据不能同步到微信运动 只能应用到三星专门的S健康 建议三星的技术部门做个更新。
很不错的智能手表，不过还是续航跟不太上，建议常开省电模式,很不错的智能手表 不过还是续航跟不太上 建议常开省电模式
看上去不错，用了看看，细节有待提高,看上去不错 用了看看 细节有待提高
昨晚上就收到货了，很喜欢，看了几个月最后还是下手了，昨晚上用了一晚上很好用的，快点下手吧，,昨晚上就收到货了 很喜欢 看了几个月最后还是下手了 昨晚上用了一晚上很好用的 快点下手吧 
很好，非常不错的机器，正品。,很好 非常不错的机器 正品。
收到货，感觉高大上，表带感觉塑料感太强，本身也是塑料的，想换表带！表刚用上，正在研究中！,收到货 感觉高大上 表带感觉塑料感太强 本身也是塑料的 想换表带 表刚用上 正在研究中 
还不错 和s7匹配 完美,还不错 和s#NUM#匹配 完美
用了一段才来评价的，还不错吧。表盘比较大，表戴时间长了手腕会痒，应用很少。表的做工还算好，防水没敢试，计步爬楼挺准的，表盘不少要收费，还不能试用，有些收费表盘素质一般，计步爬楼始终显示0，天气显示的不对，还没有退款渠道，以后再也不花钱买表盘了。,用了一段才来评价的 还不错吧。表盘比较大 表戴时间长了手腕会痒 应用很少。表的做工还算好 防水没敢试 计步爬楼挺准的 表盘不少要收费 还不能试用 有些收费表盘素质一般 计步爬楼始终显示#NUM# 天气显示的不对 还没有退款渠道 以后再也不花钱买表盘了。
很漂亮，功能强大，就是有点重了,很漂亮 功能强大 就是有点重了
该货物质量非常好，点赞一个,该货物质量非常好 点赞一个
试用几天非常满意！,试用几天非常满意 
不错、感觉很拉风,不错、感觉很拉风
东西到了，带了两天才评论，挺好的。,东西到了 带了两天才评论 挺好的。
原装全新，还在熟悉使用，京东一如既往的好，支持京东！！,原装全新 还在熟悉使用 京东一如既往的好 支持京东！
东西到了，回头研究怎么用,东西到了 回头研究怎么用
是我喜欢的！,是我喜欢的 
买3C产品还是上京东自营，很喜欢这款智能手表，自己换了表带，夏天带着舒服，和三星手机匹配可以，和苹果手机匹配就不好。配送员时效很快，你们辛苦了！,买#NUM#C产品还是上京东自营 很喜欢这款智能手表 自己换了表带 夏天带着舒服 和三星手机匹配可以 和苹果手机匹配就不好。配送员时效很快 你们辛苦了 
质量没有问题，是真货。我很满意。,质量没有问题 是真货。我很满意。
用了一段时间才来评价的，还不错，个人感觉比某果帅气点。续航也不错，用了三天半，还剩这么多电，还没到家只能开启省电模式了。,用了一段时间才来评价的 还不错 个人感觉比某果帅气点。续航也不错 用了三天半 还剩这么多电 还没到家只能开启省电模式了。
非常好，非常好，智能，时尚比机械表好,非常好 非常好 智能 时尚比机械表好
接打电话方便，款式好美观大方,接打电话方便 款式好美观大方
今天凌晨买的，下午四点左右就到货了京东快递威武?宝贝也不错啊！可惜没有送钢化膜?总之来说这还是一次不错的购物,今天凌晨买的 下午四点左右就到货了京东快递威武 宝贝也不错啊 可惜没有送钢化膜 总之来说这还是一次不错的购物
续航给力，外观不错，暂时没发现什么问题,续航给力 外观不错 暂时没发现什么问题
快递给力，东西也不错。客服，一直不在线。太差了！昨天开始就联系不到人。不知道是不是出了问题客服也联系不上。揪心。,快递给力 东西也不错。客服 一直不在线。太差了 昨天开始就联系不到人。不知道是不是出了问题客服也联系不上。揪心。
挺好的。快递给力,挺好的。快递给力
比较满意，充满电能用三天，就是应用少了点,比较满意 充满电能用三天 就是应用少了点
不错，正品行货没拆封，,不错 正品行货没拆封 
价格便宜  送货快  66666,价格便宜 送货快 #NUM#
和预期一样。很漂亮。其他用用再看,和预期一样。很漂亮。其他用用再看
挺好，功能还在摸索阶段,挺好 功能还在摸索阶段
没有什么惊喜，也没有什么失去！怎么连个钢化膜也没有！,没有什么惊喜 也没有什么失去 怎么连个钢化膜也没有 
??(ˊ&omega;ˋ*)??啦啦啦,？   omega    ？啦啦啦
送给朋友的生日礼物！他很喜欢！优雅的外观！强大的功能！精致的做工！真是太棒了！,送给朋友的生日礼物 他很喜欢 优雅的外观 强大的功能 精致的做工 真是太棒了 
产品外观不错，先试用一段时间先。,产品外观不错 先试用一段时间先。
三星 （SAMSUNG）三星Gear S3智能手表 内置独立GPS三星手表 海拔高度 心率监测 户外跑表 先锋版Frontier,三星  SAMSUNG 三星Gear S#NUM#智能手表 内置独立GPS三星手表 海拔高度 心率监测 户外跑表 先锋版Frontier
用处很大，喜欢！,用处很大 喜欢 
对于 这款手表我发现我已经离不开它了??,对于 这款手表我发现我已经离不开它了？
收到，正品当天到货,收到 正品当天到货
手表很精致，物流非常快，京东非常不错。,手表很精致 物流非常快 京东非常不错。
非常不错，手感好。·,非常不错 手感好。 
非常快的体验，满分,非常快的体验 满分
东西很好下次还会再来,东西很好下次还会再来
我去买了这么久居然忘记晒单罪过罪过！和S7E完美搭配！确实表带容易招灰&hellip;问题不大&hellip;坐等新表带发售,我去买了这么久居然忘记晒单罪过罪过 和S#NUM#E完美搭配 确实表带容易招灰 hellip 问题不大 hellip 坐等新表带发售
三星精品质量超好,三星精品质量超好
手表不错，大气实用。唯一的不足是离开关联的手机后其功能大打折扣。,手表不错 大气实用。唯一的不足是离开关联的手机后其功能大打折扣。
这款手表关注很久了，一直很想入手，结果那天看到秒杀，立马就入手啦。嘿嘿，很喜欢！简直爱不释手！界面也很不错，总体来说，满分，嘿嘿?，然后给快递员大大的赞！,这款手表关注很久了 一直很想入手 结果那天看到秒杀 立马就入手啦。嘿嘿 很喜欢 简直爱不释手 界面也很不错 总体来说 满分 嘿嘿  然后给快递员大大的赞 
特意用了一段时间才来评价的，外观很有质感，电池非常满意，三天稳稳的，常用功能都是开着的。软件确实有些少，慢慢等待更新。,特意用了一段时间才来评价的 外观很有质感 电池非常满意 三天稳稳的 常用功能都是开着的。软件确实有些少 慢慢等待更新。
很酷炫，就是应用有点少，其他方面表现也不错,很酷炫 就是应用有点少 其他方面表现也不错
功能还是少了点，质量挺好，还是厚了点,功能还是少了点 质量挺好 还是厚了点
很好，物流还是相当快，东西也不错。,很好 物流还是相当快 东西也不错。
要是个钢带就完美了。。。,要是个钢带就完美了。
使用感不错，最好还是搭配三星手机使用，不然有蓝牙断开的问题，和mate9pro使用就有这个情况，准备入手s8＋了,使用感不错 最好还是搭配三星手机使用 不然有蓝牙断开的问题 和mate#NUM#pro使用就有这个情况 准备入手s#NUM# 了
配送超快太给力了，表很漂亮 就是表带太难看了 等新表带 表稍微有点大 不过还能接受,配送超快太给力了 表很漂亮 就是表带太难看了 等新表带 表稍微有点大 不过还能接受
外观很美，性能可以，初用比较满意！,外观很美 性能可以 初用比较满意 
很好的一次购物，物有所值！！！,很好的一次购物 物有所值！
表盘比较多，显示效果不错。等待三星支付加入。,表盘比较多 显示效果不错。等待三星支付加入。
还不错，S Health死机一次了&hellip;&hellip;连接iOS 后没法用的，可玩性不高，app很有限,还不错 S Health死机一次了 hellip  hellip 连接iOS 后没法用的 可玩性不高 app很有限
不错，操作很流畅，屏幕效果很好，就是app还不算多。美中不足的一点是转环上有一个掉漆的点，不知道是不是被人退过的货，不过懒得申请换货了。。,不错 操作很流畅 屏幕效果很好 就是app还不算多。美中不足的一点是转环上有一个掉漆的点 不知道是不是被人退过的货 不过懒得申请换货了。。
非常好，期待续航完美。就是没有三星手机，感觉和苹果的适配功能不全。期待后续完美,非常好 期待续航完美。就是没有三星手机 感觉和苹果的适配功能不全。期待后续完美
好东西。赞。酷。要是可以防水就更完美了,好东西。赞。酷。要是可以防水就更完美了
还不错的，值得购买,还不错的 值得购买
充一次电能用4天，不错。再多开发点软件就好了。,充一次电能用#NUM#天 不错。再多开发点软件就好了。
不错 看起来很有档次 功能还在摸索,不错 看起来很有档次 功能还在摸索
电量没我想象的耐用，但是开省点模式能撑好久，其他的都还不错！,电量没我想象的耐用 但是开省点模式能撑好久 其他的都还不错 
刚开始使用，整体感觉不错,刚开始使用 整体感觉不错
不错，目前还是很满意的。大品牌还是好一点，什么华为 小米 从不考虑，很好很有性价比，不过，我还是喜欢最好！,不错 目前还是很满意的。大品牌还是好一点 什么华为 小米 从不考虑 很好很有性价比 不过 我还是喜欢最好 
外观很漂亮，表盘种类也很丰富，就是实用性差点。,外观很漂亮 表盘种类也很丰富 就是实用性差点。
挺好看的，不过转盘缝隙容易进灰尘和细沙，转起来会有异响,挺好看的 不过转盘缝隙容易进灰尘和细沙 转起来会有异响
宝贝不错物流也挺快五星,宝贝不错物流也挺快五星
送给儿子的生日礼物，儿子很满意，特别喜欢！,送给儿子的生日礼物 儿子很满意 特别喜欢 
屏幕上有个黑点是怎么回事  买回来就这样  最近太忙一直没时间  希望尽快答复我  谢谢,屏幕上有个黑点是怎么回事 买回来就这样 最近太忙一直没时间 希望尽快答复我 谢谢
这款商品实在让人惊喜，就用了两周，就没发现有什么地方不让人满意的。,这款商品实在让人惊喜 就用了两周 就没发现有什么地方不让人满意的。
手表还可以吧  2天就玩够了,手表还可以吧 #NUM#天就玩够了
京东速度，佩服啊,京东速度 佩服啊
很不错，用了一段时间了，挺方便的，外观也很酷,很不错 用了一段时间了 挺方便的 外观也很酷
很好用 而且功能挺强大的 帅气,很好用 而且功能挺强大的 帅气
很好，我很喜欢，待机也行，关键操作简单，上手快，三星这个还是良心货的,很好 我很喜欢 待机也行 关键操作简单 上手快 三星这个还是良心货的
昨天买今天就降价真坑，看在不是**的份上就算了，手表还是不错的，反应快功能还算过得去，连接苹果ios系统很快，表盘大气不大不小用着刚刚好。,昨天买今天就降价真坑 看在不是  的份上就算了 手表还是不错的 反应快功能还算过得去 连接苹果ios系统很快 表盘大气不大不小用着刚刚好。
送货速度很快，才上手一个上午，还在研究中，表盘样式很多，感觉很不错,送货速度很快 才上手一个上午 还在研究中 表盘样式很多 感觉很不错
很不错 满意,很不错 满意
给店家一个好评(ˊo????o???`)?好,给店家一个好评  o？o？   好
款式不错，连接手机很好用。发货快递速度挺快！,款式不错 连接手机很好用。发货快递速度挺快 
三星这款S3应该是智能手表中颜值比较高的。用过其他品牌的，觉得还是这款最中意了。虽然与iPhone匹配有些app受到限制，但大部分可接受。表面也蛮漂亮的。,三星这款S#NUM#应该是智能手表中颜值比较高的。用过其他品牌的 觉得还是这款最中意了。虽然与iPhone匹配有些app受到限制 但大部分可接受。表面也蛮漂亮的。
一时冲动买了，样式不错,一时冲动买了 样式不错
今天刚到货，把玩了一下午感觉还可以，朋友们都很羡慕，说十分漂亮，至于功能应该说够用，连接手机很好用这个必须赞一个，总之算是物有所值吧,今天刚到货 把玩了一下午感觉还可以 朋友们都很羡慕 说十分漂亮 至于功能应该说够用 连接手机很好用这个必须赞一个 总之算是物有所值吧
挺好挺好，iOS也完美兼容，包装也很高大上,挺好挺好 iOS也完美兼容 包装也很高大上
用了几天了才来评价，电池续航能力不怎么样，没怎么玩两天差不多就没电了。不过无线充电还是挺方便的。,用了几天了才来评价 电池续航能力不怎么样 没怎么玩两天差不多就没电了。不过无线充电还是挺方便的。
挺好的，就是电池不太好，充电管三四天吧,挺好的 就是电池不太好 充电管三四天吧
除了微信用着不方便其他的都很赞，经常穿正装的建议买经典版，使用频率不高的话三天妥妥的,除了微信用着不方便其他的都很赞 经常穿正装的建议买经典版 使用频率不高的话三天妥妥的
还不错，拆开用了几天，电池比较耐用,还不错 拆开用了几天 电池比较耐用
硬件非常好，而且很耐磕，在墙上磕了几次也没留下痕迹，表盘好看的很多，国内好像只支持*付款，其他软件少了点，而且gps只有在连上手机后用手机的网才能定位，这不是脱裤子放屁吗,硬件非常好 而且很耐磕 在墙上磕了几次也没留下痕迹 表盘好看的很多 国内好像只支持 付款 其他软件少了点 而且gps只有在连上手机后用手机的网才能定位 这不是脱裤子放屁吗
物流飞快，非常喜欢，高大上的有么有!,物流飞快 非常喜欢 高大上的有么有 
商品不错 刚上手 物流给力 下次还来&hellip;&hellip;,商品不错 刚上手 物流给力 下次还来 hellip  hellip 
续航还可以，但是开了GPS和自动心率后耗电感人。软件少点，颜值不错,续航还可以 但是开了GPS和自动心率后耗电感人。软件少点 颜值不错
现在试用阶段，之后在来,现在试用阶段 之后在来
可以的很帅,可以的很帅
表很好，高大上。也好用。就是表盘少了一点。目前才拿到一会。还在研究。以后再来追加评价。,表很好 高大上。也好用。就是表盘少了一点。目前才拿到一会。还在研究。以后再来追加评价。
很帅很好看，非常非常好！,很帅很好看 非常非常好 
东西不错挺好,东西不错挺好
白条买的，与三星S7配合使用很不错，就是跑步或者健走时，打开gps，有时候记录到一定距离后，中途死机。,白条买的 与三星S#NUM#配合使用很不错 就是跑步或者健走时 打开gps 有时候记录到一定距离后 中途死机。
感觉用着蛮不错的   很流畅  比较方便  就是有点厚,感觉用着蛮不错的 很流畅 比较方便 就是有点厚
好，防水，电池可以两天多。,好 防水 电池可以两天多。
带了一个月，很好，按键有时比较肉,带了一个月 很好 按键有时比较肉
总体不错，后期再看看，快递不错,总体不错 后期再看看 快递不错
手表很漂亮，去户外玩带着很方便,手表很漂亮 去户外玩带着很方便
就是个玩具吧和苹果联功能比较少。运动功能太少，可能是还不会用，气压、海拔、位置等等没有地图基本没法用。有个百度地图，不联网居然没法用，设计师怎么想的啊??,就是个玩具吧和苹果联功能比较少。运动功能太少 可能是还不会用 气压、海拔、位置等等没有地图基本没法用。有个百度地图 不联网居然没法用 设计师怎么想的啊？
还行吧，看老公天天带着，我觉得没什么用处,还行吧 看老公天天带着 我觉得没什么用处
手表功能有点单一，做工不错，毕竟大品牌的！总之，买的我点后悔！,手表功能有点单一 做工不错 毕竟大品牌的 总之 买的我点后悔 
很合适！！外观也挺漂亮棒棒哒,很合适！外观也挺漂亮棒棒哒
功能非常多，可是还是没有samsung pay，期待以后会支持。表盘很多，会有选择恐惧症的,功能非常多 可是还是没有samsung pay 期待以后会支持。表盘很多 会有选择恐惧症的
不错?好东西,不错 好东西
非常好，不错,非常好 不错
帅呆了 带个表方便很多呢 挺好 挺好 ?,帅呆了 带个表方便很多呢 挺好 挺好  
和s2比手感要好些，也要精致些，表面也要大些确实不错，感觉进步不小，一直都在用三星的手表，不知道软件上有什么区别,和s#NUM#比手感要好些 也要精致些 表面也要大些确实不错 感觉进步不小 一直都在用三星的手表 不知道软件上有什么区别
东西可以。用着舒服,东西可以。用着舒服
好用，功能多，够用，但是电池还得加强,好用 功能多 够用 但是电池还得加强
一如既往的好，支持京东，支持三星,一如既往的好 支持京东 支持三星
还不错，老公喜欢，目前没什么问题,还不错 老公喜欢 目前没什么问题
终于还是买了。微信咋弄呢，手机有信息手表怎么不提示,终于还是买了。微信咋弄呢 手机有信息手表怎么不提示
期待已久，很满意，物流配送快，10，20订购，下午送到，?,期待已久 很满意 物流配送快 #NUM# #NUM#订购 下午送到  
真心的喜欢，不错下次再买一个,真心的喜欢 不错下次再买一个
实用，方便，外观大气,实用 方便 外观大气
很好看，也很好用。值得购买,很好看 也很好用。值得购买
手表还不错。颜值可以，就是不知道耐用不？观察一段时间吧！,手表还不错。颜值可以 就是不知道耐用不 观察一段时间吧 
昨天下的单 今天就到了 非常满意京东快递 用过之后再来评价 唯一的遗憾是发票和出货单没有,昨天下的单 今天就到了 非常满意京东快递 用过之后再来评价 唯一的遗憾是发票和出货单没有
帮朋友买的，确实比s2有很大的提升，可以不掏手机和蓝牙耳机接电话了，自带扬声器，自带铃声，表盘变大了，像我这种小手的人，还是老实用s2吧，哈哈,帮朋友买的 确实比s#NUM#有很大的提升 可以不掏手机和蓝牙耳机接电话了 自带扬声器 自带铃声 表盘变大了 像我这种小手的人 还是老实用s#NUM#吧 哈哈
还没用，用过在评价！,还没用 用过在评价 
不愧是三星品牌，不管在外观和使用方面，都是可以的。电量消耗也比苹果的好，基本四天一充。遗憾的是还不支持微信回复，对于软件这方面，要求并不多，毕竟只是当做手表来用，多了更多的娱乐性而已。,不愧是三星品牌 不管在外观和使用方面 都是可以的。电量消耗也比苹果的好 基本四天一充。遗憾的是还不支持微信回复 对于软件这方面 要求并不多 毕竟只是当做手表来用 多了更多的娱乐性而已。
暂时没发现什么 正在琢磨怎么下音乐 后续体验慢慢会发上来,暂时没发现什么 正在琢磨怎么下音乐 后续体验慢慢会发上来
颜值确实非常高，续航也不错。,颜值确实非常高 续航也不错。
唯一遗憾就是没有官方赠送的七色表带了,唯一遗憾就是没有官方赠送的七色表带了
实体店没货了，在京东买当天下午就到货了！速度快到惊人！好评。电量的话不一直玩的话还是耐用的。就是对于妹子有点大 换个颜色的表带 和黑的风格有不一样了。接着在摸索吧！,实体店没货了 在京东买当天下午就到货了 速度快到惊人 好评。电量的话不一直玩的话还是耐用的。就是对于妹子有点大 换个颜色的表带 和黑的风格有不一样了。接着在摸索吧 
整体还行，表带一般般,整体还行 表带一般般
刚收到，感觉棒棒哒。希望后续满意,刚收到 感觉棒棒哒。希望后续满意
屏显清晰，佩戴舒适，功能强大，换表盘尤其好玩儿，记录锻炼数据准确！,屏显清晰 佩戴舒适 功能强大 换表盘尤其好玩儿 记录锻炼数据准确 
很好用，很高级,很好用 很高级
宝贝很漂亮，非常满意的一次购物,宝贝很漂亮 非常满意的一次购物
买来送同事的，尚无体验报告,买来送同事的 尚无体验报告
手表到手用了一段时间了，外观可以，续电可以，头一次试水智能穿戴设备，体验不错。就是功能还有待提升。因购的是经典款，貌似各商家都缺货，当然货以奇为贵，入手价格一分没优惠，也没赠品。希望今后出更好、更多的智能产品。,手表到手用了一段时间了 外观可以 续电可以 头一次试水智能穿戴设备 体验不错。就是功能还有待提升。因购的是经典款 貌似各商家都缺货 当然货以奇为贵 入手价格一分没优惠 也没赠品。希望今后出更好、更多的智能产品。
表盘像素看起来有些低，但是总体来说还是挺好的，很喜欢。,表盘像素看起来有些低 但是总体来说还是挺好的 很喜欢。
三星的还是不如苹果的做得好呀。,三星的还是不如苹果的做得好呀。
用了几天才来评价，价格偏贵，功能一般，算是拿来当电子表用了。运动功能不错。表盘可切换多种样式。,用了几天才来评价 价格偏贵 功能一般 算是拿来当电子表用了。运动功能不错。表盘可切换多种样式。
三星客服直接失踪了，很怀疑买的是假货。收到货后一直联系一直没回应。,三星客服直接失踪了 很怀疑买的是假货。收到货后一直联系一直没回应。
不错，这个表戴起来真的挺好看的，骑车又方便,不错 这个表戴起来真的挺好看的 骑车又方便
东西是挺好，除了续航，其他地方满分。就是不知道我这个续航有没有问题，我看其他买家都是3天左右，设置基本一样，但我只能一天半&hellip;&hellip;已经重置了，再试试看。可能也跟我是苹果手机有关系吧。,东西是挺好 除了续航 其他地方满分。就是不知道我这个续航有没有问题 我看其他买家都是#NUM#天左右 设置基本一样 但我只能一天半 hellip  hellip 已经重置了 再试试看。可能也跟我是苹果手机有关系吧。
电量充足，可以用一整天，戴的舒服,电量充足 可以用一整天 戴的舒服
东西很好，做的很精致，以后还惠顾,东西很好 做的很精致 以后还惠顾
还不错 就是还不支持支付，电池挺耐用,还不错 就是还不支持支付 电池挺耐用
帅气的手表！,帅气的手表 
怎么说好的赠品没有了，都已经许给人了，唉，诚信呀！,怎么说好的赠品没有了 都已经许给人了 唉 诚信呀 
还好吧，用过最好的智能手表，自动检测睡眠，但是检测不了午休，能正常使用3-4天，每天跑5公里的话，待机两天多吧。,还好吧 用过最好的智能手表 自动检测睡眠 但是检测不了午休 能正常使用#NUM#-#NUM#天 每天跑#NUM#公里的话 待机两天多吧。
速度挺快，没有用，看包装不错,速度挺快 没有用 看包装不错
挺精致，用省电模式4小时费电1%。好好测试测试,挺精致 用省电模式#NUM#小时费电#NUM# 。好好测试测试
用着还好啦，就是电池有点不禁用啊，。。。。。。。。。。。,用着还好啦 就是电池有点不禁用啊 。
东西收到了 很好,东西收到了 很好
非苹果类最好智能表，但也是最灿语言功能。,非苹果类最好智能表 但也是最灿语言功能。
超级酷！！！！,超级酷！
物流速度很快，刚拆箱对这次购物很满意。,物流速度很快 刚拆箱对这次购物很满意。
东西给力，服务好，物流快,东西给力 服务好 物流快
不错，很好看，很酷，软件也不错！,不错 很好看 很酷 软件也不错 
不错 待机能上4天。还可以,不错 待机能上#NUM#天。还可以
好用 快递给力  值得信奈 希望京东在质量上严格把关 不要辜负消费者的信赖,好用 快递给力 值得信奈 希望京东在质量上严格把关 不要辜负消费者的信赖
为什么送一半表带？上午下单下午到，虽然比**贵，还是信任京东,为什么送一半表带 上午下单下午到 虽然比  贵 还是信任京东
第一次买智能佩戴产品，外观还不错，但是还是没有真正手表的感觉，可以当成是一个玩具，表带是一大缺点，感觉不好。总体来说，这款产品还是可以的，刚买时间不久，戴段时间体验下再看。,第一次买智能佩戴产品 外观还不错 但是还是没有真正手表的感觉 可以当成是一个玩具 表带是一大缺点 感觉不好。总体来说 这款产品还是可以的 刚买时间不久 戴段时间体验下再看。
很不错，是正品，用用再说吧，关注很久了。终于买到了，也不容易。,很不错 是正品 用用再说吧 关注很久了。终于买到了 也不容易。
电量够用，今天刚用上，装逼绝对好使，实力作用个人觉得不是很大，也就是怕错过来电，或者开车时方便看微信吧,电量够用 今天刚用上 装逼绝对好使 实力作用个人觉得不是很大 也就是怕错过来电 或者开车时方便看微信吧
早上定，下午到，京东物流就是赞，手表很赞，慢慢摸索怎么用吧,早上定 下午到 京东物流就是赞 手表很赞 慢慢摸索怎么用吧
很好用  快递速度不错,很好用 快递速度不错
很给力，漂亮，正在使用中,很给力 漂亮 正在使用中
手表不错的，看通知，还有个别情况接打电话挺方便的，续航的话我的大概就是两天左右，晚上加班一个多小时就充满了，也没什么。就是原装的表带不是很爽，直接又换了一个，另外送的时候就不能好好包装下吗，就这么送过来了，，，,手表不错的 看通知 还有个别情况接打电话挺方便的 续航的话我的大概就是两天左右 晚上加班一个多小时就充满了 也没什么。就是原装的表带不是很爽 直接又换了一个 另外送的时候就不能好好包装下吗 就这么送过来了   
确确实实是个好东西啊！,确确实实是个好东西啊 
感觉还不错，就是有点厚，外观很好看。开始的时候，手机（荣耀8）来什么信息都没有提示，后来手表系统更新了，问题就没有了，但是不怎么稳定。其实就是觉得好看，其他将就吧。,感觉还不错 就是有点厚 外观很好看。开始的时候 手机 荣耀#NUM# 来什么信息都没有提示 后来手表系统更新了 问题就没有了 但是不怎么稳定。其实就是觉得好看 其他将就吧。
先去三星实体店体验过，感觉不错，但是一直没有货！京东太神奇了，手表做工很好，屏幕很细腻，大小刚好，性价比比苹果好，连接mate9，需要装几个插件就好了！！相信京东相信自营,先去三星实体店体验过 感觉不错 但是一直没有货 京东太神奇了 手表做工很好 屏幕很细腻 大小刚好 性价比比苹果好 连接mate#NUM# 需要装几个插件就好了！相信京东相信自营
帮朋友买的，朋友很满意,帮朋友买的 朋友很满意
不错，很好，售后也非常单位，京东真的很不错,不错 很好 售后也非常单位 京东真的很不错
额，不能会微信，短信还是只能会固定的，其他功能很普通，特别的地方没感觉到有,额 不能会微信 短信还是只能会固定的 其他功能很普通 特别的地方没感觉到有
很有质感，科技感很强！功能也很实用,很有质感 科技感很强 功能也很实用
目前来说功能不多，表盘虽多，合适的不好找。,目前来说功能不多 表盘虽多 合适的不好找。
非常不错的手表，很只能,非常不错的手表 很只能
挺好的，就是没有钢带，要是送一条钢带就好了。,挺好的 就是没有钢带 要是送一条钢带就好了。
沉甸甸的，做工还行吧，只是微信还不能阅读消息。相对所能提供的软件也很少。当电子表戴还是不错。不过这个价格可以整支好点的g shock了。,沉甸甸的 做工还行吧 只是微信还不能阅读消息。相对所能提供的软件也很少。当电子表戴还是不错。不过这个价格可以整支好点的g shock了。
还可以，就是暂时不知道关闭动作感应怎么关闭,还可以 就是暂时不知道关闭动作感应怎么关闭
戴上之后，我只想说&ldquo;还有谁！&rdquo;简直不要太骚。虽然有点小贵，但能满足一颗喜欢装B的心就行了,戴上之后 我只想说 ldquo 还有谁  rdquo 简直不要太骚。虽然有点小贵 但能满足一颗喜欢装B的心就行了
最长一次续航用了4天晚上回家还有百分之十几的电,最长一次续航用了#NUM#天晚上回家还有百分之十几的电
白条12期免息买的，感觉不错,白条#NUM#期免息买的 感觉不错
挺好的 还不错,挺好的 还不错
非常棒，不多说，就是喜欢。女朋友送的，非常高兴?,非常棒 不多说 就是喜欢。女朋友送的 非常高兴 
老公很喜欢，还有一根短表带，发货神速。京东小哥最赞！,老公很喜欢 还有一根短表带 发货神速。京东小哥最赞 
美观没有说的，就是系统比较奇葩，实用的软件少,美观没有说的 就是系统比较奇葩 实用的软件少
用了一段时间才来评价，还不错，不过要是各位想用它来听音乐还是算了吧，音质不是很好,用了一段时间才来评价 还不错 不过要是各位想用它来听音乐还是算了吧 音质不是很好
漂亮是漂亮的，就是现在应用太少了，表盘蛮多的,漂亮是漂亮的 就是现在应用太少了 表盘蛮多的
手表很美，功能也很多。,手表很美 功能也很多。
非常棒的手表,非常棒的手表
看了好几个月了。终于下决心买了，别人都叫我买苹果，但我就爱三星，手机也是买的S7 edge，哈哈大爱三星,看了好几个月了。终于下决心买了 别人都叫我买苹果 但我就爱三星 手机也是买的S#NUM# edge 哈哈大爱三星
还可以吧，就是功能不是很好，只能看信息，不能回复，打电话还要预先存上，很麻烦。电池算耐用了,还可以吧 就是功能不是很好 只能看信息 不能回复 打电话还要预先存上 很麻烦。电池算耐用了
馈赠第一选择,馈赠第一选择
功能强大，喜欢，还在探索中，值得购买。。。,功能强大 喜欢 还在探索中 值得购买。
很强势。非常奥力给,很强势。非常奥力给
手表可以，就是运动检测太不准了,手表可以 就是运动检测太不准了
屏幕小，要是大点就好了。,屏幕小 要是大点就好了。
很好的商品,很好的商品
京东品质，一直都很值得相信。手表很惊艳。功能齐全。包装玩好，不过几千块的东西就一个塑料袋，有点儿戏吧。内部未受损，使用了半天掉了13的电，貌似还能接受。,京东品质 一直都很值得相信。手表很惊艳。功能齐全。包装玩好 不过几千块的东西就一个塑料袋 有点儿戏吧。内部未受损 使用了半天掉了#NUM#的电 貌似还能接受。
物流快，东西好,物流快 东西好
用了半个月，功能很强大！非常好,用了半个月 功能很强大 非常好
颜值不错，耗电也不算厉害，高度气压不算太准，不过还可以。最郁闷的是刚开始的时候还可以接受华为p10上的信息，用了几天就接收不了了，一直到现在都不行&hellip;&hellip;如果还不行就要申请退换了,颜值不错 耗电也不算厉害 高度气压不算太准 不过还可以。最郁闷的是刚开始的时候还可以接受华为p#NUM#上的信息 用了几天就接收不了了 一直到现在都不行 hellip  hellip 如果还不行就要申请退换了
用了好几天，感觉不错  很有逼格,用了好几天 感觉不错 很有逼格
颜值高特漂亮，喜欢。,颜值高特漂亮 喜欢。
当初就是看上了这个外形。旋转表盘使用手感不错。记步、海拔、爬楼都挺准确。会检测当前运动类型。个人比较喜欢数字表盘，直观。,当初就是看上了这个外形。旋转表盘使用手感不错。记步、海拔、爬楼都挺准确。会检测当前运动类型。个人比较喜欢数字表盘 直观。
买回来之后就带上了，感觉很不错！,买回来之后就带上了 感觉很不错 
非常不错的手表，有时候微信接不到信息,非常不错的手表 有时候微信接不到信息
感觉很舒服，用用看,感觉很舒服 用用看
真的使用过最好的智能手表！,真的使用过最好的智能手表 
弟弟说挺好用的，电池续航也可以,弟弟说挺好用的 电池续航也可以
第一次买棒子国的产品，感觉还行，,第一次买棒子国的产品 感觉还行 
满意！很是喜欢！外观很酷！,满意 很是喜欢 外观很酷 
东西不错，就是表带过敏,东西不错 就是表带过敏
很不错的东西，逼格满满，而且实用。华为mate9pro需要下载插件完美使用。,很不错的东西 逼格满满 而且实用。华为mate#NUM#pro需要下载插件完美使用。
功能强大。。。。运动感十足。。。开车时候都可以不用蓝牙耳机了,功能强大。运动感十足。开车时候都可以不用蓝牙耳机了
确实很好看，很不错的！,确实很好看 很不错的 
买了好久了，很不错没有任何问题，发货还是那么快！,买了好久了 很不错没有任何问题 发货还是那么快 
十分纠结的买了这款手表，一直在纠结是买apple watch2还是这个，最终还是选择了gear s3，研究了一下午，qq能收到消息了，微信也能语音和文字回复了，还算心灵上给点安慰，并没有那么弱鸡，整体上外形还是很酷炫的，比较满意了，希望以后三星能好好发展手表系统，最好尽快把三星pay增加进来，多增加点实用app，让用户体验更完美些。,十分纠结的买了这款手表 一直在纠结是买apple watch#NUM#还是这个 最终还是选择了gear s#NUM# 研究了一下午 qq能收到消息了 微信也能语音和文字回复了 还算心灵上给点安慰 并没有那么弱鸡 整体上外形还是很酷炫的 比较满意了 希望以后三星能好好发展手表系统 最好尽快把三星pay增加进来 多增加点实用app 让用户体验更完美些。
运行流畅，清晰度也好。带着很有逼格～就是表带不是很舒服！还在研究中～,运行流畅 清晰度也好。带着很有逼格 就是表带不是很舒服 还在研究中 
手感还行。也不知道这种产品到底好不好。电池关闭屏幕2天,手感还行。也不知道这种产品到底好不好。电池关闭屏幕#NUM#天
可以上手,可以上手
正品，很好。通话清晰，可直接转到蓝牙耳机通话。,正品 很好。通话清晰 可直接转到蓝牙耳机通话。
此表功能多多，是一款跑步健身的神器，有消费能力的可以购买，挺好用的。,此表功能多多 是一款跑步健身的神器 有消费能力的可以购买 挺好用的。
还行，感觉就是表盘不大气，比较小气，但是还是不错，表冠不抗刮，容易刮花，注意保护,还行 感觉就是表盘不大气 比较小气 但是还是不错 表冠不抗刮 容易刮花 注意保护
觉得很好用，作为三星的老用户。,觉得很好用 作为三星的老用户。
各方面都不错，就是自己手腕太细了，哈哈哈。,各方面都不错 就是自己手腕太细了 哈哈哈。
女孩戴虽然有点大，但是，很喜欢，不错哦。,女孩戴虽然有点大 但是 很喜欢 不错哦。
挺好的，就是显示效果没有意料中的好，表盘指针感觉有锯齿。。。本来更倾向与买经典版的，奈何无货，就买先锋版的好了。,挺好的 就是显示效果没有意料中的好 表盘指针感觉有锯齿。本来更倾向与买经典版的 奈何无货 就买先锋版的好了。
不兼容安卓7.0的系统 其他还不错 可以单独使用,不兼容安卓#NUM# #NUM#的系统 其他还不错 可以单独使用
不太好 app太少，好多都不好用，只能当手表用,不太好 app太少 好多都不好用 只能当手表用
非常棒，用起来很爽，就是稍稍有些大。,非常棒 用起来很爽 就是稍稍有些大。
不错，就是有点贵，,不错 就是有点贵 
东西不错，功能还在摸索中,东西不错 功能还在摸索中
宝贝不错，昨天刚收到就迫不及待打开了，第一眼完全高大上，而且很百搭，与什么款式的衣服都可以，而且表盘大小很适合男士们佩戴，功能还在开发中，没研究完，后续补上，暂时觉得完全可以满足我的小私心。,宝贝不错 昨天刚收到就迫不及待打开了 第一眼完全高大上 而且很百搭 与什么款式的衣服都可以 而且表盘大小很适合男士们佩戴 功能还在开发中 没研究完 后续补上 暂时觉得完全可以满足我的小私心。
最后吐个槽吧，这个手表接电话完全是免提，然后我和媳妇儿打电话，同事们都听到了。。。,最后吐个槽吧 这个手表接电话完全是免提 然后我和媳妇儿打电话 同事们都听到了。
讲真，确实很好看，硬件很强，但是没啥好软件,讲真 确实很好看 硬件很强 但是没啥好软件
做工还可以，不过没啥实用价值，基本当个电子表用,做工还可以 不过没啥实用价值 基本当个电子表用
东西用着不错！续航比Apple Watch强多了！日常接收通知加看时间运动模式什么的~也能剩下70多的电！然后吧~就是&hellip;表圈&hellip;不知道是怎么的刮到一道划痕&hellip;其实说不好是不是京东送来就有了&hellip;也没留意这个毕竟&hellip;不过算了~,东西用着不错 续航比Apple Watch强多了 日常接收通知加看时间运动模式什么的 也能剩下#NUM#多的电 然后吧 就是 hellip 表圈 hellip 不知道是怎么的刮到一道划痕 hellip 其实说不好是不是京东送来就有了 hellip 也没留意这个毕竟 hellip 不过算了 
质量还不错，送货也很快,质量还不错 送货也很快
很喜欢，表盘大，男的带很合适，显示效果清晰，操作便利。缺点是好像在iPhone上不支持**,很喜欢 表盘大 男的带很合适 显示效果清晰 操作便利。缺点是好像在iPhone上不支持  
很好，就说表带太硬l 不错 和苹果链接不上,很好 就说表带太硬l 不错 和苹果链接不上
刚拿回来就迫不及待的拆开包装，由于不是三星手机，连接手机的时候有点费劲，手表很漂亮，快递也够快，第二天上午就送到了。不错 很棒,刚拿回来就迫不及待的拆开包装 由于不是三星手机 连接手机的时候有点费劲 手表很漂亮 快递也够快 第二天上午就送到了。不错 很棒
东西很好，物流也快。,东西很好 物流也快。
真的很不错，感觉很好。物有所值。,真的很不错 感觉很好。物有所值。
对比华为2还是这个好！漂亮，大气上档次,对比华为#NUM#还是这个好 漂亮 大气上档次
相当强大，表盘大小绝对男性专用。硬件强悍配置够用了，我只安装了ZFB、百度地图、有道翻译、每日喝水提示。其他的看新闻，游戏之类的鸡肋软件感觉不实用，这些你用手机看就行了，手表只是手表，其他的没必要。手表我还是用自带健康类软件用的比较多。和我的S7e完美无缝连接，棒棒的。尤其让我最心动满意的就是能换表盘这个功能，看心情一天换一个也爽翻。装bi之利器!,相当强大 表盘大小绝对男性专用。硬件强悍配置够用了 我只安装了ZFB、百度地图、有道翻译、每日喝水提示。其他的看新闻 游戏之类的鸡肋软件感觉不实用 这些你用手机看就行了 手表只是手表 其他的没必要。手表我还是用自带健康类软件用的比较多。和我的S#NUM#e完美无缝连接 棒棒的。尤其让我最心动满意的就是能换表盘这个功能 看心情一天换一个也爽翻。装bi之利器 
还可以 真不知道好还是不好,还可以 真不知道好还是不好
很漂亮和心里预想的一样,很漂亮和心里预想的一样
手表不错，样子也可以，买的第二块了。,手表不错 样子也可以 买的第二块了。
买了还没用，应该不错，看好了才出手的，信赖京东,买了还没用 应该不错 看好了才出手的 信赖京东
手表戴了几天了，很大气。。缺点转盘不耐磨。。都刮花了。。,手表戴了几天了 很大气。。缺点转盘不耐磨。。都刮花了。。
京东一如继往的迅速！包装很好！产品性价比很高，不错的东东，很好，很给力，京东加油,京东一如继往的迅速 包装很好 产品性价比很高 不错的东东 很好 很给力 京东加油
目前用着还不错～,目前用着还不错 
挺帅的智能手表,挺帅的智能手表
比苹果好看多了～,比苹果好看多了 
不错不错，支持三星呸，但是国内还没开通这个服务，用了很久了，各方面都感觉还不错，京东还送了七色表带。真好。,不错不错 支持三星呸 但是国内还没开通这个服务 用了很久了 各方面都感觉还不错 京东还送了七色表带。真好。
帮表哥买的，送货很快，款式表哥很喜欢,帮表哥买的 送货很快 款式表哥很喜欢
送货非常及时,送货非常及时
速度很快，东西很好，逼格很高，但是app有点少,速度很快 东西很好 逼格很高 但是app有点少
挺不错的，就是功能太少了，价格有点贵，总体来说还不错，很喜欢,挺不错的 就是功能太少了 价格有点贵 总体来说还不错 很喜欢
功能上谈不上惊艳，但是颜值不错。,功能上谈不上惊艳 但是颜值不错。
手表很漂亮，能在晚上，自动测心率真的太好了。无线充电也很方便，,手表很漂亮 能在晚上 自动测心率真的太好了。无线充电也很方便 
用了比较久了，还行，就是功能不多表盘凑合,用了比较久了 还行 就是功能不多表盘凑合
嗯。。。用的越久，感觉越淡，按需求来购买吧。,嗯。用的越久 感觉越淡 按需求来购买吧。
很是好用呀，帅气，很智能，很是喜欢，非常棒，喜欢很久了，买到了很是喜欢。,很是好用呀 帅气 很智能 很是喜欢 非常棒 喜欢很久了 买到了很是喜欢。
功能很强大，就是表带太吸灰尘了！,功能很强大 就是表带太吸灰尘了 
不错，可以?????????,不错 可以？
没什么新鲜感，一般吧，价格对不起这个产品,没什么新鲜感 一般吧 价格对不起这个产品
手表比上代好用,手表比上代好用
手太细表带太长?,手太细表带太长 
京东的物流就是给力，昨天下单今天上午就收到了，原包装。颜值不错，略感偏大，表盘较多，功能比S2多，试用一段时间后再作评价。,京东的物流就是给力 昨天下单今天上午就收到了 原包装。颜值不错 略感偏大 表盘较多 功能比S#NUM#多 试用一段时间后再作评价。
总体好评，手表主体设计费了心思，活动的锯齿表环来切换功能项也很便捷，屏幕触摸灵敏，然而不知为何作为手表很重要的表带却被忽视掉，佩戴时并无不适，戴上和摘下时却因表带偏硬而显得不便，建议大力出奇迹,总体好评 手表主体设计费了心思 活动的锯齿表环来切换功能项也很便捷 屏幕触摸灵敏 然而不知为何作为手表很重要的表带却被忽视掉 佩戴时并无不适 戴上和摘下时却因表带偏硬而显得不便 建议大力出奇迹
还是经典款耐看。连接的非三星手机，要装三星的套件。,还是经典款耐看。连接的非三星手机 要装三星的套件。
还可以吧不知道质量怎么样帮朋友买的,还可以吧不知道质量怎么样帮朋友买的
期待好久，昨天才入手，真的很棒，界面漂亮，使用流畅，值得拥有！,期待好久 昨天才入手 真的很棒 界面漂亮 使用流畅 值得拥有 
非常好的表，太给力了，手机的好帮手，现在手机越来越大，真的很不容易从包包里拿出来，有了这个手表这些问题都解决了，只是希望以后微信消息还有很多消息都可以独立打开不用在手机上再打开！这样的话就完美了！,非常好的表 太给力了 手机的好帮手 现在手机越来越大 真的很不容易从包包里拿出来 有了这个手表这些问题都解决了 只是希望以后微信消息还有很多消息都可以独立打开不用在手机上再打开 这样的话就完美了 
分辨率比想象中的低,分辨率比想象中的低
很好的宝贝，表示已经关注这款表很久了，颜值没的说，比apple watch漂亮很多，也更像真正的手表，唯一的遗憾就是依然没有推送三星pay，望后期能提上日程，和我的三星note5完美搭配,很好的宝贝 表示已经关注这款表很久了 颜值没的说 比apple watch漂亮很多 也更像真正的手表 唯一的遗憾就是依然没有推送三星pay 望后期能提上日程 和我的三星note#NUM#完美搭配
挺好用的！,挺好用的 
个头和做工都比S2有进步，电池真耐用基本3天无压力。,个头和做工都比S#NUM#有进步 电池真耐用基本#NUM#天无压力。
很酷！虽然用苹果手机很多功能暂时用不上，但是颜值是爆表的,很酷 虽然用苹果手机很多功能暂时用不上 但是颜值是爆表的
不错，就是表带不怎么好，自己又买了一个表带，还没到。,不错 就是表带不怎么好 自己又买了一个表带 还没到。
一直都在京东买东西，质量一直都是很好的么，会一直买下去,一直都在京东买东西 质量一直都是很好的么 会一直买下去
功能强大，比苹果的手表要好看些！,功能强大 比苹果的手表要好看些 
挺好用的！就是没有宣传中的省电。。。。,挺好用的 就是没有宣传中的省电。
发货速度很快，给朋友买的，看起来还不错,发货速度很快 给朋友买的 看起来还不错
最好用的安卓智能手表，没有之一,最好用的安卓智能手表 没有之一
用着很好，功能比以前的多多了！,用着很好 功能比以前的多多了 
东西不错，逼格够高，快递给力，是我想要的。,东西不错 逼格够高 快递给力 是我想要的。
三星手表非常棒，功能多，实用，唯一缺点就是表盘大了。,三星手表非常棒 功能多 实用 唯一缺点就是表盘大了。
东西不错，京东值得信赖。。很好买了n多次东西壳，态度也很好。,东西不错 京东值得信赖。。很好买了n多次东西壳 态度也很好。
挺好的东西不错~~~~~~~~~~~~,挺好的东西不错   
很赞，超喜欢！现在刚玩电池用的比较快，一天一充,很赞 超喜欢 现在刚玩电池用的比较快 一天一充
一个字，漂亮，就是有点厚，还是喜欢的,一个字 漂亮 就是有点厚 还是喜欢的
颜值高，灵敏度高，续航时间一般，可安装的应用减少,颜值高 灵敏度高 续航时间一般 可安装的应用减少
完美的一次购物！,完美的一次购物 
是不错，比较方便，就是容易有刮痕，好好保护才行,是不错 比较方便 就是容易有刮痕 好好保护才行
好评，东西收到了，很好哦，很喜欢，赞个！老客户了啊，希望以后有更多好东东,好评 东西收到了 很好哦 很喜欢 赞个 老客户了啊 希望以后有更多好东东
帮同事买的，上午下单下午送到，速度快，手表也很好，同事非常满意！,帮同事买的 上午下单下午送到 速度快 手表也很好 同事非常满意 
产品真的很好 ，性能也真的不错。值得拥有,产品真的很好  性能也真的不错。值得拥有
外观质量好，商品跟图描述-样,外观质量好 商品跟图描述-样
很好 很强大 准备向朋友推荐 好东东要分享,很好 很强大 准备向朋友推荐 好东东要分享
续航一般，最多三天一冲，有点小失望，别的都还可以，,续航一般 最多三天一冲 有点小失望 别的都还可以 
速度快，链接迅速，东西不错，大厂家，大品牌。,速度快 链接迅速 东西不错 大厂家 大品牌。
不错很好看,不错很好看
感觉不错，就是表带有点丑，带着很有型，衣服百搭，下了个samsung gear里面还有很多表盘可以选择?,感觉不错 就是表带有点丑 带着很有型 衣服百搭 下了个samsung gear里面还有很多表盘可以选择 
好&hellip;&hellip;，，，，，，，，,好 hellip  hellip    
扣一分是因为系统长期不更新，本来可以更完美的。待机叼爆，不玩只戴的话五天没问题，不戴的话个把月没问题。现在基本5天充一次电，这个待机时长对我来说是重点。表盘多随时换，软件够用，不用老是惦记看手机，不会错过通知消息。微信短信能收发消息，但微信语音只能发不能听，听的话要连接蓝牙耳机，本来有扬声器可以收听的但属于系统停留在gear2未更新原因。电话接打很方便，运动记录也好用。关于佩戴舒适度还行，不要卡紧，松一点舒服，表盘大小合适，小了我也不会考虑这款了。以前戴过机械表所以厚度重量没什么感觉。表带可以自己更换喜欢的包括钢表带更漂亮，外观颜值也是我选择的要点。喜欢戴表的可以拿下，只是喜欢玩数码产品的建议不要购买，没有什么好玩的。,扣一分是因为系统长期不更新 本来可以更完美的。待机叼爆 不玩只戴的话五天没问题 不戴的话个把月没问题。现在基本#NUM#天充一次电 这个待机时长对我来说是重点。表盘多随时换 软件够用 不用老是惦记看手机 不会错过通知消息。微信短信能收发消息 但微信语音只能发不能听 听的话要连接蓝牙耳机 本来有扬声器可以收听的但属于系统停留在gear#NUM#未更新原因。电话接打很方便 运动记录也好用。关于佩戴舒适度还行 不要卡紧 松一点舒服 表盘大小合适 小了我也不会考虑这款了。以前戴过机械表所以厚度重量没什么感觉。表带可以自己更换喜欢的包括钢表带更漂亮 外观颜值也是我选择的要点。喜欢戴表的可以拿下 只是喜欢玩数码产品的建议不要购买 没有什么好玩的。
特意用几个月才评价，颜值满分，蓝牙不关，抬手亮，自动心率不关，电池三天+，还是很满意的,特意用几个月才评价 颜值满分 蓝牙不关 抬手亮 自动心率不关 电池三天  还是很满意的
东西很好的，期待下次合作,东西很好的 期待下次合作
挺不错的手表，就是看了这么久，找不到合适的表盘。还有游戏可以玩。,挺不错的手表 就是看了这么久 找不到合适的表盘。还有游戏可以玩。
东西不错，值得拥有。,东西不错 值得拥有。
质感不错，流畅！就是功能少了些.自家的三星支付不支持，我午休趴桌子上眯了一会就能检测到我睡觉，老婆送我的.喜欢！！,质感不错 流畅 就是功能少了些 自家的三星支付不支持 我午休趴桌子上眯了一会就能检测到我睡觉 老婆送我的 喜欢！
和三星手机很配，不过功能确实不是太丰富,和三星手机很配 不过功能确实不是太丰富
高大上,高大上
很不错，如果加上一块钢化膜就最完美了,很不错 如果加上一块钢化膜就最完美了
真的挺好的，外观大气，时尚，用了一段时间了，苹果手机**功能无法使用。防水功能稍弱，其他挺好的。,真的挺好的 外观大气 时尚 用了一段时间了 苹果手机  功能无法使用。防水功能稍弱 其他挺好的。
很不错，目前没发现什么题，就是针对经典款设计的表盘太少了，希望改进,很不错 目前没发现什么题 就是针对经典款设计的表盘太少了 希望改进
手表很好B格很高，功能很全，可惜三星pay还不能用，犹豫了很久，最后还是没忍住入手了。,手表很好B格很高 功能很全 可惜三星pay还不能用 犹豫了很久 最后还是没忍住入手了。
还是续航问题，基本两天就没了,还是续航问题 基本两天就没了
手表很不错，外观也很好看。就是手腕较小，表盘比想象的大,手表很不错 外观也很好看。就是手腕较小 表盘比想象的大
比较满意，还好,比较满意 还好
非常漂亮，买智能手表的时候纠结了很久，最终还是选择了这款，手表功能还在学习中。京东送货很快，晚上十点下单第二天中午就到了。,非常漂亮 买智能手表的时候纠结了很久 最终还是选择了这款 手表功能还在学习中。京东送货很快 晚上十点下单第二天中午就到了。
用了3天  几乎是24小时掉25%左右的电   睡觉不戴,用了#NUM#天 几乎是#NUM#小时掉#NUM# 左右的电 睡觉不戴
续航很给力  外观质感也很棒,续航很给力 外观质感也很棒
很值得,很值得
"做工优良, 运动检测功能很很很棒, 比之前的360强很多, 不过系统不是android wear, 与手机的交互没法做到原生的那么好用, 通知\微信什么的感觉像是半成品, 但是比原生好的是支持一些独立应用, 虽然目前还不是很多, 不过还是值得期待的",做工优良  运动检测功能很很很棒  比之前的#NUM#强很多  不过系统不是android wear  与手机的交互没法做到原生的那么好用  通知 微信什么的感觉像是半成品  但是比原生好的是支持一些独立应用  虽然目前还不是很多  不过还是值得期待的
用了一个月才来评价，总体上体验不错，一次愉快的购物~,用了一个月才来评价 总体上体验不错 一次愉快的购物 
可以的，但感觉软件很鸡肋，感觉不知这个价,可以的 但感觉软件很鸡肋 感觉不知这个价
应该还好吧，买了送人的，没反馈。,应该还好吧 买了送人的 没反馈。
对于一个只需要最基础功能的我来说 表的样式 功能都很满意,对于一个只需要最基础功能的我来说 表的样式 功能都很满意
用起来不错，电池续航很好，基本能用5天以上！,用起来不错 电池续航很好 基本能用#NUM#天以上 
嗯，颜值的确不错，挺好的，没有什么缺点。,嗯 颜值的确不错 挺好的 没有什么缺点。
还不错，待机续航很满意,还不错 待机续航很满意
非常炫酷,非常炫酷
很好的手表，不错,很好的手表 不错
再薄一半就完美！,再薄一半就完美 
很不错哦，很好看。。。,很不错哦 很好看。
不错，已经第二次购买了！纯纯的国行正品！,不错 已经第二次购买了 纯纯的国行正品 
挺好的表，包装也很走心，物流也给力，昨天20点下单今天就到了,挺好的表 包装也很走心 物流也给力 昨天#NUM#点下单今天就到了
手表非常不错，但不知道怎么回事没有发票，以前在京东商城买那么多电子产品都有,手表非常不错 但不知道怎么回事没有发票 以前在京东商城买那么多电子产品都有
硬件做的很漂亮，软件功能还行，很多功能还有待开发,硬件做的很漂亮 软件功能还行 很多功能还有待开发
挺好用，电池续航不错，3天基本没问题，这个表盘不担心掉色，而且稳重。,挺好用 电池续航不错 #NUM#天基本没问题 这个表盘不担心掉色 而且稳重。
挺酷的！非常喜欢！,挺酷的 非常喜欢 
带了半个月，晃动手臂就可以增加步数，骑电动车也是骑行。,带了半个月 晃动手臂就可以增加步数 骑电动车也是骑行。
手表挺好的,手表挺好的
带一段时间了，还行，就是app不给力,带一段时间了 还行 就是app不给力
这是单机用了66小时后的电量，比较满意。,这是单机用了#NUM#小时后的电量 比较满意。
续航吊打苹果表，冲这个就得买，还有旋转表圈，很酷！,续航吊打苹果表 冲这个就得买 还有旋转表圈 很酷 
棒棒哒    s2的时候没舍得买  现在终于能用上了,棒棒哒 s#NUM#的时候没舍得买 现在终于能用上了
挺好的，用了一个星期了，充一次电，我能用三天整还剩30%，我觉得挺耐用啊，没有别人说的一天一充电的情况，反正，我觉得很满意啦，app嘛确实不多，没啥好玩的，总体很满意，样子很喜欢！,挺好的 用了一个星期了 充一次电 我能用三天整还剩#NUM#  我觉得挺耐用啊 没有别人说的一天一充电的情况 反正 我觉得很满意啦 app嘛确实不多 没啥好玩的 总体很满意 样子很喜欢 
非常漂亮，非常好看，非常喜欢，京东给的全新的非常好,非常漂亮 非常好看 非常喜欢 京东给的全新的非常好
功能挺多的 表盘主题太多了 挑不过来 就是内存太少了,功能挺多的 表盘主题太多了 挑不过来 就是内存太少了
外观好看，待机时间长，就是和非三星的安卓手机联不上，和iphone连接倒是很稳定,外观好看 待机时间长 就是和非三星的安卓手机联不上 和iphone连接倒是很稳定
这表没有买错，真好用，来电可以直接接听，还可以拨打。。。还可以扫码支付。关键是电池可以用两三天，从买来到现在还有百分之三十的电。,这表没有买错 真好用 来电可以直接接听 还可以拨打。还可以扫码支付。关键是电池可以用两三天 从买来到现在还有百分之三十的电。
还行吧正在用,还行吧正在用
三星手表手感不错，很重有质感！表带也很舒适！,三星手表手感不错 很重有质感 表带也很舒适 
必须好 功能强大 主要是太帅了,必须好 功能强大 主要是太帅了
手表很好，每天都在带！,手表很好 每天都在带 
东西很好，不是第一次买了，很喜欢，以后继续，公司个人用都很好,东西很好 不是第一次买了 很喜欢 以后继续 公司个人用都很好
表盘比想象中的大，也比一般的手表要厚，但是外观还是非常高大上的，科技感也非常强，充满电基本能用到三天，和三星宣传的差不多，和note5配合使用还是很不错的。,表盘比想象中的大 也比一般的手表要厚 但是外观还是非常高大上的 科技感也非常强 充满电基本能用到三天 和三星宣传的差不多 和note#NUM#配合使用还是很不错的。
用了一圈还是gear好用！,用了一圈还是gear好用 
还不错，续航不错,还不错 续航不错
和想象中一样给力，总的很不错，只不过应用软件真心少,和想象中一样给力 总的很不错 只不过应用软件真心少
好用！比我的佳明体积要小很多！,好用 比我的佳明体积要小很多 
挺不错，续航无压力,挺不错 续航无压力
才到手，外观特别运动，要是能再薄点更好了,才到手 外观特别运动 要是能再薄点更好了
老公很喜欢，价格很优惠,老公很喜欢 价格很优惠
我的第一块智能手表，想要很久啦，京东还是一如既往地块，打开包装的时候被惊艳到了，系统流畅，功能也很多，不过软件市场的内容还要丰富，国行还不支持移动支付。,我的第一块智能手表 想要很久啦 京东还是一如既往地块 打开包装的时候被惊艳到了 系统流畅 功能也很多 不过软件市场的内容还要丰富 国行还不支持移动支付。
大气，比s2有范,大气 比s#NUM#有范
东西不错，就是三星太坑了送的表带l码的带起来长了s码的小了我都很无语了，能不能行了，京东服务还可以，送货速度也快！！表很喜欢，主要吐槽表带，取也不好取带也不好带，要不大了要不小了，还要自己买表带很无语！！,东西不错 就是三星太坑了送的表带l码的带起来长了s码的小了我都很无语了 能不能行了 京东服务还可以 送货速度也快！表很喜欢 主要吐槽表带 取也不好取带也不好带 要不大了要不小了 还要自己买表带很无语！
快递速度超级超级快,快递速度超级超级快
感觉真的很好，戴上去也特别的舒适,感觉真的很好 戴上去也特别的舒适
带了半个月，不错的小玩意,带了半个月 不错的小玩意
挺不错的智能手表，操作很方便，人性化,挺不错的智能手表 操作很方便 人性化
很不错。能检测睡眠等等,很不错。能检测睡眠等等
不错，挺好用，就是表盘容易刮花！,不错 挺好用 就是表盘容易刮花 
烦死了，不想评价呢！??????,烦死了 不想评价呢 ？
除了价格不好，其它都不错。漂亮极啦！。,除了价格不好 其它都不错。漂亮极啦 。
刚收到货，先用几天看看,刚收到货 先用几天看看
非常完美的一款产品。不是我不爱国，国内没有替代品。,非常完美的一款产品。不是我不爱国 国内没有替代品。
比想象中还要好，有点重，手感相当不错。,比想象中还要好 有点重 手感相当不错。
用了几个月了，续航能力的确不错，APP的确少了点，外形很酷。,用了几个月了 续航能力的确不错 APP的确少了点 外形很酷。
我真的无语，既然微信只能收信息，不能发信息，，唯一不满︶︿︶,我真的无语 既然微信只能收信息 不能发信息  唯一不满   
话说将比分扩大,话说将比分扩大
造型和做工也很好，硬件完美，软件缺乏啊，期待微信，打车和美团点评能早日用上。,造型和做工也很好 硬件完美 软件缺乏啊 期待微信 打车和美团点评能早日用上。
漂亮，时尚，动感，待机2天。,漂亮 时尚 动感 待机#NUM#天。
测试中，软件还是鸡肋～,测试中 软件还是鸡肋 
东西杠杠的，5星好评必须要,东西杠杠的 #NUM#星好评必须要
有点厚其他蛮不错的,有点厚其他蛮不错的
硬件做得很好,硬件做得很好
软件还是差很多,软件还是差很多
配送快，宝贝不错，特用了一天来评价，没感到有不好的，有些功能还没能用上，之后再试试。。。。。。。。。。。。。。,配送快 宝贝不错 特用了一天来评价 没感到有不好的 有些功能还没能用上 之后再试试。
用起还不错,用起还不错
大爱三星,大爱三星
用了两个月才来评价的。外观很漂亮，表盘种类很多，日常使用电池可待机三天；蓝牙连接快，也可以脱离手机单独连接蓝牙耳机播放音乐;但与apple watch一样离开手机不能接打电话；同时只能连接一部手机，要连第二部手机就得初始化重置手表，这样就要重新下载各类APP等应用。,用了两个月才来评价的。外观很漂亮 表盘种类很多 日常使用电池可待机三天 蓝牙连接快 也可以脱离手机单独连接蓝牙耳机播放音乐 但与apple watch一样离开手机不能接打电话 同时只能连接一部手机 要连第二部手机就得初始化重置手表 这样就要重新下载各类APP等应用。
非常好用。功能也很多 比想象好多了,非常好用。功能也很多 比想象好多了
挺酷的,挺酷的
目前一切正常，，，，，，，，，，，，，。,目前一切正常   。
挺好的，不错的产品,挺好的 不错的产品
好吧，用着还不错，轻度使用三天多的待机。暂时还没有发现掉漆现象,好吧 用着还不错 轻度使用三天多的待机。暂时还没有发现掉漆现象
非常不错的产品，和s7匹配完美。就是没有微信之类的软件，只能看微信，不能回复，希望以后更新完善一下。总体来说还是非常人性化的的设备。好评！,非常不错的产品 和s#NUM#匹配完美。就是没有微信之类的软件 只能看微信 不能回复 希望以后更新完善一下。总体来说还是非常人性化的的设备。好评 
抛开手机问题，三星的智能手表从S2开始就对路了，至少外观是手表的样子，现在配套app也支持iOS了，AW如果还没创新基本就废掉了,抛开手机问题 三星的智能手表从S#NUM#开始就对路了 至少外观是手表的样子 现在配套app也支持iOS了 AW如果还没创新基本就废掉了
白条买的，总体来说还可以，挺满意的,白条买的 总体来说还可以 挺满意的
是正品的，不过就是app太少，功能也不怎么样好，不过还是挺好看的,是正品的 不过就是app太少 功能也不怎么样好 不过还是挺好看的
"看到自营有了G3,果断拿下，之前便宜的贵的各种品牌的都看过，买了又退了的也有，原因种种。但是看到G3我决定不再犹豫了，收到以后先仔细阅读了使用说明书，充好电，下载表盘，程序，导入音乐图片&hellip;&hellip;爱不释手，折腾了一晚上，今天决定带着出去走两步~",看到自营有了G#NUM# 果断拿下 之前便宜的贵的各种品牌的都看过 买了又退了的也有 原因种种。但是看到G#NUM#我决定不再犹豫了 收到以后先仔细阅读了使用说明书 充好电 下载表盘 程序 导入音乐图片 hellip  hellip 爱不释手 折腾了一晚上 今天决定带着出去走两步 
嗯，送朋友了然后，而目前为止没有什么不好的反馈,嗯 送朋友了然后 而目前为止没有什么不好的反馈
送货速度没的说，功能还在摸索中，东西么问题，很喜欢,送货速度没的说 功能还在摸索中 东西么问题 很喜欢
送货速度倒是快，就是大家购买时注意到三星官网看看手机匹配型号，不是名单里的手机根本匹配不了，希望后续三星更新有这方面的关注和优化，始终市场手机不是一家独大,送货速度倒是快 就是大家购买时注意到三星官网看看手机匹配型号 不是名单里的手机根本匹配不了 希望后续三星更新有这方面的关注和优化 始终市场手机不是一家独大
还可以，就是没赠品，不大满意,还可以 就是没赠品 不大满意
个人推荐经典版，特别是上班族适合，之前买过黑色的，因为太休闲了，而且感觉太大了，换了银色的好了很多，还有推荐换皮带，原装的皮带实在太厚太硬了,个人推荐经典版 特别是上班族适合 之前买过黑色的 因为太休闲了 而且感觉太大了 换了银色的好了很多 还有推荐换皮带 原装的皮带实在太厚太硬了
不错  戴着很好看  很酷,不错 戴着很好看 很酷
用了很久了，舒适度很好，性能也很好，就是还不支持三星pay,用了很久了 舒适度很好 性能也很好 就是还不支持三星pay
买了一个自己用，朋友见到手表外型一下子就喜欢了，帮朋友下单。朋友用苹果系统的，刚开始不太会用，摸索几天后大赞！,买了一个自己用 朋友见到手表外型一下子就喜欢了 帮朋友下单。朋友用苹果系统的 刚开始不太会用 摸索几天后大赞 
不太适用,不太适用
应用少是真的，但一般情况下还挺好玩的。表盘多，但是换换也就没啥感觉了。打电话挺清楚的，开车接电话时候握方向盘就行。防水没试。续航也不错，不开常亮能撑两天多。晚上露个表骚的不行。没了。,应用少是真的 但一般情况下还挺好玩的。表盘多 但是换换也就没啥感觉了。打电话挺清楚的 开车接电话时候握方向盘就行。防水没试。续航也不错 不开常亮能撑两天多。晚上露个表骚的不行。没了。
不错，挺满意,不错 挺满意
好，但是用iOS有些功能不支持，京东物流给力,好 但是用iOS有些功能不支持 京东物流给力
戴了几天才来评价，感觉很好！,戴了几天才来评价 感觉很好 
送货快，刚收到货，还没有来得及用就评价了,送货快 刚收到货 还没有来得及用就评价了
是我想要的手边 和苹果7p也可以连接使用,是我想要的手边 和苹果#NUM#p也可以连接使用
表很帅，都是看了很久才买到，自己换了表带,表很帅 都是看了很久才买到 自己换了表带
功能我觉得挺强大的，表盘样式很丰富。能打电话，能发消息。就是再能回复微信就更好了。,功能我觉得挺强大的 表盘样式很丰富。能打电话 能发消息。就是再能回复微信就更好了。
用了一段时间才写评价。当初是心里斗争了很久才下决心买的，原来一直以为会很鸡肋的一款产品，没想到自买回来这一个多月除了充电基本都带着呢，连晚上睡觉也带着，配套使用三星的S健康APP除了日常运动外还可以监控睡眠质量，现在感觉没了手表还不太习惯了。,用了一段时间才写评价。当初是心里斗争了很久才下决心买的 原来一直以为会很鸡肋的一款产品 没想到自买回来这一个多月除了充电基本都带着呢 连晚上睡觉也带着 配套使用三星的S健康APP除了日常运动外还可以监控睡眠质量 现在感觉没了手表还不太习惯了。
刚收到感觉很惊艳，用了几天功能还不错，就是待机不怎么行，只能坚持不到两天时间，还有就是手表的转盘竟然掉色了，早知道买经典版的，纯银色还好看,刚收到感觉很惊艳 用了几天功能还不错 就是待机不怎么行 只能坚持不到两天时间 还有就是手表的转盘竟然掉色了 早知道买经典版的 纯银色还好看
用了一段时间，很好，不错,用了一段时间 很好 不错
送礼的，感觉吧还是很不错的，就是戴着稍微有一点点大,送礼的 感觉吧还是很不错的 就是戴着稍微有一点点大
实用性不高 外高很漂亮  要是更薄一点就好了,实用性不高 外高很漂亮 要是更薄一点就好了
前年买了块S2，一直遗憾不能通话，S3让我实现了愿望，而且功能多了不少，并超常待机。赞赞赞！,前年买了块S#NUM# 一直遗憾不能通话 S#NUM#让我实现了愿望 而且功能多了不少 并超常待机。赞赞赞 
功能很强大！,功能很强大 
好  就是电池不怎么耐用,好 就是电池不怎么耐用
首先很漂亮，做工和屏幕都很上档次。其次用一段时间后感觉不是刚需。心率什么的功能都很准，运动提醒什么的也很贴心，和s7 edge是搭配很爽。以后若能支持三星智付更好。,首先很漂亮 做工和屏幕都很上档次。其次用一段时间后感觉不是刚需。心率什么的功能都很准 运动提醒什么的也很贴心 和s#NUM# edge是搭配很爽。以后若能支持三星智付更好。
不错，软件很少。,不错 软件很少。
功能全，好用。,功能全 好用。
手机此表都在京东商城上购买的，此表确实比较大气有颜值，也方便好用，如有专用微信等通讯的APP那就好，软件比较少。,手机此表都在京东商城上购买的 此表确实比较大气有颜值 也方便好用 如有专用微信等通讯的APP那就好 软件比较少。
物流给力，超级喜欢,物流给力 超级喜欢
好看，上档次,好看 上档次
快递很快        第一天戴          感觉不错,快递很快 第一天戴 感觉不错
好评，电池也够用。,好评 电池也够用。
很好，带着很舒服，很时尚，很好看。实用性还可以，天天带着。很喜欢。好评好评,很好 带着很舒服 很时尚 很好看。实用性还可以 天天带着。很喜欢。好评好评
表颜值还是不错的，只可惜三星做软件真是差啊，能用的APP实在少的可怜，自带的语音控制也不好使,表颜值还是不错的 只可惜三星做软件真是差啊 能用的APP实在少的可怜 自带的语音控制也不好使
很不错和三星手机是绝配。,很不错和三星手机是绝配。
很好，功能好多,很好 功能好多
样子不错，实用的软件较少,样子不错 实用的软件较少
不错的使用体验 iOS 体验不完美 还算满意吧,不错的使用体验 iOS 体验不完美 还算满意吧
表盘很大， 三星Pay都不支持  NFC什么的暂时没卵用  洗澡，游泳不能戴挺遗憾的，  暂时没什么可玩性?,表盘很大  三星Pay都不支持 NFC什么的暂时没卵用 洗澡 游泳不能戴挺遗憾的  暂时没什么可玩性 
质量很好并且外观很好看，物流很给力的,质量很好并且外观很好看 物流很给力的
还可以的，虽然贵点,还可以的 虽然贵点
感觉不错，功能强，充满电不开齐功能可以用四五天。,感觉不错 功能强 充满电不开齐功能可以用四五天。
还行，目前没发现什么不好。,还行 目前没发现什么不好。
讲真。1，电量来说，不重度使用，两天没问题。,讲真。#NUM# 电量来说 不重度使用 两天没问题。
2，外观绝对没的说，比起老婆的iwhach好多了，但是各有所爱吧。,#NUM# 外观绝对没的说 比起老婆的iwhach好多了 但是各有所爱吧。
3，背面测心率的，如果是男士出汗多的话，很容易脏。,#NUM# 背面测心率的 如果是男士出汗多的话 很容易脏。
4，总体来说还是不错的！！！,#NUM# 总体来说还是不错的！
帮朋友买的，应该还可以吧，她没有说不好，应该就是可以的,帮朋友买的 应该还可以吧 她没有说不好 应该就是可以的
给朋友的，挺好的,给朋友的 挺好的
用了一段时间，感觉还行，表很漂亮，表盘多。续航比宣传和想象差！,用了一段时间 感觉还行 表很漂亮 表盘多。续航比宣传和想象差 
"装逼神器啊.非常喜欢,心里话,就是价格有点贵了!",装逼神器啊 非常喜欢 心里话 就是价格有点贵了 
有点厚，习惯就好了，第一次戴这么贵的表,有点厚 习惯就好了 第一次戴这么贵的表
手表到手！外观真是美得没话说，买的经典款，感觉比先锋款更高大上，上手感觉很棒，回头再配个喜欢的表带感觉棒棒哒~,手表到手 外观真是美得没话说 买的经典款 感觉比先锋款更高大上 上手感觉很棒 回头再配个喜欢的表带感觉棒棒哒 
表带太硬,表带太硬
速度很快，货到了，是正品，电量够用功能强大,速度很快 货到了 是正品 电量够用功能强大
用了几天感觉，好看的表盘软件都要钱&hellip;&hellip;      应用不是很多，跑秒还的下个软件，下载的有的不支持添加，表带刚刚不好松一个大，紧一个紧。做工挺好，表带再改进下就更好了。五星，京东自营没毛病。,用了几天感觉 好看的表盘软件都要钱 hellip  hellip  应用不是很多 跑秒还的下个软件 下载的有的不支持添加 表带刚刚不好松一个大 紧一个紧。做工挺好 表带再改进下就更好了。五星 京东自营没毛病。
期盼许久了 终于得到你  功能强大 运行完美,期盼许久了 终于得到你 功能强大 运行完美
无法更新或者安装大于3M的软件，不知为什么,无法更新或者安装大于#NUM#M的软件 不知为什么
"不针对京东，只针对这款产品，我想说这实在太鸡肋太不成熟，定价还不低。RAM够用可ROM可用的只有可怜的1.5G,歌都放不了几个，软件简单到无法正常使用地步，而且能凑合用的软件不超过三个，也就换表盘能有点实际作用了。",不针对京东 只针对这款产品 我想说这实在太鸡肋太不成熟 定价还不低。RAM够用可ROM可用的只有可怜的#NUM# #NUM#G 歌都放不了几个 软件简单到无法正常使用地步 而且能凑合用的软件不超过三个 也就换表盘能有点实际作用了。
大爱啊  喜欢 今天上手第一天  希望以后不要出啥问题  五星好评,大爱啊 喜欢 今天上手第一天 希望以后不要出啥问题 五星好评
比想象中大，厚，能小点就完美了。体验挺好，特别是开车时接电话方便，发微信也挺好，电池过的去，基本符合官方给出的续航时间，值得购买。唯一吐槽的是包装，外盒加一个京东的塑料袋，感觉比地摊货包装都简陋??,比想象中大 厚 能小点就完美了。体验挺好 特别是开车时接电话方便 发微信也挺好 电池过的去 基本符合官方给出的续航时间 值得购买。唯一吐槽的是包装 外盒加一个京东的塑料袋 感觉比地摊货包装都简陋？
真的很帅的一款手表，用了一天，各种功能超级实用，超级喜欢.,真的很帅的一款手表 用了一天 各种功能超级实用 超级喜欢 
她是不是说话我们一起吃饭的时候再说我是不是有什么时候来一下你在江湖身不由己啊,她是不是说话我们一起吃饭的时候再说我是不是有什么时候来一下你在江湖身不由己啊
感觉挺酷的    就看续航给力不给力,感觉挺酷的 就看续航给力不给力
看图片好看，但是到手感觉一般，表带麻麻吾是自已喜欢款式。微信只能收到提示和文字，图片语音打不开和发不了，等待改进。,看图片好看 但是到手感觉一般 表带麻麻吾是自已喜欢款式。微信只能收到提示和文字 图片语音打不开和发不了 等待改进。
真的不错，功能实用，颜值爆表。,真的不错 功能实用 颜值爆表。
派送非常快！手表非常喜欢。,派送非常快 手表非常喜欢。
正品未开封，包装也很好，功能刚刚开始摸索，表盘屏幕非常清晰漂亮,正品未开封 包装也很好 功能刚刚开始摸索 表盘屏幕非常清晰漂亮
正在试用，以后再评。,正在试用 以后再评。
还不错，就是APP有点少，希望以后能增多,还不错 就是APP有点少 希望以后能增多
就是喜欢三星的，产品各方面的功能、做工、设计理念都很不错，很到位，密谋三星的手表已经很久了，一年前想买S2，后来S3出了，也在京东关注很久，刚开始没有京东自营的，不喜欢，自从京东自营有货之后，更加心动不已，终于下单了。收到好开心。,就是喜欢三星的 产品各方面的功能、做工、设计理念都很不错 很到位 密谋三星的手表已经很久了 一年前想买S#NUM# 后来S#NUM#出了 也在京东关注很久 刚开始没有京东自营的 不喜欢 自从京东自营有货之后 更加心动不已 终于下单了。收到好开心。
送货非常快，价格也比官网便宜，超值！,送货非常快 价格也比官网便宜 超值 
真心喜欢啊，功能特别使用的，样子酷爆了！！,真心喜欢啊 功能特别使用的 样子酷爆了！
表挺好的，就是是越南产的，网上说国行只有中国的三个地方生产，不知道是不是真的。手表目前不满意的地方就是微信不能回群信息。收个人语音信息要用蓝牙才能是什么鬼？能打电话居然不能听信息？这个三星工程师应该能解决吧！,表挺好的 就是是越南产的 网上说国行只有中国的三个地方生产 不知道是不是真的。手表目前不满意的地方就是微信不能回群信息。收个人语音信息要用蓝牙才能是什么鬼 能打电话居然不能听信息 这个三星工程师应该能解决吧 
效果还好，做工倒是很不错,效果还好 做工倒是很不错
手表很漂亮，功能齐全，只是续航能力不太理想 ，大概两天一冲，总之来讲还是比较满意的,手表很漂亮 功能齐全 只是续航能力不太理想  大概两天一冲 总之来讲还是比较满意的
满满的运动风。质感超爱。微信只能提醒，信息可直接在手表上收、复。手写、拼音、笔画输入。主打s健康。运动模式完美监测。心率监测不太靠谱。百度地图可用 同花顺可用 。和苹果比较，我更喜欢这款。,满满的运动风。质感超爱。微信只能提醒 信息可直接在手表上收、复。手写、拼音、笔画输入。主打s健康。运动模式完美监测。心率监测不太靠谱。百度地图可用 同花顺可用 。和苹果比较 我更喜欢这款。
不错，使用两天没一点问题，重度1天也没问题！表盘真多，做工精良，使用方便！,不错 使用两天没一点问题 重度#NUM#天也没问题 表盘真多 做工精良 使用方便 
手表帅的不行不行的,手表帅的不行不行的
收到后我就把apple watch送别人了，真的是完爆它，不管是从外观还是电池续航以及实际使用来说都完爆apple watch！颜值超高，我很喜欢！,收到后我就把apple watch送别人了 真的是完爆它 不管是从外观还是电池续航以及实际使用来说都完爆apple watch 颜值超高 我很喜欢 
买了用了一周感觉不错值了,买了用了一周感觉不错值了
用了一段时间，功能还是挺齐全的，样式也挺满意，目前NFC支付还没开通，佩带舒适度不是很好，表带偏硬，摘戴不是不太方便。,用了一段时间 功能还是挺齐全的 样式也挺满意 目前NFC支付还没开通 佩带舒适度不是很好 表带偏硬 摘戴不是不太方便。
1.送货时间很满意，头天下午订货，第二天上午就到了；2.微信服务只能回复个人聊天，群聊没法回复；无法查看聊天图片和视频；其实也没多大用处，不如手机方便；3.内存偏小；4.电池可以，上下班开车时连手机，其他时候断开，偶尔听歌，四天；5.作为智能手表，已经够用了，完全胜任，接打电话，听歌，看地图，闹铃等,#NUM# 送货时间很满意 头天下午订货 第二天上午就到了 #NUM# 微信服务只能回复个人聊天 群聊没法回复 无法查看聊天图片和视频 其实也没多大用处 不如手机方便 #NUM# 内存偏小 #NUM# 电池可以 上下班开车时连手机 其他时候断开 偶尔听歌 四天 #NUM# 作为智能手表 已经够用了 完全胜任 接打电话 听歌 看地图 闹铃等
做工不错，颜值高。表带不透气，硬,做工不错 颜值高。表带不透气 硬
很不错的智能手表！操作不是很复杂！值得推荐购买！,很不错的智能手表 操作不是很复杂 值得推荐购买 
手表还是不错的，但是原装表带太差了,手表还是不错的 但是原装表带太差了
手表颜值很高，做工不错&hellip;&hellip;缺点就是应用太少了，而且国行暂时还不支持三星pay,手表颜值很高 做工不错 hellip  hellip 缺点就是应用太少了 而且国行暂时还不支持三星pay
刚用了半天，还不错，微信助手发文字不成功，只能发语音，其他功能再慢慢研究中，软件应该更丰富一些就好了,刚用了半天 还不错 微信助手发文字不成功 只能发语音 其他功能再慢慢研究中 软件应该更丰富一些就好了
真心漂亮好用，就是待机时间有点短,真心漂亮好用 就是待机时间有点短
很好，比iwatch要好用！,很好 比iwatch要好用 
不错的宝贝！,不错的宝贝 
发货包装一般，盒子里没有填充物，我这么一个电子产品，就在那么大的盒子里晃来晃去的晃几百公里路。,发货包装一般 盒子里没有填充物 我这么一个电子产品 就在那么大的盒子里晃来晃去的晃几百公里路。
不错 就是测心跳频率的经常测不出来 待机时间也不长。,不错 就是测心跳频率的经常测不出来 待机时间也不长。
收到除了充电一直没有摘下来，喜欢,收到除了充电一直没有摘下来 喜欢
电池还是差点意思，表带档次欠点。其他完美。,电池还是差点意思 表带档次欠点。其他完美。
很满意，表盘不开常亮，可以使用两三天，比苹果表好太多了！,很满意 表盘不开常亮 可以使用两三天 比苹果表好太多了 
用了一段时间来评价的，就当电子表和智能手环的综合体戴了,用了一段时间来评价的 就当电子表和智能手环的综合体戴了
外观漂亮，就是不能和苹果手机兼容,外观漂亮 就是不能和苹果手机兼容
东西可以，就是充电麻烦。。。。,东西可以 就是充电麻烦。
我是挺喜欢的，年前就想买了，一直没出手，现在狠下心了，买了，没让我失望,我是挺喜欢的 年前就想买了 一直没出手 现在狠下心了 买了 没让我失望
东西收到还不错，配送速度挺快的,东西收到还不错 配送速度挺快的
做工还是不错的，可以跟Iwatch媲美，智能手表里目前为止最满意的一款，如果能再薄一点就更好了。,做工还是不错的 可以跟Iwatch媲美 智能手表里目前为止最满意的一款 如果能再薄一点就更好了。
挺漂亮的，功能还没完全搞懂，值得入手！京东真不是盖的，专卖店都没货，京东一键搞定！,挺漂亮的 功能还没完全搞懂 值得入手 京东真不是盖的 专卖店都没货 京东一键搞定 
续航可以的  微信可以回复。总体来说很满意，还有逼格。,续航可以的 微信可以回复。总体来说很满意 还有逼格。
不错  特别漂亮  物流速度超快,不错 特别漂亮 物流速度超快
谢谢京东小哥的极速送达！下午就可以送朋友了。,谢谢京东小哥的极速送达 下午就可以送朋友了。
心累的时候，换个角度看世界；压抑的时侯，换个环境深呼吸；困惑的时候，换个角度去思考；犹豫的时候，换个思路去选择。,心累的时候 换个角度看世界 压抑的时侯 换个环境深呼吸 困惑的时候 换个角度去思考 犹豫的时候 换个思路去选择。
不错，就是感觉带子有点贴手,不错 就是感觉带子有点贴手
很好，就是表带能设计成钛我好。,很好 就是表带能设计成钛我好。
物美价廉，干净素雅，值得拥有。,物美价廉 干净素雅 值得拥有。
很给力，比较贴近生活。,很给力 比较贴近生活。
什么都好，就是变成繁体字就不爽，续航还不错，什么时候解决这个bug哦,什么都好 就是变成繁体字就不爽 续航还不错 什么时候解决这个bug哦
还不错 使用中,还不错 使用中
很好，很满意，表盘样式特别多,很好 很满意 表盘样式特别多
正在体验中，暂未发现问题,正在体验中 暂未发现问题
我想请教一下  连接苹果手机  微信来了怎么看,我想请教一下 连接苹果手机 微信来了怎么看
送货很快，上午定的，下午就送到！,送货很快 上午定的 下午就送到 
确实不错。电量表盘都很给力。但是ios支持不太好，支付  宝不支持,确实不错。电量表盘都很给力。但是ios支持不太好 支付 宝不支持
超级棒，比之前的moto360好用的不是一点半点,超级棒 比之前的moto#NUM#好用的不是一点半点
挺不错,挺不错
不错的产品。,不错的产品。
继买，非常好，比苹果强太多了。什么时候，移动商们放开写码，就完美了。**，微信要会装才行&hellip;,继买 非常好 比苹果强太多了。什么时候 移动商们放开写码 就完美了。   微信要会装才行 hellip 
安卓苹果均可联机，使用方便，目前比较理想的智能手表！,安卓苹果均可联机 使用方便 目前比较理想的智能手表 
还可以，就是连苹果手机不太好用,还可以 就是连苹果手机不太好用
为了配s7e买的，很好用.3.表盘超酷der,为了配s#NUM#e买的 很好用 #NUM# 表盘超酷der
逼格满满的，非常喜欢！！！！,逼格满满的 非常喜欢！
很叼很牛逼。装逼神器，很叼很牛逼。装逼神器,很叼很牛逼。装逼神器 很叼很牛逼。装逼神器
质量好,质量好
物流快，早上下单下午就到，之前觉得经典版不错但是没货，今天买完先锋版经典马上到货呵呵，不过先锋版到手后感觉很好看不错，也不后悔，功能很多，比格很高，慢慢摸索吧！手表整体不错，我觉得唯一的缺点说明书，文字信息太简陋！,物流快 早上下单下午就到 之前觉得经典版不错但是没货 今天买完先锋版经典马上到货呵呵 不过先锋版到手后感觉很好看不错 也不后悔 功能很多 比格很高 慢慢摸索吧 手表整体不错 我觉得唯一的缺点说明书 文字信息太简陋 
真心的不错科技面前我们抛开国界,真心的不错科技面前我们抛开国界
到货很快，手表很漂亮，天天用,到货很快 手表很漂亮 天天用
很棒，用起来很舒服，颜值很不错~,很棒 用起来很舒服 颜值很不错 
B格挺高的。与我的s7e完美适配。挺美观的一个表。旋转表冠也是智能手表目前做的最好的人机交互了。可能就是app方面仍然需要加强吧。太少了。,B格挺高的。与我的s#NUM#e完美适配。挺美观的一个表。旋转表冠也是智能手表目前做的最好的人机交互了。可能就是app方面仍然需要加强吧。太少了。
收到货有几天，货正品，等用一段时间再来评价,收到货有几天 货正品 等用一段时间再来评价
颜值很高，功能也很多，屏幕常亮自动心率状态下一天半没问题,颜值很高 功能也很多 屏幕常亮自动心率状态下一天半没问题
很满意，隔天到货，手表也很强大。,很满意 隔天到货 手表也很强大。
东西不错还在使用中，用一段时间后再追加。,东西不错还在使用中 用一段时间后再追加。
东西还不错，快递依然给力,东西还不错 快递依然给力
刚到就用上了，还可以吧！就是有些功能还不会用，外观没得说！装B神器！就是不知道电够用不？就是这表带爱吸灰尘！,刚到就用上了 还可以吧 就是有些功能还不会用 外观没得说 装B神器 就是不知道电够用不 就是这表带爱吸灰尘 
很好，试用中,很好 试用中
表不错，就是价格不便宜,表不错 就是价格不便宜
物流一如既往的给力，十来个小时就送到。东西不错，慢慢摸索中,物流一如既往的给力 十来个小时就送到。东西不错 慢慢摸索中
美观大方上档次,美观大方上档次
带起来很舒服，功能使用～满电大概能用3天，很满意,带起来很舒服 功能使用 满电大概能用#NUM#天 很满意
好用的智能手表，没有之一！,好用的智能手表 没有之一 
体验完美，大大超乎预期,体验完美 大大超乎预期
考虑了好久终于下定决心买了，宝贝收到很满意，朋友看了很羡慕。和我说s7edge很配哟！,考虑了好久终于下定决心买了 宝贝收到很满意 朋友看了很羡慕。和我说s#NUM#edge很配哟 
专卖店3199，京东2799，真金白银的省啊！正品无疑,专卖店#NUM# 京东#NUM# 真金白银的省啊 正品无疑
很棒呢。很喜欢。就是还没摸透,很棒呢。很喜欢。就是还没摸透
物流很快，京东保证是正品。三星手表很酷很炫,物流很快 京东保证是正品。三星手表很酷很炫
外观不错，续航不好。,外观不错 续航不好。
好用，续航有待提高,好用 续航有待提高
快递非常给力，一天就到了，手表也比二代增加了很多功能,快递非常给力 一天就到了 手表也比二代增加了很多功能
京东物流快到没朋友,京东物流快到没朋友
颜值超高的手表，你值得拥有。十二期免息，真的不错。,颜值超高的手表 你值得拥有。十二期免息 真的不错。
手表通话效果不错，功能齐全。但是软件少，好表盘都要收费。,手表通话效果不错 功能齐全。但是软件少 好表盘都要收费。
哈哈哈哈哈哈好,哈哈哈好
非常好，很酷很炫！,非常好 很酷很炫 
终于入手了，现在表盘都是为frontier做的，感觉适合classic的比较少,终于入手了 现在表盘都是为frontier做的 感觉适合classic的比较少
很好的表，非常好用，待机时间如果经常用的话是2天，唯一我觉得不好的是不能播放视频,很好的表 非常好用 待机时间如果经常用的话是#NUM#天 唯一我觉得不好的是不能播放视频
好好好好啊不,好好好啊不
除了不能插卡，应用软件少点，其他都挺好，电池3天没问题,除了不能插卡 应用软件少点 其他都挺好 电池#NUM#天没问题
自营的东西放心，发货也快，快递给力,自营的东西放心 发货也快 快递给力
爱不释手,爱不释手
为什么我的表都是繁体中文？还不能调整？,为什么我的表都是繁体中文 还不能调整 
手机上iphone。,手机上iphone。
东东还不错吧，孩子买的，已经带走了,东东还不错吧 孩子买的 已经带走了
戴着不舒服，测心率必须把手表向上移，手腕处不能测心率，其他都好,戴着不舒服 测心率必须把手表向上移 手腕处不能测心率 其他都好
&hellip;&hellip;, hellip  hellip 
戴了一段时间，手表很酷很强大，表盘不设为常亮的话待机三四天 问题不大，常亮情况下一般也就两天时间。但APP较少，希望后期的开发更给力一些,戴了一段时间 手表很酷很强大 表盘不设为常亮的话待机三四天 问题不大 常亮情况下一般也就两天时间。但APP较少 希望后期的开发更给力一些
手表可以，就是续航还有待提高呀！差不多三千块贵了,手表可以 就是续航还有待提高呀 差不多三千块贵了
很好，一直带着,很好 一直带着
好！（此回复虽然只有一个字，但却淋漓尽致的描述出了本人内心对店主深深的敬佩之情，完美的诠释了千言万语只归一个字的至高文学层次，突显了本人那非同小般的文学功底，真可谓意境深远，乃是百年难得一见的好好评，再加上好评以感叹号收尾，更是为整个好评添上点睛之笔，在照应全文的同时，也能引发读者灵魂深处的共鸣，可以说，有了这个感叹号后，整个好评在层次上又爬高了另一个层次，其精妙程度令人叹为观止！）,好  此回复虽然只有一个字 但却淋漓尽致的描述出了本人内心对店主深深的敬佩之情 完美的诠释了千言万语只归一个字的至高文学层次 突显了本人那非同小般的文学功底 真可谓意境深远 乃是百年难得一见的好好评 再加上好评以感叹号收尾 更是为整个好评添上点睛之笔 在照应全文的同时 也能引发读者灵魂深处的共鸣 可以说 有了这个感叹号后 整个好评在层次上又爬高了另一个层次 其精妙程度令人叹为观止  
手表是挺好，但我的小米5s连不上，比较无奈,手表是挺好 但我的小米#NUM#s连不上 比较无奈
不错，很漂亮，电池也耐用，一直亮屏，也能撑两天,不错 很漂亮 电池也耐用 一直亮屏 也能撑两天
早上十点多下单，下午四点多送到，快快快！京东的物流赞一个！虽然有心理准备，但拿到手表后感觉还是比想象中大了一点，在戴上手后效果还不错，而且手表的信息量也不是普通手表可比的，所以应该是这样的尺寸。暂时觉得有非常多可更换的表面是不错的，其他功能要慢慢体会。缺点吧，手表能薄一点更好，续航时间两三天有点短。,早上十点多下单 下午四点多送到 快快快 京东的物流赞一个 虽然有心理准备 但拿到手表后感觉还是比想象中大了一点 在戴上手后效果还不错 而且手表的信息量也不是普通手表可比的 所以应该是这样的尺寸。暂时觉得有非常多可更换的表面是不错的 其他功能要慢慢体会。缺点吧 手表能薄一点更好 续航时间两三天有点短。
怎一个好字了得。。无以言表,怎一个好字了得。。无以言表
还可以   就只是更新软件后安装好慢   而且  蓝牙总有时会断开???,还可以 就只是更新软件后安装好慢 而且 蓝牙总有时会断开？
表做工不错，功能有待研究，,表做工不错 功能有待研究 
和三星手机配合使用十分方便高效！,和三星手机配合使用十分方便高效 
还行吧 功能还可以 和手机联动不行,还行吧 功能还可以 和手机联动不行
总体讲不错，但软件支持较少,总体讲不错 但软件支持较少
手表不错，就是表带感觉不太好用，有点有点硌手,手表不错 就是表带感觉不太好用 有点有点硌手
体验很好，很好玩，就是内存太小了,体验很好 很好玩 就是内存太小了
真的挺好的，很好用。非常不错！,真的挺好的 很好用。非常不错 
个人感觉还不错,个人感觉还不错
全新正品，行货，越南产。功能强，颜值高，价格也实惠。,全新正品 行货 越南产。功能强 颜值高 价格也实惠。
电池不错，省一些用的话，四五天没问题。,电池不错 省一些用的话 四五天没问题。
很赞~说能戴个几天！我这强迫症看到没多少电就忍不住要充的人?,很赞 说能戴个几天 我这强迫症看到没多少电就忍不住要充的人 
总之很好用~这表盘够酷！！,总之很好用 这表盘够酷！
非常的，不错就是用了几天感觉表盘开始有一些松动，不知道是不是通病,非常的 不错就是用了几天感觉表盘开始有一些松动 不知道是不是通病
原装正品，服务一流！,原装正品 服务一流 
都好，就是太吸灰尘,都好 就是太吸灰尘
外观还是可以的，软件少的可怜，微信不能回复信息，健康数据不能同步到微信和qq，更奇葩的是***的步数是把手机和手表记录的加在一块，至于电量，我跑步时候会带着蓝牙耳机听音乐，大概一天半一充吧。,外观还是可以的 软件少的可怜 微信不能回复信息 健康数据不能同步到微信和qq 更奇葩的是   的步数是把手机和手表记录的加在一块 至于电量 我跑步时候会带着蓝牙耳机听音乐 大概一天半一充吧。
除了微信功能和qq功能比较弱之外，其他方面很赞。关掉aod屏幕常显功能，续航达到4天以上，基本够用了。颜值很高，这点很关键。,除了微信功能和qq功能比较弱之外 其他方面很赞。关掉aod屏幕常显功能 续航达到#NUM#天以上 基本够用了。颜值很高 这点很关键。
有点美,有点美
买gear s3就是因为它外观漂亮极了。用了之后感觉智能表该有的功能都有，挺好的。不是三星手机，连接后各种功能也都能用,买gear s#NUM#就是因为它外观漂亮极了。用了之后感觉智能表该有的功能都有 挺好的。不是三星手机 连接后各种功能也都能用
京东自营商品，品质值得信赖。,京东自营商品 品质值得信赖。
item.jd.com/3759141.html,item jd com #NUM# html
好物件，非常好玩。,好物件 非常好玩。
用了几个月感觉还不错，就是微信不行，等更新吧！,用了几个月感觉还不错 就是微信不行 等更新吧 
很帅气，老公带着有派，功能很多，,很帅气 老公带着有派 功能很多 
非常满意的购物，非常喜欢！推荐！,非常满意的购物 非常喜欢 推荐 
京东的速度一流！东西比较赞！非常漂亮，很喜欢，,京东的速度一流 东西比较赞 非常漂亮 很喜欢 
女生带有些偏大。用起来还不错。好评。可以入手！,女生带有些偏大。用起来还不错。好评。可以入手 
宝贝到了很激动，果然颜值不错，充满电差不多可以四天吧！当然我也不一直把玩！很满意的一次购物经历,宝贝到了很激动 果然颜值不错 充满电差不多可以四天吧 当然我也不一直把玩 很满意的一次购物经历
表盘多。漂亮  正常使用可以用2天以上，比苹果的续航好，但是软件就没有苹果那么多了，不过也够用，有一个问题 百度地图可以定位 不能导航、一直显示请到开阔地区，希望可以改进。,表盘多。漂亮 正常使用可以用#NUM#天以上 比苹果的续航好 但是软件就没有苹果那么多了 不过也够用 有一个问题 百度地图可以定位 不能导航、一直显示请到开阔地区 希望可以改进。
就因为喜欢样子买的 买来用了几天  还好 功能不少 应用么。。。不多 够用了，待机三天左右  听听歌什么的就是一天多两天这样,就因为喜欢样子买的 买来用了几天 还好 功能不少 应用么。不多 够用了 待机三天左右 听听歌什么的就是一天多两天这样
缺货了好久，终于到了，手表好看，做工精细，最爱就是表盘随意换！,缺货了好久 终于到了 手表好看 做工精细 最爱就是表盘随意换 
不错，一直信赖京东，速度很快！,不错 一直信赖京东 速度很快 
挺不错的，考试作弊神器哈哈哈哈哈哈。,挺不错的 考试作弊神器哈哈哈。
手表不错。很科技，配和s7edge 非常完美~,手表不错。很科技 配和s#NUM#edge 非常完美 
手表是不错，很喜欢。为什么连接苹果手机后就是繁体字呢。。。。,手表是不错 很喜欢。为什么连接苹果手机后就是繁体字呢。
不错，次日就到货了,不错 次日就到货了
玩几天在评价,玩几天在评价
非常不错，功能强大,非常不错 功能强大
送货速度快，当晚11点下单，第二天就收到；gears3 包装完好，品质纯正，功能齐全，不错。,送货速度快 当晚#NUM#点下单 第二天就收到 gears#NUM# 包装完好 品质纯正 功能齐全 不错。
玩了一天，其实也不赖，一个智能手表，你想要什么？搞不懂。,玩了一天 其实也不赖 一个智能手表 你想要什么 搞不懂。
功能强大，无所畏惧，值得拥有,功能强大 无所畏惧 值得拥有
不错，感觉还可以，屏幕还是不够清晰。。,不错 感觉还可以 屏幕还是不够清晰。。
还可以吧，功能很多，说明太简单，不太会用，正在研究中,还可以吧 功能很多 说明太简单 不太会用 正在研究中
不错，挺好用，续航也还好，颜值够高,不错 挺好用 续航也还好 颜值够高
主要是电池续航时间长 3天没问题 就是厚了点,主要是电池续航时间长 #NUM#天没问题 就是厚了点
京东算发货较早的 三星手表还是功能能强大的 心率测试准 能满足运动需求 微信聊天意义不大,京东算发货较早的 三星手表还是功能能强大的 心率测试准 能满足运动需求 微信聊天意义不大
喜欢?，然而退了note7换了小米，竟然不支持???,喜欢  然而退了note#NUM#换了小米 竟然不支持？
分辨率再高一点，软件支持再多一点就好多了。,分辨率再高一点 软件支持再多一点就好多了。
不错不错，还是三星的比较习惯，买了这么多款又各种原因退货，最后还是一分钱一分货，期待和用了两年半的Fit一样耐用。,不错不错 还是三星的比较习惯 买了这么多款又各种原因退货 最后还是一分钱一分货 期待和用了两年半的Fit一样耐用。
非常好用非常的完美，强烈推荐。,非常好用非常的完美 强烈推荐。
功能不太强大啊,功能不太强大啊
功能强大，实用性强，希望电池耐用。,功能强大 实用性强 希望电池耐用。
外观不错，就是现在软件太少，等等吧,外观不错 就是现在软件太少 等等吧
速度没得说，宝贝超级棒，手感，做工一流，性能正在学习，回来补充感受！非常好的一次购物！,速度没得说 宝贝超级棒 手感 做工一流 性能正在学习 回来补充感受 非常好的一次购物 
正品、省电、包装好、服务好！,正品、省电、包装好、服务好 
Tizen功能偏少，实际手感较重，略微影响打字。光线传感器非常傻,Tizen功能偏少 实际手感较重 略微影响打字。光线传感器非常傻
整体很好用，只是待机时间不是太长，两天有点坚持不下来。功能也很丰富，设计漂亮。,整体很好用 只是待机时间不是太长 两天有点坚持不下来。功能也很丰富 设计漂亮。
不错，用了一天了，还比较省电,不错 用了一天了 还比较省电
观察了一段时间入手，手表大气，有潮流,观察了一段时间入手 手表大气 有潮流
不错不错不错不错不错,不错不错不错不错不错
高端，之前入手watch 2，因换手机，只能再次入手S3，外观秒杀W2，不足就是应用欠缺点！,高端 之前入手watch #NUM# 因换手机 只能再次入手S#NUM# 外观秒杀W#NUM# 不足就是应用欠缺点 
用了几天感觉很不错,用了几天感觉很不错
一直用Apple watch，对三星的智能手表不抱什么期待的。单但gear S3 到货后让我十分惊艳。工业设计非常漂亮，做工非常好。与三星手机配对也非常方便。,一直用Apple watch 对三星的智能手表不抱什么期待的。单但gear S#NUM# 到货后让我十分惊艳。工业设计非常漂亮 做工非常好。与三星手机配对也非常方便。
PS :看情况我可以对Apple脱粉了。,PS  看情况我可以对Apple脱粉了。
好帅的手表。颜值高,好帅的手表。颜值高
不能开微信，否则电一会就没了，功能不能全开,不能开微信 否则电一会就没了 功能不能全开
送货当天就到了。服务周到，货真价实。,送货当天就到了。服务周到 货真价实。
买回来就直接用了，感觉很好，京东小哥非常到位，很有责任心,买回来就直接用了 感觉很好 京东小哥非常到位 很有责任心
真不错，真皮，时尚，没发票呀，请补上,真不错 真皮 时尚 没发票呀 请补上
东西非常的好，就是说好的称呢？,东西非常的好 就是说好的称呢 
手表很拉风，待机两天左右，比起苹果的一天一冲，确实提升不少,手表很拉风 待机两天左右 比起苹果的一天一冲 确实提升不少
不错，功能虽然比不过苹果表2，但是完全够用了。我是不懂在手表上玩游戏是什么心态。。。大小也合适。,不错 功能虽然比不过苹果表#NUM# 但是完全够用了。我是不懂在手表上玩游戏是什么心态。大小也合适。
这只是个手表，不要想着把它当手机使！,这只是个手表 不要想着把它当手机使 
附上和我之前卡西欧手表的尺寸对比,附上和我之前卡西欧手表的尺寸对比
东西还好，也防水，冲满电正常用50小时左右，微信只能接受消息，不能回复！,东西还好 也防水 冲满电正常用#NUM#小时左右 微信只能接受消息 不能回复 
还是京东给力！全网都没货！,还是京东给力 全网都没货 
外观很大气 质量也可以 一次充电可以用三天 当手表用的话时间更长 很喜欢,外观很大气 质量也可以 一次充电可以用三天 当手表用的话时间更长 很喜欢
完美，实在太好看了,完美 实在太好看了
今天手表刚到跟不错的样了,今天手表刚到跟不错的样了
不错，性价比好，值得购买！！,不错 性价比好 值得购买！
非常好用 非常好用 非常好用 非常好用,非常好用 非常好用 非常好用 非常好用
外形亮骚，表盘也很多，操作逻辑也很合理。和moto360比起来操作顺畅了许多。但是因为不是基于android wear，软件有点少。日常使用可以续航4天，这一点强烈点赞！,外形亮骚 表盘也很多 操作逻辑也很合理。和moto#NUM#比起来操作顺畅了许多。但是因为不是基于android wear 软件有点少。日常使用可以续航#NUM#天 这一点强烈点赞 
包装不敢恭维，表还可以,包装不敢恭维 表还可以
我有句&ldquo;三星大法好！&rdquo;不知该不该讲,我有句 ldquo 三星大法好  rdquo 不知该不该讲
外形霸气，用了一天电量还剩77%还算耐用，微信也能回复但只支持文字，总体来说还是比较好的产品。,外形霸气 用了一天电量还剩#NUM# 还算耐用 微信也能回复但只支持文字 总体来说还是比较好的产品。
用过一阵以后才来评价，手表逼格满满，好评。,用过一阵以后才来评价 手表逼格满满 好评。
挺好的，不错，还行，没毛病,挺好的 不错 还行 没毛病
还可以，希望续航能跟写的一样,还可以 希望续航能跟写的一样
高端大气上档次，低调奢华有内涵。朋友都很羡慕，功能很齐全，还有礼品赠送。总之很满意！,高端大气上档次 低调奢华有内涵。朋友都很羡慕 功能很齐全 还有礼品赠送。总之很满意 
使用了快半个月了才来评测，买的时候没有送东西，橡胶表带戴着不舒服，又买了条表带,使用了快半个月了才来评测 买的时候没有送东西 橡胶表带戴着不舒服 又买了条表带
不错，果然是现在颜值最高的智能手表，老公很喜欢,不错 果然是现在颜值最高的智能手表 老公很喜欢
两天就到了，物流蛮快的！正品！超赞?IOS在APP已有下载正版系统，值得推荐！,两天就到了 物流蛮快的 正品 超赞 IOS在APP已有下载正版系统 值得推荐 
京东就是好！什么都好！支持赞赞赞赞赞赞赞！！！,京东就是好 什么都好 支持赞赞赞！
还行吧，当个表盘哦用,还行吧 当个表盘哦用
京东快递依然很快，手表颜值很高，连接绑定APP很顺利（非三星手机），除了表带硬之外，暂时没发现其它问题！~,京东快递依然很快 手表颜值很高 连接绑定APP很顺利 非三星手机  除了表带硬之外 暂时没发现其它问题  
很好，送给弟弟的弟弟很喜欢,很好 送给弟弟的弟弟很喜欢
很好很好很好哈哈哈还好还好,很好很好很好哈哈哈还好还好
很不错 比aw强 电池很耐用,很不错 比aw强 电池很耐用
手表不錯很好是我想要的那个京东很给力物流很快,手表不錯很好是我想要的那个京东很给力物流很快
非常喜欢~至于不能微信聊天的缺陷，我一直认为这个功能本来能就鸡肋~有通知就好1,非常喜欢 至于不能微信聊天的缺陷 我一直认为这个功能本来能就鸡肋 有通知就好#NUM#
使用起来很棒！优化的应用有待提升，因为不能插卡，所以只能连WiFi和蓝牙，但是样子满分啊！！戴上太帅了！,使用起来很棒 优化的应用有待提升 因为不能插卡 所以只能连WiFi和蓝牙 但是样子满分啊！戴上太帅了 
刚入手，感觉还不错，为什么应用里没有三星pay呢？,刚入手 感觉还不错 为什么应用里没有三星pay呢 
好东西，很喜欢,好东西 很喜欢
比华为手表要好用一点，大小合适，速度也比较快，续航时间比华为好。还不错。华为mate9完美连接。,比华为手表要好用一点 大小合适 速度也比较快 续航时间比华为好。还不错。华为mate#NUM#完美连接。
很喜欢，！！！好看，,很喜欢 ！好看 
目前智能表里的王者,目前智能表里的王者
用了一段时间，主要是颜值高，鸡不鸡肋无所谓，手表里面2799不算贵。,用了一段时间 主要是颜值高 鸡不鸡肋无所谓 手表里面#NUM#不算贵。
性能上够用，续航时间满意，值得推荐&hellip;基本没啥缺点，样子也挺好,性能上够用 续航时间满意 值得推荐 hellip 基本没啥缺点 样子也挺好
非常不错的一款手表，不错不错，戴着不错。,非常不错的一款手表 不错不错 戴着不错。
体验了一下，挺好用的，就是app 少了点。,体验了一下 挺好用的 就是app 少了点。
送货快，包装完好！,送货快 包装完好 
现在就当只能运动手表使了，基本怎么连手机，没软件没意思,现在就当只能运动手表使了 基本怎么连手机 没软件没意思
还行吧，暂时没什么问题,还行吧 暂时没什么问题
特别好，美观大方。表带还是不行，需要自己重新买。,特别好 美观大方。表带还是不行 需要自己重新买。
刚发布就有意向买，纠结到最近才入手。真不错,刚发布就有意向买 纠结到最近才入手。真不错
目前没有什么缺点，颜值不错呦。,目前没有什么缺点 颜值不错呦。
带了几天来评价，手表还可以，只是现阶段软件有点少，京东物流很满意,带了几天来评价 手表还可以 只是现阶段软件有点少 京东物流很满意
手表本身确实属于高大上，颜值比较高。美中不足，不能与三星之外的手机搭配，这一点算是致命伤,手表本身确实属于高大上 颜值比较高。美中不足 不能与三星之外的手机搭配 这一点算是致命伤
试用了，很好玩，虽然不是专业的户外手表，但是足够自己用了。,试用了 很好玩 虽然不是专业的户外手表 但是足够自己用了。
手表很不错，功能一切都很正常，各种尝试，很好,手表很不错 功能一切都很正常 各种尝试 很好
不能给五颗星。用过fitbit的手表后，再用gear s3，也就觉得那样了。s3的操做性能一般般了。快递员超认真，只见本尊才送货，别人代收都不行，赞！,不能给五颗星。用过fitbit的手表后 再用gear s#NUM# 也就觉得那样了。s#NUM#的操做性能一般般了。快递员超认真 只见本尊才送货 别人代收都不行 赞 
很快很好用,很快很好用
物有所值，物美价廉。,物有所值 物美价廉。
送货快，开车时用挺方便的，可以语音拨打电话。,送货快 开车时用挺方便的 可以语音拨打电话。
很有个性很喜欢！,很有个性很喜欢 
心动已久终于到手的，很是喜欢。。,心动已久终于到手的 很是喜欢。。
高端大气上档次。比想象中还好。感觉12点方向的刻度有点对不上。,高端大气上档次。比想象中还好。感觉#NUM#点方向的刻度有点对不上。
当天下单当天送到，必须先给京东的送货速度一个大大的赞。我买的经典款，考虑平时上班还需要带一下，这款显的正式一些。感觉用起来还挺方便的，就是貌似应用还比较少，抓紧完善内容吧。,当天下单当天送到 必须先给京东的送货速度一个大大的赞。我买的经典款 考虑平时上班还需要带一下 这款显的正式一些。感觉用起来还挺方便的 就是貌似应用还比较少 抓紧完善内容吧。
还可以，就是不能查看消息。,还可以 就是不能查看消息。
除了表带是个吸尘器以外其他的都不错，表盘丰富，应用也还可以，不能用SP是个遗憾，10点多收到货是78的电，重度使用到晚上八点还剩54的电感觉还可以，用了一次***也比较流畅，百度地图还是不错的，等再用几天再补充一下。,除了表带是个吸尘器以外其他的都不错 表盘丰富 应用也还可以 不能用SP是个遗憾 #NUM#点多收到货是#NUM#的电 重度使用到晚上八点还剩#NUM#的电感觉还可以 用了一次   也比较流畅 百度地图还是不错的 等再用几天再补充一下。
手表时尚 就是包装太简 包个袋子就送来了 一星给包装 五星给配送员 一个纸盒包装好很难吗？,手表时尚 就是包装太简 包个袋子就送来了 一星给包装 五星给配送员 一个纸盒包装好很难吗 
东西不错，就是表盘感觉有点大了，用起来很爽,东西不错 就是表盘感觉有点大了 用起来很爽
不错 发自内心的点个赞.....,不错 发自内心的点个赞。
电子产品多半在京东买 图个放心 可你这没发票没出货单 我怎么放心？！希望没问题吧 官方店有货绝对不在京东买。,电子产品多半在京东买 图个放心 可你这没发票没出货单 我怎么放心  希望没问题吧 官方店有货绝对不在京东买。
表帅呆了 颜值爆表 至于其他 一般般吧 第一次充电用了四天半 还剩20%的点。续航还能接受吧，当然我设置的抬腕显示。表盘常量的话估计得一天一充了。表盘挺大的正装不合适。,表帅呆了 颜值爆表 至于其他 一般般吧 第一次充电用了四天半 还剩#NUM# 的点。续航还能接受吧 当然我设置的抬腕显示。表盘常量的话估计得一天一充了。表盘挺大的正装不合适。
好酷啊 真的超级喜欢！,好酷啊 真的超级喜欢 
灰常喜欢,灰常喜欢
戴了一段时间才来评价，真的很赞，就是送的表带一般,戴了一段时间才来评价 真的很赞 就是送的表带一般
总体满意，其实没什么用~,总体满意 其实没什么用 
高大上，比水果的表好看多了,高大上 比水果的表好看多了
东西是好东西 很喜欢 很漂亮 感觉还行 不会太重 就是京东的这个包装实在是不敢恭维,东西是好东西 很喜欢 很漂亮 感觉还行 不会太重 就是京东的这个包装实在是不敢恭维
还行吧，手表大气，但是软件有点不称心，现在网络时代没有微信怎么行。微信只能简单的接受信息，连表情都不能显示，没有苹果的硬件好。不过也挺喜欢。,还行吧 手表大气 但是软件有点不称心 现在网络时代没有微信怎么行。微信只能简单的接受信息 连表情都不能显示 没有苹果的硬件好。不过也挺喜欢。
很不错，就是表带不是很好，得另外自己买表带,很不错 就是表带不是很好 得另外自己买表带
不错。功能很全的一款运动手表,不错。功能很全的一款运动手表
商品很不错，还没玩熟练,商品很不错 还没玩熟练
还行，确实比上一代强大，但是表身太长，卡袖口。,还行 确实比上一代强大 但是表身太长 卡袖口。
很棒的感觉，我会在后续试用中提供详细的报告，哈哈,很棒的感觉 我会在后续试用中提供详细的报告 哈哈
漂亮！强大！太贵！,漂亮 强大 太贵 
感觉还不错吧 比苹果的好用，就是续航为啥我半天就没有电了&hellip;&hellip;,感觉还不错吧 比苹果的好用 就是续航为啥我半天就没有电了 hellip  hellip 
手表很好！物流快，中午订单，6点到手快！,手表很好 物流快 中午订单 #NUM#点到手快 
做工好，很精致。试用中。。。,做工好 很精致。试用中。
漂亮的手表，我非常喜欢，精致，大气,漂亮的手表 我非常喜欢 精致 大气
第一次在京东买东西  非常满意,第一次在京东买东西 非常满意
手表不错，记录也很充分，我不是三星手机用起来也很舒服,手表不错 记录也很充分 我不是三星手机用起来也很舒服
外观很喜欢，功能基本够用。表带有些硬，电池续航需要考察。,外观很喜欢 功能基本够用。表带有些硬 电池续航需要考察。
手表跟我期待的一样强大，很满意,手表跟我期待的一样强大 很满意
全新商品，京东送货超快，昨晚下单，第二天中午11点多就收到了。,全新商品 京东送货超快 昨晚下单 第二天中午#NUM#点多就收到了。
手表很炫，值得购买，只把它当成一块电子表，可以在手机静音时候提醒很多信息，就已经够用了，再换也很棒，发货速度快，赞一个,手表很炫 值得购买 只把它当成一块电子表 可以在手机静音时候提醒很多信息 就已经够用了 再换也很棒 发货速度快 赞一个
还可以吧。京东的包装很简单，就外面套了个袋子。,还可以吧。京东的包装很简单 就外面套了个袋子。
续航的确强,续航的确强
整体不错，还在等相关应用,整体不错 还在等相关应用
手机是华为P9，配合很默契，运动记录非常全，非常智能，只能说，该考虑到的，s3都考虑到了，我是很认真的运动了好几天来晒单的！,手机是华为P#NUM# 配合很默契 运动记录非常全 非常智能 只能说 该考虑到的 s#NUM#都考虑到了 我是很认真的运动了好几天来晒单的 
至于微信和**，确实，微信只能读最后一条内容，不能回复，**只能提醒，不能阅读内容，也不显示会话人。至于网上的微信手表助手，可以安装，不管用，放弃,至于微信和   确实 微信只能读最后一条内容 不能回复   只能提醒 不能阅读内容 也不显示会话人。至于网上的微信手表助手 可以安装 不管用 放弃
短信电话无压力，很正常,短信电话无压力 很正常
可以控制手机的音乐、喜马拉雅等播放软件，配合很默契,可以控制手机的音乐、喜马拉雅等播放软件 配合很默契
至于电量，正常使用，两天，稍微有点紧张，问题不大,至于电量 正常使用 两天 稍微有点紧张 问题不大
至于运动，骑行35公里，gps、运动轨迹、心率实时等等火力全开，掉了40的电，你懂的。。。,至于运动 骑行#NUM#公里 gps、运动轨迹、心率实时等等火力全开 掉了#NUM#的电 你懂的。
又一次。关掉心率，10公里，掉5%，所以，如果出远门，还是关掉心率吧，太费！,又一次。关掉心率 #NUM#公里 掉#NUM#  所以 如果出远门 还是关掉心率吧 太费 
不错，很人性化！健身好助手,不错 很人性化 健身好助手
打开盒子的一瞬间就被惊艳到了，正面是真的好看，就是略厚，不过不看侧面就好，室外显示相当清楚，应用不多说，和iphone配对用的，是真没几个能用的，先当表用等着s8吧,打开盒子的一瞬间就被惊艳到了 正面是真的好看 就是略厚 不过不看侧面就好 室外显示相当清楚 应用不多说 和iphone配对用的 是真没几个能用的 先当表用等着s#NUM#吧
"不错,目前感觉性能最强大的一款手表了,续航也挺给力",不错 目前感觉性能最强大的一款手表了 续航也挺给力
这可能是目前市面上最好的智能手表，没有之一！无论是表盘展示，以及最还原普通手表的操作，完全感受不到科技的存在，全天候监测心率，更加准确，一次充电使用三天。可能目前唯一的不足，应该就是应用还有待提升,这可能是目前市面上最好的智能手表 没有之一 无论是表盘展示 以及最还原普通手表的操作 完全感受不到科技的存在 全天候监测心率 更加准确 一次充电使用三天。可能目前唯一的不足 应该就是应用还有待提升
表盘很多 但其他功能比较少 期待其他开发者能带来更多好玩的应用,表盘很多 但其他功能比较少 期待其他开发者能带来更多好玩的应用
12月买的。用了一段时间了。用着不错。微信就是不能听语音。别的都给力！,#NUM#月买的。用了一段时间了。用着不错。微信就是不能听语音。别的都给力 
样式不错，很合心水，功能还在开发中,样式不错 很合心水 功能还在开发中
2800不是很便宜，纠结要不要买韩版便宜500，戴了几天就玩够了，主要还是计时功能有用，要是支持了三星pay和公交卡才能算是有价值的表，否则可玩性不高,#NUM#不是很便宜 纠结要不要买韩版便宜#NUM# 戴了几天就玩够了 主要还是计时功能有用 要是支持了三星pay和公交卡才能算是有价值的表 否则可玩性不高
手表做工很棒 京东货品有保证 官网仍然无货 京东却能做到隔日达 太给力了,手表做工很棒 京东货品有保证 官网仍然无货 京东却能做到隔日达 太给力了
hin漂亮 也hin高端大气 但是支持的应用有点少 也不能用pay,hin漂亮 也hin高端大气 但是支持的应用有点少 也不能用pay
颜值高的数码玩具。搭配我的华为手机，能实现的功能就不说了。微信只能看，无法回复。百度地图只能定位，无法导航。希望早点升级实现这些功能。,颜值高的数码玩具。搭配我的华为手机 能实现的功能就不说了。微信只能看 无法回复。百度地图只能定位 无法导航。希望早点升级实现这些功能。
美！！！可惜s7坏了暂时连不了?,美！可惜s#NUM#坏了暂时连不了 
非常好！智能手表的王者，除了对微信支持不太友好之外，都非常不错！屏幕细腻色彩好！不知是不是用了第三方表盘，耗电有点大，两天坚持不下来...,非常好 智能手表的王者 除了对微信支持不太友好之外 都非常不错 屏幕细腻色彩好 不知是不是用了第三方表盘 耗电有点大 两天坚持不下来。
非常喜欢，品质如一,非常喜欢 品质如一
用了两天，感觉还好,用了两天 感觉还好
期待了很久终于买了，很好。,期待了很久终于买了 很好。
挺好用的，带着很舒服,挺好用的 带着很舒服
非常漂亮，灵敏度也很高,非常漂亮 灵敏度也很高
买来送人的，希望质量品质给力。,买来送人的 希望质量品质给力。
开始不会使用，跟华为M9匹配不了，后来下载了三星几个程序后，完美使用。,开始不会使用 跟华为M#NUM#匹配不了 后来下载了三星几个程序后 完美使用。
挺好的。不过和iPhone兼容性好像不是很好，有时自己就断开链接了。睡眠的那个功能&hellip;&hellip;戴着睡觉好重啊，不舒服。,挺好的。不过和iPhone兼容性好像不是很好 有时自己就断开链接了。睡眠的那个功能 hellip  hellip 戴着睡觉好重啊 不舒服。
外观颜值很不错的一款智能手表，特别是续航，2天完全无压力，如果软件再多一些的话，更完美了,外观颜值很不错的一款智能手表 特别是续航 #NUM#天完全无压力 如果软件再多一些的话 更完美了
目前没什么，就看电池耐用不。,目前没什么 就看电池耐用不。
"好看,好用,大牌,正品.可信.",好看 好用 大牌 正品 可信 
非常漂亮，我很喜欢，很满意，京东商城就是靠谱，说哪天有货就是哪天,非常漂亮 我很喜欢 很满意 京东商城就是靠谱 说哪天有货就是哪天
横比无敌  纵比进步不大。论优雅精致还是s2   现s3性价比好  怪不得三星不卖了,横比无敌 纵比进步不大。论优雅精致还是s#NUM# 现s#NUM#性价比好 怪不得三星不卖了
手表不错，很喜欢，必须五星,手表不错 很喜欢 必须五星
京东的送货就是速度快，包装也很好，每次都是在京东买电子产品的。,京东的送货就是速度快 包装也很好 每次都是在京东买电子产品的。
用了一个月了，外观特别帅，待机可以，唯独就是在iOS系统上不太好用吧，有些限制，希望官方尽快更新吧。,用了一个月了 外观特别帅 待机可以 唯独就是在iOS系统上不太好用吧 有些限制 希望官方尽快更新吧。
关注了很久才买的，三星S3这块表颜值比较高，比前两代的好多了。包装很用心，手表摸起来质感很不错，表带是塑料的，但戴起来很舒服。无线充电，触控灵敏，运行流畅，设置还是很简单的，安卓系统匹配很方便，定位，心率，计步，联系人，闹钟，提醒，电话什么的都方便连接。本来这些功能我还是比较少用到，关键还是表盘，样式选择丰富，随心情随时更换哈，2799的价格还是能接受的。先锋版本的看起来比较酷点，另个版本的可能比较适合女性佩带哈,关注了很久才买的 三星S#NUM#这块表颜值比较高 比前两代的好多了。包装很用心 手表摸起来质感很不错 表带是塑料的 但戴起来很舒服。无线充电 触控灵敏 运行流畅 设置还是很简单的 安卓系统匹配很方便 定位 心率 计步 联系人 闹钟 提醒 电话什么的都方便连接。本来这些功能我还是比较少用到 关键还是表盘 样式选择丰富 随心情随时更换哈 #NUM#的价格还是能接受的。先锋版本的看起来比较酷点 另个版本的可能比较适合女性佩带哈
还不错，就是可惜没有三星pay。,还不错 就是可惜没有三星pay。
心水很久了 那天一看京东有货了 果断下单 到手利索的开机 链接 设置 非常满意 外观是我的菜 做工扎实 至于续航 昨天凌晨一点充满后 一直戴到今天晚上九点共44个小时 昨天白天行走11000多步 今天白天行走7000多步 剩余电量16% 两天一冲是没跑的,心水很久了 那天一看京东有货了 果断下单 到手利索的开机 链接 设置 非常满意 外观是我的菜 做工扎实 至于续航 昨天凌晨一点充满后 一直戴到今天晚上九点共#NUM#个小时 昨天白天行走#NUM#多步 今天白天行走#NUM#多步 剩余电量#NUM#  两天一冲是没跑的
非常好，电池一般般,非常好 电池一般般
手表带了一个月了，感觉不错。待机两天没问题。,手表带了一个月了 感觉不错。待机两天没问题。
软件太烂了，期待更新苹果手机app,软件太烂了 期待更新苹果手机app
好多地方不人性化，表比较厚戴了一天还没适应过来，唤醒根本不好使,好多地方不人性化 表比较厚戴了一天还没适应过来 唤醒根本不好使
目前功能还有点不足，可是外观让人鸡冻啊。。。三星粉，不解释。实物绝对比图帅气，还是要拿到真机上手才晓得哈。。。就是没搞活动。。忍痛出血还是买了。。。这做工，外观值了????????,目前功能还有点不足 可是外观让人鸡冻啊。三星粉 不解释。实物绝对比图帅气 还是要拿到真机上手才晓得哈。就是没搞活动。。忍痛出血还是买了。这做工 外观值了？
一直想买，老婆大人送我的情人节礼物，算是迟到的祝福。高丽棒子的东西还可以，功能正在研究中。,一直想买 老婆大人送我的情人节礼物 算是迟到的祝福。高丽棒子的东西还可以 功能正在研究中。
物流小哥真心不错，本来想让他放物业的，后来小哥考虑价值较高，给放丰巢物流柜了(插曲：那个柜子研究半天，上面有个屏幕，我一直以为是广告，没想到是触摸屏?)。,物流小哥真心不错 本来想让他放物业的 后来小哥考虑价值较高 给放丰巢物流柜了 插曲 那个柜子研究半天 上面有个屏幕 我一直以为是广告 没想到是触摸屏  。
很漂亮，只是表带太硬。,很漂亮 只是表带太硬。
功能强大&hellip;样式美观&hellip;就是兼容性有待提高&hellip;&hellip;！！,功能强大 hellip 样式美观 hellip 就是兼容性有待提高 hellip  hellip ！
刚拿到，试几天后才能知效果。,刚拿到 试几天后才能知效果。
不错，就是没有三星pay,不错 就是没有三星pay
用上之后只有一个感觉，苹果手表降价一千我也不会买。,用上之后只有一个感觉 苹果手表降价一千我也不会买。
时尚 大气 非常喜欢 物流很给力上午付款 下午就到了,时尚 大气 非常喜欢 物流很给力上午付款 下午就到了
物流很快，手表用了很好，很方便！,物流很快 手表用了很好 很方便 
想买了很久，之前就是没货，有货了，就立即下单，京东的物流特快，货物有保证。,想买了很久 之前就是没货 有货了 就立即下单 京东的物流特快 货物有保证。
用了两天，电池续航没有说的那样有3-4天，晚上待机和手机一样不怎么耗电8小时这样耗电%3左右，室内感觉耗电比外面大，一天下来晚上还有%50左右。软件上，百度地图只能定位，准确很高，就是还不能导航，希望后面的更新能更好，微信提醒只能简单的看文字，表情图片不能显示。外放声音很大。还有充电速度还行，虽然没有手机一样可以快充，2个小时左右能满了。note5基本完美适配?一直信赖京东，满星,用了两天 电池续航没有说的那样有#NUM#-#NUM#天 晚上待机和手机一样不怎么耗电#NUM#小时这样耗电 #NUM#左右 室内感觉耗电比外面大 一天下来晚上还有 #NUM#左右。软件上 百度地图只能定位 准确很高 就是还不能导航 希望后面的更新能更好 微信提醒只能简单的看文字 表情图片不能显示。外放声音很大。还有充电速度还行 虽然没有手机一样可以快充 #NUM#个小时左右能满了。note#NUM#基本完美适配 一直信赖京东 满星
手表很漂亮，功能也很全，电池用三四天没有问题,手表很漂亮 功能也很全 电池用三四天没有问题
不用说了，好东西,不用说了 好东西
很好的智能手表，很满意，谢谢,很好的智能手表 很满意 谢谢
可以，就是表盘比想象中要大。。,可以 就是表盘比想象中要大。。
货到了居然没卸载下车，严重的差评，，让我苦等了两天啊，手表还是很不错的，有点小贵,货到了居然没卸载下车 严重的差评  让我苦等了两天啊 手表还是很不错的 有点小贵
发货快快快，目前还不错，就是软件比较少，但续航真心不错，期待payw早日实现,发货快快快 目前还不错 就是软件比较少 但续航真心不错 期待payw早日实现
第一次买这种智能手表，还没弄懂，感觉很多应用都得花钱。等待pay上线,第一次买这种智能手表 还没弄懂 感觉很多应用都得花钱。等待pay上线
手表不错，缺点就是表带塑料的太厚，戴了不舒服。,手表不错 缺点就是表带塑料的太厚 戴了不舒服。
用了一段时间  还是比较满意的  颜值也不错,用了一段时间 还是比较满意的 颜值也不错
很不错的智能手表，颜值高，功能足，续航也比水果的强，不错不错。,很不错的智能手表 颜值高 功能足 续航也比水果的强 不错不错。
东西很棒，待机时间很长，唯一缺点就是微信不能回信息，只能看，表情也显示不出来,东西很棒 待机时间很长 唯一缺点就是微信不能回信息 只能看 表情也显示不出来
好，好好好好好好好好好好好好好好好好好好好的哦哦哦哦,好 好好好的哦哦哦
很好 很实用 还会再来光顾的。喜欢的不得了。,很好 很实用 还会再来光顾的。喜欢的不得了。
不错！功能强大的很啊！,不错 功能强大的很啊 
东西很好，我的最爱三星，很高端大气上档次。,东西很好 我的最爱三星 很高端大气上档次。
手表手感很好，就是表带不行，档次被拉低了一大截。目前尚在摸索阶段，待摸索明白了再来追加评价。,手表手感很好 就是表带不行 档次被拉低了一大截。目前尚在摸索阶段 待摸索明白了再来追加评价。
对我来说大了点，不过腕带很舒服，缺点就是容易吸灰尘。一堆感应器感觉常用的就记记步数，测测心率，目前没有依赖感，反正我是买来当一般的手表用的，坐等Samsung pay,对我来说大了点 不过腕带很舒服 缺点就是容易吸灰尘。一堆感应器感觉常用的就记记步数 测测心率 目前没有依赖感 反正我是买来当一般的手表用的 坐等Samsung pay
不错   是正品,不错 是正品
好(⊙o⊙)&hellip;,好  o   hellip 
买回来看到的第一感觉比想象中的厚   不过看着看着有习惯了    还是挺漂亮的  就是有点贵。,买回来看到的第一感觉比想象中的厚 不过看着看着有习惯了 还是挺漂亮的 就是有点贵。
收到手表后充了一夜的电，一直带了三天后才来评价，电池续航很给力，充一次电用了三天，外表高端大气，就是软件太少，就开发一些软件就好了！,收到手表后充了一夜的电 一直带了三天后才来评价 电池续航很给力 充一次电用了三天 外表高端大气 就是软件太少 就开发一些软件就好了 
很高大上，有待试用。,很高大上 有待试用。
物流给力，服务周到,物流给力 服务周到
红哦嗖嗖嗖嗖嗖嗖哦POS你morning你信嘻嘻嘻嘻可以,红哦嗖嗖嗖哦POS你morning你信嘻嘻嘻可以
非常适合商务人士，很智能,非常适合商务人士 很智能
送货员赞一个,送货员赞一个
Gear S3果断入手，难以抵挡的诱惑,Gear S#NUM#果断入手 难以抵挡的诱惑
京东送货还是很快的，东西很好，很有机械表的感觉，不像苹果表那种儿童玩具的样子，不过软件目前还是不够多,京东送货还是很快的 东西很好 很有机械表的感觉 不像苹果表那种儿童玩具的样子 不过软件目前还是不够多
手表很智能做工精细，太喜欢了！！,手表很智能做工精细 太喜欢了！
实物比照片好看。上手效果好，易操作功能丰富。设置合理的话待机时间不错。,实物比照片好看。上手效果好 易操作功能丰富。设置合理的话待机时间不错。
比s2看起来大气，好评！,比s#NUM#看起来大气 好评 
收发了，很满意，送儿子的礼物?，儿子很开心，一直信赖京东,收发了 很满意 送儿子的礼物  儿子很开心 一直信赖京东
非常满意，现在带着呢，很好哟,非常满意 现在带着呢 很好哟
不错&hellip;&hellip;很好用&hellip;&hellip;,不错 hellip  hellip 很好用 hellip  hellip 
东西很不错 京东很给力,东西很不错 京东很给力
手表做工精致，大小正合适，常亮功能很骚包啊，等了很久终于到货了！,手表做工精致 大小正合适 常亮功能很骚包啊 等了很久终于到货了 
戴着刚好，功能很强大，还可以独立听歌，赞,戴着刚好 功能很强大 还可以独立听歌 赞
上周六晚上到手，80%左右电量，使用三天，续航满意。操作上流畅，功能齐全，不是数码大神，单从使用上来说优于摩托和华为。软件上依旧缺乏有限，希望后期能更丰富些！(快递很辛苦),上周六晚上到手 #NUM# 左右电量 使用三天 续航满意。操作上流畅 功能齐全 不是数码大神 单从使用上来说优于摩托和华为。软件上依旧缺乏有限 希望后期能更丰富些  快递很辛苦 
手表第二天就收到了，期盼已经，不容易啊！去客服验货，正品，手机操作顺畅，待机时间长，非常不错，满意！满分,手表第二天就收到了 期盼已经 不容易啊 去客服验货 正品 手机操作顺畅 待机时间长 非常不错 满意 满分
用了一下午，才用了10%电。手小了有点驾驭不了。。太酷太装逼了。。。。,用了一下午 才用了#NUM# 电。手小了有点驾驭不了。。太酷太装逼了。
不错！我喜欢,不错 我喜欢
品质不错，很好用,品质不错 很好用
好，看到京东自营有了果断下单，哈哈哈,好 看到京东自营有了果断下单 哈哈哈
感觉不错，虽然现在APP不多，希望以后能慢慢完善，把这个系统做好，手表正常用足够了,感觉不错 虽然现在APP不多 希望以后能慢慢完善 把这个系统做好 手表正常用足够了
等三星pay 是我买它的最主要理由。如果将来不能三星pay 就最多只值1799. 支付婊支持付款码 但第二页 扫二维码向我转账。实质还是付款码。 软件的问题。不科学。 原表带太low，一刻也不能容忍。 马上下单新表带，现已更换钢带。颜值逼格一下上升了3条街,等三星pay 是我买它的最主要理由。如果将来不能三星pay 就最多只值#NUM#  支付婊支持付款码 但第二页 扫二维码向我转账。实质还是付款码。 软件的问题。不科学。 原表带太low 一刻也不能容忍。 马上下单新表带 现已更换钢带。颜值逼格一下上升了#NUM#条街
买这款表干嘛。。。装逼？除了装逼呢？还是装逼。。。。,买这款表干嘛。装逼 除了装逼呢 还是装逼。
很好用，超级好评，是正品,很好用 超级好评 是正品
商品很不错,商品很不错
根不错很不错,根不错很不错
我就是来玩表盘的 。东西不错，应用不多，但实用的还是有的。,我就是来玩表盘的 。东西不错 应用不多 但实用的还是有的。
商家快递给力。手表国行！,商家快递给力。手表国行 
京东服务ok，产品好评，应用有点少！,京东服务ok 产品好评 应用有点少 
京东的配送速度一流！东西比较赞！可惜京东没有活动，三星是有300元优惠劵的！东西质量是没的说，手感感觉比S2好太多,京东的配送速度一流 东西比较赞 可惜京东没有活动 三星是有#NUM#元优惠劵的 东西质量是没的说 手感感觉比S#NUM#好太多
超赞！手表很喜欢，买电子产品还是京东好,超赞 手表很喜欢 买电子产品还是京东好
还可以，有功能没应用，iOS有些功能用不了,还可以 有功能没应用 iOS有些功能用不了
首先外观非常漂亮，可选择的表盘样式很多也很炫，系统运行起来很流畅，没有卡顿的现象，和三星手机连接很快，在手表上接打电话和信息也很方便，开车的时候太有用了，这也是我选择s3最主要的原因。连接iphone也是一样，手机上下载个软件就和安卓手机一样了。电量真是让人惊喜，昨晚8点充满后开心率监测、gps、nfc，手机向手表传输音乐、照片，安装程序、表盘，中间还换手机连接重置了3回手表，到今天下午快7点的时候还有71%，要是平时正常用的话完全可以支持3天以上。美中不足的是表带太硬了，戴在手腕上很不舒服，必须要换。另外微信的消息推送支持的不好。,首先外观非常漂亮 可选择的表盘样式很多也很炫 系统运行起来很流畅 没有卡顿的现象 和三星手机连接很快 在手表上接打电话和信息也很方便 开车的时候太有用了 这也是我选择s#NUM#最主要的原因。连接iphone也是一样 手机上下载个软件就和安卓手机一样了。电量真是让人惊喜 昨晚#NUM#点充满后开心率监测、gps、nfc 手机向手表传输音乐、照片 安装程序、表盘 中间还换手机连接重置了#NUM#回手表 到今天下午快#NUM#点的时候还有#NUM#  要是平时正常用的话完全可以支持#NUM#天以上。美中不足的是表带太硬了 戴在手腕上很不舒服 必须要换。另外微信的消息推送支持的不好。
苹果机子连上竟不能回短息，iOS版的manager啥时候出来啊,苹果机子连上竟不能回短息 iOS版的manager啥时候出来啊
不错，续航力不错，很理想。不过性能还没开发。更期待Samsung pay上线。,不错 续航力不错 很理想。不过性能还没开发。更期待Samsung pay上线。
表是真的帅 。可惜不送表带,表是真的帅 。可惜不送表带
第一次充完电后使用，早上七点开机，到晚上七点大概12小时用电10%，这个用电量还可以，买过好几个智能手表了，颂拓的斯巴达，华为的，因为自己一直用的是三星手机，就尝试一下，用下来还可以，款式也挺别致，做工也不错。系统使用方面因为转盘的加入，使用起来也是很方便,第一次充完电后使用 早上七点开机 到晚上七点大概#NUM#小时用电#NUM#  这个用电量还可以 买过好几个智能手表了 颂拓的斯巴达 华为的 因为自己一直用的是三星手机 就尝试一下 用下来还可以 款式也挺别致 做工也不错。系统使用方面因为转盘的加入 使用起来也是很方便
公司买来送客户的，挺好,公司买来送客户的 挺好
手表感觉很不错，很喜欢,手表感觉很不错 很喜欢
关注了很久，好不容易国行有货，喜欢,关注了很久 好不容易国行有货 喜欢
用了几天，很好用！逼格很高，手表运行流畅，就是续航没想象中那么久，不过充电也不慢，期待添加更多应用，关注很久，并不后悔买，点赞,用了几天 很好用 逼格很高 手表运行流畅 就是续航没想象中那么久 不过充电也不慢 期待添加更多应用 关注很久 并不后悔买 点赞
正品，质量可靠，做工精致，很好用！京东发货真心快，赞！,正品 质量可靠 做工精致 很好用 京东发货真心快 赞 
还行，软件太少.,还行 软件太少 
物流很给力，非常满意的购物，建议购买。,物流很给力 非常满意的购物 建议购买。
盒子的易碎贴还在，说明是新的，本来想自己先玩两天的，结果我的魅蓝note2死活连不上，只好给儿子的s7edge用了，他没用两分钟直接搞定，表盘很漂亮，不知道怎么设置能一直亮屏，看起来很酷！,盒子的易碎贴还在 说明是新的 本来想自己先玩两天的 结果我的魅蓝note#NUM#死活连不上 只好给儿子的s#NUM#edge用了 他没用两分钟直接搞定 表盘很漂亮 不知道怎么设置能一直亮屏 看起来很酷 
手表质感不错，像极了传统手表，功能也很强大，期待日后的实力使用。,手表质感不错 像极了传统手表 功能也很强大 期待日后的实力使用。
买到了，买到了，喜欢的呢,买到了 买到了 喜欢的呢
软件太少，有点厚,软件太少 有点厚
手表是很不错的，比我之前用的苹果的要好太多，而且待电时间两天是妥妥的没问题。,手表是很不错的 比我之前用的苹果的要好太多 而且待电时间两天是妥妥的没问题。
但是也有不满意的地方，这个表带是什么鬼，橡胶的还太硬，结果戴在手腕上紧一点就勒的难受，送一点又太松两边晃！我已经重新买了一副金属表带。建议大家买的时候还是顺便买一条新的表带。,但是也有不满意的地方 这个表带是什么鬼 橡胶的还太硬 结果戴在手腕上紧一点就勒的难受 送一点又太松两边晃 我已经重新买了一副金属表带。建议大家买的时候还是顺便买一条新的表带。
某猫目前都需要加价200才买的到，京东原价。,某猫目前都需要加价#NUM#才买的到 京东原价。
手表比iWatch重，感觉是两个iWatch的重量。,手表比iWatch重 感觉是两个iWatch的重量。
反应很快，iWatch10年前的功能机，开机就得三分钟，同步也得五分钟。,反应很快 iWatch#NUM#年前的功能机 开机就得三分钟 同步也得五分钟。
外观绝对比iWatch好看，常亮表盘，完全不像电子表。,外观绝对比iWatch好看 常亮表盘 完全不像电子表。
有货就买了，京东商城自营比较放心，虽然没啥优惠！很喜欢还没用,有货就买了 京东商城自营比较放心 虽然没啥优惠 很喜欢还没用
很给力的产品，不知道质量和耐用度怎么样？功能我还得慢慢适应，总体感觉不错,很给力的产品 不知道质量和耐用度怎么样 功能我还得慢慢适应 总体感觉不错
qq不能回消息，有点失望,qq不能回消息 有点失望
感觉不错。正在探索中,感觉不错。正在探索中
好用正品，全新，其他的不需要我评论啥了吧。。。,好用正品 全新 其他的不需要我评论啥了吧。
我的发票呢，没发票怎么保修？,我的发票呢 没发票怎么保修 
逼格有点高，就是睡眠模式在哪里设置，微信只能收通知不能回复，三星pay不能使用，不能放卡,逼格有点高 就是睡眠模式在哪里设置 微信只能收通知不能回复 三星pay不能使用 不能放卡
手表给力，到货给力。,手表给力 到货给力。
很好，很漂亮，京东物流就是快,很好 很漂亮 京东物流就是快
1、尺寸：手腕稍粗点的带着都还行，小手腕感觉可能HOLD不住吧。我运动习惯fenix3了，带上这个感觉&ldquo;小巧&rdquo;些许，晚上回去可以拍个和飞3的对比图。,#NUM#、尺寸 手腕稍粗点的带着都还行 小手腕感觉可能HOLD不住吧。我运动习惯fenix#NUM#了 带上这个感觉 ldquo 小巧 rdquo 些许 晚上回去可以拍个和飞#NUM#的对比图。
2、屏幕：很清晰，看着也很大，内容显示比较舒服。对比过华为和38mm的苹果表，屏幕效果好一点点吧，这个看个人。显示内容当然这个占优，因为大。,#NUM#、屏幕 很清晰 看着也很大 内容显示比较舒服。对比过华为和#NUM#mm的苹果表 屏幕效果好一点点吧 这个看个人。显示内容当然这个占优 因为大。
3、系统：流畅，不卡，触摸效果也不错。我都是用6S连接的，NOTE5不经常带，所以只是连了一下NOTE5试了试功能。,#NUM#、系统 流畅 不卡 触摸效果也不错。我都是用#NUM#S连接的 NOTE#NUM#不经常带 所以只是连了一下NOTE#NUM#试了试功能。
高大上！功能全面，值得购买，物超所值！！！,高大上 功能全面 值得购买 物超所值！
确实非常漂亮，功能也很强大，挺省点的，连手机用4天不成问题。,确实非常漂亮 功能也很强大 挺省点的 连手机用#NUM#天不成问题。
终于有货，立刻下单，到货极快，宝贝挺给力，希望pay尽快上线。,终于有货 立刻下单 到货极快 宝贝挺给力 希望pay尽快上线。
非常不错，华为mate9完美支持。,非常不错 华为mate#NUM#完美支持。
那是相当不赖，至少比苹果手表好看许多?,那是相当不赖 至少比苹果手表好看许多 
旋转表盘使用了两天有点松，别的都还算挺满意的,旋转表盘使用了两天有点松 别的都还算挺满意的
电池是不错的，两天没问题。。。但是感觉功能上好多还是没用到。。。两条新鲜。。。然后带回我的机械表了。,电池是不错的 两天没问题。但是感觉功能上好多还是没用到。两条新鲜。然后带回我的机械表了。
正品行货，是越南制造的，外观完美，看惯了s7觉得手表分辨率真心大颗粒，平时功能全开，两天一充，充电也快，午休的功夫也就满了~手表这东西，不求成为小手机，功能够用，就是消息只能看到最后一条，不够人性化。第一张是常亮显示，第二个是正常亮屏显示，附上表盘名称,正品行货 是越南制造的 外观完美 看惯了s#NUM#觉得手表分辨率真心大颗粒 平时功能全开 两天一充 充电也快 午休的功夫也就满了 手表这东西 不求成为小手机 功能够用 就是消息只能看到最后一条 不够人性化。第一张是常亮显示 第二个是正常亮屏显示 附上表盘名称
优点：1，做工不错，比S2好太多了；2，运行速度也很流畅，比apple watch 1代反应快（2代没用过）；3，可选择的表盘式样有很多，都挺好看的,优点 #NUM# 做工不错 比S#NUM#好太多了 #NUM# 运行速度也很流畅 比apple watch #NUM#代反应快 #NUM#代没用过  #NUM# 可选择的表盘式样有很多 都挺好看的
缺点：1，内存说是4G，但实际也就空余1.5G左右，而且在传输歌曲时老是失败，重启手表后可正常传输；2，软件的确偏少了点，we chat都不没有，期待以后的改变；3，电池比appke watch肯定是好点，但估计也就只能用2天,缺点 #NUM# 内存说是#NUM#G 但实际也就空余#NUM# #NUM#G左右 而且在传输歌曲时老是失败 重启手表后可正常传输 #NUM# 软件的确偏少了点 we chat都不没有 期待以后的改变 #NUM# 电池比appke watch肯定是好点 但估计也就只能用#NUM#天
总结：用安卓手机的，想搞个手表装装的，这款很适合,总结 用安卓手机的 想搞个手表装装的 这款很适合
表盘挺大的，做工很好，有分量，比想象的好。,表盘挺大的 做工很好 有分量 比想象的好。
很漂亮，试用中,很漂亮 试用中
京东一如既往的好，s3很漂亮，也很好用，是2月生产的哦,京东一如既往的好 s#NUM#很漂亮 也很好用 是#NUM#月生产的哦
不错，省电，准确，时尚！,不错 省电 准确 时尚 
相当给力了  在iOS上运行就是软件少了  但是功能很强大 有通知就行了  接电话的方式比AW好多了  非常棒 很喜欢 期待三星pay,相当给力了 在iOS上运行就是软件少了 但是功能很强大 有通知就行了 接电话的方式比AW好多了 非常棒 很喜欢 期待三星pay
颜值完美。。。硬件齐了希望软件尽快支持。。。续航不清楚,颜值完美。硬件齐了希望软件尽快支持。续航不清楚
很好，外观漂亮没的说，功能很多，还在慢慢研究,很好 外观漂亮没的说 功能很多 还在慢慢研究
已经使用快一个月了，非常棒??。待机基本3天，可以满足小小要求，棒棒哒。感谢京东的到货通知，及时抢到了心仪的宝贝。谢谢哈！,已经使用快一个月了 非常棒？。待机基本#NUM#天 可以满足小小要求 棒棒哒。感谢京东的到货通知 及时抢到了心仪的宝贝。谢谢哈 
不错很好看nice,不错很好看nice
关注很久了，京东一有货立马就买了，先锋版真心好看，很有气质，做工很相当好，和s7 edge 完美适配！,关注很久了 京东一有货立马就买了 先锋版真心好看 很有气质 做工很相当好 和s#NUM# edge 完美适配 
物流很快，等了这么久终于有货了。gear s3很不错，挺漂亮的。喜欢，,物流很快 等了这么久终于有货了。gear s#NUM#很不错 挺漂亮的。喜欢 
不错，充电快，自带的喇叭音量还不小，蓝牙连接很稳定，待机时间有两天，aod功能很实用，自动调节亮度功能不是太灵敏，应用软件偏少，三星官方的表带买不到，其他表带配起来有点别扭,不错 充电快 自带的喇叭音量还不小 蓝牙连接很稳定 待机时间有两天 aod功能很实用 自动调节亮度功能不是太灵敏 应用软件偏少 三星官方的表带买不到 其他表带配起来有点别扭
很帅气。相信京东。。手表不大不小正合适。就是三星手机太卡 。,很帅气。相信京东。。手表不大不小正合适。就是三星手机太卡 。
一天就到货了，物流很快，挺不错的一次购物，打开后惊喜不断，很惊艳,一天就到货了 物流很快 挺不错的一次购物 打开后惊喜不断 很惊艳
"物流很快,刚收到,正在体验中,感觉很不错!",物流很快 刚收到 正在体验中 感觉很不错 
好用，大气。,好用 大气。
三星 （SAMSUNG）三星Gear S3智能手表 内置独立GPS三星手表 海拔高度 心率监测 户外跑表 先锋版Frontier，不错！,三星  SAMSUNG 三星Gear S#NUM#智能手表 内置独立GPS三星手表 海拔高度 心率监测 户外跑表 先锋版Frontier 不错 
不错不错，功能挺多的，有些还没搞明白，一会再去洗澡试试，计步器很准，心率对姿势有要求，经常测的不太准。还有就是自动记忆爬楼梯这个功能很实用。语音不是太好用，对微信视屏聊天有影响，也有可能是我不会弄。求帮助！！！,不错不错 功能挺多的 有些还没搞明白 一会再去洗澡试试 计步器很准 心率对姿势有要求 经常测的不太准。还有就是自动记忆爬楼梯这个功能很实用。语音不是太好用 对微信视屏聊天有影响 也有可能是我不会弄。求帮助！
等了好几天，昨天看到有货立刻下订单。很好，值得拥有。只是三星应该和移动，某支付app，银联，公交公司等达成协议，要不这个表的功能都体现不出来。,等了好几天 昨天看到有货立刻下订单。很好 值得拥有。只是三星应该和移动 某支付app 银联 公交公司等达成协议 要不这个表的功能都体现不出来。
多亏了京东客服告知什么时候有货，才抢到了,多亏了京东客服告知什么时候有货 才抢到了
发货速度快，准时到达，手表不错，价格公道，京东是不错的选择,发货速度快 准时到达 手表不错 价格公道 京东是不错的选择
高大上，戴着很有档次。玩法也多样，大爱！,高大上 戴着很有档次。玩法也多样 大爱 
物流快，功能强大，给自己的奖励。,物流快 功能强大 给自己的奖励。
很好看，就是稍微显得厚了一点。还有表带一般,很好看 就是稍微显得厚了一点。还有表带一般
东西很棒，比超市便宜不少，京东服务真不错。值得推荐给大家,东西很棒 比超市便宜不少 京东服务真不错。值得推荐给大家
东西不错，买了很久才能评价，先锋版长期没货，我运气好。 手表脱离不了手机，这款手表介于专业运动和娱乐数码之间，专业比不上我之前的佳明，软件支持比不上苹果，但是手表精美，整体运用很好，总的来说还是不错的。,东西不错 买了很久才能评价 先锋版长期没货 我运气好。 手表脱离不了手机 这款手表介于专业运动和娱乐数码之间 专业比不上我之前的佳明 软件支持比不上苹果 但是手表精美 整体运用很好 总的来说还是不错的。
不错很时尚  功能很多,不错很时尚 功能很多
除了偶尔连接不上，安装软件慢其他都不错。,除了偶尔连接不上 安装软件慢其他都不错。
很好很不错的商品 信赖京东,很好很不错的商品 信赖京东
心仪好久的表，有货直接下单。漂亮，有非常多表盘可换，还能自己做表盘。心率监测，运动检测，gps，功能多多。,心仪好久的表 有货直接下单。漂亮 有非常多表盘可换 还能自己做表盘。心率监测 运动检测 gps 功能多多。
东西不错，物流很快。,东西不错 物流很快。
非常不错，非常帅，功能够用，也实在。第一次买手表。三星还是值得信赖,非常不错 非常帅 功能够用 也实在。第一次买手表。三星还是值得信赖
很给力！,很给力 
手表真的不错，喜欢三星这种圆形表盘的设计，不像苹果的方块。功能非常人性化，可更换各种表盘，总之很满意。,手表真的不错 喜欢三星这种圆形表盘的设计 不像苹果的方块。功能非常人性化 可更换各种表盘 总之很满意。
外形满分，软件负分，对比苹果的手表，这个系统感觉是买手表送了一个系统，三星支付最牛逼的mst功能，手表硬件支持软件竟然不支持可笑。,外形满分 软件负分 对比苹果的手表 这个系统感觉是买手表送了一个系统 三星支付最牛逼的mst功能 手表硬件支持软件竟然不支持可笑。
先锋款确实掉漆后明显，给各位参考意见,先锋款确实掉漆后明显 给各位参考意见
手机不错，，，，,手机不错   
手表挺好的，就是软件环境太差了,手表挺好的 就是软件环境太差了
一直没货，突然发现到货一个，立即抢购。比想象中要大一些，不过还是能接受的。这货真心强大，百度地图可以用，这个很好。alipay也可以用，这样虽然暂时不能用samsung pay，也可以弥补一下，毕竟alipay也很方便常用。下载了好多表盘，每天可以换，真不错。,一直没货 突然发现到货一个 立即抢购。比想象中要大一些 不过还是能接受的。这货真心强大 百度地图可以用 这个很好。alipay也可以用 这样虽然暂时不能用samsung pay 也可以弥补一下 毕竟alipay也很方便常用。下载了好多表盘 每天可以换 真不错。
但是配送员太不负责了，东西扔前台就直接走了，发了个短信给我，要是被别人冒领了，算谁的？,但是配送员太不负责了 东西扔前台就直接走了 发了个短信给我 要是被别人冒领了 算谁的 
手表非常好，就是使用起来还是有点鸡肋的一个东西,手表非常好 就是使用起来还是有点鸡肋的一个东西
很好用 常亮也能待机2天 转盘有点松不过不影响,很好用 常亮也能待机#NUM#天 转盘有点松不过不影响
很完美的智能手表，应用还不够丰富,很完美的智能手表 应用还不够丰富
还可以，各方面都不错，就是还不支持三星支付。软件还不多。,还可以 各方面都不错 就是还不支持三星支付。软件还不多。
怎么说呢，样子是不错，但是也有缺的点，表带是个败笔，然后要连蓝牙才可以接受信息和电话，这不是浪费手机和表的电量嘛，目前除了换表盘之外，没发现其他实用性的工具，对不住这个价格！谁要我卖他，带了3天，18019033800！,怎么说呢 样子是不错 但是也有缺的点 表带是个败笔 然后要连蓝牙才可以接受信息和电话 这不是浪费手机和表的电量嘛 目前除了换表盘之外 没发现其他实用性的工具 对不住这个价格 谁要我卖他 带了#NUM#天   
很不错，值得信赖！！！！！！,很不错 值得信赖！
期待已久，果然不错，值得拥有,期待已久 果然不错 值得拥有
默认设置 续航3天,默认设置 续航#NUM#天
拿到手第一眼看上去很漂亮，圆形转动很有设计感，使用后功能很强大，通知，时间，音乐，天气，气压，健康，甚至通话都很到位，还有心率功能也很实用，第三方包括百度地图等等功能，真是用了就停不下来了哈，说是目前市场上最好的智能手表也不为过，这次顶三星一个。,拿到手第一眼看上去很漂亮 圆形转动很有设计感 使用后功能很强大 通知 时间 音乐 天气 气压 健康 甚至通话都很到位 还有心率功能也很实用 第三方包括百度地图等等功能 真是用了就停不下来了哈 说是目前市场上最好的智能手表也不为过 这次顶三星一个。
朋友用着不错，自己也试了试，外观漂亮做工精细，转盘设计巧妙，TIZEN系统完美适配S7，接打电话查看＆回复信息都挺方便，GPS定位也很准，不足在于APP目前还不是很丰富，但常用的基本都有了，而且自带的一些功能比较强大，体验也还好。再就是原装表带不好买，希望尽快上线～听说现在也适配iPhone了，对比之后，还是比苹果表强！,朋友用着不错 自己也试了试 外观漂亮做工精细 转盘设计巧妙 TIZEN系统完美适配S#NUM# 接打电话查看 回复信息都挺方便 GPS定位也很准 不足在于APP目前还不是很丰富 但常用的基本都有了 而且自带的一些功能比较强大 体验也还好。再就是原装表带不好买 希望尽快上线 听说现在也适配iPhone了 对比之后 还是比苹果表强 
用了一个月来评价，很Cool，功能也很多，都很好，吐槽的是这个表带有点吸尘啊，还有说好的samsung pay呢？哪里去了？啥时候更新软件 出来用一用啊...,用了一个月来评价 很Cool 功能也很多 都很好 吐槽的是这个表带有点吸尘啊 还有说好的samsung pay呢 哪里去了 啥时候更新软件 出来用一用啊。
用了半个月才来评价，表很漂亮，功能也很强大，就是应用稍微有点少,用了半个月才来评价 表很漂亮 功能也很强大 就是应用稍微有点少
很棒的手表，美观大方，功能强大！！！！！！！！,很棒的手表 美观大方 功能强大！
手表转动的圆圈永久了松动，没有samsung pay，支付婊可以脱机用，不过听说支付的条形码有点问题，我是非samsung手机，微信无法手机回复，天气软件温度貌似是不准的。总之，就一句话，除了软件的问题，这个手表还是不错的。要是能狗刷安卓wear就好了。,手表转动的圆圈永久了松动 没有samsung pay 支付婊可以脱机用 不过听说支付的条形码有点问题 我是非samsung手机 微信无法手机回复 天气软件温度貌似是不准的。总之 就一句话 除了软件的问题 这个手表还是不错的。要是能狗刷安卓wear就好了。
观望好久才下的单，软件就是个鸡肋只有个支付码无用，导航必须开启手机的GPS才能定位。还内置GPS不建议购买，一直定不到位。表带真如他们所说就是个吸尘器，总体来说东西做工还是不错。,观望好久才下的单 软件就是个鸡肋只有个支付码无用 导航必须开启手机的GPS才能定位。还内置GPS不建议购买 一直定不到位。表带真如他们所说就是个吸尘器 总体来说东西做工还是不错。
东西不错，用起来感觉很好，还会继续购买,东西不错 用起来感觉很好 还会继续购买
有货就赶快买了，用了有一段时间了，电池比较耐用，表盘风格有很多，还可以接打电话，用着方便快捷,有货就赶快买了 用了有一段时间了 电池比较耐用 表盘风格有很多 还可以接打电话 用着方便快捷
不错，高大上，唯一感觉应该可以插卡就更好了，确实大，但是怎么就没见发票,不错 高大上 唯一感觉应该可以插卡就更好了 确实大 但是怎么就没见发票
非常满意。速度快，唤醒准确，电池给力，大小也很合适，无论是电话还是消息推送和手机配合得都很好，暂时对应用没有更多要求，所以感觉很不错！,非常满意。速度快 唤醒准确 电池给力 大小也很合适 无论是电话还是消息推送和手机配合得都很好 暂时对应用没有更多要求 所以感觉很不错 
可以，功能都很实用。个人感觉是安卓系统最好的智能手表了,可以 功能都很实用。个人感觉是安卓系统最好的智能手表了
稍微有点大，其余都还好，价格比较适当。,稍微有点大 其余都还好 价格比较适当。
三星这款s3，看起来挺商务的，而且很多东西比较人性化，比如抬手自动亮蘋，戴着的时候也有睡眠检测，,三星这款s#NUM# 看起来挺商务的 而且很多东西比较人性化 比如抬手自动亮蘋 戴着的时候也有睡眠检测 
不足的地方是旋转表盖比较松动，转动的时候反馈不好。也容易磕花,不足的地方是旋转表盖比较松动 转动的时候反馈不好。也容易磕花
快递很给力，手表目前来说还算满意,快递很给力 手表目前来说还算满意
非常给力的产品！,非常给力的产品 
科技高啊好,科技高啊好
非常漂亮。应该算现在在售最漂亮的智能手表了，而且旋转操作很新颖方便，电池也不错。就是连接ios略有限制.,非常漂亮。应该算现在在售最漂亮的智能手表了 而且旋转操作很新颖方便 电池也不错。就是连接ios略有限制 
特意用了几天才来评价&hellip;外形确实很亮眼，很多实用功能也很不错，就是APP支持太差了，连导航，企鹅，微信没得，新闻APP也很差。还有一点就是表盘转转就感觉松了，阻尼感没了&hellip;不知道是不是个例,特意用了几天才来评价 hellip 外形确实很亮眼 很多实用功能也很不错 就是APP支持太差了 连导航 企鹅 微信没得 新闻APP也很差。还有一点就是表盘转转就感觉松了 阻尼感没了 hellip 不知道是不是个例
还不错，下次看到继续再买,还不错 下次看到继续再买
很漂亮  物流速度快  完美,很漂亮 物流速度快 完美
越南产的，硬件强大，很拉风，软件是硬伤！,越南产的 硬件强大 很拉风 软件是硬伤 
不错，等了好几天终于发货了！带上很不错！只是iPhone的APP功能相对安卓的太少了，希望以后能开发出来吧！,不错 等了好几天终于发货了 带上很不错 只是iPhone的APP功能相对安卓的太少了 希望以后能开发出来吧 
支付还是不可以，微信助手有时不太好用,支付还是不可以 微信助手有时不太好用
手表很酷炫，缺点是短信和腾讯企鹅信息都收不到，不知道是我手机的问题还是普遍都这样，微信可以收到信息但是没有办法回复。,手表很酷炫 缺点是短信和腾讯企鹅信息都收不到 不知道是我手机的问题还是普遍都这样 微信可以收到信息但是没有办法回复。
不错的手表，看着很时尚。就是蓝牙总爱断,不错的手表 看着很时尚。就是蓝牙总爱断
不错的商品，很满意！！！！！！,不错的商品 很满意！
外观够潮 app够用 总体下来不错,外观够潮 app够用 总体下来不错
很漂亮，实用性也很不错，期待三星pay,很漂亮 实用性也很不错 期待三星pay
不错不错不错不错不错不错不错不错,不错不错不错不错不错不错不错不错
送给自己的新年礼物，挺好！,送给自己的新年礼物 挺好 
手表还不错，就是连非三星手机很不稳定,手表还不错 就是连非三星手机很不稳定
可以，等了好久，看了好久，终于入手，还有感谢基友的大力支持?,可以 等了好久 看了好久 终于入手 还有感谢基友的大力支持 
用了一段时间，觉得手表颜值很好，只是自己的手小了点带起来不是很hou的住。另外电池还好基本不重度实用，日常用3天都可以。另外主要在运动方面功能比较多，睡觉时会每隔一个小时自动测一次心跳，这个非常好，然后会反馈睡眠质量，虽然这些某米手环都有，但整体感觉还是不一样。运动时会实时提醒运动量。整体来说功能算非常强大了，价格也还可以，性价比还行。,用了一段时间 觉得手表颜值很好 只是自己的手小了点带起来不是很hou的住。另外电池还好基本不重度实用 日常用#NUM#天都可以。另外主要在运动方面功能比较多 睡觉时会每隔一个小时自动测一次心跳 这个非常好 然后会反馈睡眠质量 虽然这些某米手环都有 但整体感觉还是不一样。运动时会实时提醒运动量。整体来说功能算非常强大了 价格也还可以 性价比还行。
今天刚收到，还没细细品味，稍后评测，不过连张膜不没得送，是不是有点太小气了&hellip;&hellip;,今天刚收到 还没细细品味 稍后评测 不过连张膜不没得送 是不是有点太小气了 hellip  hellip 
还行，就是没什么用，软件太少,还行 就是没什么用 软件太少
收到了 官网有三百返现还有七彩表带送 这里什么都没有。。。。不开心,收到了 官网有三百返现还有七彩表带送 这里什么都没有。不开心
东西很好，价格不错。物流很快,东西很好 价格不错。物流很快
东西不错   蛮漂亮的 颜值高,东西不错 蛮漂亮的 颜值高
具体用过一段时间在评论好否，，，，，，,具体用过一段时间在评论好否   
终于在年前收到货了&hellip;&hellip;,终于在年前收到货了 hellip  hellip 
京东京东。你真棒。那么快。,京东京东。你真棒。那么快。
速度就是快。每次，买京东自营，都很满意。,速度就是快。每次 买京东自营 都很满意。
也就普通手表吧，连接非三星手机经常断线，给人整体感觉，也就装装吧,也就普通手表吧 连接非三星手机经常断线 给人整体感觉 也就装装吧
第一天耗电飞快，半天用了50%。第二天充满电，用了一个默认表盘，上午没开常亮，下午开了常亮，到了晚上九点半用了33%的电，在接受范围之内。装逼利器，非常喜欢。,第一天耗电飞快 半天用了#NUM# 。第二天充满电 用了一个默认表盘 上午没开常亮 下午开了常亮 到了晚上九点半用了#NUM# 的电 在接受范围之内。装逼利器 非常喜欢。
很喜欢这款手表，一直在订货。终于被我抢到了。,很喜欢这款手表 一直在订货。终于被我抢到了。
已经用了2天了，功能很全面，支持支*付*宝。正在研究其他的功能。,已经用了#NUM#天了 功能很全面 支持支 付 宝。正在研究其他的功能。
不能使用三星pay，待机强劲，通话清晰，蓝牙很智能，可以同时连接手机和汽车,不能使用三星pay 待机强劲 通话清晰 蓝牙很智能 可以同时连接手机和汽车
等了好多天终于有货了，物流很快，小哥态度很好，老实说对软件支持还不够耗电量很小，总体很好,等了好多天终于有货了 物流很快 小哥态度很好 老实说对软件支持还不够耗电量很小 总体很好
真的太帅了！给京东100个赞?！我还会一如既往支持你！谢谢,真的太帅了 给京东#NUM#个赞  我还会一如既往支持你 谢谢
很好的手表，待机确实好iwatch太多太多,很好的手表 待机确实好iwatch太多太多
用了几天了，好，点赞,用了几天了 好 点赞
表不错，就是应用太少了！！！！,表不错 就是应用太少了！
不错，虽然贵了点，但是的确方便好用。还能接电话，赞，满意。越南产的,不错 虽然贵了点 但是的确方便好用。还能接电话 赞 满意。越南产的
还是先锋版好看，希望续航给力点,还是先锋版好看 希望续航给力点
刚拿到。表盘挺大，操作体验还可以，续航不错。我用它当带一点功能的普通表，从这一点来说还算合格。,刚拿到。表盘挺大 操作体验还可以 续航不错。我用它当带一点功能的普通表 从这一点来说还算合格。
本来没货打算放弃了，后来有货了，咬咬牙就买了。京东就是好，值得信赖。,本来没货打算放弃了 后来有货了 咬咬牙就买了。京东就是好 值得信赖。
手表的外观是蛮好看，适合我这样的爷们佩带，外观十分时尚，我要吐槽的是这手表带真的是移动吸尘器，全是灰，也不送个钢化膜，年后再来整个表带吧，关注好久了，提醒有货立马拍下，总之还是蛮满意的，希望玩得久点吧，对了 在哪里看手表的生产日期和生产地呀？,手表的外观是蛮好看 适合我这样的爷们佩带 外观十分时尚 我要吐槽的是这手表带真的是移动吸尘器 全是灰 也不送个钢化膜 年后再来整个表带吧 关注好久了 提醒有货立马拍下 总之还是蛮满意的 希望玩得久点吧 对了 在哪里看手表的生产日期和生产地呀 
非常帅气 很适合 运动型男人,非常帅气 很适合 运动型男人
没有想象中好，很多软体用不了，安装龟速，三星的确不怎么样，实物发票了没了。,没有想象中好 很多软体用不了 安装龟速 三星的确不怎么样 实物发票了没了。
外观大气时尚，跟s7完美匹配，该有的功能也都有了，电池2到3天，免去一天一冲不错的智能手表。,外观大气时尚 跟s#NUM#完美匹配 该有的功能也都有了 电池#NUM#到#NUM#天 免去一天一冲不错的智能手表。
手表外形很帅，背景选择很多，功能也还不错，只是感觉电池不是太耐用，充满电差不多就是两天，其他都还不错，比较满意,手表外形很帅 背景选择很多 功能也还不错 只是感觉电池不是太耐用 充满电差不多就是两天 其他都还不错 比较满意
物流快，一直想买一只手表，这个真心不错,物流快 一直想买一只手表 这个真心不错
手表相当不错。！！！！！！,手表相当不错。！
外观酷炫，功能强大，内外兼修。自己用安卓手机，所以S3是最好的选择了。电池够两天，中度使用。,外观酷炫 功能强大 内外兼修。自己用安卓手机 所以S#NUM#是最好的选择了。电池够两天 中度使用。
快递竟然不用本人签收，打了个电话放门岗就走了。手表用了几天感觉不错，很多功能还不会用，慢慢研究，电池续航不开GPS也只能用两天多。,快递竟然不用本人签收 打了个电话放门岗就走了。手表用了几天感觉不错 很多功能还不会用 慢慢研究 电池续航不开GPS也只能用两天多。
研究了一晚上，很不错。深度使用中，随后再做评价,研究了一晚上 很不错。深度使用中 随后再做评价
该商品正如预期，非常给力。外观和内在功能非常强大。,该商品正如预期 非常给力。外观和内在功能非常强大。
京东物流很快，到货京东派自提很方便，看到有货马上就拍下了，东西没的说，比较好用，颜值也很高！全新未拆封！,京东物流很快 到货京东派自提很方便 看到有货马上就拍下了 东西没的说 比较好用 颜值也很高 全新未拆封 
非常精致，正在研究功能，应该非常不错，满意满意！,非常精致 正在研究功能 应该非常不错 满意满意 
东西已经收到。不错&hellip;&hellip;,东西已经收到。不错 hellip  hellip 
好吃那个是你了啊还有啥啊还有啥啊嗯不一定能给你啊嗯不一定能给你,好吃那个是你了啊还有啥啊还有啥啊嗯不一定能给你啊嗯不一定能给你
不错，正在学习设置中，物流挺给力,不错 正在学习设置中 物流挺给力
比S2大一圈，也重不少。总体来说很满意。,比S#NUM#大一圈 也重不少。总体来说很满意。
很漂亮，一直缺货，京东还是说一不二的准确，送货很快。,很漂亮 一直缺货 京东还是说一不二的准确 送货很快。
能连接ios了，就买个用用，就是支-付-宝不支持，这个不好，软件也少,能连接ios了 就买个用用 就是支-付-宝不支持 这个不好 软件也少
速度快显示清晰续航时间长,速度快显示清晰续航时间长
等了好久终于有货了，果断下单。正在试用中，外观没得挑剔了，希望有更多应用。,等了好久终于有货了 果断下单。正在试用中 外观没得挑剔了 希望有更多应用。
高大上，送给用户是不错的体验,高大上 送给用户是不错的体验
物流很快擦擦擦啊啊啊,物流很快擦擦擦啊啊啊
感觉很好，还是国行版的，现在还不怎么会用,感觉很好 还是国行版的 现在还不怎么会用
挺好的，带电足够两天时间，反应不是很快,挺好的 带电足够两天时间 反应不是很快
总算等到了！太帅了。。。哈哈,总算等到了 太帅了。哈哈
第一时间预订的到货慢了点，没有什么赠送,第一时间预订的到货慢了点 没有什么赠送
不错，感觉还可以,不错 感觉还可以
手表很好看，功能不错，等待三星pay，电量感觉不是特别耐用，可能是开了自动心率，整体上满意,手表很好看 功能不错 等待三星pay 电量感觉不是特别耐用 可能是开了自动心率 整体上满意
很漂亮，上档次，就是软件有点少,很漂亮 上档次 就是软件有点少
东西很不错！！！！！！！！！！！,东西很不错！
送货速度就是快，东西很好信赖京东，今天的酒又到了,送货速度就是快 东西很好信赖京东 今天的酒又到了
东西不错，如果正常看时间能用3-4天，很多功能还不太完善，希望以后更进，支持的软件也不多，微信也回复不了，只能看，三星支付也用不了，总之颜值很高，就是太贵，性价比不高，估计也会很快降价。好看的表盘也费电。,东西不错 如果正常看时间能用#NUM#-#NUM#天 很多功能还不太完善 希望以后更进 支持的软件也不多 微信也回复不了 只能看 三星支付也用不了 总之颜值很高 就是太贵 性价比不高 估计也会很快降价。好看的表盘也费电。
说是国行，但产地是越南，在三星官网可查到，质量、外观没得说,说是国行 但产地是越南 在三星官网可查到 质量、外观没得说
待机长，待机长，待机长，重要的事情说三遍！,待机长 待机长 待机长 重要的事情说三遍 
等了好三天才到，不过这表值得我等，特别精致而且还能玩游戏。就是所购买的增值保障服务订单，因税务系统升级导致我的电子发票未开具，得二月份才能到。辛苦快递小哥了,等了好三天才到 不过这表值得我等 特别精致而且还能玩游戏。就是所购买的增值保障服务订单 因税务系统升级导致我的电子发票未开具 得二月份才能到。辛苦快递小哥了
物流非常快，产品非常完美,物流非常快 产品非常完美
说真的感觉没有想象当中的那么好现在确认收货习惯性的好评有这种智能表也买过好多款了缸子所有的智能手表都是一样嗯这是实用性不是特别强,说真的感觉没有想象当中的那么好现在确认收货习惯性的好评有这种智能表也买过好多款了缸子所有的智能手表都是一样嗯这是实用性不是特别强
很好用，连接速度快，很棒！,很好用 连接速度快 很棒 
很好，一直在等的款式，配送也很快,很好 一直在等的款式 配送也很快
不错 挺好用 就是微信还不能回复,不错 挺好用 就是微信还不能回复
这款确实很赞，程序人性化。,这款确实很赞 程序人性化。
外观感觉就是好，帅气！与手机连接功能都能用，继续深入使用再发感受,外观感觉就是好 帅气 与手机连接功能都能用 继续深入使用再发感受
很好的一款，好喜欢三星这款产品，赞~,很好的一款 好喜欢三星这款产品 赞 
手表到手跟预想的差不多，但是京东没有赠品，不过赠品其实也没什么用，总体好评,手表到手跟预想的差不多 但是京东没有赠品 不过赠品其实也没什么用 总体好评
十分不错，很牛666，特别喜欢?,十分不错 很牛#NUM# 特别喜欢 
整体还是不错的，谢谢三星，谢谢京东,整体还是不错的 谢谢三星 谢谢京东
还不错'跟苹果系统融合的还可以'该有的功能都有',还不错 跟苹果系统融合的还可以 该有的功能都有 
手表没得说，颜值高，运行流畅，电池给力，期待三星pay早点上线！,手表没得说 颜值高 运行流畅 电池给力 期待三星pay早点上线 
硬件超乎想象的棒，特别是麦克风和扬声器，软件虽然少但是基础的都有,硬件超乎想象的棒 特别是麦克风和扬声器 软件虽然少但是基础的都有
很好看，旋转表盘有点松，有响声。。,很好看 旋转表盘有点松 有响声。。
不错，心仪很久了，终于等到有货抢到了,不错 心仪很久了 终于等到有货抢到了
可用软件太少！,可用软件太少 
表带太低档难看！,表带太低档难看 
其他还不错。,其他还不错。
优点就不说了，最大的缺点就是在ios上下载东西慢的要死。除了这点其他都好，特别是续航。,优点就不说了 最大的缺点就是在ios上下载东西慢的要死。除了这点其他都好 特别是续航。
还可以吧，表带太丑了，太low了,还可以吧 表带太丑了 太low了
手表很漂亮，功能方面还需加强&hellip;&hellip;实用性也很好，,手表很漂亮 功能方面还需加强 hellip  hellip 实用性也很好 
货还可以，就是配送速度有点慢。。。。。。。。。。。。。。。。。。。。。。。。。。。,货还可以 就是配送速度有点慢。
智能手表中最好看的，功能也还行，就是微信回复好像有问题，总体感觉不错,智能手表中最好看的 功能也还行 就是微信回复好像有问题 总体感觉不错
等了好久终于有货了。外观好看，比S2大不少，更大气、操作也更流畅了。关键是还自带喇叭，比较好。,等了好久终于有货了。外观好看 比S#NUM#大不少 更大气、操作也更流畅了。关键是还自带喇叭 比较好。
终于到了，现在京东收货还有验证码，更安全了，手表满意，就是应用程序支持还不够多。发票居然是断的,终于到了 现在京东收货还有验证码 更安全了 手表满意 就是应用程序支持还不够多。发票居然是断的
还好才到手里，，，，，，，，,还好才到手里   
要是能用samsung pay就好了,要是能用samsung pay就好了
送货费非常快，非常喜欢，一直期待很久了，终于订到了，喜欢就买,送货费非常快 非常喜欢 一直期待很久了 终于订到了 喜欢就买
非常不错，就是和gear比大了点，上一版不能打电话，真是&hellip;，出来这这个就shopping了，缺点是下次送个膜好吗。膜又不贵，但小众，难买啊&larr;_&larr;,非常不错 就是和gear比大了点 上一版不能打电话 真是 hellip  出来这这个就shopping了 缺点是下次送个膜好吗。膜又不贵 但小众 难买啊 larr _ larr 
非常好，非常漂亮，京东发货超快。,非常好 非常漂亮 京东发货超快。
京东品质，值得信赖。送货很快，服务员态度热情。,京东品质 值得信赖。送货很快 服务员态度热情。
手表很漂亮，很好看，,手表很漂亮 很好看 
健康功能很实用。表盘个性，多样。值得购买。,健康功能很实用。表盘个性 多样。值得购买。
买了用了好几天才来评价，我一般用待机3天没的问题，很不错，外观完全感觉不到是电子表，机械腕表的质感。我用的苹果系统，短信微信无法在手边上回复，试了安卓系统的可以，苹果 支河付蟹宝无法绑定，安卓可以，IOS的适配度还是没的安卓好，不过没关系，反正是准备换三星S8的，手表早买早享受。,买了用了好几天才来评价 我一般用待机#NUM#天没的问题 很不错 外观完全感觉不到是电子表 机械腕表的质感。我用的苹果系统 短信微信无法在手边上回复 试了安卓系统的可以 苹果 支河付蟹宝无法绑定 安卓可以 IOS的适配度还是没的安卓好 不过没关系 反正是准备换三星S#NUM#的 手表早买早享受。
手表很好 但是用的非三星手机鼓捣半天才连接成功！,手表很好 但是用的非三星手机鼓捣半天才连接成功 
可以，蛮好的，..................不错。。。。。。。。。。。。,可以 蛮好的 。不错。
炫酷狂拽吊炸天，就是这么装逼，哈哈哈哈哈哈哈哈哈哈,炫酷狂拽吊炸天 就是这么装逼 哈哈哈
一直没有货，终于抢到了，帅！,一直没有货 终于抢到了 帅 
不错，三星的东西也是可以的,不错 三星的东西也是可以的
大爱，心念了好久终于下定决心买了。说没货结果，第二天就来，太开心了，赞哦。看看用一段时间怎么样,大爱 心念了好久终于下定决心买了。说没货结果 第二天就来 太开心了 赞哦。看看用一段时间怎么样
关注gear s3很久了 发现京东有货立马拍了。第二天就到货了，包装完好无损 是正品 但是手表有些表盘不支持常亮功能，耗电基本和官方介绍一样，接听电话不是很流畅会卡，通知比较及时，qq微信无法回复，三星智付也没有，希望后期能改进其他暂无问题，这次购物唯一不足的地方就是开的发票非常模糊 几乎无法辨识 重开发票还需自己承担运费！,关注gear s#NUM#很久了 发现京东有货立马拍了。第二天就到货了 包装完好无损 是正品 但是手表有些表盘不支持常亮功能 耗电基本和官方介绍一样 接听电话不是很流畅会卡 通知比较及时 qq微信无法回复 三星智付也没有 希望后期能改进其他暂无问题 这次购物唯一不足的地方就是开的发票非常模糊 几乎无法辨识 重开发票还需自己承担运费 
一般使用续航2天多点（gps.心率开），省电模式4天多，包装和产品本身也暂时看不出瑕疵，就是屏幕挺吸指纹的，以及担心日常使用中屏幕的耐刮程度,一般使用续航#NUM#天多点 gps 心率开  省电模式#NUM#天多 包装和产品本身也暂时看不出瑕疵 就是屏幕挺吸指纹的 以及担心日常使用中屏幕的耐刮程度
非常好。喜欢。比苹果好多了,非常好。喜欢。比苹果好多了
东西和网上描述符合，是原厂行货，包装封条都完好，已使用，很给力，关键京东的物流还是靠谱，晚上下单，隔天就到了。,东西和网上描述符合 是原厂行货 包装封条都完好 已使用 很给力 关键京东的物流还是靠谱 晚上下单 隔天就到了。
好好好好好好好还好。。。速度一流。。还是信赖京东。别去买第三方。黄牛价不说。速度特别慢。。看见京东有货，果断入手，退了第三方的订单。,好好好还好。速度一流。。还是信赖京东。别去买第三方。黄牛价不说。速度特别慢。。看见京东有货 果断入手 退了第三方的订单。
很好 功能很强大 显示很清楚,很好 功能很强大 显示很清楚
非常的nlce！高端大气上档次！低调奢华有内涵！,非常的nlce 高端大气上档次 低调奢华有内涵 
关于大小:不算小，但是你要说是不是太大，真的不至于，可以戴。,关于大小 不算小 但是你要说是不是太大 真的不至于 可以戴。
操控灵敏，丝毫不卡顿，也比较好玩。做工很好，建议买经典版，比较不容易掉漆和变旧。,操控灵敏 丝毫不卡顿 也比较好玩。做工很好 建议买经典版 比较不容易掉漆和变旧。
非常帅的的一款智能手表，是我用过最好的一款,非常帅的的一款智能手表 是我用过最好的一款
高端、大气、上档次；不同于iWhatch的感受。,高端、大气、上档次 不同于iWhatch的感受。
非常不错的手表，拿到后非常败家的买了n个表面。。。。,非常不错的手表 拿到后非常败家的买了n个表面。
很好看，颜值高。希望更多的功能能够开发,很好看 颜值高。希望更多的功能能够开发
很好，已经在用了，但还有好好学习学习,很好 已经在用了 但还有好好学习学习
还怕句佛语啦，回去啦佛语啦,还怕句佛语啦 回去啦佛语啦
很高大上的手表，功能也多，还防水，很喜欢。,很高大上的手表 功能也多 还防水 很喜欢。
帮单位同事买的，价格便宜。,帮单位同事买的 价格便宜。
试用中，希望待机时间长一些！外观真心不错，只是应用程序真心太少&hellip;&hellip;希望能跟进！！！,试用中 希望待机时间长一些 外观真心不错 只是应用程序真心太少 hellip  hellip 希望能跟进！
很好的穿戴设备，这款设备应该是近年来最好看的了,很好的穿戴设备 这款设备应该是近年来最好看的了
款式很帅，应用出奇的少，好看的表盘也不多，然后先锋款的旋转边框好容易花。总之买了之后跟想象中的样子差的有一点大，原装的表带太吸灰，看起来就没档次了。其他整体还可以，对比下来可能经典款日常更好看。,款式很帅 应用出奇的少 好看的表盘也不多 然后先锋款的旋转边框好容易花。总之买了之后跟想象中的样子差的有一点大 原装的表带太吸灰 看起来就没档次了。其他整体还可以 对比下来可能经典款日常更好看。
都不错，除看软件有点少，电池不给力，都很好！,都不错 除看软件有点少 电池不给力 都很好 
我就发现这表盘怎么这么大,我就发现这表盘怎么这么大
2800买个电子表，哈哈，抬起手腕打电话，足够装B，表盘天天换^O^,#NUM#买个电子表 哈哈 抬起手腕打电话 足够装B 表盘天天换 O 
用了一周后来评价的，充电时间较长，剩余15%的时候基本都要2个半小时才能充满，待机时间长，只关了一个wifi三天还剩30%，正常还可以用一天。表盘转的时候感觉有点松，看了下论坛好像是普遍现象。GPS经常搜不到，天气APP温度实在感人，这几天上海温度都是个位数，出来一个最高温25度是什么鬼，好几天都这样子了。飞行模式一晚上掉电4%。总得来说满意，要是改进一下内置APP的质量，软件有苹果的水平就完美了,用了一周后来评价的 充电时间较长 剩余#NUM# 的时候基本都要#NUM#个半小时才能充满 待机时间长 只关了一个wifi三天还剩#NUM#  正常还可以用一天。表盘转的时候感觉有点松 看了下论坛好像是普遍现象。GPS经常搜不到 天气APP温度实在感人 这几天上海温度都是个位数 出来一个最高温#NUM#度是什么鬼 好几天都这样子了。飞行模式一晚上掉电#NUM# 。总得来说满意 要是改进一下内置APP的质量 软件有苹果的水平就完美了
等了10多天才到货，表还不错，可以用2，3天,等了#NUM#多天才到货 表还不错 可以用#NUM# #NUM#天
终于被我抢到一支，关注很久了！还不错！,终于被我抢到一支 关注很久了 还不错 
很好，非常智能，外观也很漂亮，值得入手,很好 非常智能 外观也很漂亮 值得入手
手表真心不错，手感很好，带上也不觉得沉，赞,手表真心不错 手感很好 带上也不觉得沉 赞
做工很好，也很漂亮，可以和苹果连接，不能和华为连接，百度有人说翻qiang可以，我没试，仅供参考！本来想着退掉，后来想想算了，当电子表也很好看嘛,做工很好 也很漂亮 可以和苹果连接 不能和华为连接 百度有人说翻qiang可以 我没试 仅供参考 本来想着退掉 后来想想算了 当电子表也很好看嘛
座机电话壁挂座机电话壁挂座机电话壁挂,座机电话壁挂座机电话壁挂座机电话壁挂
很好，就差个三星手机了！,很好 就差个三星手机了 
暂时还好，看看我弟用的怎么样再说,暂时还好 看看我弟用的怎么样再说
这是最好的智能穿戴手表了，屏幕显示没的说太棒了，功能丰富，你的活动情况会提醒，关心太贴切了，用上了就离不开了，最想手表的表，表盘也多，续航也棒，能用2到3天没问题，那个旋转的齿轮是我最喜欢的，买了不后悔，能买到很幸福。表带也好换，算是很完美了，多方面都照顾到了。,这是最好的智能穿戴手表了 屏幕显示没的说太棒了 功能丰富 你的活动情况会提醒 关心太贴切了 用上了就离不开了 最想手表的表 表盘也多 续航也棒 能用#NUM#到#NUM#天没问题 那个旋转的齿轮是我最喜欢的 买了不后悔 能买到很幸福。表带也好换 算是很完美了 多方面都照顾到了。
三星么，没的说，非常好用。,三星么 没的说 非常好用。
京东的包装真是诚意满满，一个塑料袋就完事了,京东的包装真是诚意满满 一个塑料袋就完事了
已使用一周，整体感觉较好，通话清晰，唯一的是微信装不上,已使用一周 整体感觉较好 通话清晰 唯一的是微信装不上
表带硬，要重新买才可以,表带硬 要重新买才可以
用了几天才评价，第一次用智能手表，心率睡眠一清二楚。,用了几天才评价 第一次用智能手表 心率睡眠一清二楚。
挺好的，微信可接收，不能回复，pay怎么用还没找到,挺好的 微信可接收 不能回复 pay怎么用还没找到
做工很不错~，运动感十足，就是希望以后能多一点实用的应用,做工很不错  运动感十足 就是希望以后能多一点实用的应用
手表很不错，是我最喜欢的一款智能手表，电池也比较耐用，正常能用三四天。,手表很不错 是我最喜欢的一款智能手表 电池也比较耐用 正常能用三四天。
用过的最好智能手表。续航和功能最平衡的。,用过的最好智能手表。续航和功能最平衡的。
颜值爆表，屏幕和续航都很不错，不足的地方是软件太少，百度地图定位一直不行,颜值爆表 屏幕和续航都很不错 不足的地方是软件太少 百度地图定位一直不行
没想到这么快就到货了，比预想的早十几天用上了。手表非常喜欢。,没想到这么快就到货了 比预想的早十几天用上了。手表非常喜欢。
非常给力的表，之前一直关注佳明飞耐时3，后面还是决定入手S3，毕竟本人运动较少，还是以都市上班为主。实测可以与小米5、小米MIX手机、三星S5手机完美连接，表盘款式多，软件功能多，可以接听、拨打电话，消息提醒、导航等等，逼格满满啊,非常给力的表 之前一直关注佳明飞耐时#NUM# 后面还是决定入手S#NUM# 毕竟本人运动较少 还是以都市上班为主。实测可以与小米#NUM#、小米MIX手机、三星S#NUM#手机完美连接 表盘款式多 软件功能多 可以接听、拨打电话 消息提醒、导航等等 逼格满满啊
大气上档次，手感很好！赞赞赞,大气上档次 手感很好 赞赞赞
不错！京东速度！什么时候sp启用就完美了！,不错 京东速度 什么时候sp启用就完美了 
比上一代多了很多功能，电池也比上一代用的时间长，,比上一代多了很多功能 电池也比上一代用的时间长 
gear s坏了，就入了3代，颜值高太多了。,gear s坏了 就入了#NUM#代 颜值高太多了。
等待的有价值，非常不错的手表。做工精致，功能强大！可以说是目前最强大的智能手表，没有之一！,等待的有价值 非常不错的手表。做工精致 功能强大 可以说是目前最强大的智能手表 没有之一 
还不错 唯一不爽的就不能多送两个表带什么的。,还不错 唯一不爽的就不能多送两个表带什么的。
手表不错预定的很快就拿到了，续航可以。。戴着三天可以用到,手表不错预定的很快就拿到了 续航可以。。戴着三天可以用到
比较满意，唯一不足就是三星系统的软件太少,比较满意 唯一不足就是三星系统的软件太少
总体不错，做工精细，表盘大小应该说还可以，男士手腕粗细应该都可以，唯一就是应用太少，三星啊，要想卖的好，软件少不了。,总体不错 做工精细 表盘大小应该说还可以 男士手腕粗细应该都可以 唯一就是应用太少 三星啊 要想卖的好 软件少不了。
等了一个周终于发货。然后现在收到了。我手腕很细。但感觉戴着也不是很大。所以还是给好评。因为真的非常漂亮。图里现在是正在更新。,等了一个周终于发货。然后现在收到了。我手腕很细。但感觉戴着也不是很大。所以还是给好评。因为真的非常漂亮。图里现在是正在更新。
手表很漂亮，质量很好。,手表很漂亮 质量很好。
外观和做工非常好，手表厚度和重量控制的还算合适，续航时间远超预期，轻度使用的情况下3天以上没啥问题。最不满意的是与微信兼容很差，收到的文字可以正常显示，但明明自带麦克风却不能听收到的语音，另外回复微信也是经常抽筋，莫名其妙就不能回复或者回复没反应了，只能期待后续软件更新解决。其他的功能还是比较给力的，尤其是直接接打电话开车的时候超级方便，整体还算满意，好评吧~！,外观和做工非常好 手表厚度和重量控制的还算合适 续航时间远超预期 轻度使用的情况下#NUM#天以上没啥问题。最不满意的是与微信兼容很差 收到的文字可以正常显示 但明明自带麦克风却不能听收到的语音 另外回复微信也是经常抽筋 莫名其妙就不能回复或者回复没反应了 只能期待后续软件更新解决。其他的功能还是比较给力的 尤其是直接接打电话开车的时候超级方便 整体还算满意 好评吧  
装逼就是一流够酷，就是软件少了点，期待有更多的软件。,装逼就是一流够酷 就是软件少了点 期待有更多的软件。
非常不错，高端大气,非常不错 高端大气
没时间了，快上车，老司机要开车啦！,没时间了 快上车 老司机要开车啦 
帅气，装逼利器。很喜欢。表盘有点重正在摸索,帅气 装逼利器。很喜欢。表盘有点重正在摸索
目前最好的智能手表 除了会掉漆,目前最好的智能手表 除了会掉漆
这个手表确实不错，表盘也比较大气！现在唯一的缺点就是差一个pay.,这个手表确实不错 表盘也比较大气 现在唯一的缺点就是差一个pay 
还不错，功能太少,还不错 功能太少
表本身不错，然而原装表链很水，硅胶很容易弄脏，需要专门再配一个,表本身不错 然而原装表链很水 硅胶很容易弄脏 需要专门再配一个
先用用再说，以后再评价,先用用再说 以后再评价
挺好的，就是表带过于粗糙了，不人性。,挺好的 就是表带过于粗糙了 不人性。
相当好，目前用过最好的智能手表,相当好 目前用过最好的智能手表
东西很好 配iphone运行也不错 值得购买,东西很好 配iphone运行也不错 值得购买
在发往沈阳的路上，同事收到后才有回复,在发往沈阳的路上 同事收到后才有回复
运动版很拉风，做工不错，戴手上的感觉稍微有点大，女生估计有点不合适，自带的软件功能已经够用,运动版很拉风 做工不错 戴手上的感觉稍微有点大 女生估计有点不合适 自带的软件功能已经够用
今天早上收到了，京东物流一如既往的给力，手表还在研究中，功能强大，做工很细腻（表带除外），先玩几天再补评，只是没有找到三星pay在哪,今天早上收到了 京东物流一如既往的给力 手表还在研究中 功能强大 做工很细腻 表带除外  先玩几天再补评 只是没有找到三星pay在哪
实体店现在还没有买的 京东抢到了,实体店现在还没有买的 京东抢到了
和三星手机连接使用，很顺畅。唯一觉得有点瑕疵的是旋转圈有点松。,和三星手机连接使用 很顺畅。唯一觉得有点瑕疵的是旋转圈有点松。
很给力的网购，比某宁守信用多了,很给力的网购 比某宁守信用多了
从三星发布S3到国行上市等了快半年的时间终于拿到手了，手里的S2可以光荣下岗了。。。虽然先锋版爱掉漆，可是为了颜值还是忍了，没有选择经典版，功能上没有太大差异，但待机时间显著增加。。。终于支持免提拨打接听电话了，要知道索尼几年前的swr30破手环早就支持了。。。京东的服务真的很满意，元旦单位休息，着急去自提手表，京东分部的人员开车载着我去派送员手里取货，给点个赞！,从三星发布S#NUM#到国行上市等了快半年的时间终于拿到手了 手里的S#NUM#可以光荣下岗了。虽然先锋版爱掉漆 可是为了颜值还是忍了 没有选择经典版 功能上没有太大差异 但待机时间显著增加。终于支持免提拨打接听电话了 要知道索尼几年前的swr#NUM#破手环早就支持了。京东的服务真的很满意 元旦单位休息 着急去自提手表 京东分部的人员开车载着我去派送员手里取货 给点个赞 
东西可以，还好动作快，要不然就抢不到了，快递真的快，而且很准时，值得拥有,东西可以 还好动作快 要不然就抢不到了 快递真的快 而且很准时 值得拥有
速度飞快，隔天就到了，虽说之前备货比较慢但是值得等待，手表外形很赞功能也强大，就是软件上使用还不是很便利，适配的应用也偏少，等待三星出大级别的更新吧,速度飞快 隔天就到了 虽说之前备货比较慢但是值得等待 手表外形很赞功能也强大 就是软件上使用还不是很便利 适配的应用也偏少 等待三星出大级别的更新吧
外观功能超越s2，表盘变大待机时间加长，不过还是没有指南针应用是一硬伤。,外观功能超越s#NUM# 表盘变大待机时间加长 不过还是没有指南针应用是一硬伤。
蛮好看的，表盘的效果不错,蛮好看的 表盘的效果不错
京东一直很给力,京东一直很给力
特别好看，研究了半天，很满意，30号下单，说是一号有货，实际二号有货但是今天就拿到了，很给力。目前用着挺好的，没发现什么问题。,特别好看 研究了半天 很满意 #NUM#号下单 说是一号有货 实际二号有货但是今天就拿到了 很给力。目前用着挺好的 没发现什么问题。
非常不错，比想像中的要大和重，因为一直开着熄屏显示，感觉还是挺费电的，继续测试中！,非常不错 比想像中的要大和重 因为一直开着熄屏显示 感觉还是挺费电的 继续测试中 
和我的S7 EDGE搭配几乎完美，手表开机就秒连，可以完美同步S 健康就不用多说了！,和我的S#NUM# EDGE搭配几乎完美 手表开机就秒连 可以完美同步S 健康就不用多说了 
手表做工完美，表盘是激光雕刻，非常精致！,手表做工完美 表盘是激光雕刻 非常精致 
手表很不错，全新未拆封，配送员服务态度非常好，手表非常满意。,手表很不错 全新未拆封 配送员服务态度非常好 手表非常满意。
等了许久，终于有货，快递给力！,等了许久 终于有货 快递给力 
还行吧，但是担心到底是不是别人退过货又重新卖的,还行吧 但是担心到底是不是别人退过货又重新卖的
可以?无线充电，有线充电，功能逐步完善中&hellip;&hellip;适用目前活动范围好&hellip;&hellip;note5支持全部功能，,可以 无线充电 有线充电 功能逐步完善中 hellip  hellip 适用目前活动范围好 hellip  hellip note#NUM#支持全部功能 
不是一般的帅，价格公道。苹果可以去死了，还卖那么贵,不是一般的帅 价格公道。苹果可以去死了 还卖那么贵
过去很少用京东，现在喜欢用京东。,过去很少用京东 现在喜欢用京东。
手表是个好手表，但是这包装我都不知道说什么好，最起码来个泡沫填充吧！体验了2天感觉还好，这东西简直就是装逼神器，最后再给西安仓库包装给差评！！,手表是个好手表 但是这包装我都不知道说什么好 最起码来个泡沫填充吧 体验了#NUM#天感觉还好 这东西简直就是装逼神器 最后再给西安仓库包装给差评！
很漂亮，用起来很好，但是不连三星手机还是有些小不方便，比如不推送啥的。,很漂亮 用起来很好 但是不连三星手机还是有些小不方便 比如不推送啥的。
好喜欢就是很难卖好，刚好还剩下最后一只的时候买了。,好喜欢就是很难卖好 刚好还剩下最后一只的时候买了。
收货速度比以前慢了些，应该是雾霾天气造成的，自营的产品，包装非常好，已经用了两天，产品也不错，完美,收货速度比以前慢了些 应该是雾霾天气造成的 自营的产品 包装非常好 已经用了两天 产品也不错 完美
京东快递速度没得说，元旦前抢了一个，今天就收到了，赞！东西也很满意，很有质感，反应零敏，运行流畅，喜欢，送自己的新年礼物！满意！,京东快递速度没得说 元旦前抢了一个 今天就收到了 赞 东西也很满意 很有质感 反应零敏 运行流畅 喜欢 送自己的新年礼物 满意 
完美 颜值超高,完美 颜值超高
京东商城就是靠谱，说哪天有货就是哪天，不像三星商城抢s码活动，迟迟不发货，手表非常满意,京东商城就是靠谱 说哪天有货就是哪天 不像三星商城抢s码活动 迟迟不发货 手表非常满意
手表不错，表带不够精致啊，软件太少了，期待尽快丰富，和note5完美配合。,手表不错 表带不够精致啊 软件太少了 期待尽快丰富 和note#NUM#完美配合。
不错，很炫很漂亮，就是稍微重了点的。,不错 很炫很漂亮 就是稍微重了点的。
经典版，挺百搭的，想要的功能都有了。。。,经典版 挺百搭的 想要的功能都有了。
很喜欢，运动款，就看以后的表现了,很喜欢 运动款 就看以后的表现了
用了一周多，个人感觉，这个是目前市面上最好的智能手表，没有之一。,用了一周多 个人感觉 这个是目前市面上最好的智能手表 没有之一。
功能齐全，健康运动传感器都具备，还有GPS。,功能齐全 健康运动传感器都具备 还有GPS。
表盘大气，转动式表盘操作方式，很酷。,表盘大气 转动式表盘操作方式 很酷。
最给力的就是电池，重度应用可以坚持2天，轻度应用非常满意。,最给力的就是电池 重度应用可以坚持#NUM#天 轻度应用非常满意。
唯一的缺点就是有点重了，不过适应两天也就OK了。,唯一的缺点就是有点重了 不过适应两天也就OK了。
三星粉，废话没有就是支持,三星粉 废话没有就是支持
颜值很高的手表，质感很好，就是快递延迟了一天，有些不爽,颜值很高的手表 质感很好 就是快递延迟了一天 有些不爽
最好的新年礼物 晚上下单 第二天早上就到了 还有12期免息非常满意！,最好的新年礼物 晚上下单 第二天早上就到了 还有#NUM#期免息非常满意 
颜值挺高的，应用比较少，还不支持三星pay，看看三星的支持速度吧,颜值挺高的 应用比较少 还不支持三星pay 看看三星的支持速度吧
非常漂亮哈哈哈，绝对正品啊哈哈哈,非常漂亮哈哈哈 绝对正品啊哈哈哈
外观很漂亮，非常适合我。等了好久，终于到货了。点赞,外观很漂亮 非常适合我。等了好久 终于到货了。点赞
期待已久的手表，终于到手了，第一次可以预定的时候没有买，感觉很后悔，一直再等它有货，终于让我等到了，二话不说，直接下单，就是这么爽快，期待三星的新科技，大赞三星，三星大法好，哈哈哈！！！,期待已久的手表 终于到手了 第一次可以预定的时候没有买 感觉很后悔 一直再等它有货 终于让我等到了 二话不说 直接下单 就是这么爽快 期待三星的新科技 大赞三星 三星大法好 哈哈哈！
整体感觉不错，功能齐全，外观时尚。具体待机时间还需要在观察,整体感觉不错 功能齐全 外观时尚。具体待机时间还需要在观察
很不错，比想象中好。语音识别挺有意思的。,很不错 比想象中好。语音识别挺有意思的。
本来以为有支付的，可能还没谈妥。等等看吧。支付暂时还不能用。,本来以为有支付的 可能还没谈妥。等等看吧。支付暂时还不能用。
美观大方，显示清晰，电池耐久,美观大方 显示清晰 电池耐久
款式很喜欢，戴起来高大上，很满意！,款式很喜欢 戴起来高大上 很满意 
整体做工不错，试玩中，我的e sim啊?,整体做工不错 试玩中 我的e sim啊 
终于到了，等了十天。哈哈哈 跟想象中的差不多,终于到了 等了十天。哈哈哈 跟想象中的差不多
确实是款很给力的智能手表，外观，续航都很棒。不过为什么JD没有跟三星官网一样的好评返现活动比较遗憾。,确实是款很给力的智能手表 外观 续航都很棒。不过为什么JD没有跟三星官网一样的好评返现活动比较遗憾。
没想象中大，还有一个小表带。做工好，使用方便，赞！就等pay了,没想象中大 还有一个小表带。做工好 使用方便 赞 就等pay了
全新封装。。。还是京东 自动下单给力啊,全新封装。还是京东 自动下单给力啊
还不错，值得推荐购买,还不错 值得推荐购买
不错很好，刚收到正在研究中。,不错很好 刚收到正在研究中。
用了几天谈下感受   手表很好看  做工很好  但是这款的转盘有些松（据说是通病）实际体验来看  是最好的安卓表了  屏幕清晰细腻没有颗粒感但是软件匮乏   整体用起来还是可以的  对了还不支持三星呸 但是硬件支持差在软件上  不知道以后会不会有 总体来说 挺不错的智能表,用了几天谈下感受 手表很好看 做工很好 但是这款的转盘有些松 据说是通病 实际体验来看 是最好的安卓表了 屏幕清晰细腻没有颗粒感但是软件匮乏 整体用起来还是可以的 对了还不支持三星呸 但是硬件支持差在软件上 不知道以后会不会有 总体来说 挺不错的智能表
三星gear3很惊艳，早上11点收到到货通知，立刻入手，下午就收到货了。京东的快递真是没话说，刚好赶上圣诞节，就当圣诞礼物送给老公啦！,三星gear#NUM#很惊艳 早上#NUM#点收到到货通知 立刻入手 下午就收到货了。京东的快递真是没话说 刚好赶上圣诞节 就当圣诞礼物送给老公啦 
非常满意，各方面都很不错，还需要花时间研究，一定要找不足就是不够重，少了点厚重感觉，等s4吧，微信微信什么时候能完全支持啊！,非常满意 各方面都很不错 还需要花时间研究 一定要找不足就是不够重 少了点厚重感觉 等s#NUM#吧 微信微信什么时候能完全支持啊 
挺好的，和想象的差不多。主要是当表用。,挺好的 和想象的差不多。主要是当表用。
手表精致适用非常大气上档次！,手表精致适用非常大气上档次 
非常好，早都想买gear系列了，可惜功能一直不完善，这次不知道sp何时能放出，虽然经典款外观不如先锋版帅，但实在等不及了，表除了厚点其它都很满意，京东发货速度好评。,非常好 早都想买gear系列了 可惜功能一直不完善 这次不知道sp何时能放出 虽然经典款外观不如先锋版帅 但实在等不及了 表除了厚点其它都很满意 京东发货速度好评。
居然抢到了。。。不过比官网贵了300块，简直太不爽了。。。,居然抢到了。不过比官网贵了#NUM#块 简直太不爽了。
昨天刚买的，今天就到了，感觉非常好，终于等到了这一款手表。,昨天刚买的 今天就到了 感觉非常好 终于等到了这一款手表。
挺好的，s6完美连接,挺好的 s#NUM#完美连接
先下结论，当前最强智能手表和穿戴设备没有之一，造型和做工也很好，硬件完美，软件缺乏啊，期待微信，打车和美团点评能早日用上。,先下结论 当前最强智能手表和穿戴设备没有之一 造型和做工也很好 硬件完美 软件缺乏啊 期待微信 打车和美团点评能早日用上。
非常好，比S2设计及做工更成熟了。值得拥有。,非常好 比S#NUM#设计及做工更成熟了。值得拥有。
不错，就是没有支付应用。,不错 就是没有支付应用。
非常棒，搭配S7使用。但是朋友的小米无法连接上，不知道是不是都这样,非常棒 搭配S#NUM#使用。但是朋友的小米无法连接上 不知道是不是都这样
绝对高端大气上档次,绝对高端大气上档次
不错，挺好的，很喜欢,不错 挺好的 很喜欢
很喜欢，好用，物流也快,很喜欢 好用 物流也快
十天了。很好很强大,十天了。很好很强大
东西很漂亮！值得购买，目前还在试用阶段，还没有发现问题,东西很漂亮 值得购买 目前还在试用阶段 还没有发现问题
手表对我来说偏大，不过也挺好了！一次直接自己抢一只，帮朋友抢了一只！,手表对我来说偏大 不过也挺好了 一次直接自己抢一只 帮朋友抢了一只 
东西收到了，虽然没想象中的那么好，但是也还可以，对得起这个价,东西收到了 虽然没想象中的那么好 但是也还可以 对得起这个价
物流速度很快。包装很好，京东首批，虽然没送什么东西，但是做工很好。第一次买GEAR，和S6E搭配很好看。,物流速度很快。包装很好 京东首批 虽然没送什么东西 但是做工很好。第一次买GEAR 和S#NUM#E搭配很好看。
非常漂亮，带上并没有感觉很厚，不过感觉软件有点360和iwatch的结合，用着也挺方便，跟手机结合的也很好，没蓝牙的时候，自动wifi进行连接，方便。,非常漂亮 带上并没有感觉很厚 不过感觉软件有点#NUM#和iwatch的结合 用着也挺方便 跟手机结合的也很好 没蓝牙的时候 自动wifi进行连接 方便。
手表很漂亮和我的S7E配合使用 非常完美。,手表很漂亮和我的S#NUM#E配合使用 非常完美。
看中这款手表很久了，一直没货，终于等到有货立马就下单了，物流也很快，一天就到。,看中这款手表很久了 一直没货 终于等到有货立马就下单了 物流也很快 一天就到。
先和退役gear fit放一起，拆包，上手，很喜欢，很霸气，应用确实少了一点，期待以后能多些。最期待的还是Samsung pay，希望国行快速上线,先和退役gear fit放一起 拆包 上手 很喜欢 很霸气 应用确实少了一点 期待以后能多些。最期待的还是Samsung pay 希望国行快速上线
昨天刚到，用用在说，感觉还可以。,昨天刚到 用用在说 感觉还可以。
终于收到了，试用了一天，效果还不错，总体感觉是看起来很高大上，功能强大，可以用的软件有点少，表真的很大，手小的同志比较难驾驭。,终于收到了 试用了一天 效果还不错 总体感觉是看起来很高大上 功能强大 可以用的软件有点少 表真的很大 手小的同志比较难驾驭。
不用担心运动时汗水影响操作。在设置中还可以选择抬起手腕屏幕自动点亮，灵敏度表现也不错。应用太有限。,不用担心运动时汗水影响操作。在设置中还可以选择抬起手腕屏幕自动点亮 灵敏度表现也不错。应用太有限。
经过漫长等待终于到手，外形靓丽，智能手表里算是省电的。但缺点就是应用太少了，与iWatch比起来确实有差距，而且不是一点半点。顺便吐槽物流，原来自营只需要一天，这次用了三天，送货小哥没问题，中途太差了，只能给四星了。,经过漫长等待终于到手 外形靓丽 智能手表里算是省电的。但缺点就是应用太少了 与iWatch比起来确实有差距 而且不是一点半点。顺便吐槽物流 原来自营只需要一天 这次用了三天 送货小哥没问题 中途太差了 只能给四星了。
18日预定，今日收到。戴上有点重！,#NUM#日预定 今日收到。戴上有点重 
很不错，还在研究当中。。。。。。。，，，，，,很不错 还在研究当中。   
支*宝，地图都可以，pay有用暂时没有，表盘好看的太少。,支 宝 地图都可以 pay有用暂时没有 表盘好看的太少。
之前京东预定的，幸亏预定的早，京东有货后立马就发货了。手表外观颜值没得说，做工也可以，就是作为智能手表来说还是不够丰富。当然做成这样已经很不错了！,之前京东预定的 幸亏预定的早 京东有货后立马就发货了。手表外观颜值没得说 做工也可以 就是作为智能手表来说还是不够丰富。当然做成这样已经很不错了 
试用了两天，感觉不错，比apple那款实用多了，而且大气很多。程序还不够丰富，主要以表面款式居多，还需要再增加实用性。京东的12期免息很给力，不痛不痒就买到手了。,试用了两天 感觉不错 比apple那款实用多了 而且大气很多。程序还不够丰富 主要以表面款式居多 还需要再增加实用性。京东的#NUM#期免息很给力 不痛不痒就买到手了。
期待了好久，昨天睡醒就抢到了这到货最后一台，也是缘分呀，非常好看非常喜欢,期待了好久 昨天睡醒就抢到了这到货最后一台 也是缘分呀 非常好看非常喜欢
质量很好,质量很好
以前用GearS2，感觉很棒，软件经常更新。S3增加了新功能，更加高大上。官网上没抢到S码，第一时间在京东预订了一款先锋版，12月16号预订的，今天终于收到了。?,以前用GearS#NUM# 感觉很棒 软件经常更新。S#NUM#增加了新功能 更加高大上。官网上没抢到S码 第一时间在京东预订了一款先锋版 #NUM#月#NUM#号预订的 今天终于收到了。 
很漂亮，很好用，暂时没有熟悉，慢慢熟悉,很漂亮 很好用 暂时没有熟悉 慢慢熟悉
很不错，有三星旗舰的手机绝配,很不错 有三星旗舰的手机绝配
物流速度真快,物流速度真快
真的很好，是自己需要的那款。,真的很好 是自己需要的那款。
东西不错，只是不明白怎么是越南产的，这是什么版本呀？,东西不错 只是不明白怎么是越南产的 这是什么版本呀 
很喜欢，之前买的LG的智能手表坏了，买这个当自己的圣诞礼物。,很喜欢 之前买的LG的智能手表坏了 买这个当自己的圣诞礼物。
非常高兴，能第一时间在京东拿到这个表。非常棒，非常喜欢！,非常高兴 能第一时间在京东拿到这个表。非常棒 非常喜欢 
超赞，外观很美，连续安卓手机，基本上的功能都有，待机给力。连接苹果手机可以接打电话，期待更多苹果手机功能。,超赞 外观很美 连续安卓手机 基本上的功能都有 待机给力。连接苹果手机可以接打电话 期待更多苹果手机功能。
很好 显示清楚 测量准确,很好 显示清楚 测量准确
颜值爆表，功能强大，苹果手机也可以连接配对，你值得拥有！,颜值爆表 功能强大 苹果手机也可以连接配对 你值得拥有 
还行，就是没有优惠，没有礼品,还行 就是没有优惠 没有礼品
手表还是太大了点，买之前就担心这个问题，买完之后确实是如此，能接受，但是要能小点 薄点就更满意了。,手表还是太大了点 买之前就担心这个问题 买完之后确实是如此 能接受 但是要能小点 薄点就更满意了。
去实体店里面看了先锋版的，实物其实也挺好看，但是还是想买经典版，但是实体店不让看，所以发现京东有货，果断就下单了。到手后个人觉得确实先锋版好看些。,去实体店里面看了先锋版的 实物其实也挺好看 但是还是想买经典版 但是实体店不让看 所以发现京东有货 果断就下单了。到手后个人觉得确实先锋版好看些。
其实这玩意，过了新鲜期，也就是一个手表而已，这价格不便宜，希望以后我能不后悔吧。,其实这玩意 过了新鲜期 也就是一个手表而已 这价格不便宜 希望以后我能不后悔吧。
比较喜欢的是，这玩意跟我的手机（S7E）连接之后，我的蓝牙耳机（LG HBS900）居然还可以连接手机，并且再与手表相连，然后手表放音乐时耳机可以听，用手机放音乐/打电话，耳机也可以听，真是无缝连接，买之前最担心的问题原来丝毫不是问题！,比较喜欢的是 这玩意跟我的手机 S#NUM#E 连接之后 我的蓝牙耳机 LG HBS#NUM# 居然还可以连接手机 并且再与手表相连 然后手表放音乐时耳机可以听 用手机放音乐 打电话 耳机也可以听 真是无缝连接 买之前最担心的问题原来丝毫不是问题 
是越南制造  不过问了客服说 国内也可以保修给我的的条形码 有一个不知道什么扫出来是什么中通快递 用一段时间以后再来看看,是越南制造 不过问了客服说 国内也可以保修给我的的条形码 有一个不知道什么扫出来是什么中通快递 用一段时间以后再来看看
好棒，不错，好看，厉害,好棒 不错 好看 厉害
比以前的s2重，更像手表了，可惜现在大陆三星pay gear app还没能上线，期待。,比以前的s#NUM#重 更像手表了 可惜现在大陆三星pay gear app还没能上线 期待。
京东的速度一流！东西比较赞！可惜京东没有活动，三星是有300元优惠劵的！相当比官网小贵300块！东西质量是没的说，手感感觉比S2好些~,京东的速度一流 东西比较赞 可惜京东没有活动 三星是有#NUM#元优惠劵的 相当比官网小贵#NUM#块 东西质量是没的说 手感感觉比S#NUM#好些 
24号上午收到，京东快递都是圣诞打扮很有意思，三星做工很好，颜值很高，目前支持软件不多,#NUM#号上午收到 京东快递都是圣诞打扮很有意思 三星做工很好 颜值很高 目前支持软件不多
外包装盒都快烂了，不过里面的没事，我先研究研究,外包装盒都快烂了 不过里面的没事 我先研究研究
虽然因雾霾耽误了两天  京东还是很快的  手表体验也超棒  一直都是买三星的产品,虽然因雾霾耽误了两天 京东还是很快的 手表体验也超棒 一直都是买三星的产品
不错 等了好几天终于收到了 功能还在研究中,不错 等了好几天终于收到了 功能还在研究中
初步使用，感觉不错。好像gps不太灵,初步使用 感觉不错。好像gps不太灵
东西越用越喜欢，就是屏幕有一个坏点。,东西越用越喜欢 就是屏幕有一个坏点。
特别喜欢，最好的圣诞礼物。,特别喜欢 最好的圣诞礼物。
真品，非常高大上,真品 非常高大上
外形美观,外形美观
